shape_id,shape_pt_lat,shape_pt_lon,shape_pt_sequence
167466,42.317486,-83.043368,1
167466,42.317486,-83.043368,2
167466,42.3176042792891,-83.0434866249579,3
167466,42.3179725091651,-83.0436623095921,4
167466,42.3181797614032,-83.0428165197373,5
167466,42.3185225360557,-83.0414611103333,6
167466,42.3189046432608,-83.03990811115,7
167466,42.3179341656815,-83.0393260719575,8
167466,42.31788209,-83.0393738,9
167466,42.31788209,-83.0393738,10
167466,42.31788209,-83.0393738,11
167466,42.3178031610441,-83.0392487052354,12
167466,42.3165135118729,-83.0384361885148,13
167466,42.3160315668617,-83.0381362883606,14
167466,42.31593522,-83.03809096,15
167466,42.31593522,-83.03809096,16
167466,42.31593522,-83.03809096,17
167466,42.3158510017948,-83.0379833609832,18
167466,42.3146112297722,-83.0371811026845,19
167466,42.3144144253853,-83.0371098793246,20
167466,42.3141997274484,-83.0369731419764,21
167466,42.3139597358627,-83.0368631714068,22
167466,42.3136493321652,-83.0366673701487,23
167466,42.313499,-83.036628,24
167466,42.313499,-83.036628,25
167466,42.313499,-83.036628,26
167466,42.3134339422928,-83.0364981292621,27
167466,42.3133222094979,-83.0363675950866,28
167466,42.311418092304,-83.0351775884628,29
167466,42.31132,-83.035171,30
167466,42.31132,-83.035171,31
167466,42.31132,-83.035171,32
167466,42.31081,-83.03469,33
167466,42.30903,-83.03353,34
167466,42.30843199,-83.03332483,35
167466,42.30843199,-83.03332483,36
167466,42.30843199,-83.03332483,37
167466,42.30829921291,-83.0331901767703,38
167466,42.3070958317965,-83.0324138201072,39
167466,42.30689793,-83.03233296,40
167466,42.30689793,-83.03233296,41
167466,42.30689793,-83.03233296,42
167466,42.3067713541147,-83.0322059727292,43
167466,42.3048516553009,-83.0309716822485,44
167466,42.304667,-83.030931,45
167466,42.304667,-83.030931,46
167466,42.304667,-83.030931,47
167466,42.304536027863,-83.0307689325409,48
167466,42.3038070181944,-83.0303005857642,49
167466,42.303677,-83.030285,50
167466,42.303677,-83.030285,51
167466,42.303677,-83.030285,52
167466,42.3035003601504,-83.0300221154137,53
167466,42.3019490603437,-83.0290511557503,54
167466,42.301578,-83.028936,55
167466,42.301578,-83.028936,56
167466,42.301578,-83.028936,57
167466,42.3014336758362,-83.0287117675285,58
167466,42.3004100267046,-83.0280519441109,59
167466,42.30022227,-83.028057,60
167466,42.30022227,-83.028057,61
167466,42.30022227,-83.028057,62
167466,42.30004,-83.02778,63
167466,42.29903,-83.02713,64
167466,42.2984388913362,-83.0267896894798,65
167466,42.298232,-83.026784,66
167466,42.298232,-83.026784,67
167466,42.2963594043638,-83.0255697426825,68
167466,42.29655312,-83.02405541,69
167466,42.29655312,-83.02405541,70
167466,42.2966874372332,-83.023849711813,71
167466,42.2970663704577,-83.0219238857403,72
167466,42.296983,-83.021652,73
167466,42.296983,-83.021652,74
167466,42.2970973302644,-83.0216445986029,75
167466,42.2971411920535,-83.021513382179,76
167466,42.2979897264876,-83.0171218208262,77
167466,42.2973291993296,-83.0168339565971,78
167466,42.297252,-83.016887,79
167466,42.297252,-83.016887,80
167466,42.2971215022686,-83.0167679533729,81
167466,42.2967342156426,-83.0165697574414,82
167466,42.2964653901041,-83.0164503991402,83
167466,42.2961714278969,-83.0162875094205,84
167466,42.2955551913334,-83.0159177693462,85
167466,42.2954,-83.015875,86
167466,42.2954,-83.015875,87
167466,42.2954,-83.015875,88
167466,42.2953012407129,-83.0157568368054,89
167466,42.2938171222932,-83.0148441104507,90
167466,42.293651,-83.014802,91
167466,42.293651,-83.014802,92
167466,42.293651,-83.014802,93
167466,42.2934917388965,-83.0146402625656,94
167466,42.2930064585836,-83.0143297422963,95
167466,42.292534249221,-83.0140695680218,96
167466,42.2916158798624,-83.013542708004,97
167466,42.29141114,-83.01347101,98
167466,42.29141114,-83.01347101,99
167466,42.2902138946973,-83.0128705226913,100
167466,42.2891503635972,-83.0127846915819,101
167466,42.287868,-83.012839,102
167466,42.2868742603872,-83.0129075116635,103
167466,42.2862551533341,-83.0128967827748,104
167466,42.2858741613543,-83.0127573072221,105
167466,42.28532712,-83.01245174,106
167466,42.28532712,-83.01245174,107
167466,42.285220357352,-83.0123158134918,108
167466,42.2836970069068,-83.0113733668995,109
167466,42.28349636,-83.01131464,110
167466,42.28349636,-83.01131464,111
167466,42.28349636,-83.01131464,112
167466,42.2833527197226,-83.0111654957008,113
167466,42.2824453506882,-83.010554022578,114
167466,42.2818921741144,-83.0102084981823,115
167466,42.28172486,-83.01016355,116
167466,42.28172486,-83.01016355,117
167466,42.28172486,-83.01016355,118
167466,42.2815806200955,-83.0100113558197,119
167466,42.2800036110659,-83.0090079508453,120
167466,42.2796981545087,-83.0088346147499,121
167466,42.27955184,-83.0087982,122
167466,42.27955184,-83.0087982,123
167466,42.27955184,-83.0087982,124
167466,42.2794213182856,-83.0086535656414,125
167466,42.2786809321895,-83.0081851037441,126
167466,42.2778791823296,-83.0077251048981,127
167466,42.2757919227853,-83.0063534575549,128
167466,42.2743292250953,-83.0054430405102,129
167466,42.27417733,-83.00540444,130
167466,42.27417733,-83.00540444,131
167466,42.2731443215106,-83.004760703055,132
167466,42.2720169790249,-83.0035590675237,133
167466,42.2708403040043,-83.002046294221,134
167466,42.2705386117518,-83.0013811031233,135
167466,42.27198673,-82.99982227,136
167466,42.27198673,-82.99982227,137
167466,42.272013,-82.999863,138
167466,42.272141,-82.999717,139
167466,42.272261,-82.999477,140
167466,42.272418,-82.999063,141
167466,42.27243,-82.999031,142
167466,42.272509,-82.998756,143
167466,42.27262,-82.998474,144
167466,42.273137,-82.99881,145
167466,42.273153,-82.998821,146
167466,42.273424,-82.998998,147
167466,42.27371,-82.999193,148
167466,42.273634,-82.999454,149
167466,42.273531,-82.999728,150
167466,42.273503,-82.999825,151
167466,42.273689,-82.999922,152
167466,42.273689,-82.999922,153
167457,42.273689,-82.999922,1
167457,42.273689,-82.999922,2
167457,42.2735811548974,-83.0000018032237,3
167457,42.2734861430899,-83.0000507400797,4
167457,42.273409,-83.000153,5
167457,42.273389,-83.000223,6
167457,42.27336,-83.000302,7
167457,42.273295,-83.000519,8
167457,42.273227,-83.000732,9
167457,42.273214,-83.000773,10
167457,42.273169,-83.000917,11
167457,42.273108,-83.001115,12
167457,42.273065,-83.001266,13
167457,42.273052,-83.00131,14
167457,42.272998,-83.001508,15
167457,42.272943,-83.00171,16
167457,42.272905,-83.001847,17
167457,42.272897,-83.001908,18
167457,42.272887,-83.001984,19
167457,42.27287,-83.002112,20
167457,42.272813,-83.002541,21
167457,42.2725416809559,-83.003430971938,22
167457,42.2723835656033,-83.0036732621601,23
167457,42.273191,-83.004442,24
167457,42.273666,-83.004783,25
167457,42.2738919309263,-83.0049061712705,26
167457,42.27396,-83.004843,27
167457,42.27396,-83.004843,28
167457,42.27396,-83.004843,29
167457,42.2741013695853,-83.0049906150665,30
167457,42.27903,-83.00818,31
167457,42.2795554,-83.00845481,32
167457,42.2795554,-83.00845481,33
167457,42.2795554,-83.00845481,34
167457,42.2797145182689,-83.0086177374344,35
167457,42.2815698644673,-83.0097998576374,36
167457,42.281755,-83.009881,37
167457,42.281755,-83.009881,38
167457,42.281755,-83.009881,39
167457,42.2818675276263,-83.0099929766865,40
167457,42.2831523126442,-83.0108063300247,41
167457,42.283304,-83.010859,42
167457,42.283304,-83.010859,43
167457,42.283304,-83.010859,44
167457,42.2834291324753,-83.0109806736107,45
167457,42.2850856352931,-83.012026974205,46
167457,42.2852416,-83.01208669,47
167457,42.2852416,-83.01208669,48
167457,42.2857089492593,-83.012426681619,49
167457,42.2862209034242,-83.0126198016151,50
167457,42.286858,-83.012622,51
167457,42.286858,-83.012622,52
167457,42.286862,-83.012766,53
167457,42.287396,-83.01274,54
167457,42.287686,-83.01273,55
167457,42.287778,-83.012658,56
167457,42.288407,-83.012617,57
167457,42.288499,-83.012608,58
167457,42.288584,-83.012599,59
167457,42.288872,-83.012569,60
167457,42.2888671923793,-83.012487312497,61
167457,42.2888671923793,-83.012487312497,62
167457,42.2888671923793,-83.012487312497,63
167457,42.288872,-83.012569,64
167457,42.288948,-83.012561,65
167457,42.289395,-83.012524,66
167457,42.289754,-83.012561,67
167457,42.290198,-83.01266,68
167457,42.290627,-83.012803,69
167457,42.29098,-83.012963,70
167457,42.291325,-83.013154,71
167457,42.291407,-83.013206,72
167457,42.291504,-83.01327,73
167457,42.292392,-83.013831,74
167457,42.29241661,-83.01375882,75
167457,42.29241661,-83.01375882,76
167457,42.29241661,-83.01375882,77
167457,42.292495,-83.013869,78
167457,42.2937513537986,-83.0146573714558,79
167457,42.293831,-83.014666,80
167457,42.293831,-83.014666,81
167457,42.293831,-83.014666,82
167457,42.2938545238098,-83.0147409437996,83
167457,42.2952023331589,-83.0155777930122,84
167457,42.295277,-83.015566,85
167457,42.295277,-83.015566,86
167457,42.2963555692152,-83.0162153365838,87
167457,42.2980697148653,-83.017127292121,88
167457,42.29796805,-83.01779842,89
167457,42.29796805,-83.01779842,90
167457,42.2979147104061,-83.0179043816147,91
167457,42.297441357082,-83.0203451987419,92
167457,42.297423,-83.020554,93
167457,42.297423,-83.020554,94
167457,42.297423,-83.020554,95
167457,42.2973456240418,-83.0208236126719,96
167457,42.297125905317,-83.0219542417907,97
167457,42.2969810778415,-83.0225778553866,98
167457,42.2968243368378,-83.023478843215,99
167457,42.296799,-83.023758,100
167457,42.296799,-83.023758,101
167457,42.2966186756957,-83.024842609749,102
167457,42.2965512209703,-83.0254058764043,103
167457,42.296973,-83.02561,104
167457,42.296973,-83.02561,105
167457,42.2970736321448,-83.0257938261249,106
167457,42.297826754265,-83.0263028610915,107
167457,42.2980426196322,-83.0264279828034,108
167457,42.298182,-83.026449,109
167457,42.298182,-83.026449,110
167457,42.298182,-83.026449,111
167457,42.298321115486,-83.0266256274552,112
167457,42.3000334688053,-83.0277273393523,113
167457,42.3002993033584,-83.0278614498031,114
167457,42.3006320272209,-83.0280800674591,115
167457,42.30080779,-83.02812104,116
167457,42.30080779,-83.02812104,117
167457,42.30080779,-83.02812104,118
167457,42.300937272584,-83.0282881342561,119
167457,42.3011005273432,-83.0284202488341,120
167457,42.3018926901244,-83.0289101440569,121
167457,42.3021366952753,-83.0290348667761,122
167457,42.3024106898638,-83.0292209828034,123
167457,42.302551,-83.029254,124
167457,42.302551,-83.029254,125
167457,42.302551,-83.029254,126
167457,42.3026740446543,-83.0294149250965,127
167457,42.3039848629469,-83.0302606650123,128
167457,42.304142,-83.030292,129
167457,42.304142,-83.030292,130
167457,42.304142,-83.030292,131
167457,42.3042873794651,-83.0304376908073,132
167457,42.3056107431521,-83.0312843472214,133
167457,42.30574273,-83.03133515,134
167457,42.30574273,-83.03133515,135
167457,42.30574273,-83.03133515,136
167457,42.3058562048119,-83.0314502765023,137
167457,42.3071469590502,-83.0322686502972,138
167457,42.307257,-83.032295,139
167457,42.307257,-83.032295,140
167457,42.307257,-83.032295,141
167457,42.3074107014249,-83.0324320174363,142
167457,42.3092736579304,-83.03364478158,143
167457,42.30939426,-83.03367885,144
167457,42.30939426,-83.03367885,145
167457,42.30939426,-83.03367885,146
167457,42.3095203327323,-83.0338057360104,147
167457,42.3103194449819,-83.0343154871025,148
167457,42.310414,-83.034343,149
167457,42.310414,-83.034343,150
167457,42.310414,-83.034343,151
167457,42.3105317372128,-83.0344550149265,152
167457,42.3117079398592,-83.0352088328728,153
167457,42.3120382811693,-83.0354271266623,154
167457,42.31212709,-83.0354363,155
167457,42.31212709,-83.0354363,156
167457,42.31212709,-83.0354363,157
167457,42.3122132990309,-83.035544720293,158
167457,42.3128369624957,-83.0359395977982,159
167457,42.3130364296951,-83.0361012786636,160
167457,42.313280259931,-83.0362534162529,161
167457,42.3135184024122,-83.0363882750282,162
167457,42.3140012314177,-83.0366785463818,163
167457,42.314372431821,-83.0369187582665,164
167457,42.314483,-83.036934,165
167457,42.314483,-83.036934,166
167457,42.314483,-83.036934,167
167457,42.3145866378261,-83.0370796908073,168
167457,42.3166204003028,-83.0384088515206,169
167457,42.316718,-83.038415,170
167457,42.316718,-83.038415,171
167457,42.316718,-83.038415,172
167457,42.3167939406917,-83.0385496674938,173
167457,42.3173792251576,-83.038899682018,174
167457,42.3179128976442,-83.0392359557142,175
167457,42.3180963508444,-83.0394143226137,176
167457,42.3182782304501,-83.0395232564487,177
167457,42.3182262552194,-83.0397428932181,178
167457,42.31820901,-83.03996236,179
167457,42.31820901,-83.03996236,180
167457,42.31820901,-83.03996236,181
167457,42.318136,-83.039929,182
167457,42.318032,-83.040349,183
167457,42.318008,-83.040441,184
167457,42.317989,-83.040523,185
167457,42.317842,-83.041141,186
167457,42.317799,-83.041321,187
167457,42.317756,-83.041495,188
167457,42.317485,-83.042603,189
167457,42.317344,-83.043183,190
167457,42.317317,-83.043285,191
167457,42.317486,-83.043368,192
167457,42.317486,-83.043368,193
167481,42.30475919,-82.91291373,1
167481,42.30475919,-82.91291373,2
167481,42.3046073938764,-82.9128002012234,3
167481,42.3044087179924,-82.9127661713609,4
167481,42.304202,-82.912761,5
167481,42.3036396335839,-82.9128974490738,6
167481,42.30350393,-82.9130189,7
167481,42.30350393,-82.9130189,8
167481,42.30350393,-82.9130189,9
167481,42.3033373245054,-82.9130133818737,10
167481,42.3030679349946,-82.9131783877316,11
167481,42.3028661844827,-82.9133687745681,12
167481,42.30269,-82.913609,13
167481,42.3024299269595,-82.913201271164,14
167481,42.3022357805043,-82.9130094871907,15
167481,42.301912,-82.912777,16
167481,42.3005072885457,-82.9118396208668,17
167481,42.3004672799637,-82.9119502791436,18
167481,42.300419,-82.912153,19
167481,42.300419,-82.912153,20
167481,42.300419,-82.912153,21
167481,42.300402,-82.912142,22
167481,42.300168,-82.912792,23
167481,42.299834,-82.913486,24
167481,42.299595,-82.914199,25
167481,42.299363,-82.915079,26
167481,42.299411,-82.915102,27
167481,42.299411,-82.915102,28
167481,42.299411,-82.915102,29
167481,42.299363,-82.915079,30
167481,42.299276,-82.915409,31
167481,42.299127,-82.916138,32
167481,42.298811,-82.917423,33
167481,42.298805,-82.917643,34
167481,42.298824,-82.917773,35
167481,42.298861,-82.917878,36
167481,42.298962,-82.918032,37
167481,42.299072,-82.91813,38
167481,42.299342,-82.918242,39
167481,42.299358,-82.918171,40
167481,42.299358,-82.918171,41
167481,42.299358,-82.918171,42
167481,42.299494824177,-82.9183003085289,43
167481,42.3014689634695,-82.9191210644875,44
167481,42.30160352,-82.91913229,45
167481,42.30160352,-82.91913229,46
167481,42.30160352,-82.91913229,47
167481,42.301592,-82.919205,48
167481,42.301679,-82.91923,49
167481,42.301841,-82.919275,50
167481,42.302194,-82.919371,51
167481,42.302381,-82.919423,52
167481,42.302394,-82.919426,53
167481,42.302544,-82.91946,54
167481,42.302589,-82.91947,55
167481,42.302824,-82.919463,56
167481,42.302991,-82.919427,57
167481,42.303167,-82.919334,58
167481,42.303828,-82.918931,59
167481,42.304293,-82.918605,60
167481,42.304563,-82.91842,61
167481,42.304817,-82.918108,62
167481,42.304959,-82.917884,63
167481,42.304917,-82.917835,64
167481,42.304917,-82.917835,65
167481,42.304917,-82.917835,66
167481,42.304959,-82.917884,67
167481,42.304994,-82.917829,68
167481,42.305047,-82.917746,69
167481,42.305129,-82.917592,70
167481,42.305525,-82.916933,71
167481,42.305675,-82.916693,72
167481,42.305891,-82.916335,73
167481,42.306111,-82.915969,74
167481,42.30605069,-82.91590343,75
167481,42.306084,-82.915858,76
167481,42.30605069,-82.91590343,77
167481,42.3061385289133,-82.915838613596,78
167481,42.30669,-82.915,79
167481,42.3068962793323,-82.914580657568,80
167481,42.306912,-82.914483,81
167481,42.306912,-82.914483,82
167481,42.306912,-82.914483,83
167481,42.30714,-82.91425,84
167481,42.3078,-82.91498,85
167481,42.30808,-82.91525,86
167481,42.3086,-82.91557,87
167481,42.3091835011844,-82.9157449252701,88
167481,42.309312,-82.915651,89
167481,42.309312,-82.915651,90
167481,42.309312,-82.915651,91
167481,42.3093840700127,-82.9157945380287,92
167481,42.3103163313786,-82.9159983859139,93
167481,42.3104,-82.915909,94
167481,42.3104,-82.915909,95
167481,42.3104,-82.915909,96
167481,42.31046,-82.91604,97
167481,42.31185,-82.91635,98
167481,42.31235,-82.91649,99
167481,42.3133688327441,-82.9166999648105,100
167481,42.3134445,-82.916657,101
167481,42.3134445,-82.916657,102
167481,42.3134445,-82.916657,103
167481,42.3135902638446,-82.9167628563357,104
167481,42.3140748921123,-82.9168862797623,105
167481,42.3141476845998,-82.9179604171619,106
167481,42.314195,-82.918225,107
167481,42.314195,-82.918225,108
167481,42.314195,-82.918225,109
167481,42.3141723041721,-82.9184651053143,110
167481,42.314285192597,-82.9210363372513,111
167481,42.314338,-82.921315,112
167481,42.314338,-82.921315,113
167481,42.314338,-82.921315,114
167481,42.3143074295524,-82.9215841567422,115
167481,42.3143659396588,-82.9230540072823,116
167481,42.3143867652768,-82.9244259571935,117
167481,42.31443015,-82.92475582,118
167481,42.31443015,-82.92475582,119
167481,42.31443015,-82.92475582,120
167481,42.3143926782322,-82.9250093065587,121
167481,42.31437086092,-82.9262417816011,122
167481,42.3143391266343,-82.9273656271783,123
167481,42.314310367424,-82.9287831746427,124
167481,42.3143341681507,-82.9291761182634,125
167481,42.314371,-82.929422,126
167481,42.314371,-82.929422,127
167481,42.314371,-82.929422,128
167481,42.3143468350747,-82.9296609150773,129
167481,42.3143478267712,-82.9311884331112,130
167481,42.314368,-82.931415,131
167481,42.314368,-82.931415,132
167481,42.314368,-82.931415,133
167481,42.314318987985,-82.9316969015538,134
167481,42.314259486137,-82.9322440721929,135
167481,42.3142138467102,-82.9325175605967,136
167481,42.3138085458373,-82.9346867634807,137
167481,42.31379379,-82.93499073,138
167481,42.313802,-82.934995,139
167481,42.31379379,-82.93499073,140
167481,42.3137086368188,-82.9352091415847,141
167481,42.3132445164118,-82.9376177652801,142
167481,42.31323058,-82.93787641,143
167481,42.31323058,-82.93787641,144
167481,42.3131958577389,-82.9380704249357,145
167481,42.3132489046136,-82.9381653582225,146
167481,42.3139867536382,-82.9386374293241,147
167481,42.3148753345301,-82.9390129404276,148
167481,42.3149626051911,-82.9386588871015,149
167481,42.3150383749938,-82.9380424821528,150
167481,42.3150681709745,-82.9378587499343,151
167481,42.3153751557686,-82.9379507804491,152
167481,42.3156409802204,-82.9379591812425,153
167481,42.3157639028763,-82.9376611004549,154
167481,42.315867039461,-82.937167571576,155
167481,42.31647873797,-82.9372561682871,156
167481,42.3165303831456,-82.9369879460703,157
167481,42.3166694276385,-82.9362369238632,158
167481,42.3163039385996,-82.9360920838661,159
167481,42.316205801317,-82.9361170374829,160
167481,42.3161609205718,-82.9362154660859,161
167481,42.316078,-82.93662,162
167481,42.316078,-82.93662,163
167481,42.3160188109797,-82.9366802920955,164
167481,42.3157817918535,-82.9378866588955,165
167481,42.3157537916122,-82.9380227472284,166
167481,42.3157229326606,-82.9380835096166,167
167481,42.3156595824748,-82.9381005312898,168
167481,42.315559,-82.9381034429569,169
167481,42.3152908876515,-82.9380151337643,170
167481,42.3151954764549,-82.9380898024537,171
167481,42.3151458922761,-82.9382480527856,172
167481,42.3151278664071,-82.9383790321451,173
167481,42.3150294262276,-82.9389585373649,174
167481,42.3149856342208,-82.9392221079693,175
167481,42.3143724013934,-82.9391156122416,176
167481,42.3139268903403,-82.9389259872505,177
167481,42.313511365338,-82.9386765418121,178
167481,42.3131695835121,-82.9384629178257,179
167481,42.3131164484865,-82.9384870594311,180
167481,42.3130529786339,-82.9385742312241,181
167481,42.3124531435116,-82.9417094868831,182
167481,42.312435,-82.942045,183
167481,42.312435,-82.942045,184
167481,42.312435,-82.942045,185
167481,42.312413,-82.942106,186
167481,42.312351,-82.942066,187
167481,42.312168,-82.943108,188
167481,42.31214,-82.943285,189
167481,42.312037,-82.943822,190
167481,42.311946,-82.944294,191
167481,42.311997,-82.944312,192
167481,42.311997,-82.944312,193
167481,42.311997,-82.944312,194
167481,42.311946,-82.944294,195
167481,42.311889,-82.944594,196
167481,42.311787,-82.945123,197
167481,42.311721,-82.945465,198
167481,42.311686,-82.945646,199
167481,42.311513,-82.946548,200
167481,42.311575,-82.94657,201
167481,42.311575,-82.94657,202
167481,42.311575,-82.94657,203
167481,42.311513,-82.946548,204
167481,42.311467,-82.946787,205
167481,42.311177,-82.948404,206
167481,42.310997,-82.94941,207
167481,42.310777,-82.950263,208
167481,42.310713,-82.950544,209
167481,42.31054,-82.951442,210
167481,42.310506,-82.951622,211
167481,42.310469,-82.951815,212
167481,42.310443,-82.951956,213
167481,42.310409,-82.95213,214
167481,42.310249,-82.952959,215
167481,42.310324,-82.952985,216
167481,42.310324,-82.952985,217
167481,42.310324,-82.952985,218
167481,42.310249,-82.952959,219
167481,42.310231,-82.953052,220
167481,42.310187,-82.9531,221
167481,42.310129,-82.953141,222
167481,42.310022,-82.953724,223
167481,42.309937,-82.954183,224
167481,42.309891,-82.954434,225
167481,42.309808,-82.954884,226
167481,42.309948,-82.954931,227
167481,42.309948,-82.954931,228
167481,42.309948,-82.954931,229
167481,42.309808,-82.954884,230
167481,42.309638,-82.955807,231
167481,42.309513,-82.956487,232
167481,42.309412,-82.957035,233
167481,42.309545,-82.95708,234
167481,42.309545,-82.95708,235
167481,42.309545,-82.95708,236
167481,42.309412,-82.957035,237
167481,42.30938,-82.957207,238
167481,42.309193,-82.958228,239
167481,42.309006,-82.95923,240
167481,42.308971,-82.959417,241
167481,42.308914,-82.959724,242
167481,42.30901138,-82.95975658,243
167481,42.30901138,-82.95975658,244
167481,42.30901137,-82.95975657,245
167481,42.3089520562834,-82.9599326338562,246
167481,42.3086713814757,-82.9614400353226,247
167481,42.30863652,-82.96174989,248
167481,42.30863652,-82.96174989,249
167481,42.30863652,-82.96174989,250
167481,42.3085512702394,-82.9620801170107,251
167481,42.3082279465614,-82.9638315994974,252
167481,42.30819562,-82.96412964,253
167481,42.30819562,-82.96412964,254
167481,42.30819562,-82.96412964,255
167481,42.3081252510407,-82.9644040105387,256
167481,42.3078118431706,-82.9660978255316,257
167481,42.307795,-82.966284,258
167481,42.307795,-82.966284,259
167481,42.307795,-82.966284,260
167481,42.3077419359313,-82.9664752480014,261
167481,42.3075286984352,-82.9676366445048,262
167481,42.30750934,-82.96788556,263
167481,42.30750934,-82.96788556,264
167481,42.30750934,-82.96788556,265
167481,42.3074401861571,-82.9681238081029,266
167481,42.3071565291788,-82.969590976434,267
167481,42.307129,-82.969848,268
167481,42.307129,-82.969848,269
167481,42.307129,-82.969848,270
167481,42.307129,-82.969848,271
167481,42.3070662505477,-82.970055084569,272
167481,42.3068430926157,-82.9712111166544,273
167481,42.30682,-82.971441,274
167481,42.306753142375,-82.971697289138,275
167481,42.3063135565259,-82.9739902911074,276
167481,42.30627564,-82.97431124,277
167481,42.30627564,-82.97431124,278
167481,42.30627564,-82.97431124,279
167481,42.30627564,-82.97431124,280
167481,42.3061439648822,-82.9745735894451,281
167481,42.3058523674206,-82.9762258301983,282
167481,42.305856,-82.976487,283
167481,42.305856,-82.976487,284
167481,42.305856,-82.976487,285
167481,42.3057769495596,-82.9766104918919,286
167481,42.30564,-82.9772,287
167481,42.3056,-82.97741,288
167481,42.305499236103,-82.978080342432,289
167481,42.305502,-82.978342,290
167481,42.305502,-82.978342,291
167481,42.305502,-82.978342,292
167481,42.30542,-82.97842,293
167481,42.3050198061915,-82.9806152161121,294
167481,42.305034,-82.980858,295
167481,42.305034,-82.980858,296
167481,42.305034,-82.980858,297
167481,42.3049381361881,-82.9809722949824,298
167481,42.30466,-82.98243,299
167481,42.30446,-82.98351,300
167481,42.3044263421904,-82.9837215592226,301
167481,42.30442995,-82.98402788,302
167481,42.30442995,-82.98402788,303
167481,42.30442995,-82.98402788,304
167481,42.3043618703084,-82.9842406253551,305
167481,42.3040424925489,-82.9859076182579,306
167481,42.30402695,-82.9861137,307
167481,42.30402695,-82.9861137,308
167481,42.30402695,-82.9861137,309
167481,42.303922461936,-82.9864366052359,310
167481,42.3034780193292,-82.9887229520759,311
167481,42.3034651250464,-82.9891628343544,312
167481,42.30345492,-82.98931823,313
167481,42.30345492,-82.98931823,314
167481,42.30345492,-82.98931823,315
167481,42.3033702163875,-82.9894820279723,316
167481,42.3033444277752,-82.9895826108103,317
167481,42.3027701324787,-82.9925772971755,318
167481,42.30274538,-82.99281111,319
167481,42.30274538,-82.99281111,320
167481,42.30274538,-82.99281111,321
167481,42.3026841114299,-82.9929873683623,322
167481,42.3025996448399,-82.9935505373994,323
167481,42.3022794229623,-82.9952028730086,324
167481,42.30225697,-82.99540401,325
167481,42.30225697,-82.99540401,326
167481,42.30225697,-82.99540401,327
167481,42.302213,-82.99539,328
167481,42.302207,-82.995421,329
167481,42.302115,-82.995488,330
167481,42.302106,-82.995542,331
167481,42.301908,-82.996611,332
167481,42.30167,-82.997827,333
167481,42.301775,-82.997865,334
167481,42.301775,-82.997865,335
167481,42.301775,-82.997865,336
167481,42.30167,-82.997827,337
167481,42.301628,-82.998041,338
167481,42.301378,-82.999383,339
167481,42.301354,-82.999513,340
167481,42.301283,-82.999913,341
167481,42.30137533,-82.9999426,342
167481,42.30137533,-82.9999426,343
167481,42.30137533,-82.9999426,344
167481,42.3013029889933,-83.0001963758839,345
167481,42.3008479555153,-83.0025949428256,346
167481,42.300816,-83.00284,347
167481,42.300816,-83.00284,348
167481,42.300816,-83.00284,349
167481,42.3007510193218,-83.0030911639478,350
167481,42.3001731861857,-83.006070000435,351
167481,42.30013845,-83.00635976,352
167481,42.30013845,-83.00635976,353
167481,42.30013845,-83.00635976,354
167481,42.3000575218184,-83.0066016222237,355
167481,42.2999243959265,-83.0073454142884,356
167481,42.2998261953951,-83.0078912438229,357
167481,42.2998,-83.008198,358
167481,42.2998,-83.008198,359
167481,42.2998,-83.008198,360
167481,42.2997009417006,-83.0085362151012,361
167481,42.2991097502508,-83.0115858867512,362
167481,42.299088,-83.011849,363
167481,42.299088,-83.011849,364
167481,42.299088,-83.011849,365
167481,42.299014,-83.011835,366
167481,42.298547,-83.014395,367
167481,42.298606,-83.014407,368
167481,42.298606,-83.014407,369
167481,42.298606,-83.014407,370
167481,42.298547,-83.014395,371
167481,42.298065,-83.016794,372
167481,42.29818962,-83.01681739,373
167481,42.29818962,-83.01681739,374
167481,42.29818962,-83.01681739,375
167481,42.2980894073667,-83.0170690556753,376
167481,42.2977694773651,-83.018641870792,377
167481,42.2974635752191,-83.0202316942378,378
167481,42.297423,-83.020554,379
167481,42.297423,-83.020554,380
167481,42.297423,-83.020554,381
167481,42.2973456240418,-83.0208236126719,382
167481,42.297125905317,-83.0219542417907,383
167481,42.2969810778415,-83.0225778553866,384
167481,42.2968243368378,-83.023478843215,385
167481,42.296799,-83.023758,386
167481,42.296799,-83.023758,387
167481,42.2966186756957,-83.024842609749,388
167481,42.2965512209703,-83.0254058764043,389
167481,42.296973,-83.02561,390
167481,42.296973,-83.02561,391
167481,42.2970736321448,-83.0257938261249,392
167481,42.297826754265,-83.0263028610915,393
167481,42.2980426196322,-83.0264279828034,394
167481,42.298182,-83.026449,395
167481,42.298182,-83.026449,396
167481,42.298182,-83.026449,397
167481,42.298321115486,-83.0266256274552,398
167481,42.3000334688053,-83.0277273393523,399
167481,42.3002993033584,-83.0278614498031,400
167481,42.3006320272209,-83.0280800674591,401
167481,42.30080779,-83.02812104,402
167481,42.30080779,-83.02812104,403
167481,42.30080779,-83.02812104,404
167481,42.300937272584,-83.0282881342561,405
167481,42.3011005273432,-83.0284202488341,406
167481,42.3018926901244,-83.0289101440569,407
167481,42.3021366952753,-83.0290348667761,408
167481,42.3024106898638,-83.0292209828034,409
167481,42.302551,-83.029254,410
167481,42.302551,-83.029254,411
167481,42.302551,-83.029254,412
167481,42.3026740446543,-83.0294149250965,413
167481,42.3039848629469,-83.0302606650123,414
167481,42.304142,-83.030292,415
167481,42.304142,-83.030292,416
167481,42.304142,-83.030292,417
167481,42.3042873794651,-83.0304376908073,418
167481,42.3056107431521,-83.0312843472214,419
167481,42.30574273,-83.03133515,420
167481,42.30574273,-83.03133515,421
167481,42.30574273,-83.03133515,422
167481,42.3058562048119,-83.0314502765023,423
167481,42.3071469590502,-83.0322686502972,424
167481,42.307257,-83.032295,425
167481,42.307257,-83.032295,426
167481,42.307257,-83.032295,427
167481,42.3074107014249,-83.0324320174363,428
167481,42.3092736579304,-83.03364478158,429
167481,42.30939426,-83.03367885,430
167481,42.30939426,-83.03367885,431
167481,42.30939426,-83.03367885,432
167481,42.3095203327323,-83.0338057360104,433
167481,42.3103194449819,-83.0343154871025,434
167481,42.310414,-83.034343,435
167481,42.310414,-83.034343,436
167481,42.310414,-83.034343,437
167481,42.3105317372128,-83.0344550149265,438
167481,42.3117079398592,-83.0352088328728,439
167481,42.3120382811693,-83.0354271266623,440
167481,42.31212709,-83.0354363,441
167481,42.31212709,-83.0354363,442
167481,42.31212709,-83.0354363,443
167481,42.3122132990309,-83.035544720293,444
167481,42.3128369624957,-83.0359395977982,445
167481,42.3130364296951,-83.0361012786636,446
167481,42.313280259931,-83.0362534162529,447
167481,42.3135184024122,-83.0363882750282,448
167481,42.3140012314177,-83.0366785463818,449
167481,42.314372431821,-83.0369187582665,450
167481,42.314483,-83.036934,451
167481,42.314483,-83.036934,452
167481,42.314483,-83.036934,453
167481,42.3145866378261,-83.0370796908073,454
167481,42.3166204003028,-83.0384088515206,455
167481,42.316718,-83.038415,456
167481,42.316718,-83.038415,457
167481,42.316718,-83.038415,458
167481,42.3167864261696,-83.0385456722889,459
167481,42.3172862198754,-83.0388635140571,460
167481,42.3176148078406,-83.0391027521496,461
167481,42.3175787560164,-83.0392792564544,462
167481,42.31753495,-83.03955327,463
167481,42.31753495,-83.03955327,464
167481,42.31753495,-83.03955327,465
167481,42.3174604905515,-83.0395663529634,466
167481,42.317338,-83.04003,467
167481,42.3172233039705,-83.040524572134,468
167481,42.3171399603883,-83.0409000813961,469
167481,42.3170863870873,-83.0410962179303,470
167481,42.3176885547668,-83.0414549633861,471
167481,42.317756,-83.041495,472
167481,42.317485,-83.042603,473
167481,42.317344,-83.043183,474
167481,42.317250701556,-83.0435591563582,475
167481,42.3175044522083,-83.0436795204878,476
167481,42.3179241431235,-83.0438780039549,477
167481,42.3179776392649,-83.0436503514648,478
167481,42.3179213483657,-83.043600730598,479
167481,42.31743946,-83.04331649,480
167481,42.31743946,-83.04331649,481
167481,42.317324,-83.043259,482
167481,42.317297,-83.043358,483
167481,42.317242,-83.043562,484
167481,42.316573,-83.043145,485
167481,42.316412,-83.043803,486
167481,42.316274,-83.044362,487
167481,42.316134,-83.044928,488
167481,42.316078,-83.045148,489
167481,42.315987,-83.04549,490
167481,42.315965,-83.045567,491
167481,42.31604758,-83.04561056,492
167481,42.31604758,-83.04561056,493
167481,42.3159376921688,-83.0457849021766,494
167481,42.3155167900436,-83.047191720805,495
167481,42.31548862,-83.04752029,496
167481,42.31548862,-83.04752029,497
167481,42.31548862,-83.04752029,498
167481,42.3153365161012,-83.0477351557575,499
167481,42.3146791349182,-83.0498860100114,500
167481,42.31465479,-83.05014676,501
167481,42.31465479,-83.05014676,502
167481,42.31465479,-83.05014676,503
167481,42.3145402468401,-83.0503063026,504
167481,42.3139551449488,-83.0521208169986,505
167481,42.31392707,-83.05238596,506
167481,42.31392707,-83.05238596,507
167481,42.31392707,-83.05238596,508
167481,42.3138080151446,-83.0525878501093,509
167481,42.3133479347865,-83.0540281016746,510
167481,42.31330066,-83.05439213,511
167481,42.31330066,-83.05439213,512
167481,42.31330066,-83.05439213,513
167481,42.3131586436216,-83.0546249574087,514
167481,42.3125143222925,-83.0566544974054,515
167481,42.312489,-83.056914,516
167481,42.312489,-83.056914,517
167481,42.312489,-83.056914,518
167481,42.3123842572325,-83.0570641666593,519
167481,42.3117546934231,-83.059057828121,520
167481,42.31173,-83.059316,521
167481,42.31173,-83.059316,522
167481,42.31173,-83.059316,523
167481,42.3116379903461,-83.0594329685783,524
167481,42.3111242673224,-83.0610194952106,525
167481,42.311121,-83.061229,526
167481,42.311121,-83.061229,527
167481,42.311121,-83.061229,528
167481,42.3110114569358,-83.0613725362875,529
167481,42.3108501663264,-83.0617807199803,530
167481,42.3102927994286,-83.0635590245572,531
167481,42.31026409,-83.06384423,532
167481,42.31026409,-83.06384423,533
167481,42.31026409,-83.06384423,534
167481,42.3101485962491,-83.0640220832688,535
167481,42.3097439557632,-83.0652942718805,536
167481,42.30972364,-83.06552763,537
167481,42.30972364,-83.06552763,538
167481,42.30972364,-83.06552763,539
167481,42.3096111281296,-83.0656807749978,540
167481,42.3086631020274,-83.0686984811011,541
167481,42.30864786,-83.06892851,542
167481,42.30864786,-83.06892851,543
167481,42.30864786,-83.06892851,544
167481,42.308586842105,-83.0689468223597,545
167481,42.3084460081486,-83.0693920690562,546
167481,42.3081841751669,-83.0701940495516,547
167481,42.3080988808544,-83.0704193551089,548
167481,42.3079758981538,-83.0706553895022,549
167481,42.30802917,-83.0707573,550
167481,42.30802917,-83.0707573,551
167481,42.30802917,-83.0707573,552
167481,42.3079499177496,-83.0706964842556,553
167481,42.3077434810413,-83.0709606596291,554
167481,42.3075293942683,-83.0712704769848,555
167481,42.307327065932,-83.0718337408779,556
167481,42.3071366386685,-83.072391640353,557
167481,42.3069382763231,-83.0729495398281,558
167481,42.3069817735696,-83.0731278845131,559
167481,42.3068560198318,-83.0732417273553,560
167481,42.3059392940909,-83.0738949231153,561
167481,42.305907,-83.073985,562
167481,42.305907,-83.073985,563
167481,42.305907,-83.073985,564
167481,42.3058516068655,-83.0739523501656,565
167481,42.305527237338,-83.074173650878,566
167481,42.3051448797927,-83.0743446451502,567
167481,42.30492228685,-83.0743956073714,568
167481,42.3047073478942,-83.0744117007043,569
167481,42.3045327814772,-83.07440633626,570
167481,42.304499,-83.074479,571
167481,42.304499,-83.074479,572
167481,42.304499,-83.074479,573
167481,42.304459054026,-83.0743995595813,574
167481,42.3042764169069,-83.0743989692664,575
167481,42.3041458342105,-83.0744202062962,576
167481,42.30392863663,-83.0744993930564,577
167481,42.3020024109281,-83.0756586455836,578
167481,42.3017651994454,-83.0749876423354,579
167481,42.301716,-83.074918,580
167481,42.301716,-83.074918,581
167481,42.301716,-83.074918,582
167481,42.3017233384576,-83.0748396097821,583
167481,42.3016741016545,-83.0746630740757,584
167481,42.300664343203,-83.0716737521286,585
167481,42.3005600661092,-83.0714221629993,586
167481,42.300519,-83.071396,587
167481,42.300519,-83.071396,588
167481,42.300519,-83.071396,589
167481,42.3005327609097,-83.0713324155204,590
167481,42.3004370199151,-83.0710257512986,591
167481,42.3002419676753,-83.0704807202377,592
167481,42.3001880165716,-83.0704146247863,593
167481,42.300099197192,-83.0704016211475,594
167481,42.2999817289578,-83.0703297180592,595
167481,42.2996454662025,-83.0701205057561,596
167481,42.2995577576721,-83.070092149861,597
167481,42.29947159,-83.07008069,598
167481,42.29947159,-83.0700807,599
167481,42.29947159,-83.07008069,600
167481,42.2994351478031,-83.0700016020671,601
167481,42.2973374258493,-83.0686560273205,602
167481,42.297272,-83.06863,603
167481,42.297267,-83.068638,604
167481,42.29726667,-83.06863818,605
167481,42.297267,-83.068638,606
167481,42.2972299447154,-83.0685836110297,607
167481,42.296942273912,-83.0683913871494,608
167481,42.2968887074378,-83.0685385006914,609
167481,42.2964383507486,-83.069781660484,610
167481,42.2961763610199,-83.0703768894882,611
167481,42.296169,-83.07047,612
167481,42.296169,-83.07047,613
167481,42.296169,-83.07047,614
167481,42.2961088197985,-83.0705144513703,615
167481,42.2958538853779,-83.0710096008242,616
167481,42.2956007292188,-83.0714054462266,617
167481,42.2952573788914,-83.0718374412396,618
167481,42.2949069205928,-83.0721616675138,619
167481,42.29452,-83.07244,620
167481,42.2931617678878,-83.0732908830466,621
167481,42.293141,-83.073344,622
167481,42.293141,-83.073344,623
167481,42.293141,-83.073344,624
167481,42.293002397522,-83.0733892894776,625
167481,42.290063788286,-83.0752045570431,626
167481,42.289941,-83.075347,627
167481,42.289941,-83.075347,628
167481,42.289941,-83.075347,629
167481,42.2898987500239,-83.0753086845462,630
167481,42.2898322795775,-83.0753435532612,631
167481,42.2897509275925,-83.0753663520364,632
167481,42.2896070732154,-83.074814932813,633
167481,42.2894442791319,-83.0741629687845,634
167481,42.2891125445155,-83.0728252881449,635
167481,42.289043,-83.072806,636
167481,42.289043,-83.072806,637
167481,42.289043,-83.072806,638
167481,42.2890849012783,-83.0727479241272,639
167481,42.2886771433612,-83.0711095606005,640
167481,42.2883378391409,-83.0697257189331,641
167481,42.288269,-83.069712,642
167481,42.288269,-83.069712,643
167481,42.288269,-83.069712,644
167481,42.2883012209099,-83.0696321463792,645
167481,42.2877194184672,-83.0673036801402,646
167481,42.287674,-83.06729,647
167481,42.287674,-83.06729,648
167481,42.2873139350611,-83.0656340966269,649
167481,42.2870242274888,-83.0645773010927,650
167481,42.2868932633544,-83.0640730433251,651
167481,42.2867157989331,-83.0642209205502,652
167481,42.2865610223509,-83.0643657605473,653
167481,42.286247499391,-83.0645320583217,654
167481,42.2862979684032,-83.064695318868,655
167481,42.286447,-83.064606,656
167479,42.30274538,-82.99281111,1
167479,42.30274538,-82.99281111,2
167479,42.3026841114299,-82.9929873683623,3
167479,42.3025996448399,-82.9935505373994,4
167479,42.3022794229623,-82.9952028730086,5
167479,42.30225697,-82.99540401,6
167479,42.30225697,-82.99540401,7
167479,42.30225697,-82.99540401,8
167479,42.302213,-82.99539,9
167479,42.302207,-82.995421,10
167479,42.302115,-82.995488,11
167479,42.302106,-82.995542,12
167479,42.301908,-82.996611,13
167479,42.30167,-82.997827,14
167479,42.301775,-82.997865,15
167479,42.301775,-82.997865,16
167479,42.301775,-82.997865,17
167479,42.30167,-82.997827,18
167479,42.301628,-82.998041,19
167479,42.301378,-82.999383,20
167479,42.301354,-82.999513,21
167479,42.301283,-82.999913,22
167479,42.30137533,-82.9999426,23
167479,42.30137533,-82.9999426,24
167479,42.30137533,-82.9999426,25
167479,42.3013029889933,-83.0001963758839,26
167479,42.3008479555153,-83.0025949428256,27
167479,42.300816,-83.00284,28
167479,42.300816,-83.00284,29
167479,42.300816,-83.00284,30
167479,42.3007510193218,-83.0030911639478,31
167479,42.3001731861857,-83.006070000435,32
167479,42.30013845,-83.00635976,33
167479,42.30013845,-83.00635976,34
167479,42.30013845,-83.00635976,35
167479,42.3000575218184,-83.0066016222237,36
167479,42.2999243959265,-83.0073454142884,37
167479,42.2998261953951,-83.0078912438229,38
167479,42.2998,-83.008198,39
167479,42.2998,-83.008198,40
167479,42.2998,-83.008198,41
167479,42.2997009417006,-83.0085362151012,42
167479,42.2991097502508,-83.0115858867512,43
167479,42.299088,-83.011849,44
167479,42.299088,-83.011849,45
167479,42.299088,-83.011849,46
167479,42.299014,-83.011835,47
167479,42.298547,-83.014395,48
167479,42.298606,-83.014407,49
167479,42.298606,-83.014407,50
167479,42.298606,-83.014407,51
167479,42.298547,-83.014395,52
167479,42.298065,-83.016794,53
167479,42.29818962,-83.01681739,54
167479,42.29818962,-83.01681739,55
167479,42.29818962,-83.01681739,56
167479,42.2980894073667,-83.0170690556753,57
167479,42.2977694773651,-83.018641870792,58
167479,42.2974635752191,-83.0202316942378,59
167479,42.297423,-83.020554,60
167479,42.297423,-83.020554,61
167479,42.297423,-83.020554,62
167479,42.2973456240418,-83.0208236126719,63
167479,42.297125905317,-83.0219542417907,64
167479,42.2969810778415,-83.0225778553866,65
167479,42.2968243368378,-83.023478843215,66
167479,42.296799,-83.023758,67
167479,42.296799,-83.023758,68
167479,42.2966186756957,-83.024842609749,69
167479,42.2965512209703,-83.0254058764043,70
167479,42.296973,-83.02561,71
167479,42.296973,-83.02561,72
167479,42.2970736321448,-83.0257938261249,73
167479,42.297826754265,-83.0263028610915,74
167479,42.2980426196322,-83.0264279828034,75
167479,42.298182,-83.026449,76
167479,42.298182,-83.026449,77
167479,42.298182,-83.026449,78
167479,42.298321115486,-83.0266256274552,79
167479,42.3000334688053,-83.0277273393523,80
167479,42.3002993033584,-83.0278614498031,81
167479,42.3006320272209,-83.0280800674591,82
167479,42.30080779,-83.02812104,83
167479,42.30080779,-83.02812104,84
167479,42.30080779,-83.02812104,85
167479,42.300937272584,-83.0282881342561,86
167479,42.3011005273432,-83.0284202488341,87
167479,42.3018926901244,-83.0289101440569,88
167479,42.3021366952753,-83.0290348667761,89
167479,42.3024106898638,-83.0292209828034,90
167479,42.302551,-83.029254,91
167479,42.302551,-83.029254,92
167479,42.302551,-83.029254,93
167479,42.3026740446543,-83.0294149250965,94
167479,42.3039848629469,-83.0302606650123,95
167479,42.304142,-83.030292,96
167479,42.304142,-83.030292,97
167479,42.304142,-83.030292,98
167479,42.3042873794651,-83.0304376908073,99
167479,42.3056107431521,-83.0312843472214,100
167479,42.30574273,-83.03133515,101
167479,42.30574273,-83.03133515,102
167479,42.30574273,-83.03133515,103
167479,42.3058562048119,-83.0314502765023,104
167479,42.3071469590502,-83.0322686502972,105
167479,42.307257,-83.032295,106
167479,42.307257,-83.032295,107
167479,42.307257,-83.032295,108
167479,42.3074107014249,-83.0324320174363,109
167479,42.3092736579304,-83.03364478158,110
167479,42.30939426,-83.03367885,111
167479,42.30939426,-83.03367885,112
167479,42.30939426,-83.03367885,113
167479,42.3095203327323,-83.0338057360104,114
167479,42.3103194449819,-83.0343154871025,115
167479,42.310414,-83.034343,116
167479,42.310414,-83.034343,117
167479,42.310414,-83.034343,118
167479,42.3105317372128,-83.0344550149265,119
167479,42.3117079398592,-83.0352088328728,120
167479,42.3120382811693,-83.0354271266623,121
167479,42.31212709,-83.0354363,122
167479,42.31212709,-83.0354363,123
167479,42.31212709,-83.0354363,124
167479,42.3122132990309,-83.035544720293,125
167479,42.3128369624957,-83.0359395977982,126
167479,42.3130364296951,-83.0361012786636,127
167479,42.313280259931,-83.0362534162529,128
167479,42.3135184024122,-83.0363882750282,129
167479,42.3140012314177,-83.0366785463818,130
167479,42.314372431821,-83.0369187582665,131
167479,42.314483,-83.036934,132
167479,42.314483,-83.036934,133
167479,42.314483,-83.036934,134
167479,42.3145866378261,-83.0370796908073,135
167479,42.3166204003028,-83.0384088515206,136
167479,42.316718,-83.038415,137
167479,42.316718,-83.038415,138
167479,42.316718,-83.038415,139
167479,42.3167864261696,-83.0385456722889,140
167479,42.3172862198754,-83.0388635140571,141
167479,42.3176148078406,-83.0391027521496,142
167479,42.3175787560164,-83.0392792564544,143
167479,42.31753495,-83.03955327,144
167479,42.31753495,-83.03955327,145
167479,42.31753495,-83.03955327,146
167479,42.3174604905515,-83.0395663529634,147
167479,42.317338,-83.04003,148
167479,42.3172233039705,-83.040524572134,149
167479,42.3171399603883,-83.0409000813961,150
167479,42.3170863870873,-83.0410962179303,151
167479,42.3176885547668,-83.0414549633861,152
167479,42.317756,-83.041495,153
167479,42.317485,-83.042603,154
167479,42.317344,-83.043183,155
167479,42.317250701556,-83.0435591563582,156
167479,42.3175044522083,-83.0436795204878,157
167479,42.3179241431235,-83.0438780039549,158
167479,42.3179776392649,-83.0436503514648,159
167479,42.3179213483657,-83.043600730598,160
167479,42.31743946,-83.04331649,161
167479,42.31743946,-83.04331649,162
167479,42.317324,-83.043259,163
167479,42.317297,-83.043358,164
167479,42.317242,-83.043562,165
167479,42.316573,-83.043145,166
167479,42.316412,-83.043803,167
167479,42.316274,-83.044362,168
167479,42.316134,-83.044928,169
167479,42.316078,-83.045148,170
167479,42.315987,-83.04549,171
167479,42.315965,-83.045567,172
167479,42.31604758,-83.04561056,173
167479,42.31604758,-83.04561056,174
167479,42.3159376921688,-83.0457849021766,175
167479,42.3155167900436,-83.047191720805,176
167479,42.31548862,-83.04752029,177
167479,42.31548862,-83.04752029,178
167479,42.31548862,-83.04752029,179
167479,42.3153365161012,-83.0477351557575,180
167479,42.3146791349182,-83.0498860100114,181
167479,42.31465479,-83.05014676,182
167479,42.31465479,-83.05014676,183
167479,42.31465479,-83.05014676,184
167479,42.3145402468401,-83.0503063026,185
167479,42.3139551449488,-83.0521208169986,186
167479,42.31392707,-83.05238596,187
167479,42.31392707,-83.05238596,188
167479,42.31392707,-83.05238596,189
167479,42.3138080151446,-83.0525878501093,190
167479,42.3133479347865,-83.0540281016746,191
167479,42.31330066,-83.05439213,192
167479,42.31330066,-83.05439213,193
167479,42.31330066,-83.05439213,194
167479,42.3131586436216,-83.0546249574087,195
167479,42.3125143222925,-83.0566544974054,196
167479,42.312489,-83.056914,197
167479,42.312489,-83.056914,198
167479,42.312489,-83.056914,199
167479,42.3123842572325,-83.0570641666593,200
167479,42.3117546934231,-83.059057828121,201
167479,42.31173,-83.059316,202
167479,42.31173,-83.059316,203
167479,42.31173,-83.059316,204
167479,42.3116379903461,-83.0594329685783,205
167479,42.3111242673224,-83.0610194952106,206
167479,42.311121,-83.061229,207
167479,42.311121,-83.061229,208
167479,42.311121,-83.061229,209
167479,42.3110114569358,-83.0613725362875,210
167479,42.3108501663264,-83.0617807199803,211
167479,42.3102927994286,-83.0635590245572,212
167479,42.31026409,-83.06384423,213
167479,42.31026409,-83.06384423,214
167479,42.31026409,-83.06384423,215
167479,42.3101485962491,-83.0640220832688,216
167479,42.3097439557632,-83.0652942718805,217
167479,42.30972364,-83.06552763,218
167479,42.30972364,-83.06552763,219
167479,42.30972364,-83.06552763,220
167479,42.3096111281296,-83.0656807749978,221
167479,42.3086631020274,-83.0686984811011,222
167479,42.30864786,-83.06892851,223
167479,42.30864786,-83.06892851,224
167479,42.30864786,-83.06892851,225
167479,42.308586842105,-83.0689468223597,226
167479,42.3084460081486,-83.0693920690562,227
167479,42.3081841751669,-83.0701940495516,228
167479,42.3080988808544,-83.0704193551089,229
167479,42.3079758981538,-83.0706553895022,230
167479,42.30802917,-83.0707573,231
167479,42.30802917,-83.0707573,232
167479,42.30802917,-83.0707573,233
167479,42.3079499177496,-83.0706964842556,234
167479,42.3077434810413,-83.0709606596291,235
167479,42.3075293942683,-83.0712704769848,236
167479,42.307327065932,-83.0718337408779,237
167479,42.3071366386685,-83.072391640353,238
167479,42.3069382763231,-83.0729495398281,239
167479,42.3069817735696,-83.0731278845131,240
167479,42.3068560198318,-83.0732417273553,241
167479,42.3059392940909,-83.0738949231153,242
167479,42.305907,-83.073985,243
167479,42.305907,-83.073985,244
167479,42.305907,-83.073985,245
167479,42.3058516068655,-83.0739523501656,246
167479,42.305527237338,-83.074173650878,247
167479,42.3051448797927,-83.0743446451502,248
167479,42.30492228685,-83.0743956073714,249
167479,42.3047073478942,-83.0744117007043,250
167479,42.3045327814772,-83.07440633626,251
167479,42.304499,-83.074479,252
167479,42.304499,-83.074479,253
167479,42.304499,-83.074479,254
167479,42.304459054026,-83.0743995595813,255
167479,42.3042764169069,-83.0743989692664,256
167479,42.3041458342105,-83.0744202062962,257
167479,42.30392863663,-83.0744993930564,258
167479,42.3020024109281,-83.0756586455836,259
167479,42.3017651994454,-83.0749876423354,260
167479,42.301716,-83.074918,261
167479,42.301716,-83.074918,262
167479,42.301716,-83.074918,263
167479,42.3017233384576,-83.0748396097821,264
167479,42.3016741016545,-83.0746630740757,265
167479,42.300664343203,-83.0716737521286,266
167479,42.3005600661092,-83.0714221629993,267
167479,42.300519,-83.071396,268
167479,42.300519,-83.071396,269
167479,42.300519,-83.071396,270
167479,42.3005327609097,-83.0713324155204,271
167479,42.3004370199151,-83.0710257512986,272
167479,42.3002419676753,-83.0704807202377,273
167479,42.3001880165716,-83.0704146247863,274
167479,42.300099197192,-83.0704016211475,275
167479,42.2999817289578,-83.0703297180592,276
167479,42.2996454662025,-83.0701205057561,277
167479,42.2995577576721,-83.070092149861,278
167479,42.29947159,-83.07008069,279
167479,42.29947159,-83.0700807,280
167479,42.29947159,-83.07008069,281
167479,42.2994351478031,-83.0700016020671,282
167479,42.2973374258493,-83.0686560273205,283
167479,42.297272,-83.06863,284
167479,42.297267,-83.068638,285
167479,42.29726667,-83.06863818,286
167479,42.297267,-83.068638,287
167479,42.2972299447154,-83.0685836110297,288
167479,42.296942273912,-83.0683913871494,289
167479,42.2968887074378,-83.0685385006914,290
167479,42.2964383507486,-83.069781660484,291
167479,42.2961763610199,-83.0703768894882,292
167479,42.296169,-83.07047,293
167479,42.296169,-83.07047,294
167479,42.296169,-83.07047,295
167479,42.2961088197985,-83.0705144513703,296
167479,42.2958538853779,-83.0710096008242,297
167479,42.2956007292188,-83.0714054462266,298
167479,42.2952573788914,-83.0718374412396,299
167479,42.2949069205928,-83.0721616675138,300
167479,42.29452,-83.07244,301
167479,42.2931617678878,-83.0732908830466,302
167479,42.293141,-83.073344,303
167479,42.293141,-83.073344,304
167479,42.293141,-83.073344,305
167479,42.293002397522,-83.0733892894776,306
167479,42.290063788286,-83.0752045570431,307
167479,42.289941,-83.075347,308
167479,42.289941,-83.075347,309
167479,42.289941,-83.075347,310
167479,42.2898987500239,-83.0753086845462,311
167479,42.2898322795775,-83.0753435532612,312
167479,42.2897509275925,-83.0753663520364,313
167479,42.2896070732154,-83.074814932813,314
167479,42.2894442791319,-83.0741629687845,315
167479,42.2891125445155,-83.0728252881449,316
167479,42.289043,-83.072806,317
167479,42.289043,-83.072806,318
167479,42.289043,-83.072806,319
167479,42.2890849012783,-83.0727479241272,320
167479,42.2886771433612,-83.0711095606005,321
167479,42.2883378391409,-83.0697257189331,322
167479,42.288269,-83.069712,323
167479,42.288269,-83.069712,324
167479,42.288269,-83.069712,325
167479,42.2883012209099,-83.0696321463792,326
167479,42.2877194184672,-83.0673036801402,327
167479,42.287674,-83.06729,328
167479,42.287674,-83.06729,329
167479,42.2873139350611,-83.0656340966269,330
167479,42.2870242274888,-83.0645773010927,331
167479,42.2868932633544,-83.0640730433251,332
167479,42.2867157989331,-83.0642209205502,333
167479,42.2865610223509,-83.0643657605473,334
167479,42.286247499391,-83.0645320583217,335
167479,42.2862979684032,-83.064695318868,336
167479,42.286447,-83.064606,337
167483,42.286447,-83.064606,1
167483,42.286447,-83.064606,2
167483,42.2866204667113,-83.0645753067522,3
167483,42.2867851613496,-83.0647398666392,4
167483,42.28709,-83.06464,5
167483,42.28722,-83.06514,6
167483,42.287767,-83.067361,7
167483,42.287826,-83.067347,8
167483,42.287826,-83.067347,9
167483,42.287826,-83.067347,10
167483,42.287767,-83.067361,11
167483,42.288431,-83.069982,12
167483,42.288482,-83.06997,13
167483,42.288482,-83.06997,14
167483,42.288482,-83.06997,15
167483,42.288431,-83.069982,16
167483,42.289254,-83.0733,17
167483,42.289312,-83.073287,18
167483,42.289312,-83.073287,19
167483,42.289312,-83.073287,20
167483,42.289254,-83.0733,21
167483,42.28977,-83.07537,22
167483,42.28983,-83.07533,23
167483,42.28991,-83.07528,24
167483,42.290056,-83.075189,25
167483,42.290018,-83.075127,26
167483,42.290018,-83.075127,27
167483,42.290018,-83.075127,28
167483,42.290056,-83.075189,29
167483,42.293366,-83.073149,30
167483,42.293331,-83.073092,31
167483,42.293331,-83.073092,32
167483,42.293331,-83.073092,33
167483,42.293366,-83.073149,34
167483,42.29452,-83.07244,35
167483,42.29524,-83.07183,36
167483,42.29583,-83.07098,37
167483,42.296213,-83.070157,38
167483,42.296194,-83.070148,39
167483,42.296194,-83.070148,40
167483,42.296194,-83.070148,41
167483,42.296213,-83.070157,42
167483,42.29633,-83.06991,43
167483,42.2969,-83.06839,44
167483,42.297197,-83.068581,45
167483,42.297257,-83.068489,46
167483,42.297257,-83.068489,47
167483,42.297257,-83.068489,48
167483,42.2974118351659,-83.0686514477463,49
167483,42.2994861001982,-83.0699998891341,50
167483,42.299713,-83.070064,51
167483,42.299713,-83.070064,52
167483,42.299713,-83.070064,53
167483,42.2998391845177,-83.0701748134918,54
167483,42.2999328376258,-83.0701974073436,55
167483,42.3000119177429,-83.0701856183853,56
167483,42.3000578295012,-83.0701179579964,57
167483,42.3001159489282,-83.0700790659656,58
167483,42.300175868071,-83.0701206402054,59
167483,42.3002280358753,-83.0701809899082,60
167483,42.3002750503563,-83.0703140834357,61
167483,42.3003242968805,-83.0704887668648,62
167483,42.3007230727998,-83.0716962686825,63
167483,42.30080438,-83.07184025,64
167483,42.30080438,-83.07184025,65
167483,42.30080438,-83.07184025,66
167483,42.3008430939412,-83.0720462969589,67
167483,42.3019150243228,-83.0752074932194,68
167483,42.30200873,-83.07538137,69
167483,42.30200873,-83.07538137,70
167483,42.30200873,-83.07538137,71
167483,42.3020307323985,-83.0755500760574,72
167483,42.3039833907456,-83.0743764257603,73
167483,42.3042625524684,-83.0742827397201,74
167483,42.3047108695331,-83.074261282048,75
167483,42.304855,-83.074207,76
167483,42.304855,-83.074207,77
167483,42.304855,-83.074207,78
167483,42.304865,-83.074332,79
167483,42.305369,-83.0742,80
167483,42.30628,-83.0736,81
167483,42.306162,-83.073529,82
167483,42.306162,-83.073529,83
167483,42.306162,-83.073529,84
167483,42.30628,-83.0736,85
167483,42.306529,-83.073429,86
167483,42.306599,-83.073379,87
167483,42.306699,-83.07325,88
167483,42.307,-83.072749,89
167483,42.30751,-83.0713,90
167483,42.307972,-83.070621,91
167483,42.30788336,-83.07056398,92
167483,42.30788336,-83.07056398,93
167483,42.30788336,-83.07056398,94
167483,42.3080370050523,-83.0703822412434,95
167483,42.3086459648377,-83.0685905256214,96
167483,42.308649,-83.068392,97
167483,42.308649,-83.068392,98
167483,42.308649,-83.068392,99
167483,42.3087671898657,-83.0682232627392,100
167483,42.3094362479508,-83.0661491053228,101
167483,42.309419,-83.06596,102
167483,42.309419,-83.06596,103
167483,42.309419,-83.06596,104
167483,42.3095179588634,-83.0658200208321,105
167483,42.3101798403352,-83.0637360491085,106
167483,42.31018627,-83.06352678,107
167483,42.31018627,-83.06352678,108
167483,42.31018627,-83.06352678,109
167483,42.3102929011264,-83.063375291996,110
167483,42.31080179184,-83.0617378159733,111
167483,42.310798,-83.061505,112
167483,42.310798,-83.061505,113
167483,42.310798,-83.061505,114
167483,42.3109475792765,-83.0612456306191,115
167483,42.3117683387806,-83.0586371362457,116
167483,42.311822,-83.058293,117
167483,42.311822,-83.058293,118
167483,42.311822,-83.058293,119
167483,42.3119339586731,-83.0581248343239,120
167483,42.3124560839821,-83.0565026233482,121
167483,42.312474,-83.056244,122
167483,42.312474,-83.056244,123
167483,42.312474,-83.056244,124
167483,42.3126195230897,-83.0559627104855,125
167483,42.3131380994139,-83.0543455018177,126
167483,42.313173,-83.054048,127
167483,42.313173,-83.054048,128
167483,42.313173,-83.054048,129
167483,42.313293875699,-83.0538664232788,130
167483,42.3137351612856,-83.0524784221249,131
167483,42.31374732,-83.05219265,132
167483,42.31374732,-83.05219265,133
167483,42.31374732,-83.05219265,134
167483,42.3138620995508,-83.0520680441456,135
167483,42.3142120875386,-83.0509868593586,136
167483,42.3144972543557,-83.0500250577068,137
167483,42.3145241,-83.0497462,138
167483,42.3145241,-83.0497462,139
167483,42.3145241,-83.0497462,140
167483,42.3146767507478,-83.0495301901436,141
167483,42.3154530069399,-83.0470913521843,142
167483,42.315465,-83.046823,143
167483,42.315465,-83.046823,144
167483,42.315465,-83.046823,145
167483,42.3155925913754,-83.0466564823132,146
167483,42.3159991776028,-83.0453126955967,147
167483,42.315997,-83.045139,148
167483,42.315997,-83.045139,149
167483,42.315997,-83.045139,150
167483,42.3161044261969,-83.0449578897228,151
167483,42.3165566255739,-83.0431018010845,152
167483,42.316573,-83.042837,153
167483,42.316573,-83.042837,154
167483,42.316660558932,-83.0426985025406,155
167483,42.316808,-83.042184,156
167483,42.316939,-83.04165,157
167483,42.317073,-83.041103,158
167483,42.3177448539905,-83.04150223732,159
167483,42.317485,-83.042603,160
167483,42.3172988497081,-83.0433985590935,161
167483,42.3176954959088,-83.0435058474541,162
167483,42.317872,-83.043526,163
167483,42.317872,-83.043526,164
167483,42.3179093803452,-83.0435699221722,165
167483,42.3179800919686,-83.0435281779098,166
167483,42.3181229581855,-83.0430510233135,167
167483,42.3188851340013,-83.0399183877315,168
167483,42.318048649183,-83.0394477402219,169
167483,42.31788209,-83.0393738,170
167483,42.31788209,-83.0393738,171
167483,42.31788209,-83.0393738,172
167483,42.3178031610441,-83.0392487052354,173
167483,42.3165135118729,-83.0384361885148,174
167483,42.3160315668617,-83.0381362883606,175
167483,42.31593522,-83.03809096,176
167483,42.31593522,-83.03809096,177
167483,42.31593522,-83.03809096,178
167483,42.3158510017948,-83.0379833609832,179
167483,42.3146112297722,-83.0371811026845,180
167483,42.3144144253853,-83.0371098793246,181
167483,42.3141997274484,-83.0369731419764,182
167483,42.3139597358627,-83.0368631714068,183
167483,42.3136493321652,-83.0366673701487,184
167483,42.313499,-83.036628,185
167483,42.313499,-83.036628,186
167483,42.313499,-83.036628,187
167483,42.3134339422928,-83.0364981292621,188
167483,42.3133222094979,-83.0363675950866,189
167483,42.311418092304,-83.0351775884628,190
167483,42.31132,-83.035171,191
167483,42.31132,-83.035171,192
167483,42.31132,-83.035171,193
167483,42.31081,-83.03469,194
167483,42.30903,-83.03353,195
167483,42.30843199,-83.03332483,196
167483,42.30843199,-83.03332483,197
167483,42.30843199,-83.03332483,198
167483,42.30829921291,-83.0331901767703,199
167483,42.3070958317965,-83.0324138201072,200
167483,42.30689793,-83.03233296,201
167483,42.30689793,-83.03233296,202
167483,42.30689793,-83.03233296,203
167483,42.3067713541147,-83.0322059727292,204
167483,42.3048516553009,-83.0309716822485,205
167483,42.304667,-83.030931,206
167483,42.304667,-83.030931,207
167483,42.304667,-83.030931,208
167483,42.304536027863,-83.0307689325409,209
167483,42.3038070181944,-83.0303005857642,210
167483,42.303677,-83.030285,211
167483,42.303677,-83.030285,212
167483,42.303677,-83.030285,213
167483,42.3035003601504,-83.0300221154137,214
167483,42.3019490603437,-83.0290511557503,215
167483,42.301578,-83.028936,216
167483,42.301578,-83.028936,217
167483,42.301578,-83.028936,218
167483,42.3014336758362,-83.0287117675285,219
167483,42.3004100267046,-83.0280519441109,220
167483,42.30022227,-83.028057,221
167483,42.30022227,-83.028057,222
167483,42.30022227,-83.028057,223
167483,42.30004,-83.02778,224
167483,42.29903,-83.02713,225
167483,42.2984388913362,-83.0267896894798,226
167483,42.298232,-83.026784,227
167483,42.298232,-83.026784,228
167483,42.2963594043638,-83.0255697426825,229
167483,42.29655312,-83.02405541,230
167483,42.29655312,-83.02405541,231
167483,42.2966874372332,-83.023849711813,232
167483,42.2970663704577,-83.0219238857403,233
167483,42.296983,-83.021652,234
167483,42.296983,-83.021652,235
167483,42.296983,-83.021652,236
167483,42.29719637906,-83.0212704200523,237
167483,42.2978302539155,-83.0178402861534,238
167483,42.29781129,-83.01749535,239
167483,42.29781129,-83.01749535,240
167483,42.29781129,-83.01749535,241
167483,42.2979018808628,-83.0172727399776,242
167483,42.298607450425,-83.013757944896,243
167483,42.2986639912379,-83.0133663423798,244
167483,42.29867934,-83.01307506,245
167483,42.29867934,-83.01307506,246
167483,42.29867934,-83.01307506,247
167483,42.298767,-83.013106,248
167483,42.298836,-83.012748,249
167483,42.298885,-83.012498,250
167483,42.298983,-83.011887,251
167483,42.299085,-83.011348,252
167483,42.299111,-83.011211,253
167483,42.299206,-83.010708,254
167483,42.299109241256,-83.0106753075861,255
167483,42.299109241256,-83.0106753075861,256
167483,42.299109241256,-83.0106753075861,257
167483,42.299206,-83.010708,258
167483,42.299252,-83.010463,259
167483,42.299383,-83.009803,260
167483,42.299487,-83.009257,261
167483,42.299524,-83.009033,262
167483,42.299574,-83.008766,263
167483,42.299486,-83.008736,264
167483,42.299486,-83.008736,265
167483,42.299486,-83.008736,266
167483,42.2995898641411,-83.0084887369442,267
167483,42.2999231514219,-83.006746642189,268
167483,42.299899,-83.006549,269
167483,42.299899,-83.006549,270
167483,42.299899,-83.006549,271
167483,42.2999986306604,-83.0063208841112,272
167483,42.300327948108,-83.0046485267904,273
167483,42.30033251,-83.00437615,274
167483,42.30033251,-83.00437615,275
167483,42.30033251,-83.00437615,276
167483,42.300430422003,-83.00412548323,277
167483,42.30077461585,-83.002325720981,278
167483,42.30076576,-83.00206576,279
167483,42.30076576,-83.00206576,280
167483,42.30076576,-83.00206576,281
167483,42.3008735088922,-83.0017851656747,282
167483,42.3009191366821,-83.0014418429208,283
167483,42.3013654937522,-82.9991391664816,284
167483,42.30138573,-82.9988857,285
167483,42.30138573,-82.9988857,286
167483,42.30138573,-82.9988857,287
167483,42.3014664366673,-82.998633497026,288
167483,42.3018920559109,-82.9964071420672,289
167483,42.30191649,-82.99604509,290
167483,42.30191649,-82.99604509,291
167483,42.30191649,-82.99604509,292
167483,42.3020060791889,-82.995776248934,293
167483,42.3020525274936,-82.9955092342571,294
167483,42.3020882355329,-82.995128360577,295
167483,42.3024681250518,-82.9932205100139,296
167483,42.302507,-82.992992,297
167483,42.302507,-82.992992,298
167483,42.302507,-82.992992,299
167483,42.3026015705059,-82.9927778162486,300
167483,42.3035130810982,-82.9880397744921,301
167483,42.30354288,-82.98765519,302
167483,42.30354288,-82.98765519,303
167483,42.30354288,-82.98765519,304
167483,42.3036199287941,-82.9874813453766,305
167483,42.3039241803518,-82.9858833141556,306
167483,42.30391714,-82.98565526,307
167483,42.30391714,-82.98565526,308
167483,42.30391714,-82.98565526,309
167483,42.3040068345681,-82.9854678455875,310
167483,42.3044014806851,-82.9833393619366,311
167483,42.30440462,-82.98313516,312
167483,42.30440462,-82.98313516,313
167483,42.30440462,-82.98313516,314
167483,42.3044863733108,-82.9829111623926,315
167483,42.3050599184296,-82.9798388146458,316
167483,42.30507589,-82.97959726,317
167483,42.30507589,-82.97959726,318
167483,42.30507589,-82.97959726,319
167483,42.305164444346,-82.9793017976227,320
167483,42.3055261513446,-82.977432780426,321
167483,42.30555953,-82.97704699,322
167483,42.30555953,-82.97704699,323
167483,42.30555953,-82.97704699,324
167483,42.3056362449929,-82.9768453766518,325
167483,42.3059628744232,-82.9751161423626,326
167483,42.30597953,-82.97487294,327
167483,42.30597953,-82.97487294,328
167483,42.30597953,-82.97487294,329
167483,42.3060572616568,-82.9746550437495,330
167483,42.3063701199083,-82.9730416950271,331
167483,42.306373,-82.972801,332
167483,42.306373,-82.972801,333
167483,42.306373,-82.972801,334
167483,42.3064759823185,-82.9725182791154,335
167483,42.3067487323852,-82.9710819561879,336
167483,42.30676029,-82.97077374,337
167483,42.30676029,-82.97077374,338
167483,42.30676029,-82.97077374,339
167483,42.3068492128233,-82.9705368257256,340
167483,42.307221521621,-82.9686619588855,341
167483,42.3073758850005,-82.9677794773502,342
167483,42.3073933,-82.9674514,343
167483,42.3073933,-82.9674514,344
167483,42.3073933,-82.9674514,345
167483,42.3074671311227,-82.9672390122337,346
167483,42.3077287625899,-82.965811025795,347
167483,42.30773,-82.965616,348
167483,42.30773,-82.965616,349
167483,42.30773,-82.965616,350
167483,42.3078120738049,-82.9653778490391,351
167483,42.3081519683971,-82.9634937399159,352
167483,42.308161,-82.963273,353
167483,42.308161,-82.963273,354
167483,42.308161,-82.963273,355
167483,42.3082396321175,-82.9630535746208,356
167483,42.3087290484339,-82.9604478085629,357
167483,42.30871488,-82.96023813,358
167483,42.30871488,-82.96023813,359
167483,42.30871488,-82.96023813,360
167483,42.308735,-82.960146,361
167483,42.308829,-82.960183,362
167483,42.308851,-82.960064,363
167483,42.308886,-82.959873,364
167483,42.308971,-82.959417,365
167483,42.309006,-82.95923,366
167483,42.309193,-82.958228,367
167483,42.309308,-82.9576,368
167483,42.309238,-82.957577,369
167483,42.309238,-82.957577,370
167483,42.309238,-82.957577,371
167483,42.309308,-82.9576,372
167483,42.30938,-82.957207,373
167483,42.309513,-82.956487,374
167483,42.309638,-82.955807,375
167483,42.309891,-82.954434,376
167483,42.309937,-82.954183,377
167483,42.309986,-82.953916,378
167483,42.309934,-82.953898,379
167483,42.309934,-82.953898,380
167483,42.309934,-82.953898,381
167483,42.309986,-82.953916,382
167483,42.310022,-82.953724,383
167483,42.310129,-82.953141,384
167483,42.310091,-82.952968,385
167483,42.310149,-82.952629,386
167483,42.310248,-82.952037,387
167483,42.310277,-82.95186,388
167483,42.310309,-82.951703,389
167483,42.310347,-82.951507,390
167483,42.310424,-82.951111,391
167483,42.310392,-82.9511,392
167483,42.310392,-82.9511,393
167483,42.310392,-82.9511,394
167483,42.310424,-82.951111,395
167483,42.310553,-82.950445,396
167483,42.31061,-82.950189,397
167483,42.310829,-82.949343,398
167483,42.311003,-82.94835,399
167483,42.311245,-82.946966,400
167483,42.311209,-82.946955,401
167483,42.311209,-82.946955,402
167483,42.311209,-82.946955,403
167483,42.311245,-82.946966,404
167483,42.311286,-82.946729,405
167483,42.311498,-82.94565,406
167483,42.311614,-82.945058,407
167483,42.311677,-82.944735,408
167483,42.311642,-82.944722,409
167483,42.311642,-82.944722,410
167483,42.311642,-82.944722,411
167483,42.311677,-82.944735,412
167483,42.311709,-82.944572,413
167483,42.311718,-82.944526,414
167483,42.311843,-82.943888,415
167483,42.311867,-82.943761,416
167483,42.31197,-82.943231,417
167483,42.311997,-82.943058,418
167483,42.312019,-82.942944,419
167483,42.312094,-82.942549,420
167483,42.312026,-82.942525,421
167483,42.312026,-82.942525,422
167483,42.3121069619552,-82.9424401558923,423
167483,42.3130254997865,-82.9380963865075,424
167483,42.3136463364877,-82.9384099269478,425
167483,42.3149792103304,-82.9390375669351,426
167483,42.3150506134896,-82.9383723758374,427
167483,42.3150426798093,-82.9378359314038,428
167483,42.3156059686294,-82.9379968647339,429
167483,42.3157248072468,-82.9379271269576,430
167483,42.315997,-82.936179,431
167483,42.315997,-82.936179,432
167483,42.316078,-82.936219,433
167483,42.316001,-82.936591,434
167483,42.316078,-82.93662,435
167483,42.316078,-82.93662,436
167483,42.316078,-82.93662,437
167483,42.316001,-82.936591,438
167483,42.315991,-82.93664,439
167483,42.315915,-82.937082,440
167483,42.315726,-82.938075,441
167483,42.31551,-82.938006,442
167483,42.315281,-82.937944,443
167483,42.315052,-82.937874,444
167483,42.315046,-82.938238,445
167483,42.315053,-82.938599,446
167483,42.314991,-82.938988,447
167483,42.314975,-82.939091,448
167483,42.314959,-82.939285,449
167483,42.314798,-82.93922,450
167483,42.31408,-82.938929,451
167483,42.313138,-82.938383,452
167483,42.313052,-82.938334,453
167483,42.312911,-82.938242,454
167483,42.312948,-82.93803,455
167483,42.312988,-82.937818,456
167483,42.313039,-82.937546,457
167483,42.313053,-82.937475,458
167483,42.313071,-82.937378,459
167483,42.313131,-82.937082,460
167483,42.31308,-82.937049,461
167483,42.313069,-82.93708,462
167483,42.313069,-82.93708,463
167483,42.313069,-82.93708,464
167483,42.3131499626677,-82.9369204989676,465
167483,42.313685259633,-82.9341231792985,466
167483,42.31369,-82.933899,467
167483,42.31369,-82.933899,468
167483,42.31369,-82.933899,469
167483,42.3138123871854,-82.9336675725956,470
167483,42.3141356821785,-82.9318383060474,471
167483,42.3141693999656,-82.9311462961216,472
167483,42.314074,-82.930852,473
167483,42.314074,-82.930852,474
167483,42.314074,-82.930852,475
167483,42.3141522589824,-82.9304514277515,476
167483,42.3142216779179,-82.928367351347,477
167483,42.314157,-82.928231,478
167483,42.314157,-82.928231,479
167483,42.314157,-82.928231,480
167483,42.3142506693396,-82.9278411812286,481
167483,42.3143168726304,-82.924688247516,482
167483,42.31423314,-82.92433752,483
167483,42.31423314,-82.92433752,484
167483,42.31423314,-82.92433752,485
167483,42.3142827096586,-82.9239470182988,486
167483,42.314247008536,-82.9224771677586,487
167483,42.31417556,-82.92218859,488
167483,42.31417556,-82.92218859,489
167483,42.31417556,-82.92218859,490
167483,42.3142242549562,-82.9218932628538,491
167483,42.3141151680277,-82.919401490679,492
167483,42.314037,-82.919125,493
167483,42.314037,-82.919125,494
167483,42.314037,-82.919125,495
167483,42.314042,-82.918986,496
167483,42.314136,-82.918992,497
167483,42.314104,-82.918462,498
167483,42.314092,-82.918157,499
167483,42.314082,-82.917886,500
167483,42.314071,-82.917599,501
167483,42.314063,-82.917376,502
167483,42.314046,-82.9169,503
167483,42.314005,-82.916212,504
167483,42.3139252,-82.91622148,505
167483,42.3139252,-82.91622148,506
167483,42.3139252,-82.91622148,507
167483,42.314005,-82.916212,508
167483,42.314046,-82.9169,509
167483,42.313679,-82.916814,510
167483,42.313665,-82.916925,511
167483,42.313665,-82.916925,512
167483,42.313665,-82.916925,513
167483,42.3135662691863,-82.9168170138064,514
167483,42.311770960933,-82.9163817981129,515
167483,42.311607,-82.916426,516
167483,42.311607,-82.916426,517
167483,42.311607,-82.916426,518
167483,42.311621,-82.916324,519
167483,42.31053,-82.916049,520
167483,42.309599,-82.915817,521
167483,42.309299,-82.915742,522
167483,42.309107,-82.915692,523
167483,42.308904,-82.915626,524
167483,42.308879,-82.915766,525
167483,42.308879,-82.915766,526
167483,42.308879,-82.915766,527
167483,42.308904,-82.915626,528
167483,42.308415,-82.915469,529
167483,42.308276,-82.915383,530
167483,42.307546,-82.914654,531
167483,42.307158,-82.914195,532
167483,42.306822,-82.913833,533
167483,42.306771,-82.913919,534
167483,42.306771,-82.913919,535
167483,42.306771,-82.913919,536
167483,42.3066923228818,-82.9137165691335,537
167483,42.306396760673,-82.9134134795148,538
167483,42.3062648482326,-82.9133115555723,539
167483,42.3061014822653,-82.9132034110451,540
167483,42.3058552520197,-82.9130996487211,541
167483,42.3049330472141,-82.9128692993043,542
167483,42.30475919,-82.91291373,543
167483,42.30475919,-82.91291373,544
167482,42.30475919,-82.91291373,1
167482,42.30475919,-82.91291373,2
167482,42.3046073938764,-82.9128002012234,3
167482,42.3044087179924,-82.9127661713609,4
167482,42.304202,-82.912761,5
167482,42.3036396335839,-82.9128974490738,6
167482,42.30350393,-82.9130189,7
167482,42.30350393,-82.9130189,8
167482,42.30350393,-82.9130189,9
167482,42.3033373245054,-82.9130133818737,10
167482,42.3030679349946,-82.9131783877316,11
167482,42.3028661844827,-82.9133687745681,12
167482,42.30269,-82.913609,13
167482,42.3024299269595,-82.913201271164,14
167482,42.3022357805043,-82.9130094871907,15
167482,42.301912,-82.912777,16
167482,42.3005072885457,-82.9118396208668,17
167482,42.3004672799637,-82.9119502791436,18
167482,42.300419,-82.912153,19
167482,42.300419,-82.912153,20
167482,42.300419,-82.912153,21
167482,42.300402,-82.912142,22
167482,42.300168,-82.912792,23
167482,42.299834,-82.913486,24
167482,42.299595,-82.914199,25
167482,42.299363,-82.915079,26
167482,42.299411,-82.915102,27
167482,42.299411,-82.915102,28
167482,42.299411,-82.915102,29
167482,42.299363,-82.915079,30
167482,42.299276,-82.915409,31
167482,42.299127,-82.916138,32
167482,42.298811,-82.917423,33
167482,42.298805,-82.917643,34
167482,42.298824,-82.917773,35
167482,42.298861,-82.917878,36
167482,42.298962,-82.918032,37
167482,42.299072,-82.91813,38
167482,42.299342,-82.918242,39
167482,42.299358,-82.918171,40
167482,42.299358,-82.918171,41
167482,42.299358,-82.918171,42
167482,42.299494824177,-82.9183003085289,43
167482,42.3014689634695,-82.9191210644875,44
167482,42.30160352,-82.91913229,45
167482,42.30160352,-82.91913229,46
167494,42.30572095,-83.06071988,1
167494,42.30572095,-83.06071988,2
167494,42.3058456898715,-83.0605745345669,3
167494,42.3066689038066,-83.0579352408962,4
167494,42.306662,-83.057748,5
167494,42.306662,-83.057748,6
167494,42.306662,-83.057748,7
167494,42.3067609178447,-83.0576079760056,8
167494,42.3073143487867,-83.0558618579369,9
167494,42.30732502,-83.05559891,10
167494,42.30732502,-83.05559891,11
167494,42.30732502,-83.05559891,12
167494,42.307436893472,-83.0554626797276,13
167494,42.3082449849883,-83.0531980577069,14
167494,42.30828581,-83.05293151,15
167494,42.30828581,-83.05293151,16
167494,42.30828581,-83.05293151,17
167494,42.3083848276039,-83.0527876797276,18
167494,42.3093092502386,-83.0502058184548,19
167494,42.309352,-83.049926,20
167494,42.309352,-83.049926,21
167494,42.309352,-83.049926,22
167494,42.309495703838,-83.0496774232788,23
167494,42.3102060628574,-83.0476843521843,24
167494,42.31022804,-83.04741264,25
167494,42.31022804,-83.04741264,26
167494,42.31022804,-83.04741264,27
167494,42.310313173041,-83.0472055778751,28
167494,42.3103735757976,-83.0469996138465,29
167494,42.3106225952923,-83.04638101642,30
167494,42.3107306965207,-83.0461463231312,31
167494,42.3114460818973,-83.0441565067806,32
167494,42.311495,-83.043925,33
167494,42.311495,-83.043925,34
167494,42.311495,-83.043925,35
167494,42.3115822058857,-83.0437645081081,36
167494,42.312155050277,-83.0421413668995,37
167494,42.312195,-83.041933,38
167494,42.312195,-83.041933,39
167494,42.312195,-83.041933,40
167494,42.312273,-83.041983,41
167494,42.312333,-83.041813,42
167494,42.312562,-83.041171,43
167494,42.312726,-83.040711,44
167494,42.312895,-83.040237,45
167494,42.313057,-83.03977,46
167494,42.313222,-83.039319,47
167494,42.313428,-83.038748,48
167494,42.313537,-83.038448,49
167494,42.313461,-83.038397,50
167494,42.313461,-83.038397,51
167494,42.3135648506464,-83.0383392423391,52
167494,42.3139513279234,-83.0372908338905,53
167494,42.3143283766383,-83.036192804575,54
167494,42.314303,-83.036014,55
167494,42.314303,-83.036014,56
167494,42.31439,-83.035867974205,57
167494,42.3150113054767,-83.0341120810204,58
167494,42.315048,-83.033924,59
167494,42.315048,-83.033924,60
167494,42.315048,-83.033924,61
167494,42.315149149692,-83.0337231607132,62
167494,42.3156240155914,-83.0323952969589,63
167494,42.3156557,-83.03219696,64
167494,42.3156557,-83.03219696,65
167494,42.3156557,-83.03219696,66
167494,42.3157727668806,-83.0320305165329,67
167494,42.3165988840142,-83.029722754631,68
167494,42.316623,-83.029509,69
167494,42.316623,-83.029509,70
167494,42.316623,-83.029509,71
167494,42.3167377164111,-83.029360656414,72
167494,42.3170529014681,-83.0284252123032,73
167494,42.31708167,-83.02818852,74
167494,42.31708167,-83.02818852,75
167494,42.31708167,-83.02818852,76
167494,42.3172046243345,-83.0279853300247,77
167494,42.3181460706316,-83.0253692209015,78
167494,42.31820217,-83.02507512,79
167494,42.31820217,-83.02507512,80
167494,42.31820217,-83.02507512,81
167494,42.3183156570079,-83.024929338623,82
167494,42.3187090083722,-83.0238214871025,83
167494,42.3187372917,-83.0235872276,84
167494,42.3187372917,-83.0235872276,85
167494,42.3187372917,-83.0235872276,86
167494,42.3188546650335,-83.023437974205,87
167494,42.31963,-83.0212616036701,88
167494,42.31965823,-83.02098592,89
167494,42.31965823,-83.02098592,90
167494,42.31965823,-83.02098592,91
167494,42.3197846392818,-83.020829927578,92
167494,42.3204482519947,-83.0189969300594,93
167494,42.320487,-83.018746,94
167494,42.320487,-83.018746,95
167494,42.320487,-83.018746,96
167494,42.3206205378969,-83.0185641054878,97
167494,42.3210880597427,-83.017330926424,98
167494,42.321143,-83.01703,99
167494,42.321143,-83.01703,100
167494,42.321143,-83.01703,101
167494,42.3212421598327,-83.0168907901783,102
167494,42.3216333030677,-83.015879046627,103
167494,42.32169,-83.015654,104
167494,42.32169,-83.015654,105
167494,42.32169,-83.015654,106
167494,42.3217985368758,-83.0155009975186,107
167494,42.3229340971715,-83.0124240110798,108
167494,42.322989,-83.012164,109
167494,42.322989,-83.012164,110
167494,42.322989,-83.012164,111
167494,42.3230739071503,-83.0119519422932,112
167494,42.3236668704652,-83.0102591337643,113
167494,42.32369671,-83.01009869,114
167494,42.32369671,-83.01009869,115
167494,42.3237934312114,-83.0096158950136,116
167494,42.3236851520491,-83.0090244650255,117
167494,42.3235661630676,-83.0085939683675,118
167494,42.3234481654386,-83.0080481361563,119
167494,42.32330104,-83.00730333,120
167494,42.3231868600217,-83.0066708121777,121
167494,42.3231214155913,-83.0062631144082,122
167494,42.3231134829285,-83.005828594417,123
167494,42.3232086748166,-83.0050883010986,124
167494,42.32357696,-83.00391674,125
167494,42.32357696,-83.00391674,126
167494,42.3236639577489,-83.0037877496681,127
167494,42.3243947193081,-83.0017674601536,128
167494,42.32440619,-83.00155782,129
167494,42.32440619,-83.00155782,130
167494,42.32440619,-83.00155782,131
167494,42.3244449267239,-83.0014480693809,132
167494,42.324327925199,-83.000298742818,133
167494,42.3243933667567,-82.997875366973,134
167494,42.3243666,-82.99757056,135
167494,42.3243666,-82.99757056,136
167494,42.3243666,-82.99757056,137
167494,42.3244162454082,-82.9973037790985,138
167494,42.324508651742,-82.9941342994404,139
167494,42.32446235,-82.99379275,140
167494,42.32446235,-82.99379275,141
167494,42.32446235,-82.99379275,142
167494,42.324520075694,-82.9935546099358,143
167494,42.324595617983,-82.9913457951412,144
167494,42.32455776,-82.99103391,145
167494,42.32455776,-82.99103391,146
167494,42.32455776,-82.99103391,147
167494,42.324611,-82.991036,148
167494,42.32462,-82.990651,149
167494,42.324672,-82.990303,150
167494,42.324697,-82.989341,151
167494,42.324703,-82.989124,152
167494,42.324664,-82.98899,153
167494,42.324685,-82.988481,154
167494,42.324794,-82.987911,155
167494,42.324898,-82.987373,156
167494,42.3248558,-82.98735787,157
167494,42.3248558,-82.98735787,158
167494,42.3248558,-82.98735787,159
167494,42.324898,-82.987373,160
167494,42.324964,-82.98703,161
167494,42.324983,-82.986964,162
167494,42.325218,-82.985763,163
167494,42.32546,-82.98451,164
167494,42.325491,-82.984331,165
167494,42.32544714,-82.98431663,166
167494,42.32544714,-82.98431663,167
167494,42.32544714,-82.98431663,168
167494,42.325491,-82.984331,169
167494,42.32552,-82.98416,170
167494,42.325827,-82.982524,171
167494,42.325896,-82.9822,172
167494,42.325951,-82.981918,173
167494,42.325903,-82.981901,174
167494,42.325903,-82.981901,175
167494,42.325903,-82.981901,176
167494,42.325951,-82.981918,177
167494,42.325963,-82.981856,178
167494,42.326025,-82.981789,179
167494,42.326119,-82.981305,180
167494,42.326212,-82.980829,181
167494,42.326341,-82.980196,182
167494,42.326395,-82.979913,183
167494,42.326295,-82.979878,184
167494,42.326295,-82.979878,185
167494,42.326295,-82.979878,186
167494,42.3263831795957,-82.9797064872761,187
167494,42.3267241586561,-82.9778441867115,188
167494,42.326743,-82.977526,189
167494,42.326743,-82.977526,190
167494,42.326743,-82.977526,191
167494,42.3268191170903,-82.9773553659959,192
167494,42.3272489273307,-82.9751270491085,193
167494,42.327253,-82.974927,194
167494,42.327273,-82.974858,195
167494,42.327273,-82.974858,196
167494,42.327323,-82.974875,197
167494,42.327429,-82.97432,198
167494,42.327494,-82.97398,199
167494,42.327682,-82.973027,200
167494,42.32775,-82.972681,201
167494,42.327822,-82.972282,202
167494,42.327773,-82.972266,203
167494,42.327773,-82.972266,204
167494,42.327773,-82.972266,205
167494,42.327822,-82.972282,206
167494,42.327937,-82.971653,207
167494,42.327967,-82.971486,208
167494,42.328037,-82.971351,209
167494,42.328216,-82.970251,210
167494,42.32829,-82.969863,211
167494,42.32823601,-82.96984379,212
167494,42.32823601,-82.96984379,213
167494,42.32823601,-82.96984379,214
167494,42.3283685016265,-82.969536342432,215
167494,42.3286223188641,-82.9682113311787,216
167494,42.328607,-82.967939,217
167494,42.328607,-82.967939,218
167494,42.328607,-82.967939,219
167494,42.3288016655685,-82.9672623989378,220
167494,42.3292956474098,-82.9646516667475,221
167494,42.32934649,-82.96410453,222
167494,42.32934649,-82.96410453,223
167494,42.32934649,-82.96410453,224
167494,42.3294295782143,-82.9638402387843,225
167494,42.3298262224368,-82.9617545939178,226
167494,42.32984973,-82.9615026,227
167494,42.32984973,-82.9615026,228
167494,42.32984973,-82.9615026,229
167494,42.3299174229323,-82.9612825232717,230
167494,42.3304750270267,-82.9583754687519,231
167494,42.33049664,-82.95810397,232
167494,42.33049664,-82.95810397,233
167494,42.33049664,-82.95810397,234
167494,42.3305751626275,-82.9578564613075,235
167494,42.3311481997052,-82.954864098217,236
167494,42.33118,-82.954549,237
167494,42.33118,-82.954549,238
167494,42.33118,-82.954549,239
167494,42.3313032704012,-82.9543808344974,240
167494,42.3318743311011,-82.9526642207279,241
167494,42.331867,-82.952429,242
167494,42.331867,-82.952429,243
167494,42.331867,-82.952429,244
167494,42.3320635936563,-82.9518082078351,245
167494,42.3324522280538,-82.9495551522626,246
167494,42.33243731,-82.94907213,247
167494,42.33243731,-82.94907213,248
167494,42.33243731,-82.94907213,249
167494,42.3325046958097,-82.9488934699059,250
167494,42.3329394272282,-82.9462862969589,251
167494,42.332949,-82.946097,252
167494,42.332949,-82.946097,253
167494,42.3331058225785,-82.9452937099511,254
167494,42.3332723818286,-82.9443442033036,255
167494,42.3333754897148,-82.943743385538,256
167494,42.33416,-82.944217,257
167494,42.33416,-82.944217,258
167494,42.33412,-82.944281,259
167494,42.3348,-82.9447,260
167494,42.33563,-82.94522,261
167494,42.335899,-82.945386,262
167494,42.335933,-82.945332,263
167494,42.335895,-82.94531,264
167494,42.335933,-82.945332,265
167494,42.3360377811675,-82.9454322564487,266
167494,42.3380406334537,-82.9466822159386,267
167494,42.338143,-82.946713,268
167494,42.338143,-82.946713,269
167494,42.338143,-82.946713,270
167494,42.3383266194185,-82.946864130619,271
167494,42.3394963645035,-82.9475990558891,272
167494,42.339667,-82.947664,273
167494,42.339667,-82.947664,274
167494,42.3402169617304,-82.9480665709687,275
167494,42.3404945288466,-82.9477661620859,276
167494,42.3411289633682,-82.9470473265448,277
167494,42.3414699692785,-82.9463606776698,278
167494,42.3414620389295,-82.9451590421385,279
167494,42.34138772,-82.943502,280
167494,42.34138772,-82.943502,281
167494,42.3414157817768,-82.9432610588325,282
167494,42.3414082007934,-82.9425776122685,283
167494,42.3414524587529,-82.9420902745975,284
167494,42.3415201659057,-82.9418071312828,285
167494,42.3416874608213,-82.941305239084,286
167494,42.3423322448531,-82.9396265423279,287
167494,42.3424156158722,-82.9392984727696,288
167494,42.3424,-82.939033,289
167494,42.3424,-82.939033,290
167494,42.3424,-82.939033,291
167494,42.3424442449025,-82.9388324932194,292
167494,42.3424302897398,-82.9385380049629,293
167494,42.342390389476,-82.938215798111,294
167494,42.3422869300499,-82.9375231190491,295
167494,42.342224,-82.937351,296
167494,42.342224,-82.937351,297
167494,42.342224,-82.937351,298
167494,42.3422165508218,-82.9371784551907,299
167494,42.342134387787,-82.9369349161076,300
167494,42.3418951223285,-82.9364212331352,301
167494,42.3416681337659,-82.9360132271214,302
167494,42.3414397380931,-82.9356923116741,303
167494,42.34134032,-82.93564666,304
167494,42.34134032,-82.93564666,305
167494,42.34134032,-82.93564666,306
167494,42.34083,-82.93488,307
167494,42.3401368915029,-82.9334218237096,308
167494,42.339935,-82.933202,309
167494,42.339935,-82.933202,310
167494,42.3398255626703,-82.9327423054999,311
167494,42.339496443739,-82.9321897677333,312
167494,42.3392149069006,-82.9317606121864,313
167494,42.3391237045559,-82.9315567633016,314
167494,42.33836,-82.931344,315
167494,42.33836,-82.931344,316
167494,42.3382143542102,-82.9312647668648,317
167494,42.3358194901573,-82.9306872098217,318
167494,42.33567919,-82.93069188,319
167494,42.33567919,-82.93069188,320
167494,42.33567919,-82.93069188,321
167494,42.3355657019621,-82.9306228368053,322
167494,42.3338399926599,-82.9302063497028,323
167494,42.333702,-82.930236,324
167494,42.333702,-82.930236,325
167494,42.333702,-82.930236,326
167494,42.3335524750553,-82.9301550552254,327
167494,42.3314573227738,-82.9296536441803,328
167494,42.33126454,-82.92964091,329
167494,42.33126454,-82.92964091,330
167494,42.33126454,-82.92964091,331
167494,42.3311632788835,-82.9295686547409,332
167494,42.3293286840474,-82.9291248687172,333
167494,42.329195,-82.92914,334
167494,42.329195,-82.92914,335
167494,42.329195,-82.92914,336
167494,42.3290625917686,-82.9290651415127,337
167494,42.3273678981635,-82.9286719878968,338
167494,42.3271775315351,-82.9286585768517,339
167494,42.3266585948608,-82.9286493877315,340
167494,42.326528,-82.928709,341
167494,42.326528,-82.928709,342
167494,42.326528,-82.928709,343
167494,42.3264169683784,-82.9286397055225,344
167494,42.325368703656,-82.9286238220901,345
167494,42.32524,-82.928695,346
167494,42.32524,-82.928695,347
167494,42.3250263857623,-82.9286941388852,348
167494,42.3247983288965,-82.9287290077734,349
167494,42.3245048284093,-82.9289543144355,350
167494,42.3242470227977,-82.9293378722055,351
167494,42.3241478665119,-82.9298769988613,352
167494,42.32416089,-82.93061115,353
167494,42.3241312815028,-82.9313450766591,354
167494,42.3241273152658,-82.9321953410864,355
167494,42.3241630113894,-82.9328632144062,356
167494,42.3243950356987,-82.9332843232866,357
167494,42.324951,-82.933616,358
167494,42.324951,-82.933616,359
167494,42.3250669241339,-82.9337480171966,360
167494,42.3264403799778,-82.9345903497028,361
167494,42.3267929935526,-82.9346189807496,362
167494,42.326897,-82.934571,363
167494,42.32689741,-82.9345661,364
167494,42.32689741,-82.9345661,365
167494,42.3272544825224,-82.9346129250121,366
167494,42.3272445673451,-82.9362571272011,367
167494,42.32729086,-82.93814404,368
167494,42.32729086,-82.93814404,369
167494,42.327246967858,-82.9383822481541,370
167494,42.3272340133472,-82.9401044515553,371
167494,42.3266945254963,-82.9397847397476,372
167494,42.32655211,-82.93977356,373
167494,42.32655211,-82.93977356,374
167494,42.32655211,-82.93977356,375
167494,42.3264206155152,-82.9396015328133,376
167494,42.3251429745793,-82.9388055595245,377
167494,42.32501,-82.938767,378
167494,42.32501,-82.938767,379
167494,42.32501,-82.938767,380
167494,42.3249163215109,-82.938660635582,381
167494,42.3241991860503,-82.9382201859246,382
167494,42.32406898,-82.938198,383
167494,42.32406898,-82.938198,384
167494,42.324019737808,-82.9381214121767,385
167494,42.3235675895574,-82.9379658432909,386
167494,42.323246324352,-82.9379068344032,387
167494,42.3230995730334,-82.9378639188485,388
167494,42.322833833288,-82.9378907410702,389
167494,42.3224372047145,-82.9379604788466,390
167494,42.321806,-82.938104,391
167494,42.321806,-82.938104,392
167494,42.3216494006064,-82.9380789399147,393
167494,42.3180899631794,-82.938998953373,394
167494,42.31798439,-82.93906951,395
167494,42.31798439,-82.93906951,396
167494,42.3178892113982,-82.939038276686,397
167494,42.3171296100081,-82.9392313956123,398
167494,42.3161293550068,-82.9394173622131,399
167494,42.3149479361123,-82.9392233489853,400
167494,42.3149759870518,-82.9389775526659,401
167494,42.3150451214626,-82.9385527968441,402
167494,42.3150556994309,-82.9378616809845,403
167494,42.3155607958689,-82.9380118846893,404
167494,42.3157614173881,-82.9379797660194,405
167494,42.3159534988453,-82.937090098967,406
167494,42.3164830491208,-82.9372903704643,407
167494,42.3166853479963,-82.9362648725544,408
167494,42.3162192662071,-82.9361253976856,409
167494,42.3161399327928,-82.9362434148823,410
167494,42.316005065759,-82.9368764162098,411
167494,42.316026,-82.936944,412
167490,42.316026,-82.936944,1
167490,42.315954821114,-82.9370186514461,2
167490,42.315884267227,-82.9374500810213,3
167490,42.31572871973,-82.9380816191536,4
167490,42.3151099113807,-82.9379457302457,5
167490,42.3151070963672,-82.9381753773936,6
167490,42.315101978146,-82.9384678602219,7
167490,42.3150753624526,-82.9387975637511,8
167490,42.3150591782251,-82.9390701432108,9
167490,42.3156902041981,-82.9392159304398,10
167490,42.3163840754958,-82.9391988898749,11
167490,42.3168035153361,-82.9391551422266,12
167490,42.317597879051,-82.9389521254354,13
167490,42.3192321135225,-82.9385336987772,14
167490,42.3200732567797,-82.9382862267963,15
167490,42.32017151,-82.93820326,16
167490,42.32017151,-82.93820326,17
167490,42.3203588740542,-82.9382291988605,18
167490,42.3213636577277,-82.937961161086,19
167490,42.3224883204857,-82.9376728945945,20
167490,42.3227694760837,-82.9376416660597,21
167490,42.322963699499,-82.9376376333421,22
167490,42.3234287397808,-82.9376885953134,23
167490,42.3238219830945,-82.937805317791,24
167490,42.3240306098398,-82.937885737676,25
167490,42.3243379877147,-82.9380909266656,26
167490,42.32447667,-82.93813309,27
167490,42.32447667,-82.93813309,28
167490,42.32447667,-82.93813309,29
167490,42.324590213594,-82.9382529596805,30
167490,42.3255550110423,-82.9388627087866,31
167490,42.325721,-82.93892,32
167490,42.325721,-82.93892,33
167490,42.325721,-82.93892,34
167490,42.3258651916753,-82.9390516901436,35
167490,42.3268501550467,-82.939664863609,36
167490,42.326987,-82.939693,37
167490,42.326987,-82.939693,38
167490,42.326987,-82.939693,39
167490,42.327077558298,-82.9398008815945,40
167490,42.3271459714801,-82.9397646717728,41
167490,42.3271895972386,-82.9396627478302,42
167490,42.3272024866614,-82.9378951720894,43
167490,42.327159,-82.937591,44
167490,42.327159,-82.937591,45
167490,42.327159,-82.937591,46
167490,42.3271942708287,-82.9373385837229,47
167490,42.3271803899099,-82.9364113567625,48
167490,42.3271868298873,-82.934744635582,49
167490,42.3270742999291,-82.934738182083,50
167490,42.326924,-82.934772,51
167490,42.326924,-82.934772,52
167490,42.326924,-82.934772,53
167490,42.32627,-82.93464,54
167490,42.3250888763981,-82.9338743508568,55
167490,42.324932,-82.933836,56
167490,42.324932,-82.933836,57
167490,42.3243871190177,-82.9334416921513,58
167490,42.3241015482701,-82.9330125366044,59
167490,42.3240261891067,-82.9326906699443,60
167490,42.3239825600761,-82.9321649543993,61
167490,42.324002,-82.930596,62
167490,42.3239981245416,-82.9297754393475,63
167490,42.3240496858562,-82.9294911237977,64
167490,42.3242043695464,-82.9290405104734,65
167490,42.3243788840223,-82.928761559368,66
167490,42.3246763507632,-82.9285738038162,67
167490,42.3250531399492,-82.9284343282634,68
167490,42.32568611,-82.92849387,69
167490,42.32568611,-82.92849387,70
167490,42.3257827727892,-82.9285320744464,71
167490,42.3269080548957,-82.9285647598647,72
167490,42.327023,-82.928524,73
167490,42.32702385,-82.92852264,74
167490,42.32702385,-82.92852264,75
167490,42.32702385,-82.92852264,76
167490,42.327023,-82.928524,77
167490,42.3271275943223,-82.9285682521805,78
167490,42.3272237692777,-82.9285682521805,79
167490,42.3273904341624,-82.9286176873392,80
167490,42.3294576764152,-82.9291097307008,81
167490,42.329565,-82.929093,82
167490,42.329565,-82.929093,83
167490,42.329565,-82.929093,84
167490,42.3296616371536,-82.9291606438932,85
167490,42.3314305014025,-82.9295812221098,86
167490,42.33155382,-82.92957352,87
167490,42.33155382,-82.92957352,88
167490,42.33155382,-82.92957352,89
167490,42.3316800100418,-82.9296426009776,90
167490,42.3332885436667,-82.9300158747457,91
167490,42.333385,-82.930004,92
167490,42.333385,-82.930004,93
167490,42.333385,-82.930004,94
167490,42.3335227827443,-82.9300848438436,95
167490,42.3358391097492,-82.9306463084651,96
167490,42.335959,-82.930618,97
167490,42.335959,-82.930618,98
167490,42.335959,-82.930618,99
167490,42.33595,-82.930688,100
167490,42.336011,-82.930703,101
167490,42.337358,-82.931023,102
167490,42.338589,-82.931336,103
167490,42.338921,-82.931396,104
167490,42.339151,-82.931456,105
167490,42.339482,-82.932091,106
167490,42.339514,-82.932061,107
167490,42.339514,-82.932061,108
167490,42.339514,-82.932061,109
167490,42.339482,-82.932091,110
167490,42.339851,-82.932799,111
167490,42.339902,-82.932921,112
167490,42.340404,-82.934017,113
167490,42.340719,-82.934686,114
167490,42.340814,-82.934874,115
167490,42.340891,-82.93499,116
167490,42.340993,-82.935133,117
167490,42.341095,-82.935259,118
167490,42.341168,-82.935347,119
167490,42.341206,-82.935289,120
167490,42.341206,-82.935289,121
167490,42.341206,-82.935289,122
167490,42.3413202051617,-82.9354710903019,123
167490,42.3415253980109,-82.9357178535313,124
167490,42.341748,-82.936069,125
167490,42.3419235600825,-82.9364061560237,126
167490,42.3420980349635,-82.9367678834324,127
167490,42.3421835966409,-82.9369717862457,128
167490,42.3422459650274,-82.937158,129
167490,42.3423104775124,-82.9374492194504,130
167490,42.3423719353424,-82.9378126587719,131
167490,42.34243354,-82.9380323,132
167490,42.34243354,-82.9380323,133
167490,42.34243354,-82.9380323,134
167490,42.3424344370571,-82.9382319804096,135
167490,42.3424820172241,-82.9386383350753,136
167490,42.3424809212787,-82.9389900380287,137
167490,42.3424582271451,-82.9392512198352,138
167490,42.342415603231,-82.939480548706,139
167490,42.342363,-82.939758,140
167490,42.342363,-82.939758,141
167490,42.3423066826055,-82.93976426114,142
167490,42.3421103534458,-82.9403373599052,143
167490,42.3417852196048,-82.9412564634186,144
167490,42.3415909214237,-82.941798269967,145
167490,42.3414820380768,-82.9421013593708,146
167490,42.3414785810859,-82.9423364996365,147
167490,42.3414640390397,-82.9428943991116,148
167490,42.3414582629799,-82.9431420564686,149
167490,42.34148507,-82.94320541,150
167490,42.34148507,-82.94320541,151
167490,42.341442,-82.943206,152
167490,42.341449,-82.943758,153
167490,42.341467,-82.945257,154
167490,42.341481,-82.945636,155
167490,42.341492,-82.945999,156
167490,42.34148,-82.946294,157
167490,42.341425,-82.946562,158
167490,42.341286,-82.946808,159
167490,42.341124,-82.947056,160
167490,42.340865,-82.947372,161
167490,42.340556,-82.947776,162
167490,42.340532,-82.947804,163
167490,42.340256,-82.948118,164
167490,42.339963,-82.947935,165
167490,42.339759,-82.947807,166
167490,42.339725,-82.947907,167
167490,42.339725,-82.947907,168
167490,42.339725,-82.947907,169
167490,42.339759,-82.947807,170
167490,42.339676,-82.947755,171
167490,42.339407,-82.947586,172
167490,42.339106,-82.947398,173
167490,42.338685,-82.947134,174
167490,42.338157,-82.946804,175
167490,42.338129,-82.946878,176
167490,42.33818257,-82.94691626,177
167490,42.33818257,-82.94691626,178
167490,42.33818257,-82.94691626,179
167490,42.3380394455504,-82.9467783765897,180
167490,42.3356680480431,-82.9452957075537,181
167490,42.33546542,-82.94523513,182
167490,42.33546542,-82.94523513,183
167490,42.33546542,-82.94523513,184
167490,42.3353728805019,-82.9451044976118,185
167490,42.3340821097948,-82.9443038582209,186
167490,42.333924,-82.944273,187
167490,42.333924,-82.944273,188
167490,42.333924,-82.944273,189
167490,42.33342,-82.94386,190
167490,42.33335,-82.94453,191
167490,42.3330558777075,-82.9464776529522,192
167490,42.33305,-82.946684,193
167490,42.33305,-82.946684,194
167490,42.33305,-82.946684,195
167490,42.3330115471581,-82.9467868598511,196
167490,42.332563431677,-82.9492920430711,197
167490,42.33256309,-82.94954406,198
167490,42.33256309,-82.94954406,199
167490,42.33256309,-82.94954406,200
167490,42.3325011538526,-82.949754355039,201
167490,42.3320696948701,-82.9521996092391,202
167490,42.33207244,-82.9524565,203
167490,42.33207244,-82.9524565,204
167490,42.33207244,-82.9524565,205
167490,42.3319643385035,-82.952617681868,206
167490,42.3316569978915,-82.953518904097,207
167490,42.3314180643136,-82.9542565115761,208
167490,42.3313476729204,-82.9545837410759,209
167490,42.331329,-82.954812,210
167490,42.331329,-82.954812,211
167490,42.331329,-82.954812,212
167490,42.331232,-82.954793,213
167490,42.33097,-82.95615,214
167490,42.331053,-82.956203,215
167490,42.331053,-82.956203,216
167490,42.331053,-82.956203,217
167490,42.33097,-82.95615,218
167490,42.330675,-82.95769,219
167490,42.330767,-82.957708,220
167490,42.330767,-82.957708,221
167490,42.330767,-82.957708,222
167490,42.3307033827853,-82.9579221160375,223
167490,42.3303345664769,-82.9598452599011,224
167490,42.33029776,-82.96013716,225
167490,42.33029776,-82.96013716,226
167490,42.33029776,-82.96013716,227
167490,42.3302445777125,-82.9603052662005,228
167490,42.3298807159727,-82.9621948824515,229
167490,42.329863,-82.962406,230
167490,42.329863,-82.962406,231
167490,42.329863,-82.962406,232
167490,42.3298048603609,-82.9626189771767,233
167490,42.3295173383496,-82.9641022387619,234
167490,42.329482,-82.964393,235
167490,42.329482,-82.964393,236
167490,42.329482,-82.964393,237
167490,42.3294177786883,-82.964552341665,238
167490,42.3288665250429,-82.9673539089811,239
167490,42.32884587,-82.96763,240
167490,42.32884587,-82.96763,241
167490,42.32884587,-82.96763,242
167490,42.3287813957466,-82.96779488998,243
167490,42.3284542101002,-82.9694980927045,244
167490,42.32844721,-82.96975686,245
167490,42.32844721,-82.96975686,246
167490,42.32844721,-82.96975686,247
167490,42.3283710081667,-82.9699237802124,248
167490,42.328120265197,-82.9712048209269,249
167490,42.3280627593599,-82.9716004467566,250
167490,42.3279363592489,-82.9722558917412,251
167490,42.32791603,-82.97252869,252
167490,42.32791603,-82.97252869,253
167490,42.32791603,-82.97252869,254
167490,42.3278522047521,-82.9726974472855,255
167490,42.3273862056765,-82.9751141176079,256
167490,42.32735938,-82.97537407,257
167490,42.32735938,-82.97537407,258
167490,42.32735938,-82.97537407,259
167490,42.3273031986741,-82.9755592084371,260
167490,42.3268623296906,-82.9778196634097,261
167490,42.326839,-82.978043,262
167490,42.326839,-82.978043,263
167490,42.326839,-82.978043,264
167490,42.3267741179076,-82.9782423691479,265
167490,42.3263606607509,-82.9803479032246,266
167490,42.326339,-82.980641,267
167490,42.326339,-82.980641,268
167490,42.326339,-82.980641,269
167490,42.3262591849987,-82.9808675012416,270
167490,42.3256976953142,-82.9837935804178,271
167490,42.3256583277781,-82.9840284845657,272
167490,42.325618,-82.984376,273
167490,42.32561763,-82.98437585,274
167490,42.325618,-82.984376,275
167490,42.3255533736935,-82.9845783306647,276
167490,42.3252717813962,-82.9860267235327,277
167490,42.3252567,-82.98629166,278
167490,42.3252567,-82.98629167,279
167490,42.3252567,-82.98629166,280
167490,42.3251786996568,-82.9865407242172,281
167490,42.3248614105816,-82.9881929649704,282
167490,42.3248462843656,-82.9882975661252,283
167490,42.324845,-82.988477,284
167490,42.324845,-82.988477,285
167490,42.324845,-82.988477,286
167490,42.324797585447,-82.9886252695216,287
167490,42.3247866785955,-82.9888063186301,288
167490,42.3247420596379,-82.9903351777686,289
167490,42.324772,-82.99061,290
167490,42.324772,-82.99061,291
167490,42.324772,-82.99061,292
167490,42.324721190827,-82.9909039802966,293
167490,42.3245977099513,-82.994755632436,294
167490,42.324623,-82.99503,295
167490,42.324623,-82.99503,296
167490,42.324623,-82.99503,297
167490,42.3245931305184,-82.9952115711748,298
167490,42.3245147991976,-82.9969845113336,299
167490,42.32454484,-82.99724436,300
167490,42.32454484,-82.99724436,301
167490,42.3244887318915,-82.9984893883285,302
167490,42.3244470863055,-82.9998251349682,303
167490,42.3244272550644,-83.0003884016235,304
167490,42.324572,-83.001545,305
167490,42.324572,-83.001545,306
167490,42.3245198600427,-83.0016832913656,307
167490,42.3245004420577,-83.0017608577552,308
167490,42.3236579159321,-83.0041388094029,309
167490,42.32361777,-83.00433394,310
167490,42.32361777,-83.00433394,311
167490,42.3233989256864,-83.0049658392791,312
167490,42.3233391887509,-83.0054169605643,313
167490,42.323315633044,-83.0059046170379,314
167490,42.3233332392745,-83.0063584205453,315
167490,42.3234346224994,-83.0069319081282,316
167490,42.323962,-83.009361,317
167490,42.323962,-83.009361,318
167490,42.3239314131735,-83.0095223836942,319
167490,42.3239046414388,-83.0097865812822,320
167490,42.323885234304,-83.0099145758221,321
167490,42.3238534304813,-83.0100433218548,322
167490,42.323356314145,-83.011458938603,323
167490,42.32329677,-83.01170465,324
167490,42.32329677,-83.01170465,325
167490,42.32329677,-83.01170465,326
167490,42.3232188514769,-83.0118411581406,327
167490,42.3225148422475,-83.0137723486313,328
167490,42.322436,-83.014009,329
167490,42.322436,-83.014009,330
167490,42.322436,-83.014009,331
167490,42.322353685266,-83.0141639104185,332
167490,42.3212530325147,-83.0170365562734,333
167490,42.32119,-83.017336,334
167490,42.32119,-83.017336,335
167490,42.32119,-83.017336,336
167490,42.3210767976798,-83.0174558215476,337
167490,42.3204688649922,-83.0190626516474,338
167490,42.32043694,-83.01933249,339
167490,42.32043694,-83.01933249,340
167490,42.32043694,-83.01933249,341
167490,42.320330529224,-83.0194309916341,342
167490,42.3191826072472,-83.0226279975724,343
167490,42.31914553,-83.02290103,344
167490,42.31914553,-83.02290103,345
167490,42.31914553,-83.02290103,346
167490,42.3190305509109,-83.0230684890314,347
167490,42.3181450255622,-83.0255280746981,348
167490,42.318106,-83.025776,349
167490,42.318106,-83.025776,350
167490,42.318106,-83.025776,351
167490,42.3180116491892,-83.0259193239102,352
167490,42.3175515270997,-83.0271665511022,353
167490,42.31751466,-83.02742521,354
167490,42.31751466,-83.02742521,355
167490,42.31751466,-83.02742521,356
167490,42.3174004161521,-83.0275807024153,357
167490,42.3165694092717,-83.0299410463484,358
167490,42.3165239,-83.03022409,359
167490,42.3165239,-83.03022409,360
167490,42.3165239,-83.03022409,361
167490,42.316416334078,-83.0303563639638,362
167490,42.3163157110533,-83.0306321233318,363
167490,42.3161401860091,-83.0312383025692,364
167490,42.3156132603945,-83.0327190541167,365
167490,42.315563,-83.032945,366
167490,42.315563,-83.032945,367
167490,42.315563,-83.032945,368
167490,42.3154868173,-83.0330800402033,369
167490,42.3151456789386,-83.0339557814467,370
167490,42.3148680068142,-83.0348248171675,371
167490,42.3147142949328,-83.0352378773558,372
167490,42.314688,-83.035473,373
167490,42.314688,-83.035473,374
167490,42.314688,-83.035473,375
167490,42.3145876006485,-83.0356272379891,376
167490,42.3140550593808,-83.0371225695149,377
167490,42.31399317,-83.03736897,378
167490,42.31399317,-83.03736897,379
167490,42.31399317,-83.03736897,380
167490,42.3139192872995,-83.0374891548017,381
167490,42.3133346754916,-83.0391266224505,382
167490,42.313292,-83.039334,383
167490,42.313292,-83.039334,384
167490,42.313292,-83.039334,385
167490,42.3132068019365,-83.0394803277881,386
167490,42.3121476419148,-83.0424629442126,387
167490,42.312108,-83.042663,388
167490,42.312108,-83.042663,389
167490,42.312108,-83.042663,390
167490,42.31197,-83.04284,391
167490,42.31176,-83.04344,392
167490,42.311654,-83.043952,393
167490,42.311654,-83.043952,394
167490,42.311654,-83.043952,395
167490,42.311647,-83.043972,396
167490,42.311575,-83.043924,397
167490,42.311375,-83.044481,398
167490,42.311164,-83.045094,399
167490,42.311149,-83.045138,400
167490,42.311031,-83.045467,401
167490,42.310794,-83.046132,402
167490,42.310805,-83.046214,403
167490,42.310743,-83.046371,404
167490,42.310661,-83.046562,405
167490,42.310644,-83.046614,406
167490,42.310695,-83.046644,407
167490,42.310695,-83.046644,408
167490,42.310695,-83.046644,409
167490,42.310644,-83.046614,410
167490,42.310539,-83.046938,411
167490,42.310423,-83.047281,412
167490,42.310364,-83.047318,413
167490,42.310309,-83.04748,414
167490,42.310062,-83.048201,415
167490,42.309701,-83.049203,416
167490,42.309477,-83.04983,417
167490,42.309341,-83.050216,418
167490,42.30940847,-83.05025938,419
167490,42.30940847,-83.05025938,420
167490,42.30940847,-83.05025938,421
167490,42.3093132360547,-83.0504275042474,422
167490,42.3084593112379,-83.0527999181211,423
167490,42.308407,-83.053041,424
167490,42.308407,-83.053041,425
167490,42.308407,-83.053041,426
167490,42.3083118250634,-83.0531908490725,427
167490,42.3072337383095,-83.0562324740954,428
167490,42.307199,-83.05647,429
167490,42.307199,-83.05647,430
167490,42.307199,-83.05647,431
167490,42.3071080653329,-83.0565971705657,432
167490,42.3066260435289,-83.0581166419726,433
167490,42.306604,-83.058315,434
167490,42.306604,-83.058315,435
167490,42.306604,-83.058315,436
167490,42.3065301507297,-83.0584383554222,437
167490,42.3057079268129,-83.0610789901974,438
167490,42.30569058,-83.06128803,439
167490,42.30569058,-83.06128803,440
167490,42.30569058,-83.06128803,441
167490,42.305629,-83.061252,442
167490,42.305505,-83.061638,443
167490,42.30534,-83.062171,444
167490,42.305302,-83.062287,445
167490,42.305086,-83.062994,446
167490,42.305065,-83.063066,447
167490,42.304942,-83.063453,448
167490,42.304836,-83.063796,449
167490,42.304736,-83.064098,450
167490,42.304617,-83.064468,451
167490,42.304593,-83.064543,452
167490,42.304567,-83.064623,453
167490,42.304441,-83.065021,454
167490,42.30451139,-83.0650622,455
167490,42.30451139,-83.0650622,456
167490,42.30451139,-83.0650622,457
167490,42.304441,-83.065021,458
167490,42.304221,-83.065714,459
167490,42.304194,-83.065804,460
167490,42.304052,-83.066275,461
167490,42.303933,-83.066667,462
167490,42.303804,-83.067072,463
167490,42.303756,-83.06723,464
167490,42.303721,-83.067341,465
167490,42.3038001,-83.06738736,466
167490,42.3038001,-83.06738736,467
167490,42.3038001,-83.06738736,468
167490,42.303721,-83.067341,469
167490,42.30365,-83.067562,470
167490,42.303509,-83.067992,471
167490,42.303455,-83.068121,472
167490,42.303383,-83.06825,473
167490,42.303179,-83.0686,474
167490,42.303111,-83.068734,475
167490,42.303045,-83.068869,476
167490,42.302891,-83.06919,477
167490,42.302592,-83.069848,478
167490,42.302522,-83.069982,479
167490,42.302477,-83.070058,480
167490,42.302414,-83.070121,481
167490,42.302161,-83.070273,482
167490,42.30218547,-83.0703456,483
167490,42.30218547,-83.0703456,484
167490,42.302185,-83.070346,485
167490,42.3020843174834,-83.0703601926894,486
167490,42.3007819527587,-83.0711152345271,487
167490,42.30073149,-83.07119135,488
167490,42.3006746185817,-83.0711862444878,489
167490,42.3005635243433,-83.0712532997131,490
167490,42.3011983459227,-83.0731460454263,491
167490,42.3015640267182,-83.0742090940476,492
167490,42.30163719,-83.07428407,493
167490,42.3016489861688,-83.0744098927127,494
167490,42.3020507218671,-83.0756651726874,495
167490,42.299578,-83.077229,496
167490,42.299578,-83.077229,497
167490,42.2994246465601,-83.0772699729628,498
167490,42.2975480958147,-83.0784303048782,499
167490,42.2974047,-83.07855843,500
167490,42.2974047,-83.07855843,501
167490,42.2974047,-83.07855843,502
167490,42.2972422673816,-83.0786129330792,503
167490,42.2951141790905,-83.0799214550457,504
167490,42.29496706,-83.08005297,505
167490,42.29496706,-83.08005297,506
167490,42.29496706,-83.08005297,507
167490,42.294846054237,-83.0800819771239,508
167490,42.2930246295557,-83.0811999140136,509
167490,42.29288744,-83.08132835,510
167490,42.29288744,-83.08132835,511
167490,42.29288744,-83.08132835,512
167490,42.2927277977114,-83.081377359198,513
167490,42.2915391509413,-83.0821133263893,514
167490,42.2910606372632,-83.0803854504887,515
167490,42.290957,-83.080181,516
167490,42.290957,-83.080181,517
167490,42.290957,-83.080181,518
167490,42.2909298996432,-83.0799025590343,519
167490,42.2904418015437,-83.0780746335907,520
167490,42.29033153,-83.07790319,521
167490,42.29033153,-83.07790319,522
167490,42.29033153,-83.07790319,523
167490,42.290422,-83.077878,524
167490,42.289832,-83.075624,525
167490,42.289758,-83.075643,526
167490,42.289758,-83.075643,527
167490,42.289758,-83.075643,528
167490,42.289832,-83.075624,529
167490,42.289125,-83.072784,530
167490,42.289043,-83.072806,531
167490,42.289043,-83.072806,532
167490,42.289043,-83.072806,533
167490,42.2890849012783,-83.0727479241272,534
167490,42.2886771433612,-83.0711095606005,535
167490,42.2883378391409,-83.0697257189331,536
167490,42.288269,-83.069712,537
167490,42.288269,-83.069712,538
167490,42.288269,-83.069712,539
167490,42.2883012209099,-83.0696321463792,540
167490,42.2877194184672,-83.0673036801402,541
167490,42.287674,-83.06729,542
167490,42.287674,-83.06729,543
167490,42.2875524766977,-83.0666374343837,544
167490,42.2872230854533,-83.0653231455214,545
167490,42.2869968760109,-83.0643950966512,546
167490,42.2868738494819,-83.0641107811014,547
167490,42.2867865401865,-83.0642770788758,548
167490,42.2865365174439,-83.0644058255399,549
167490,42.2863976154915,-83.0644809277606,550
167490,42.286305,-83.064542,551
167498,42.286305,-83.064542,1
167498,42.2865093396039,-83.0646059877587,2
167498,42.2867831750614,-83.0645523433153,3
167498,42.2869062021982,-83.064627445536,4
167498,42.287025260489,-83.0646220810917,5
167498,42.2870927267538,-83.064659632202,6
167498,42.2872355962527,-83.0650405077499,7
167498,42.287826,-83.067347,8
167498,42.287826,-83.067347,9
167498,42.287767,-83.067361,10
167498,42.288431,-83.069982,11
167498,42.288482,-83.06997,12
167498,42.288482,-83.06997,13
167498,42.288482,-83.06997,14
167498,42.288431,-83.069982,15
167498,42.289254,-83.0733,16
167498,42.289312,-83.073287,17
167498,42.289312,-83.073287,18
167498,42.289312,-83.073287,19
167498,42.289254,-83.0733,20
167498,42.289829,-83.075614,21
167498,42.289898,-83.075598,22
167498,42.289898,-83.075598,23
167498,42.289898,-83.075598,24
167498,42.289829,-83.075614,25
167498,42.290437,-83.077935,26
167498,42.290487,-83.077922,27
167498,42.290487,-83.077922,28
167498,42.290487,-83.077922,29
167498,42.290429,-83.07795,30
167498,42.290487,-83.078174,31
167498,42.290629,-83.078709,32
167498,42.290774,-83.079259,33
167498,42.290934,-83.079837,34
167498,42.291087,-83.080388,35
167498,42.291166,-83.080679,36
167498,42.291209,-83.080658,37
167498,42.291209,-83.080658,38
167498,42.291209,-83.080658,39
167498,42.291166,-83.080679,40
167498,42.291382,-83.081469,41
167498,42.291546,-83.082068,42
167498,42.292392,-83.08154,43
167498,42.293079,-83.081111,44
167498,42.293268,-83.080998,45
167498,42.29324471,-83.08092791,46
167498,42.29324471,-83.08092791,47
167498,42.29324471,-83.08092791,48
167498,42.2934129396434,-83.0808686416988,49
167498,42.2954150808419,-83.0796563030758,50
167498,42.29550235,-83.07952763,51
167498,42.29550235,-83.07952763,52
167498,42.29550235,-83.07952763,53
167498,42.2956620870673,-83.0794953705349,54
167498,42.2975972704448,-83.0783053263893,55
167498,42.29771519,-83.07818567,56
167498,42.29771519,-83.07818567,57
167498,42.29771519,-83.07818567,58
167498,42.2978452600676,-83.0781658515205,59
167498,42.2999381874042,-83.0768994429569,60
167498,42.30003416,-83.07674037,61
167498,42.30003416,-83.07674037,62
167498,42.30003416,-83.07674037,63
167498,42.300064,-83.076829,64
167498,42.300115,-83.076798,65
167498,42.30046,-83.076586,66
167498,42.300833,-83.076358,67
167498,42.300881,-83.076328,68
167498,42.300981,-83.076267,69
167498,42.301186,-83.076142,70
167498,42.301639,-83.075865,71
167498,42.301927,-83.075688,72
167498,42.301906,-83.075624,73
167498,42.301906,-83.075624,74
167498,42.301906,-83.075624,75
167498,42.301927,-83.075688,76
167498,42.302033,-83.075623,77
167498,42.301841,-83.075066,78
167498,42.301475,-83.074,79
167498,42.301179,-83.073111,80
167498,42.301031,-83.072669,81
167498,42.300893,-83.07226,82
167498,42.30054,-83.071231,83
167498,42.300818,-83.071064,84
167498,42.30079002,-83.07097849,85
167498,42.30079002,-83.07097849,86
167498,42.30079002,-83.07097849,87
167498,42.3009609157396,-83.0709462772808,88
167498,42.3019940705001,-83.0703597374344,89
167498,42.30208485,-83.07022092,90
167498,42.30208485,-83.07022092,91
167498,42.3021282266945,-83.0702434666157,92
167498,42.3023349396301,-83.0701227131788,93
167498,42.3024331041107,-83.0700409171523,94
167498,42.3027455891678,-83.0694172887486,95
167498,42.3030511961653,-83.0688184852918,96
167498,42.3033853293429,-83.0682223705224,97
167498,42.30359186,-83.06750609,98
167498,42.30359186,-83.06750609,99
167498,42.3036897640761,-83.0672853680534,100
167498,42.3046218640107,-83.0643587779446,101
167498,42.304659,-83.064145,102
167498,42.304659,-83.064145,103
167498,42.304659,-83.064145,104
167498,42.304752788046,-83.0640100907726,105
167498,42.3048679578829,-83.0635787866769,106
167498,42.3052129551715,-83.0625457536836,107
167498,42.3056978167948,-83.0609558945122,108
167498,42.30572095,-83.06071988,109
167498,42.30572095,-83.06071988,110
167498,42.30572095,-83.06071988,111
167498,42.3058456898715,-83.0605745345669,112
167498,42.3066689038066,-83.0579352408962,113
167498,42.306662,-83.057748,114
167498,42.306662,-83.057748,115
167498,42.306662,-83.057748,116
167498,42.3067609178447,-83.0576079760056,117
167498,42.3073143487867,-83.0558618579369,118
167498,42.30732502,-83.05559891,119
167498,42.30732502,-83.05559891,120
167498,42.30732502,-83.05559891,121
167498,42.307436893472,-83.0554626797276,122
167498,42.3082449849883,-83.0531980577069,123
167498,42.30828581,-83.05293151,124
167498,42.30828581,-83.05293151,125
167498,42.30828581,-83.05293151,126
167498,42.3083848276039,-83.0527876797276,127
167498,42.3093092502386,-83.0502058184548,128
167498,42.309352,-83.049926,129
167498,42.309352,-83.049926,130
167498,42.309352,-83.049926,131
167498,42.309495703838,-83.0496774232788,132
167498,42.3102060628574,-83.0476843521843,133
167498,42.31022804,-83.04741264,134
167498,42.31022804,-83.04741264,135
167498,42.31022804,-83.04741264,136
167498,42.310313173041,-83.0472055778751,137
167498,42.3103735757976,-83.0469996138465,138
167498,42.3106225952923,-83.04638101642,139
167498,42.3107306965207,-83.0461463231312,140
167498,42.3114460818973,-83.0441565067806,141
167498,42.311495,-83.043925,142
167498,42.311495,-83.043925,143
167498,42.311495,-83.043925,144
167498,42.3115822058857,-83.0437645081081,145
167498,42.312155050277,-83.0421413668995,146
167498,42.312195,-83.041933,147
167498,42.312195,-83.041933,148
167498,42.312195,-83.041933,149
167498,42.312273,-83.041983,150
167498,42.312333,-83.041813,151
167498,42.312562,-83.041171,152
167498,42.312726,-83.040711,153
167498,42.312895,-83.040237,154
167498,42.313057,-83.03977,155
167498,42.313222,-83.039319,156
167498,42.313428,-83.038748,157
167498,42.313537,-83.038448,158
167498,42.313461,-83.038397,159
167498,42.313461,-83.038397,160
167498,42.3135648506464,-83.0383392423391,161
167498,42.3139513279234,-83.0372908338905,162
167498,42.3143283766383,-83.036192804575,163
167498,42.314303,-83.036014,164
167498,42.314303,-83.036014,165
167498,42.31439,-83.035867974205,166
167498,42.3150113054767,-83.0341120810204,167
167498,42.315048,-83.033924,168
167498,42.315048,-83.033924,169
167498,42.315048,-83.033924,170
167498,42.315149149692,-83.0337231607132,171
167498,42.3156240155914,-83.0323952969589,172
167498,42.3156557,-83.03219696,173
167498,42.3156557,-83.03219696,174
167498,42.3156557,-83.03219696,175
167498,42.3157727668806,-83.0320305165329,176
167498,42.3165988840142,-83.029722754631,177
167498,42.316623,-83.029509,178
167498,42.316623,-83.029509,179
167498,42.316623,-83.029509,180
167498,42.3167377164111,-83.029360656414,181
167498,42.3170529014681,-83.0284252123032,182
167498,42.31708167,-83.02818852,183
167498,42.31708167,-83.02818852,184
167498,42.31708167,-83.02818852,185
167498,42.3172046243345,-83.0279853300247,186
167498,42.3181460706316,-83.0253692209015,187
167498,42.31820217,-83.02507512,188
167498,42.31820217,-83.02507512,189
167498,42.31820217,-83.02507512,190
167498,42.3183156570079,-83.024929338623,191
167498,42.3187090083722,-83.0238214871025,192
167498,42.3187372917,-83.0235872276,193
167498,42.3187372917,-83.0235872276,194
167498,42.3187372917,-83.0235872276,195
167498,42.3188546650335,-83.023437974205,196
167498,42.31963,-83.0212616036701,197
167498,42.31965823,-83.02098592,198
167498,42.31965823,-83.02098592,199
167498,42.31965823,-83.02098592,200
167498,42.3197846392818,-83.020829927578,201
167498,42.3204482519947,-83.0189969300594,202
167498,42.320487,-83.018746,203
167498,42.320487,-83.018746,204
167498,42.320487,-83.018746,205
167498,42.3206205378969,-83.0185641054878,206
167498,42.3210880597427,-83.017330926424,207
167498,42.321143,-83.01703,208
167498,42.321143,-83.01703,209
167498,42.321143,-83.01703,210
167498,42.3212421598327,-83.0168907901783,211
167498,42.3216333030677,-83.015879046627,212
167498,42.32169,-83.015654,213
167498,42.32169,-83.015654,214
167498,42.32169,-83.015654,215
167498,42.3217985368758,-83.0155009975186,216
167498,42.3229340971715,-83.0124240110798,217
167498,42.322989,-83.012164,218
167498,42.322989,-83.012164,219
167498,42.322989,-83.012164,220
167498,42.3230739071503,-83.0119519422932,221
167498,42.3236668704652,-83.0102591337643,222
167498,42.32369671,-83.01009869,223
167498,42.32369671,-83.01009869,224
167498,42.3237934312114,-83.0096158950136,225
167498,42.3236851520491,-83.0090244650255,226
167498,42.3235661630676,-83.0085939683675,227
167498,42.3234481654386,-83.0080481361563,228
167498,42.32330104,-83.00730333,229
167498,42.3231868600217,-83.0066708121777,230
167498,42.3231214155913,-83.0062631144082,231
167498,42.3231134829285,-83.005828594417,232
167498,42.3232086748166,-83.0050883010986,233
167498,42.32357696,-83.00391674,234
167498,42.32357696,-83.00391674,235
167498,42.3236639577489,-83.0037877496681,236
167498,42.3243947193081,-83.0017674601536,237
167498,42.32440619,-83.00155782,238
167498,42.32440619,-83.00155782,239
167498,42.32440619,-83.00155782,240
167498,42.3244449267239,-83.0014480693809,241
167498,42.324327925199,-83.000298742818,242
167498,42.3243933667567,-82.997875366973,243
167498,42.3243666,-82.99757056,244
167498,42.3243666,-82.99757056,245
167498,42.3243666,-82.99757056,246
167498,42.3244162454082,-82.9973037790985,247
167498,42.324508651742,-82.9941342994404,248
167498,42.32446235,-82.99379275,249
167498,42.32446235,-82.99379275,250
167498,42.32446235,-82.99379275,251
167498,42.324520075694,-82.9935546099358,252
167498,42.324595617983,-82.9913457951412,253
167498,42.32455776,-82.99103391,254
167498,42.32455776,-82.99103391,255
167498,42.32455776,-82.99103391,256
167498,42.324611,-82.991036,257
167498,42.32462,-82.990651,258
167498,42.324672,-82.990303,259
167498,42.324697,-82.989341,260
167498,42.324703,-82.989124,261
167498,42.324664,-82.98899,262
167498,42.324685,-82.988481,263
167498,42.324794,-82.987911,264
167498,42.324898,-82.987373,265
167498,42.3248558,-82.98735787,266
167498,42.3248558,-82.98735787,267
167498,42.3248558,-82.98735787,268
167498,42.324898,-82.987373,269
167498,42.324964,-82.98703,270
167498,42.324983,-82.986964,271
167498,42.325218,-82.985763,272
167498,42.32546,-82.98451,273
167498,42.325491,-82.984331,274
167498,42.32544714,-82.98431663,275
167498,42.32544714,-82.98431663,276
167498,42.32544714,-82.98431663,277
167498,42.325491,-82.984331,278
167498,42.32552,-82.98416,279
167498,42.325827,-82.982524,280
167498,42.325896,-82.9822,281
167498,42.325951,-82.981918,282
167498,42.325903,-82.981901,283
167498,42.325903,-82.981901,284
167498,42.325903,-82.981901,285
167498,42.325951,-82.981918,286
167498,42.325963,-82.981856,287
167498,42.326025,-82.981789,288
167498,42.326119,-82.981305,289
167498,42.326212,-82.980829,290
167498,42.326341,-82.980196,291
167498,42.326395,-82.979913,292
167498,42.326295,-82.979878,293
167498,42.326295,-82.979878,294
167498,42.326295,-82.979878,295
167498,42.3263831795957,-82.9797064872761,296
167498,42.3267241586561,-82.9778441867115,297
167498,42.326743,-82.977526,298
167498,42.326743,-82.977526,299
167498,42.326743,-82.977526,300
167498,42.3268191170903,-82.9773553659959,301
167498,42.3272489273307,-82.9751270491085,302
167498,42.327253,-82.974927,303
167498,42.327273,-82.974858,304
167498,42.327273,-82.974858,305
167498,42.327323,-82.974875,306
167498,42.327429,-82.97432,307
167498,42.327494,-82.97398,308
167498,42.327682,-82.973027,309
167498,42.32775,-82.972681,310
167498,42.327822,-82.972282,311
167498,42.327773,-82.972266,312
167498,42.327773,-82.972266,313
167498,42.327773,-82.972266,314
167498,42.327822,-82.972282,315
167498,42.327937,-82.971653,316
167498,42.327967,-82.971486,317
167498,42.328037,-82.971351,318
167498,42.328216,-82.970251,319
167498,42.32829,-82.969863,320
167498,42.32823601,-82.96984379,321
167498,42.32823601,-82.96984379,322
167498,42.32823601,-82.96984379,323
167498,42.3283685016265,-82.969536342432,324
167498,42.3286223188641,-82.9682113311787,325
167498,42.328607,-82.967939,326
167498,42.328607,-82.967939,327
167498,42.328607,-82.967939,328
167498,42.3288016655685,-82.9672623989378,329
167498,42.3292956474098,-82.9646516667475,330
167498,42.32934649,-82.96410453,331
167498,42.32934649,-82.96410453,332
167498,42.32934649,-82.96410453,333
167498,42.3294295782143,-82.9638402387843,334
167498,42.3298262224368,-82.9617545939178,335
167498,42.32984973,-82.9615026,336
167498,42.32984973,-82.9615026,337
167498,42.32984973,-82.9615026,338
167498,42.3299174229323,-82.9612825232717,339
167498,42.3304750270267,-82.9583754687519,340
167498,42.33049664,-82.95810397,341
167498,42.33049664,-82.95810397,342
167498,42.33049664,-82.95810397,343
167498,42.3305751626275,-82.9578564613075,344
167498,42.3311481997052,-82.954864098217,345
167498,42.33118,-82.954549,346
167498,42.33118,-82.954549,347
167498,42.33118,-82.954549,348
167498,42.3313032704012,-82.9543808344974,349
167498,42.3318743311011,-82.9526642207279,350
167498,42.331867,-82.952429,351
167498,42.331867,-82.952429,352
167498,42.331867,-82.952429,353
167498,42.3320635936563,-82.9518082078351,354
167498,42.3324522280538,-82.9495551522626,355
167498,42.33243731,-82.94907213,356
167498,42.33243731,-82.94907213,357
167498,42.33243731,-82.94907213,358
167498,42.3325046958097,-82.9488934699059,359
167498,42.3329394272282,-82.9462862969589,360
167498,42.332949,-82.946097,361
167498,42.332949,-82.946097,362
167498,42.3331058225785,-82.9452937099511,363
167498,42.3332723818286,-82.9443442033036,364
167498,42.3333754897148,-82.943743385538,365
167498,42.33416,-82.944217,366
167498,42.33416,-82.944217,367
167498,42.33412,-82.944281,368
167498,42.3348,-82.9447,369
167498,42.33563,-82.94522,370
167498,42.335899,-82.945386,371
167498,42.335933,-82.945332,372
167498,42.335895,-82.94531,373
167498,42.335933,-82.945332,374
167498,42.3360377811675,-82.9454322564487,375
167498,42.3380406334537,-82.9466822159386,376
167498,42.338143,-82.946713,377
167498,42.338143,-82.946713,378
167498,42.338143,-82.946713,379
167498,42.3383266194185,-82.946864130619,380
167498,42.3394963645035,-82.9475990558891,381
167498,42.339667,-82.947664,382
167498,42.339667,-82.947664,383
167498,42.3402169617304,-82.9480665709687,384
167498,42.3404945288466,-82.9477661620859,385
167498,42.3411289633682,-82.9470473265448,386
167498,42.3414699692785,-82.9463606776698,387
167498,42.3414620389295,-82.9451590421385,388
167498,42.34138772,-82.943502,389
167498,42.34138772,-82.943502,390
167498,42.3414157817768,-82.9432610588325,391
167498,42.3414082007934,-82.9425776122685,392
167498,42.3414524587529,-82.9420902745975,393
167498,42.3415201659057,-82.9418071312828,394
167498,42.3416874608213,-82.941305239084,395
167498,42.3423322448531,-82.9396265423279,396
167498,42.3424156158722,-82.9392984727696,397
167498,42.3424,-82.939033,398
167498,42.3424,-82.939033,399
167498,42.3424,-82.939033,400
167498,42.3424442449025,-82.9388324932194,401
167498,42.3424302897398,-82.9385380049629,402
167498,42.342390389476,-82.938215798111,403
167498,42.3422869300499,-82.9375231190491,404
167498,42.342224,-82.937351,405
167498,42.342224,-82.937351,406
167498,42.342224,-82.937351,407
167498,42.3422165508218,-82.9371784551907,408
167498,42.342134387787,-82.9369349161076,409
167498,42.3418951223285,-82.9364212331352,410
167498,42.3416681337659,-82.9360132271214,411
167498,42.3414397380931,-82.9356923116741,412
167498,42.34134032,-82.93564666,413
167498,42.34134032,-82.93564666,414
167498,42.34134032,-82.93564666,415
167498,42.34083,-82.93488,416
167498,42.3401368915029,-82.9334218237096,417
167498,42.339935,-82.933202,418
167498,42.339935,-82.933202,419
167498,42.3398255626703,-82.9327423054999,420
167498,42.339496443739,-82.9321897677333,421
167498,42.3392149069006,-82.9317606121864,422
167498,42.3391237045559,-82.9315567633016,423
167498,42.33836,-82.931344,424
167498,42.33836,-82.931344,425
167498,42.3382143542102,-82.9312647668648,426
167498,42.3358194901573,-82.9306872098217,427
167498,42.33567919,-82.93069188,428
167498,42.33567919,-82.93069188,429
167498,42.33567919,-82.93069188,430
167498,42.3355657019621,-82.9306228368053,431
167498,42.3338399926599,-82.9302063497028,432
167498,42.333702,-82.930236,433
167498,42.333702,-82.930236,434
167498,42.333702,-82.930236,435
167498,42.3335524750553,-82.9301550552254,436
167498,42.3314573227738,-82.9296536441803,437
167498,42.33126454,-82.92964091,438
167498,42.33126454,-82.92964091,439
167498,42.33126454,-82.92964091,440
167498,42.3311632788835,-82.9295686547409,441
167498,42.3293286840474,-82.9291248687172,442
167498,42.329195,-82.92914,443
167498,42.329195,-82.92914,444
167498,42.329195,-82.92914,445
167498,42.3290625917686,-82.9290651415127,446
167498,42.3273678981635,-82.9286719878968,447
167498,42.3271775315351,-82.9286585768517,448
167498,42.3266585948608,-82.9286493877315,449
167498,42.326528,-82.928709,450
167498,42.326528,-82.928709,451
167498,42.326528,-82.928709,452
167498,42.3264169683784,-82.9286397055225,453
167498,42.325368703656,-82.9286238220901,454
167498,42.32524,-82.928695,455
167498,42.32524,-82.928695,456
167498,42.3250263857623,-82.9286941388852,457
167498,42.3247983288965,-82.9287290077734,458
167498,42.3245048284093,-82.9289543144355,459
167498,42.3242470227977,-82.9293378722055,460
167498,42.3241478665119,-82.9298769988613,461
167498,42.32416089,-82.93061115,462
167498,42.3241312815028,-82.9313450766591,463
167498,42.3241273152658,-82.9321953410864,464
167498,42.3241630113894,-82.9328632144062,465
167498,42.3243950356987,-82.9332843232866,466
167498,42.324951,-82.933616,467
167498,42.324951,-82.933616,468
167498,42.3250669241339,-82.9337480171966,469
167498,42.3264403799778,-82.9345903497028,470
167498,42.3267929935526,-82.9346189807496,471
167498,42.326897,-82.934571,472
167498,42.32689741,-82.9345661,473
167498,42.32689741,-82.9345661,474
167498,42.3272544825224,-82.9346129250121,475
167498,42.3272445673451,-82.9362571272011,476
167498,42.32729086,-82.93814404,477
167498,42.32729086,-82.93814404,478
167498,42.327246967858,-82.9383822481541,479
167498,42.3272340133472,-82.9401044515553,480
167498,42.3266945254963,-82.9397847397476,481
167498,42.32655211,-82.93977356,482
167498,42.32655211,-82.93977356,483
167498,42.32655211,-82.93977356,484
167498,42.3264206155152,-82.9396015328133,485
167498,42.3251429745793,-82.9388055595245,486
167498,42.32501,-82.938767,487
167498,42.32501,-82.938767,488
167498,42.32501,-82.938767,489
167498,42.3249163215109,-82.938660635582,490
167498,42.3241991860503,-82.9382201859246,491
167498,42.32406898,-82.938198,492
167498,42.32406898,-82.938198,493
167498,42.324019737808,-82.9381214121767,494
167498,42.3235675895574,-82.9379658432909,495
167498,42.323246324352,-82.9379068344032,496
167498,42.3230995730334,-82.9378639188485,497
167498,42.322833833288,-82.9378907410702,498
167498,42.3224372047145,-82.9379604788466,499
167498,42.321806,-82.938104,500
167498,42.321806,-82.938104,501
167498,42.3216494006064,-82.9380789399147,502
167498,42.3180899631794,-82.938998953373,503
167498,42.31798439,-82.93906951,504
167498,42.31798439,-82.93906951,505
167498,42.3178892113982,-82.939038276686,506
167498,42.3171296100081,-82.9392313956123,507
167498,42.3161293550068,-82.9394173622131,508
167498,42.3149479361123,-82.9392233489853,509
167498,42.3149759870518,-82.9389775526659,510
167498,42.3150451214626,-82.9385527968441,511
167498,42.3150556994309,-82.9378616809845,512
167498,42.3155607958689,-82.9380118846893,513
167498,42.3157614173881,-82.9379797660194,514
167498,42.3159534988453,-82.937090098967,515
167498,42.3164830491208,-82.9372903704643,516
167498,42.3166853479963,-82.9362648725544,517
167498,42.3162192662071,-82.9361253976856,518
167498,42.3161399327928,-82.9362434148823,519
167498,42.316005065759,-82.9368764162098,520
167498,42.316026,-82.936944,521
167503,42.286447,-83.064606,1
167503,42.2866732844936,-83.0646029049732,2
167503,42.2868717116838,-83.0646833716383,3
167503,42.2870185474021,-83.0646136338619,4
167503,42.2869748935756,-83.0643990560885,5
167503,42.2868877934376,-83.0641090954647,6
167503,42.2864067040894,-83.0621835405777,7
167503,42.282997,-83.063752,8
167503,42.282720900069,-83.0628465065877,9
167503,42.2795695458683,-83.0642627198924,10
167503,42.279256,-83.063261,11
167503,42.279256,-83.063261,12
167503,42.278751,-83.061147,13
167503,42.278751,-83.061147,14
167503,42.278751,-83.061147,15
167503,42.2784670616961,-83.059740346807,16
167503,42.2784099861093,-83.059213161555,17
167503,42.278427386008,-83.0590430190427,18
167503,42.2783162939485,-83.0590322909233,19
167503,42.2782210720274,-83.059037654983,20
167503,42.2781575906667,-83.0590322909233,21
167503,42.2781298175513,-83.0582437741437,22
167503,42.2781179147838,-83.0579326586797,23
167503,42.278058,-83.057805,24
167503,42.278058,-83.057805,25
167503,42.2780174259603,-83.0573381394184,26
167503,42.2772209067473,-83.0573676438622,27
167503,42.2764092841395,-83.0573908707938,28
167503,42.2758533114832,-83.0571092374662,29
167503,42.275423,-83.056579,30
167503,42.2753428240076,-83.0563090511855,31
167503,42.2752991612323,-83.0560220534135,32
167503,42.275263437121,-83.0556733645316,33
167503,42.2752435903837,-83.0552576200956,34
167503,42.2751401562,-83.0530324147,35
167503,42.2751943373961,-83.0527344389455,36
167503,42.2780204520669,-83.0545476211311,37
167503,42.27809274,-83.05452893,38
167503,42.27809274,-83.05452893,39
167503,42.278157,-83.05457,40
167503,42.278123,-83.054669,41
167503,42.278783,-83.055092,42
167503,42.27943,-83.055524,43
167503,42.279891,-83.055833,44
167503,42.280561,-83.056281,45
167503,42.281094,-83.056595,46
167503,42.281761,-83.056988,47
167503,42.28178145,-83.05692548,48
167503,42.28178145,-83.05692548,49
167503,42.28178145,-83.05692548,50
167503,42.281761,-83.056988,51
167503,42.281977,-83.057115,52
167503,42.282265,-83.056239,53
167503,42.282605,-83.055207,54
167503,42.28266,-83.055036,55
167503,42.282914,-83.054302,56
167503,42.283008,-83.054047,57
167503,42.283359,-83.054292,58
167503,42.283534,-83.054408,59
167503,42.28355971,-83.05433847,60
167503,42.28355971,-83.05433847,61
167503,42.28356,-83.054338,62
167503,42.2837406813798,-83.0545184183159,63
167503,42.28581,-83.05582,64
167503,42.285897,-83.055819,65
167503,42.285897,-83.055819,66
167503,42.2861003383156,-83.0559512884392,67
167503,42.2864694230059,-83.0550286040134,68
167503,42.2871792858775,-83.0554658953674,69
167503,42.288429,-83.056226,70
167503,42.2889964225356,-83.0566434786859,71
167503,42.2900635702754,-83.0573274453387,72
167503,42.2906727067867,-83.0577002742201,73
167503,42.29083522,-83.05720316,74
167503,42.29083522,-83.05720316,75
167503,42.2910379982889,-83.0568803658775,76
167503,42.29142,-83.0559,77
167503,42.2918222071384,-83.055006877142,78
167503,42.291859,-83.054778,79
167503,42.291859,-83.054778,80
167503,42.291859,-83.054778,81
167503,42.2920341571476,-83.0545308501796,82
167503,42.2929081565839,-83.0527625963504,83
167503,42.29298,-83.052493,84
167503,42.29298,-83.052493,85
167503,42.29298,-83.052493,86
167503,42.2931323640238,-83.0522938063969,87
167503,42.2941839078659,-83.0501802256932,88
167503,42.29423849,-83.04991921,89
167503,42.29423849,-83.04991921,90
167503,42.29423849,-83.04991921,91
167503,42.294370961693,-83.0497375797946,92
167503,42.2947776849983,-83.0489570569713,93
167503,42.295118933745,-83.0484313440044,94
167503,42.2953292372843,-83.0481041145046,95
167503,42.29540414,-83.04789298,96
167503,42.295404,-83.047893,97
167503,42.29540414,-83.04789298,98
167503,42.2955162532404,-83.0477980606896,99
167503,42.2958088905618,-83.0473635428292,100
167503,42.2959527287468,-83.047138237272,101
167503,42.2960261356938,-83.0469799869401,102
167503,42.2967810319013,-83.0447953276975,103
167503,42.29683287,-83.04458982,104
167503,42.296833,-83.04459,105
167503,42.296833,-83.04459,106
167503,42.2969171439406,-83.0444714145732,107
167503,42.2971611683727,-83.0437320336479,108
167503,42.2974944685083,-83.0429211149509,109
167503,42.297931,-83.041941,110
167503,42.298129,-83.041426,111
167503,42.2982047092803,-83.0409917197823,112
167503,42.298163,-83.040315,113
167503,42.298051,-83.039947,114
167503,42.298003,-83.039823,115
167503,42.298093,-83.039752,116
167503,42.298222,-83.039679,117
167503,42.298496,-83.039568,118
167503,42.29857335,-83.0394963,119
167503,42.29857335,-83.0394963,120
167503,42.29857335,-83.0394963,121
167503,42.298556,-83.039588,122
167503,42.298646,-83.039618,123
167503,42.29872,-83.03964,124
167503,42.299103,-83.039878,125
167503,42.299508,-83.040145,126
167503,42.301616,-83.041499,127
167503,42.302564,-83.042103,128
167503,42.30259152,-83.04202358,129
167503,42.30259152,-83.04202358,130
167503,42.30259152,-83.04202358,131
167503,42.302564,-83.042103,132
167503,42.302655,-83.042161,133
167503,42.304059,-83.043057,134
167503,42.304698,-83.043452,135
167503,42.30473189,-83.04335164,136
167503,42.30473189,-83.04335164,137
167503,42.30473189,-83.04335164,138
167503,42.304698,-83.043452,139
167503,42.305341,-83.043849,140
167503,42.306598,-83.044638,141
167503,42.30663099,-83.04454099,142
167503,42.30663099,-83.04454099,143
167503,42.30663099,-83.04454099,144
167503,42.306598,-83.044638,145
167503,42.306777,-83.044751,146
167503,42.307062,-83.044912,147
167503,42.308403,-83.04574,148
167503,42.308608,-83.045869,149
167503,42.30863745,-83.04578408,150
167503,42.30863745,-83.04578408,151
167503,42.308637,-83.045784,152
167503,42.3087721528094,-83.0459226726855,153
167503,42.3092559722187,-83.046230953373,154
167503,42.3099419176604,-83.0465601779099,155
167503,42.3101192977744,-83.0466297423973,156
167503,42.310223,-83.046644,157
167503,42.31019866,-83.04662253,158
167503,42.310223,-83.046644,159
167503,42.3103359057171,-83.0467566673568,160
167503,42.3104554615836,-83.0468017030411,161
167503,42.3106145895921,-83.0464012746623,162
167503,42.310711781543,-83.0461920623591,163
167503,42.3114466668449,-83.0441509012988,164
167503,42.311495,-83.043925,165
167503,42.311495,-83.043925,166
167503,42.311495,-83.043925,167
167503,42.3115822058857,-83.0437645081081,168
167503,42.312155050277,-83.0421413668995,169
167503,42.312195,-83.041933,170
167503,42.312195,-83.041933,171
167503,42.312195,-83.041933,172
167503,42.312273,-83.041983,173
167503,42.312333,-83.041813,174
167503,42.312562,-83.041171,175
167503,42.312726,-83.040711,176
167503,42.312895,-83.040237,177
167503,42.313057,-83.03977,178
167503,42.313222,-83.039319,179
167503,42.313428,-83.038748,180
167503,42.313537,-83.038448,181
167503,42.313461,-83.038397,182
167503,42.313461,-83.038397,183
167503,42.313461,-83.038397,184
167503,42.313537,-83.038448,185
167503,42.31364,-83.038164,186
167503,42.313798,-83.037717,187
167503,42.314067,-83.036971,188
167503,42.314119,-83.036825,189
167503,42.314012,-83.036758,190
167503,42.313578,-83.036486,191
167503,42.313553,-83.03647,192
167503,42.313499,-83.036628,193
167503,42.313499,-83.036628,194
167503,42.313499,-83.036628,195
167503,42.3134339422928,-83.0364981292621,196
167503,42.3133222094979,-83.0363675950866,197
167503,42.311418092304,-83.0351775884628,198
167503,42.31132,-83.035171,199
167503,42.31132,-83.035171,200
167503,42.309054691964,-83.0336865421385,201
167503,42.309148,-83.03305,202
167503,42.309148,-83.03305,203
167503,42.3092505223939,-83.0329346269662,204
167503,42.3096859423904,-83.0316207202377,205
167503,42.30969978,-83.03145168,206
167503,42.3097,-83.031452,207
167503,42.30969978,-83.03145168,208
167503,42.3098351538295,-83.0312345761524,209
167503,42.3105705960657,-83.0291555717583,210
167503,42.31059928,-83.02893869,211
167503,42.31059928,-83.02893869,212
167503,42.31059928,-83.02893869,213
167503,42.3107007115645,-83.0288042747745,214
167503,42.3118484876076,-83.0255745534077,215
167503,42.3118699,-83.02535135,216
167503,42.3118699,-83.02535135,217
167503,42.3118699,-83.02535135,218
167503,42.3119701209993,-83.0252259981286,219
167503,42.3125652813716,-83.0235768478851,220
167503,42.312586,-83.023369,221
167503,42.312586,-83.023369,222
167503,42.312586,-83.023369,223
167503,42.312697561513,-83.023190232645,224
167503,42.3132762128462,-83.0215558110104,225
167503,42.313299,-83.021378,226
167503,42.313299,-83.021378,227
167503,42.3135226235315,-83.0207828343789,228
167503,42.3135146896586,-83.0205843499384,229
167503,42.3135543590135,-83.0204609677187,230
167503,42.3136773338548,-83.020418052164,231
167503,42.31439,-83.018262,232
167503,42.31439,-83.018262,233
167503,42.3144805680813,-83.0181075916099,234
167503,42.3153205276763,-83.015689580183,235
167503,42.315358,-83.015442,236
167503,42.315358,-83.015442,237
167503,42.315358,-83.015442,238
167503,42.31542,-83.015481,239
167503,42.315685,-83.014714,240
167503,42.31571,-83.014643,241
167503,42.315728,-83.014591,242
167503,42.315898,-83.014109,243
167503,42.31601,-83.013791,244
167503,42.3159642846476,-83.0137605705968,245
167503,42.3159642846476,-83.0137605705968,246
167503,42.3159642846476,-83.0137605705968,247
167503,42.31601,-83.013791,248
167503,42.316058,-83.013655,249
167503,42.316084,-83.013581,250
167503,42.31602,-83.01354,251
167503,42.314769,-83.012737,252
167503,42.31469,-83.012687,253
167503,42.314718,-83.012611,254
167503,42.314881,-83.012159,255
167503,42.315038,-83.011719,256
167503,42.315072,-83.011623,257
167503,42.315099,-83.011548,258
167503,42.315171,-83.011343,259
167503,42.315131,-83.011318,260
167503,42.315131,-83.011318,261
167503,42.315131,-83.011318,262
167503,42.31517,-83.011343,263
167503,42.315254,-83.011105,264
167503,42.31541,-83.01067,265
167503,42.315555,-83.010261,266
167503,42.315706,-83.009839,267
167503,42.315861,-83.009404,268
167503,42.316066,-83.008827,269
167503,42.31603,-83.008803,270
167503,42.31603017,-83.00880333,271
167503,42.31603017,-83.00880333,272
167503,42.316066,-83.008827,273
167503,42.316136,-83.008631,274
167503,42.316433,-83.007798,275
167503,42.316816,-83.006722,276
167503,42.316931,-83.006398,277
167503,42.31689247,-83.00637162,278
167503,42.31689247,-83.00637162,279
167503,42.31689247,-83.00637162,280
167503,42.316931,-83.006398,281
167503,42.317237,-83.005539,282
167503,42.317443,-83.00496,283
167503,42.317657,-83.00436,284
167503,42.318116,-83.004634,285
167503,42.318283,-83.00422,286
167503,42.31824366,-83.00419065,287
167503,42.31824366,-83.00419065,288
167503,42.31824366,-83.00419065,289
167503,42.318283,-83.00422,290
167503,42.318552,-83.003554,291
167503,42.31893,-83.002167,292
167503,42.31886994,-83.0021373,293
167503,42.31886994,-83.0021373,294
167503,42.31886994,-83.0021373,295
167503,42.31893,-83.002167,296
167503,42.318999,-83.001915,297
167503,42.319159,-83.001419,298
167503,42.319339,-83.000922,299
167503,42.319521,-83.000416,300
167503,42.31967,-82.999969,301
167503,42.319805,-82.999563,302
167503,42.319903,-82.999271,303
167503,42.31986363,-82.9992465,304
167503,42.31986363,-82.9992465,305
167503,42.31986363,-82.9992465,306
167503,42.319903,-82.999271,307
167503,42.319956,-82.999112,308
167503,42.31899,-82.998499,309
167503,42.31834,-82.998093,310
167503,42.318084,-82.997922,311
167503,42.31806562,-82.99797148,312
167503,42.31806562,-82.99797148,313
167503,42.31806562,-82.99797148,314
167503,42.318084,-82.997922,315
167503,42.317314,-82.997409,316
167503,42.317142,-82.997302,317
167503,42.316809,-82.997094,318
167503,42.316726,-82.997042,319
167503,42.31669,-82.997019,320
167503,42.316304,-82.99677,321
167503,42.31626628,-82.99687876,322
167503,42.31626628,-82.99687876,323
167503,42.31626628,-82.99687876,324
167503,42.316304,-82.99677,325
167503,42.315941,-82.996536,326
167503,42.31505,-82.995981,327
167503,42.31502638,-82.99605088,328
167503,42.31502638,-82.99605088,329
167503,42.31502638,-82.99605088,330
167503,42.31505,-82.995981,331
167503,42.314824,-82.995841,332
167503,42.314213,-82.995441,333
167503,42.313991,-82.995298,334
167503,42.31251,-82.994359,335
167503,42.312487,-82.994424,336
167503,42.312487,-82.994424,337
167503,42.31248661,-82.9944237,338
167503,42.3123846131446,-82.9942839131205,339
167503,42.3099172585358,-82.9927277466328,340
167503,42.30979717,-82.99270378,341
167503,42.309797,-82.992704,342
167503,42.309797,-82.992704,343
167503,42.309821,-82.992635,344
167503,42.308011,-82.991466,345
167503,42.307821,-82.991343,346
167503,42.30779549,-82.99141587,347
167503,42.30779549,-82.99141587,348
167503,42.30779549,-82.99141587,349
167503,42.307821,-82.991343,350
167503,42.306024,-82.990178,351
167503,42.3058,-82.990034,352
167503,42.30576684,-82.99012768,353
167503,42.30576684,-82.99012768,354
167503,42.30576684,-82.99012768,355
167503,42.3058,-82.990034,356
167503,42.304626,-82.989281,357
167503,42.304145,-82.988973,358
167503,42.30410925,-82.98907654,359
167503,42.30410925,-82.98907654,360
167503,42.30410925,-82.98907654,361
167503,42.304145,-82.988973,362
167503,42.303465,-82.988537,363
167503,42.303629,-82.987685,364
167503,42.30354288,-82.98765519,365
167503,42.30354288,-82.98765519,366
167503,42.30354288,-82.98765519,367
167503,42.3036199287941,-82.9874813453766,368
167503,42.3039241803518,-82.9858833141556,369
167503,42.30391714,-82.98565526,370
167503,42.30391714,-82.98565526,371
167503,42.30391714,-82.98565526,372
167503,42.3040068345681,-82.9854678455875,373
167503,42.3044014806851,-82.9833393619366,374
167503,42.30440462,-82.98313516,375
167503,42.30440462,-82.98313516,376
167503,42.30440462,-82.98313516,377
167503,42.3044863733108,-82.9829111623926,378
167503,42.3050599184296,-82.9798388146458,379
167503,42.30507589,-82.97959726,380
167503,42.30507589,-82.97959726,381
167503,42.3053672123414,-82.9782729777226,382
167503,42.3058314023075,-82.9756229422206,383
167503,42.306469,-82.976053,384
167503,42.306469,-82.976053,385
167503,42.306626474193,-82.9761931557503,386
167503,42.30816,-82.97722,387
167503,42.308343,-82.977262,388
167503,42.308343,-82.977262,389
167503,42.308343,-82.977262,390
167503,42.3084732202083,-82.9774201980782,391
167503,42.31009,-82.97847,392
167503,42.310336,-82.978542,393
167503,42.310336,-82.978542,394
167503,42.310336,-82.978542,395
167503,42.3105181753442,-82.9787339593963,396
167503,42.3121,-82.97978,397
167503,42.31236868,-82.97984581,398
167503,42.31236868,-82.97984581,399
167503,42.31236868,-82.97984581,400
167503,42.3124721912988,-82.9799522588714,401
167503,42.3142265751291,-82.9810819867402,402
167503,42.314333,-82.981113,403
167503,42.314333,-82.981113,404
167503,42.316095887556,-82.9822402749619,405
167503,42.316217,-82.981879,406
167503,42.316217,-82.981879,407
167503,42.31641,-82.98148,408
167503,42.31678,-82.98042,409
167503,42.31682664,-82.98013119,410
167503,42.31682664,-82.98013119,411
167503,42.31682664,-82.98013119,412
167503,42.3169505030766,-82.9799755266817,413
167503,42.3177041507661,-82.9777962318571,414
167503,42.31772847,-82.97756949,415
167503,42.31772847,-82.97756949,416
167503,42.31772847,-82.97756949,417
167503,42.3178324640489,-82.977440022513,418
167503,42.3183957139754,-82.975817286059,419
167503,42.31839173,-82.97564816,420
167503,42.318392,-82.975648,421
167503,42.3185473819976,-82.9751988717697,422
167503,42.3166285328807,-82.9739777798797,423
167503,42.3164961635759,-82.9739263957469,424
167503,42.31642483,-82.97392983,425
167503,42.31642483,-82.97392983,426
167503,42.3163363233498,-82.9737828620896,427
167503,42.3145462789945,-82.9726570127081,428
167503,42.31443665,-82.97263947,429
167503,42.31443665,-82.97263947,430
167503,42.31443665,-82.97263947,431
167503,42.3142684497059,-82.9724660792497,432
167503,42.3136,-82.97202,433
167503,42.3126,-82.97138,434
167503,42.312449,-82.971382,435
167503,42.312449,-82.971382,436
167503,42.312449,-82.971382,437
167503,42.31178,-82.97085,438
167503,42.31064,-82.97011,439
167503,42.31044,-82.97009844,440
167503,42.31044,-82.97009844,441
167503,42.31044,-82.97009844,442
167503,42.3102034594519,-82.9698488489749,443
167503,42.3073391860792,-82.9680356756809,444
167503,42.307043,-82.967931,445
167503,42.307043,-82.967931,446
167503,42.307043,-82.967931,447
167503,42.3068279058863,-82.9676921713028,448
167503,42.3038404881401,-82.9658414470825,449
167503,42.303638,-82.965752,450
167503,42.30363791,-82.96575208,451
167503,42.30363791,-82.96575208,452
167503,42.303665,-82.965677,453
167503,42.303618,-82.965647,454
167503,42.302716,-82.965092,455
167503,42.301782,-82.964507,456
167503,42.301764,-82.964559,457
167503,42.301764,-82.964559,458
167503,42.301764,-82.964559,459
167503,42.301782,-82.964507,460
167503,42.301632,-82.964413,461
167503,42.301458,-82.964304,462
167503,42.300761,-82.963864,463
167503,42.300134,-82.963478,464
167503,42.299868,-82.96331,465
167503,42.299292,-82.962946,466
167503,42.299205,-82.962885,467
167503,42.298503,-82.962432,468
167503,42.29772,-82.961921,469
167503,42.29768502,-82.96201991,470
167503,42.29768502,-82.96201991,471
167503,42.29768502,-82.96201991,472
167503,42.29772,-82.961921,473
167503,42.297499,-82.961777,474
167503,42.297001,-82.963214,475
167503,42.296602,-82.96441,476
167503,42.29666,-82.964445,477
167503,42.29666,-82.964445,478
167503,42.2964966946478,-82.9647589855619,479
167503,42.2963478954513,-82.9650325722231,480
167503,42.296236791822,-82.9652739722182,481
167503,42.296244727802,-82.9655073255468,482
167503,42.2962407598122,-82.9656038855449,483
167503,42.2961494959758,-82.9657165388759,484
167503,42.2960641840091,-82.9658479677621,485
167503,42.2959848239363,-82.9660384055361,486
167503,42.2958816556922,-82.9665721677475,487
167503,42.2954293006269,-82.9679240077202,488
167503,42.295439,-82.967989,489
167503,42.295439,-82.967989,490
167503,42.29537,-82.967952,491
167503,42.295293,-82.968218,492
167503,42.29525,-82.968485,493
167503,42.295225,-82.968756,494
167503,42.295239,-82.969226,495
167503,42.295296,-82.969591,496
167503,42.295399,-82.969961,497
167503,42.29549,-82.970349,498
167503,42.295538,-82.97075,499
167503,42.295555,-82.971178,500
167503,42.295495,-82.971518,501
167503,42.295572,-82.971554,502
167503,42.295572,-82.971554,503
167503,42.295572,-82.971554,504
167503,42.295495,-82.971518,505
167503,42.295392,-82.971962,506
167503,42.295273,-82.972259,507
167503,42.29522,-82.972489,508
167503,42.295152,-82.97263,509
167503,42.294956,-82.972914,510
167503,42.294653,-82.973314,511
167503,42.294513,-82.973523,512
167503,42.294431,-82.973664,513
167503,42.294269,-82.973588,514
167503,42.293777,-82.973427,515
167503,42.293676,-82.973311,516
167503,42.293097,-82.973122,517
167503,42.292513,-82.97307,518
167503,42.291681,-82.973105,519
167503,42.290881,-82.973105,520
167503,42.28996,-82.972959,521
167503,42.289148,-82.972701,522
167503,42.28864,-82.972495,523
167503,42.287908,-82.97209,524
167503,42.287788,-82.97211,525
167503,42.287414,-82.971902,526
167503,42.287443,-82.971772,527
167503,42.287467,-82.971697,528
167503,42.287607,-82.971258,529
167503,42.28765,-82.970976,530
167503,42.287586,-82.970634,531
167503,42.287504,-82.970385,532
167503,42.287415,-82.970231,533
167503,42.287294,-82.970068,534
167503,42.287104,-82.969941,535
167503,42.2872493123828,-82.9694670438835,536
167503,42.2876580659108,-82.9682600498268,537
167503,42.286031,-82.96717,538
167503,42.286005,-82.96724,539
167503,42.286005,-82.96724,540
167502,42.286005,-82.96724,1
167502,42.2858951365078,-82.9671708505233,2
167502,42.2858440193915,-82.9672550677467,3
167502,42.2857959195013,-82.9674551660731,4
167502,42.2857244831598,-82.9679111438417,5
167502,42.285700671028,-82.9683778504989,6
167502,42.2858157629151,-82.9687801838241,7
167502,42.2859630796897,-82.9690253343776,8
167502,42.2861015073809,-82.9691825171493,9
167502,42.2866775071978,-82.9696109067769,10
167502,42.2871531945982,-82.9699186782354,11
167502,42.2874984616678,-82.9702673671173,12
167502,42.2876929215981,-82.9707555315519,13
167502,42.2876929215981,-82.9712383315421,14
167502,42.2876056131322,-82.9715226470919,15
167502,42.28760402,-82.97158919,16
167502,42.28760402,-82.97158919,17
167502,42.287518,-82.971539,18
167502,42.287467,-82.971697,19
167502,42.287845,-82.971975,20
167502,42.287908,-82.97209,21
167502,42.28864,-82.972495,22
167502,42.289148,-82.972701,23
167502,42.28996,-82.972959,24
167502,42.290881,-82.973105,25
167502,42.291681,-82.973105,26
167502,42.292513,-82.97307,27
167502,42.293097,-82.973122,28
167502,42.293676,-82.973311,29
167502,42.293839,-82.973259,30
167502,42.294163,-82.973359,31
167502,42.294361,-82.973447,32
167502,42.29461,-82.973114,33
167502,42.294694,-82.973003,34
167502,42.294662,-82.972958,35
167502,42.294662,-82.972958,36
167502,42.294662,-82.972958,37
167502,42.294694,-82.973003,38
167502,42.294861,-82.972785,39
167502,42.295136,-82.972398,40
167502,42.295273,-82.972259,41
167502,42.295392,-82.971962,42
167502,42.295495,-82.971518,43
167502,42.295555,-82.971178,44
167502,42.295538,-82.97075,45
167502,42.29549,-82.970349,46
167502,42.295431,-82.970097,47
167502,42.29538966,-82.97011482,48
167502,42.29538966,-82.97011482,49
167502,42.29538966,-82.97011482,50
167502,42.295431,-82.970097,51
167502,42.295399,-82.969961,52
167502,42.295296,-82.969591,53
167502,42.295239,-82.969226,54
167502,42.295225,-82.968756,55
167502,42.29525,-82.968485,56
167502,42.295293,-82.968218,57
167502,42.295373,-82.967943,58
167502,42.295545,-82.96744,59
167502,42.295635,-82.967181,60
167502,42.29558,-82.967146,61
167502,42.29558,-82.967146,62
167502,42.29558,-82.967146,63
167502,42.295635,-82.967181,64
167502,42.295819,-82.966653,65
167502,42.295877,-82.966437,66
167502,42.295903,-82.966237,67
167502,42.295914,-82.966127,68
167502,42.295919,-82.965776,69
167502,42.295922,-82.965673,70
167502,42.295883,-82.965608,71
167502,42.295856,-82.965524,72
167502,42.295865,-82.965426,73
167502,42.295891,-82.965343,74
167502,42.295938,-82.965284,75
167502,42.295997,-82.965252,76
167502,42.29606,-82.965243,77
167502,42.296298,-82.964973,78
167502,42.29631,-82.964952,79
167502,42.296361,-82.964893,80
167502,42.296395,-82.96485,81
167502,42.296549,-82.964569,82
167502,42.296649,-82.964269,83
167502,42.29659347,-82.96423547,84
167502,42.29659347,-82.96423547,85
167502,42.29659347,-82.96423547,86
167502,42.296649,-82.964269,87
167502,42.297001,-82.963214,88
167502,42.297499,-82.961777,89
167502,42.297875,-82.962022,90
167502,42.2979257,-82.96187967,91
167502,42.2979257,-82.96187967,92
167502,42.2979257,-82.96187967,93
167502,42.297875,-82.962022,94
167502,42.298503,-82.962432,95
167502,42.299205,-82.962885,96
167502,42.299292,-82.962946,97
167502,42.299868,-82.96331,98
167502,42.300134,-82.963478,99
167502,42.300761,-82.963864,100
167502,42.301458,-82.964304,101
167502,42.301632,-82.964413,102
167502,42.301742,-82.964482,103
167502,42.3017772,-82.96437807,104
167502,42.3017772,-82.96437807,105
167502,42.3017772,-82.96437807,106
167502,42.301742,-82.964482,107
167502,42.302716,-82.965092,108
167502,42.303618,-82.965647,109
167502,42.303806,-82.965769,110
167502,42.30382879,-82.96570457,111
167502,42.30382879,-82.96570457,112
167502,42.303829,-82.965705,113
167502,42.3041011779547,-82.9659228710251,114
167502,42.3069100571117,-82.9676609424667,115
167502,42.307274,-82.96785,116
167502,42.30727368,-82.96784953,117
167502,42.307274,-82.96785,118
167502,42.3073513343117,-82.967930366992,119
167502,42.3076168431442,-82.96815008216,120
167502,42.3107590985146,-82.9701671903994,121
167502,42.31090717,-82.97018924,122
167502,42.31090717,-82.97018924,123
167502,42.31090717,-82.97018924,124
167502,42.311030490233,-82.9703269536601,125
167502,42.31178,-82.97085,126
167502,42.3126,-82.97138,127
167502,42.312831,-82.971435,128
167502,42.312831,-82.971435,129
167502,42.312831,-82.971435,130
167502,42.3130123832364,-82.9716268845863,131
167502,42.3136,-82.97202,132
167502,42.31463,-82.97267,133
167502,42.314839,-82.972719,134
167502,42.314839,-82.972719,135
167502,42.314839,-82.972719,136
167502,42.3149709551913,-82.9728541270936,137
167502,42.3168035655743,-82.9740423456872,138
167502,42.31693506,-82.97406194,139
167502,42.31693506,-82.97406194,140
167502,42.3170045149289,-82.9741644863748,141
167502,42.3186415213901,-82.9752427341737,142
167502,42.3185055535416,-82.9756039381096,143
167502,42.318525,-82.975757,144
167502,42.318525,-82.975757,145
167502,42.318422418233,-82.9759055133877,146
167502,42.3179697364434,-82.9771889294466,147
167502,42.317941,-82.97743,148
167502,42.317941,-82.97743,149
167502,42.317941,-82.97743,150
167502,42.3178375953326,-82.9775849794575,151
167502,42.3172457529815,-82.9792774533459,152
167502,42.31719272,-82.97955045,153
167502,42.31719272,-82.97955045,154
167502,42.31719272,-82.97955045,155
167502,42.317126,-82.979506,156
167502,42.316808,-82.980393,157
167502,42.316432,-82.981463,158
167502,42.316204,-82.982132,159
167502,42.3162625,-82.98216853,160
167502,42.3162625,-82.98216853,161
167502,42.3162625,-82.98216853,162
167502,42.316204,-82.982132,163
167502,42.316139,-82.982321,164
167502,42.31414,-82.981069,165
167502,42.313959,-82.980951,166
167502,42.31393634,-82.98101533,167
167502,42.31393634,-82.98101533,168
167502,42.313936,-82.981015,169
167502,42.3138423594588,-82.980892124012,170
167502,42.3121,-82.97978,171
167502,42.3119432,-82.97972465,172
167502,42.3119432,-82.97972465,173
167502,42.3119432,-82.97972465,174
167502,42.3118590157559,-82.9796139774533,175
167502,42.310072890009,-82.9784629717914,176
167502,42.309936,-82.978444,177
167502,42.309936,-82.978444,178
167502,42.309936,-82.978444,179
167502,42.3098237831053,-82.9783030176593,180
167502,42.3081033464583,-82.9771822345365,181
167502,42.307966,-82.977182,182
167502,42.307966,-82.977182,183
167502,42.3059656559842,-82.9759062843709,184
167502,42.305856,-82.976487,185
167502,42.305856,-82.976487,186
167502,42.3057769495596,-82.9766104918919,187
167502,42.30564,-82.9772,188
167502,42.3056,-82.97741,189
167502,42.305499236103,-82.978080342432,190
167502,42.305502,-82.978342,191
167502,42.305502,-82.978342,192
167502,42.305502,-82.978342,193
167502,42.30542,-82.97842,194
167502,42.3050198061915,-82.9806152161121,195
167502,42.305034,-82.980858,196
167502,42.305034,-82.980858,197
167502,42.305034,-82.980858,198
167502,42.3049381361881,-82.9809722949824,199
167502,42.30466,-82.98243,200
167502,42.30446,-82.98351,201
167502,42.3044263421904,-82.9837215592226,202
167502,42.30442995,-82.98402788,203
167502,42.30442995,-82.98402788,204
167502,42.30442995,-82.98402788,205
167502,42.3043618703084,-82.9842406253551,206
167502,42.3040424925489,-82.9859076182579,207
167502,42.30402695,-82.9861137,208
167502,42.30402695,-82.9861137,209
167502,42.303936601928,-82.9861360803196,210
167502,42.3035729186448,-82.9879966368857,211
167502,42.3032925505175,-82.989436987541,212
167502,42.3033876434497,-82.9895257429515,213
167502,42.3036078380333,-82.9896839713786,214
167502,42.303719,-82.989669,215
167502,42.303719,-82.989669,216
167502,42.303694,-82.989741,217
167502,42.305712,-82.991015,218
167502,42.305942,-82.990399,219
167502,42.30589466,-82.99036741,220
167502,42.30589466,-82.99036741,221
167502,42.30589466,-82.99036741,222
167502,42.305942,-82.990399,223
167502,42.306024,-82.990178,224
167502,42.307933,-82.991416,225
167502,42.30795694,-82.99134914,226
167502,42.30795694,-82.99134914,227
167502,42.30795694,-82.99134914,228
167502,42.308011,-82.991466,229
167502,42.309998,-82.992749,230
167502,42.3101942852748,-82.992863953059,231
167502,42.3102445,-82.99281669,232
167502,42.3102445,-82.99281669,233
167502,42.310234909083,-82.9928657412529,234
167502,42.3103469933837,-82.9929582774639,235
167502,42.3125922842255,-82.9943615197044,236
167502,42.31267297,-82.99438102,237
167502,42.31267297,-82.99438102,238
167502,42.3126785840673,-82.9944522679415,239
167502,42.313991,-82.995298,240
167502,42.3141585577527,-82.9953990876675,241
167502,42.31419468,-82.99535287,242
167502,42.31419468,-82.99535287,243
167502,42.31419468,-82.99535287,244
167502,42.314173,-82.995415,245
167502,42.314213,-82.995441,246
167502,42.314824,-82.995841,247
167502,42.315941,-82.996536,248
167502,42.316174,-82.996686,249
167502,42.31618715,-82.99664813,250
167502,42.31618715,-82.99664813,251
167502,42.31618715,-82.99664813,252
167502,42.316174,-82.996686,253
167502,42.31669,-82.997019,254
167502,42.316726,-82.997042,255
167502,42.316809,-82.997094,256
167502,42.317142,-82.997302,257
167502,42.317314,-82.997409,258
167502,42.31834,-82.998093,259
167502,42.318697,-82.998316,260
167502,42.318723,-82.99824,261
167502,42.318723,-82.99824,262
167502,42.318723,-82.99824,263
167502,42.318697,-82.998316,264
167502,42.31899,-82.998499,265
167502,42.319956,-82.999112,266
167502,42.319805,-82.999563,267
167502,42.319732,-82.999781,268
167502,42.31976258,-82.99979976,269
167502,42.31976258,-82.99979976,270
167502,42.31976258,-82.99979976,271
167502,42.319732,-82.999781,272
167502,42.31967,-82.999969,273
167502,42.319521,-83.000416,274
167502,42.319339,-83.000922,275
167502,42.319159,-83.001419,276
167502,42.318999,-83.001915,277
167502,42.318899,-83.002282,278
167502,42.31893201,-83.00229783,279
167502,42.31893201,-83.00229783,280
167502,42.31893201,-83.00229783,281
167502,42.3188914267384,-83.0022972823281,282
167502,42.318552,-83.003554,283
167502,42.3183643691806,-83.0041354894672,284
167502,42.3183693,-83.00421884,285
167502,42.3183693,-83.00421884,286
167502,42.3182769158482,-83.0042695997031,287
167502,42.3181126744136,-83.0046647787094,288
167502,42.3176604964622,-83.0044198038377,289
167502,42.3173987120554,-83.0051475763321,290
167502,42.3170371288189,-83.0061185362206,291
167502,42.3170909198925,-83.0062306138232,292
167502,42.317083,-83.006306,293
167502,42.317083,-83.006306,294
167502,42.316986,-83.006243,295
167502,42.316816,-83.006722,296
167502,42.316433,-83.007798,297
167502,42.316136,-83.008631,298
167502,42.315861,-83.009404,299
167502,42.315766,-83.00967,300
167502,42.31581929,-83.0097047,301
167502,42.31581929,-83.0097047,302
167502,42.31581929,-83.0097047,303
167502,42.315766,-83.00967,304
167502,42.315706,-83.009839,305
167502,42.315555,-83.010261,306
167502,42.31541,-83.01067,307
167502,42.315254,-83.011105,308
167502,42.315126,-83.011468,309
167502,42.31517882,-83.01150201,310
167502,42.31517882,-83.01150201,311
167502,42.3150930627232,-83.0116816082987,312
167502,42.3165094792591,-83.0125868999702,313
167502,42.316373,-83.013004,314
167502,42.316373,-83.013004,315
167502,42.3162680559764,-83.013159258265,316
167502,42.3157008203052,-83.0147591959423,317
167502,42.31568212,-83.01502849,318
167502,42.31568212,-83.01502849,319
167502,42.31568212,-83.01502849,320
167502,42.3155639768367,-83.015183571395,321
167502,42.3144623703808,-83.0182921033053,322
167502,42.3144164,-83.01857053,323
167502,42.3144164,-83.01857053,324
167502,42.3144164,-83.01857053,325
167502,42.314358,-83.018534,326
167502,42.314319,-83.018644,327
167502,42.314118,-83.019209,328
167502,42.314097,-83.019268,329
167502,42.314073,-83.019336,330
167502,42.31385,-83.019969,331
167502,42.313751,-83.020217,332
167502,42.31376,-83.020284,333
167502,42.313741,-83.020348,334
167502,42.313723,-83.020408,335
167502,42.313716,-83.020458,336
167502,42.313713,-83.020522,337
167502,42.313725,-83.020565,338
167502,42.313726,-83.020611,339
167502,42.313715,-83.020654,340
167502,42.313693,-83.02069,341
167502,42.313664,-83.020714,342
167502,42.313631,-83.020723,343
167502,42.313609,-83.020763,344
167502,42.313586,-83.020808,345
167502,42.31357,-83.020854,346
167502,42.313565,-83.020865,347
167502,42.313541,-83.020921,348
167502,42.313502,-83.020956,349
167502,42.313335,-83.021404,350
167502,42.3133901573356,-83.0214420634734,351
167502,42.3133901573356,-83.0214420634734,352
167502,42.3133901573356,-83.0214420634734,353
167502,42.313335,-83.021404,354
167502,42.313242,-83.021652,355
167502,42.313205,-83.021752,356
167502,42.313179,-83.021824,357
167502,42.312892,-83.022636,358
167502,42.312863,-83.022719,359
167502,42.312839,-83.02279,360
167502,42.312624,-83.023428,361
167502,42.312534,-83.023694,362
167502,42.312506,-83.023775,363
167502,42.312553,-83.023805,364
167502,42.312553,-83.023805,365
167502,42.312553,-83.023805,366
167502,42.3124571489359,-83.0239724303042,367
167502,42.3117034324088,-83.0261356318747,368
167502,42.311659,-83.026393,369
167502,42.311659,-83.026393,370
167502,42.311659,-83.026393,371
167502,42.311598,-83.026353,372
167502,42.311565,-83.026445,373
167502,42.311557,-83.026468,374
167502,42.311398,-83.026907,375
167502,42.311307,-83.027174,376
167502,42.311057,-83.027879,377
167502,42.310632,-83.029063,378
167502,42.310699,-83.029107,379
167502,42.310699,-83.029107,380
167502,42.310699,-83.029107,381
167502,42.310632,-83.029063,382
167502,42.310592,-83.029173,383
167502,42.310558,-83.029266,384
167502,42.310526,-83.029363,385
167502,42.310328,-83.029946,386
167502,42.310099,-83.030602,387
167502,42.3099,-83.03117,388
167502,42.309873,-83.031245,389
167502,42.30978,-83.031523,390
167502,42.309833,-83.031555,391
167502,42.309833,-83.031555,392
167502,42.309819,-83.031609,393
167502,42.309175,-83.033417,394
167502,42.309175,-83.033417,395
167502,42.3091605681768,-83.0335814536824,396
167502,42.310414,-83.034343,397
167502,42.310414,-83.034343,398
167502,42.3105317372128,-83.0344550149265,399
167502,42.3117079398592,-83.0352088328728,400
167502,42.3120382811693,-83.0354271266623,401
167502,42.31212709,-83.0354363,402
167502,42.31212709,-83.0354363,403
167502,42.3141154287604,-83.0368508135273,404
167502,42.31399317,-83.03736897,405
167502,42.31399317,-83.03736897,406
167502,42.3139192872995,-83.0374891548017,407
167502,42.3133346754916,-83.0391266224505,408
167502,42.313292,-83.039334,409
167502,42.313292,-83.039334,410
167502,42.313292,-83.039334,411
167502,42.3132068019365,-83.0394803277881,412
167502,42.3121476419148,-83.0424629442126,413
167502,42.312108,-83.042663,414
167502,42.312108,-83.042663,415
167502,42.312108,-83.042663,416
167502,42.31197,-83.04284,417
167502,42.31176,-83.04344,418
167502,42.311654,-83.043952,419
167502,42.311654,-83.043952,420
167502,42.3105081067437,-83.0469790810322,421
167502,42.310077,-83.046761,422
167502,42.3100774,-83.04676084,423
167502,42.3100068066351,-83.0466629684258,424
167502,42.3099295427946,-83.0466203005045,425
167502,42.3096695417745,-83.0465018564835,426
167502,42.309141083759,-83.0462514967649,427
167502,42.309002,-83.046227,428
167502,42.309002,-83.046227,429
167502,42.309002,-83.046227,430
167502,42.3089073170823,-83.0460940021042,431
167502,42.3065289876518,-83.0446162495503,432
167502,42.306437,-83.044611,433
167502,42.3064038892768,-83.0445371575633,434
167502,42.3063109075309,-83.0444724205893,435
167502,42.3055878642851,-83.0440271738928,436
167502,42.30546,-83.044004,437
167502,42.30546,-83.044004,438
167502,42.30546,-83.044004,439
167502,42.3053437385564,-83.0438749093947,440
167502,42.3028836387569,-83.0423415073767,441
167502,42.302711,-83.042286,442
167502,42.302711,-83.042286,443
167502,42.302711,-83.042286,444
167502,42.302736,-83.042213,445
167502,42.302655,-83.042161,446
167502,42.301616,-83.041499,447
167502,42.300721,-83.040924,448
167502,42.30070409,-83.0409744,449
167502,42.30070409,-83.0409744,450
167502,42.30070409,-83.0409744,451
167502,42.300721,-83.040924,452
167502,42.299508,-83.040145,453
167502,42.299103,-83.039878,454
167502,42.298854,-83.039723,455
167502,42.298833,-83.039785,456
167502,42.298833,-83.039785,457
167502,42.298833,-83.039785,458
167502,42.2988190767688,-83.0397310861719,459
167502,42.2986993739181,-83.0396837054917,460
167502,42.2986120879898,-83.0396693997775,461
167502,42.2982853897086,-83.0397561207222,462
167502,42.298173913444,-83.0398857507999,463
167502,42.2982557593052,-83.0402290617862,464
167502,42.2982984574263,-83.04072308072,465
167502,42.2982688383455,-83.0410516306183,466
167502,42.298231134113,-83.0413118019509,467
167502,42.29825677,-83.04141792,468
167502,42.29825677,-83.04141792,469
167502,42.29825677,-83.04141792,470
167502,42.2981779066908,-83.0415649472077,471
167502,42.2980479609367,-83.0419189987977,472
167502,42.2978168353831,-83.0424634872277,473
167502,42.2974775851801,-83.0433164296944,474
167502,42.2972097547814,-83.0440285561879,475
167502,42.2968913327142,-83.0449364839394,476
167502,42.29683367,-83.04516025,477
167502,42.29683367,-83.04516025,478
167502,42.2964127413719,-83.0462770005175,479
167502,42.2961468838394,-83.0470977605009,480
167502,42.29545327,-83.04819322,481
167502,42.29545327,-83.04819322,482
167502,42.2953434503538,-83.0483101421421,483
167502,42.294940479637,-83.048928398827,484
167502,42.2947503038103,-83.0492911276474,485
167502,42.2942718665416,-83.0502265879902,486
167502,42.29418,-83.050464,487
167502,42.29418,-83.050464,488
167502,42.29418,-83.050464,489
167502,42.2941021751442,-83.0505567149468,490
167502,42.2929940840845,-83.0528245226689,491
167502,42.29292314,-83.05302556,492
167502,42.29292314,-83.05302556,493
167502,42.29292314,-83.05302556,494
167502,42.2928310711659,-83.0531654049924,495
167502,42.2918816759161,-83.0551153982597,496
167502,42.291811,-83.055333,497
167502,42.291811,-83.055333,498
167502,42.2914786394068,-83.0559204988622,499
167502,42.2913318111967,-83.0563496544091,500
167502,42.2906810009557,-83.0583344988134,501
167502,42.290695,-83.058434,502
167502,42.290695,-83.058434,503
167502,42.2904815323921,-83.0586950471172,504
167502,42.2899378743017,-83.0601836731205,505
167502,42.289855,-83.060607,506
167502,42.289855,-83.060607,507
167502,42.289855,-83.060607,508
167502,42.2897785564192,-83.0607329788812,509
167502,42.2896466091625,-83.0610709372171,510
167502,42.2895176378926,-83.0614263299116,511
167502,42.289287473124,-83.0620915177473,512
167502,42.28923521,-83.06230618,513
167502,42.28923521,-83.06230618,514
167502,42.2891880017856,-83.0625245221923,515
167502,42.290867,-83.064347,516
167502,42.290867,-83.064347,517
167502,42.290869,-83.064345,518
167502,42.29088,-83.06436,519
167502,42.29092,-83.06449,520
167502,42.2933350063565,-83.0660441185784,521
167502,42.293378,-83.065993,522
167502,42.293378,-83.065993,523
167502,42.293378,-83.065993,524
167502,42.2934139003024,-83.066080326928,525
167502,42.2958076145582,-83.0675927527519,526
167502,42.29592521,-83.06763652,527
167502,42.29592521,-83.06763652,528
167502,42.29592521,-83.06763652,529
167502,42.2959211970225,-83.0677056293851,530
167502,42.296946,-83.068353,531
167502,42.297001,-83.068194,532
167502,42.297067,-83.068019,533
167502,42.297239864377,-83.0676332097417,534
167502,42.29721794,-83.06757255,535
167502,42.29721794,-83.06757255,536
167502,42.29721794,-83.06757255,537
167502,42.297267,-83.067618,538
167502,42.297345,-83.067462,539
167502,42.297465,-83.067267,540
167502,42.297595,-83.06704,541
167502,42.297744,-83.066756,542
167502,42.297911,-83.066399,543
167502,42.298276,-83.06559,544
167502,42.298299,-83.06554,545
167502,42.298298,-83.065427,546
167502,42.298326,-83.065367,547
167502,42.29826056,-83.06531171,548
167502,42.29826056,-83.06531171,549
167502,42.29826056,-83.06531171,550
167502,42.298326,-83.065367,551
167502,42.298393,-83.065221,552
167502,42.298462,-83.06506,553
167502,42.298552,-83.064846,554
167502,42.298616,-83.064696,555
167502,42.29879,-83.064311,556
167502,42.298893,-83.064198,557
167502,42.298996,-83.063997,558
167502,42.299262,-83.063541,559
167502,42.2993,-83.063458,560
167502,42.299964,-83.062017,561
167502,42.300148,-83.06161,562
167502,42.300257,-83.061374,563
167502,42.300371,-83.06113,564
167502,42.300486,-83.060884,565
167502,42.30043689,-83.06084279,566
167502,42.30043689,-83.06084279,567
167502,42.30043689,-83.06084279,568
167502,42.300486,-83.060884,569
167502,42.300561,-83.060723,570
167502,42.30059,-83.06066,571
167502,42.301122,-83.061001,572
167502,42.301955,-83.061537,573
167502,42.302126,-83.061648,574
167502,42.3021494,-83.06158439,575
167502,42.3021494,-83.06158439,576
167502,42.3021494,-83.06158439,577
167502,42.302126,-83.061648,578
167502,42.302644,-83.061982,579
167502,42.303518,-83.062546,580
167502,42.303735,-83.062685,581
167502,42.304175,-83.062967,582
167502,42.30419556,-83.06290772,583
167502,42.30419556,-83.06290772,584
167502,42.30419556,-83.06290772,585
167502,42.304175,-83.062967,586
167502,42.304719,-83.063316,587
167502,42.304942,-83.063453,588
167502,42.304836,-83.063796,589
167502,42.304736,-83.064098,590
167502,42.304617,-83.064468,591
167502,42.304593,-83.064543,592
167502,42.304567,-83.064623,593
167502,42.304441,-83.065021,594
167502,42.30451139,-83.0650622,595
167502,42.30451139,-83.0650622,596
167502,42.30451139,-83.0650622,597
167502,42.304441,-83.065021,598
167502,42.304221,-83.065714,599
167502,42.304194,-83.065804,600
167502,42.304052,-83.066275,601
167502,42.303933,-83.066667,602
167502,42.303804,-83.067072,603
167502,42.303756,-83.06723,604
167502,42.303721,-83.067341,605
167502,42.3038001,-83.06738736,606
167502,42.3038001,-83.06738736,607
167502,42.3038001,-83.06738736,608
167502,42.303721,-83.067341,609
167502,42.30365,-83.067562,610
167502,42.303509,-83.067992,611
167502,42.303455,-83.068121,612
167502,42.303383,-83.06825,613
167502,42.303179,-83.0686,614
167502,42.303111,-83.068734,615
167502,42.303045,-83.068869,616
167502,42.302891,-83.06919,617
167502,42.302592,-83.069848,618
167502,42.302522,-83.069982,619
167502,42.302477,-83.070058,620
167502,42.302414,-83.070121,621
167502,42.302161,-83.070273,622
167502,42.30218547,-83.0703456,623
167502,42.30218547,-83.0703456,624
167502,42.302185,-83.070346,625
167502,42.3020843174834,-83.0703601926894,626
167502,42.3007819527587,-83.0711152345271,627
167502,42.30073149,-83.07119135,628
167502,42.30073149,-83.07119135,629
167502,42.3006941296165,-83.0711415409496,630
167502,42.30054,-83.071231,631
167502,42.300502,-83.071118,632
167502,42.300403,-83.070828,633
167502,42.300256,-83.070504,634
167502,42.300234,-83.070463,635
167502,42.300219,-83.070443,636
167502,42.300202,-83.070428,637
167502,42.300134,-83.070384,638
167502,42.300098,-83.070379,639
167502,42.300068,-83.070371,640
167502,42.300035,-83.070361,641
167502,42.299995,-83.070341,642
167502,42.299787,-83.070198,643
167502,42.2995209990247,-83.0700382590294,644
167502,42.29947159,-83.0700807,645
167502,42.29947159,-83.0700807,646
167502,42.29947159,-83.07008069,647
167502,42.2994351478031,-83.0700016020671,648
167502,42.2973374258493,-83.0686560273205,649
167502,42.297272,-83.06863,650
167502,42.297267,-83.068638,651
167502,42.29726667,-83.06863818,652
167502,42.297267,-83.068638,653
167502,42.2972299447154,-83.0685836110297,654
167502,42.296942273912,-83.0683913871494,655
167502,42.2968887074378,-83.0685385006914,656
167502,42.2964383507486,-83.069781660484,657
167502,42.2961763610199,-83.0703768894882,658
167502,42.296169,-83.07047,659
167502,42.296169,-83.07047,660
167502,42.296143401684,-83.0704715171614,661
167502,42.2956682117893,-83.0713433844175,662
167502,42.2951204367684,-83.0719733521248,663
167502,42.2945251253837,-83.0724123723929,664
167502,42.2931045527998,-83.0732846342042,665
167502,42.293017915277,-83.0730392641254,666
167502,42.29294712,-83.07297278,667
167502,42.29294712,-83.07297278,668
167502,42.292952,-83.07297,669
167502,42.2929220254706,-83.0727461181382,670
167502,42.292303985202,-83.0709155104856,671
167502,42.29221,-83.070777,672
167502,42.29221,-83.070778,673
167502,42.29221,-83.070778,674
167502,42.2919326640584,-83.0699444394209,675
167502,42.2916568686052,-83.0690995394379,676
167502,42.291589407663,-83.06894128833,677
167502,42.291392,-83.06906,678
167502,42.291392,-83.06906,679
167502,42.2912678048701,-83.0690842800658,680
167502,42.2901528356093,-83.0697804210559,681
167502,42.29002599,-83.06990452,682
167502,42.29002599,-83.06990452,683
167502,42.2886027020005,-83.0707146843339,684
167502,42.2883447485456,-83.0697490843534,685
167502,42.288269,-83.069712,686
167502,42.288269,-83.069712,687
167502,42.2883012209099,-83.0696321463792,688
167502,42.2877194184672,-83.0673036801402,689
167502,42.287674,-83.06729,690
167502,42.287674,-83.06729,691
167502,42.2873139350611,-83.0656340966269,692
167502,42.2870242274888,-83.0645773010927,693
167502,42.2868932633544,-83.0640730433251,694
167502,42.2867157989331,-83.0642209205502,695
167502,42.2865610223509,-83.0643657605473,696
167502,42.286247499391,-83.0645320583217,697
167502,42.2862979684032,-83.064695318868,698
167502,42.286447,-83.064606,699
167506,42.301644,-82.930054,1
167506,42.301644,-82.930054,2
167506,42.3015810162047,-82.9301490171967,3
167506,42.3012642775636,-82.9308335621796,4
167506,42.2970844277551,-82.9280389193268,5
167506,42.2973531672826,-82.9271433571472,6
167506,42.2975852,-82.92647703,7
167506,42.297585,-82.926477,8
167506,42.2975852,-82.92647703,9
167506,42.2977082894971,-82.9263400355473,10
167506,42.2979347315539,-82.9259884628885,11
167506,42.2982148394937,-82.9256231307903,12
167506,42.2989487173142,-82.924652244215,13
167506,42.2991112934155,-82.9243611660277,14
167506,42.2992107501376,-82.924137186996,15
167506,42.2993734272721,-82.9237630188384,16
167506,42.299662078958,-82.9229047119537,17
167506,42.2998509125811,-82.9223132822437,18
167506,42.2998962,-82.92206979,19
167506,42.299896,-82.92207,20
167506,42.2998962,-82.92206979,21
167506,42.3000334265063,-82.9218693766518,22
167506,42.3010439433434,-82.918957,23
167506,42.3013249757052,-82.9190778601189,24
167506,42.3014947372513,-82.9191320147152,25
167506,42.30160352,-82.91913229,26
167506,42.30160352,-82.91913229,27
167506,42.30160352,-82.91913229,28
167506,42.301592,-82.919205,29
167506,42.301679,-82.91923,30
167506,42.301841,-82.919275,31
167506,42.302194,-82.919371,32
167506,42.302381,-82.919423,33
167506,42.302394,-82.919426,34
167506,42.302544,-82.91946,35
167506,42.302589,-82.91947,36
167506,42.302824,-82.919463,37
167506,42.302991,-82.919427,38
167506,42.303167,-82.919334,39
167506,42.303828,-82.918931,40
167506,42.304293,-82.918605,41
167506,42.304563,-82.91842,42
167506,42.304817,-82.918108,43
167506,42.304959,-82.917884,44
167506,42.304917,-82.917835,45
167506,42.304917,-82.917835,46
167506,42.304917,-82.917835,47
167506,42.304959,-82.917884,48
167506,42.304994,-82.917829,49
167506,42.305706,-82.918605,50
167506,42.306424,-82.919386,51
167506,42.306539,-82.91962,52
167506,42.306622,-82.919886,53
167506,42.306657,-82.920096,54
167506,42.306654,-82.920146,55
167506,42.30670012,-82.92015107,56
167506,42.30670012,-82.92015107,57
167506,42.30670012,-82.92015107,58
167506,42.3066666318064,-82.9203735165329,59
167506,42.3066437080633,-82.9205837926201,60
167506,42.3060077548455,-82.9224050233135,61
167506,42.3059208937825,-82.922784682209,62
167506,42.305898848391,-82.9230085095696,63
167506,42.3058926405247,-82.923221635582,64
167506,42.3059553826566,-82.9236991783909,65
167506,42.306048,-82.9241452478504,66
167506,42.3062370613984,-82.9241028508476,67
167506,42.30632691,-82.92404017,68
167506,42.30632691,-82.92404017,69
167506,42.30632691,-82.92404017,70
167506,42.30649,-82.92406,71
167506,42.30671,-82.92413,72
167506,42.3075903565907,-82.9246760813646,73
167506,42.307695,-82.924693,74
167506,42.307695,-82.924693,75
167506,42.307695,-82.924693,76
167506,42.30792,-82.9249,77
167506,42.309082895199,-82.9256562000694,78
167506,42.309222,-82.925676,79
167506,42.309222,-82.925676,80
167506,42.309222,-82.925676,81
167506,42.3094123585653,-82.9259375257767,82
167506,42.309113007947,-82.926779963789,83
167506,42.3087896871543,-82.9276570461368,84
167506,42.308722,-82.928069,85
167506,42.308722,-82.928069,86
167506,42.308722,-82.928069,87
167506,42.3086332616906,-82.9282155201683,88
167506,42.3086729331414,-82.928344266201,89
167506,42.30971,-82.92901,90
167506,42.30976,-82.92904,91
167506,42.310333,-82.929292,92
167506,42.310333,-82.929292,93
167506,42.310333,-82.929292,94
167506,42.3104598434011,-82.9294488368054,95
167506,42.3125609600401,-82.9307526650124,96
167506,42.312735,-82.930775,97
167506,42.312735,-82.930775,98
167506,42.312735,-82.930775,99
167506,42.3128838923563,-82.9309648601189,100
167506,42.3133335233158,-82.9312473456221,101
167506,42.3136062436695,-82.9314619223433,102
167506,42.3142476181302,-82.9318735742397,103
167506,42.3138025686881,-82.9346866552601,104
167506,42.31379379,-82.93499073,105
167506,42.313802,-82.934995,106
167506,42.31379379,-82.93499073,107
167506,42.3137086368188,-82.9352091415847,108
167506,42.3132445164118,-82.9376177652801,109
167506,42.31323058,-82.93787641,110
167506,42.31323058,-82.93787641,111
167506,42.3131958577389,-82.9380704249357,112
167506,42.3132489046136,-82.9381653582225,113
167506,42.3139867536382,-82.9386374293241,114
167506,42.3148753345301,-82.9390129404276,115
167506,42.3149626051911,-82.9386588871015,116
167506,42.3150383749938,-82.9380424821528,117
167506,42.3150681709745,-82.9378587499343,118
167506,42.3153751557686,-82.9379507804491,119
167506,42.3156409802204,-82.9379591812425,120
167506,42.3157639028763,-82.9376611004549,121
167506,42.315867039461,-82.937167571576,122
167506,42.31647873797,-82.9372561682871,123
167506,42.3165303831456,-82.9369879460703,124
167506,42.3166694276385,-82.9362369238632,125
167506,42.3163039385996,-82.9360920838661,126
167506,42.316205801317,-82.9361170374829,127
167506,42.3161609205718,-82.9362154660859,128
167506,42.316078,-82.93662,129
167506,42.316078,-82.93662,130
167506,42.3160188109797,-82.9366802920955,131
167506,42.3157817918535,-82.9378866588955,132
167506,42.3157537916122,-82.9380227472284,133
167506,42.3157229326606,-82.9380835096166,134
167506,42.3156595824748,-82.9381005312898,135
167506,42.315559,-82.9381034429569,136
167506,42.3152908876515,-82.9380151337643,137
167506,42.3151954764549,-82.9380898024537,138
167506,42.3151458922761,-82.9382480527856,139
167506,42.3151278664071,-82.9383790321451,140
167506,42.3150294262276,-82.9389585373649,141
167506,42.3149856342208,-82.9392221079693,142
167506,42.3143724013934,-82.9391156122416,143
167506,42.3139268903403,-82.9389259872505,144
167506,42.313511365338,-82.9386765418121,145
167506,42.3131695835121,-82.9384629178257,146
167506,42.3131164484865,-82.9384870594311,147
167506,42.3130529786339,-82.9385742312241,148
167506,42.3124531435116,-82.9417094868831,149
167506,42.312435,-82.942045,150
167506,42.312435,-82.942045,151
167506,42.312435,-82.942045,152
167506,42.3123574544991,-82.9422319717667,153
167506,42.3120998205531,-82.9432334908097,154
167506,42.3119946968771,-82.9436398454754,155
167506,42.3118018843147,-82.9446206441803,156
167506,42.3114254392043,-82.9443801351635,157
167506,42.311316,-82.944361,158
167506,42.311316,-82.944361,159
167506,42.311316,-82.944361,160
167506,42.3112416950485,-82.9442698305202,161
167506,42.3104396703384,-82.9437292479391,162
167506,42.3094005652209,-82.9430773494793,163
167506,42.30926912,-82.94303604,164
167506,42.30926912,-82.94303604,165
167506,42.30926912,-82.94303604,166
167506,42.3091532521024,-82.942918049267,167
167506,42.3090353835626,-82.9428725276127,168
167506,42.3089360522599,-82.9428724517137,169
167506,42.3087991862208,-82.9429086615354,170
167506,42.308711909171,-82.9429676701337,171
167506,42.3086205729339,-82.9430608834324,172
167506,42.3085373547082,-82.9431742002279,173
167506,42.3084837981283,-82.9432761241704,174
167506,42.3079872301948,-82.9449791270072,175
167506,42.307942,-82.945213,176
167506,42.307942,-82.945213,177
167506,42.307942,-82.945213,178
167506,42.3078826726189,-82.9452985701419,179
167506,42.3072952535054,-82.9472568078874,180
167506,42.30727916,-82.94740952,181
167506,42.30727916,-82.94740952,182
167506,42.30727916,-82.94740952,183
167506,42.3072134871599,-82.9475213642445,184
167506,42.30701,-82.94815,185
167506,42.30699,-82.94822,186
167506,42.30661,-82.94941,187
167506,42.3065509552926,-82.9496698136654,188
167506,42.306562,-82.949821,189
167506,42.306562,-82.949821,190
167506,42.306562,-82.949821,191
167506,42.3064926031563,-82.9499783053837,192
167506,42.30624,-82.9507,193
167506,42.30582,-82.95189,194
167506,42.305455,-82.951701,195
167506,42.305455,-82.951701,196
167506,42.305455,-82.951701,197
167506,42.3053491290368,-82.9516074375038,198
167506,42.304,-82.95072,199
167506,42.303628,-82.950548,200
167506,42.303628,-82.950548,201
167506,42.303628,-82.950548,202
167506,42.30365,-82.950483,203
167506,42.299594,-82.947987,204
167506,42.299515,-82.947936,205
167506,42.299496,-82.947989,206
167506,42.299496,-82.947989,207
167506,42.299496,-82.947989,208
167506,42.299353399609,-82.947833624012,209
167506,42.2976710591392,-82.9467680121494,210
167506,42.297379,-82.946631,211
167506,42.297379,-82.946631,212
167506,42.297379,-82.946631,213
167506,42.2972812696583,-82.946512828207,214
167506,42.2953087759079,-82.9452935975533,215
167506,42.2952443925314,-82.9454736179616,216
167506,42.2952,-82.945668,217
167506,42.2952,-82.945668,218
167506,42.2952,-82.945668,219
167506,42.2951172160189,-82.9458059092274,220
167506,42.2945393287786,-82.9474670208321,221
167506,42.29449557,-82.94765061,222
167506,42.29449557,-82.94765061,223
167506,42.29449557,-82.94765061,224
167506,42.2944163195905,-82.947807661377,225
167506,42.2942958562266,-82.9482390466271,226
167506,42.2941565105349,-82.9493034808468,227
167506,42.2940739600799,-82.9496269766865,228
167506,42.2937474893678,-82.95056528503,229
167506,42.29368938,-82.95079895,230
167506,42.29368938,-82.95079895,231
167506,42.29368938,-82.95079895,232
167506,42.2936241914519,-82.9509150871372,233
167506,42.2930938167259,-82.9524629067459,234
167506,42.2932085503489,-82.952538884494,235
167506,42.293311,-82.952568,236
167506,42.293311,-82.952568,237
167506,42.293311,-82.952568,238
167506,42.2934268200393,-82.9526847374344,239
167506,42.294790976014,-82.9535562012234,240
167506,42.2949752605829,-82.9536174736845,241
167506,42.2951995359227,-82.9536568601189,242
167506,42.2953621400756,-82.9536201558935,243
167506,42.2954578,-82.95354863,244
167506,42.2954578,-82.95354863,245
167506,42.2954578,-82.95354863,246
167506,42.2956049350513,-82.9535286502972,247
167506,42.2975639165509,-82.9527554343586,248
167506,42.2976807,-82.9526672,249
167506,42.2976807,-82.9526672,250
167506,42.2976807,-82.9526672,251
167506,42.2978089304339,-82.9526991079693,252
167506,42.2980139785712,-82.9527045011192,253
167506,42.2982738699516,-82.9527393698364,254
167506,42.2985219919459,-82.9528358601189,255
167506,42.3005061778821,-82.9540788834324,256
167506,42.3006845040981,-82.9541090030429,257
167506,42.3011270282112,-82.954065682209,258
167506,42.30125149,-82.9540124,259
167506,42.30125149,-82.9540124,260
167506,42.30125149,-82.9540124,261
167506,42.3013732720637,-82.9540511944225,262
167506,42.3020118378212,-82.9540085423279,263
167506,42.3022012378616,-82.9540510580398,264
167506,42.3023779188521,-82.9541149067459,265
167506,42.3028402764961,-82.9543971993854,266
167506,42.30297619,-82.9544205,267
167506,42.30297619,-82.9544205,268
167506,42.30297619,-82.9544205,269
167506,42.3031135410711,-82.9545729566765,270
167506,42.30456,-82.95553,271
167506,42.304765,-82.955564,272
167506,42.304765,-82.955564,273
167506,42.304765,-82.955564,274
167506,42.3049337606571,-82.9557626134224,275
167506,42.30663,-82.95684,276
167506,42.30685,-82.9569,277
167506,42.30695344,-82.95676154,278
167506,42.30695344,-82.95676154,279
167506,42.30695344,-82.95676154,280
167506,42.3070618864864,-82.9567971281245,281
167506,42.3071746109687,-82.9567733612,282
167506,42.3072971153158,-82.9567966588955,283
167506,42.3083101399322,-82.9574362758233,284
167506,42.308453,-82.957461,285
167506,42.30850543,-82.95749174,286
167506,42.308453,-82.957461,287
167506,42.3085523166374,-82.9575751554693,288
167506,42.3087723838734,-82.9579115742397,289
167506,42.3090561428538,-82.9581245390062,290
167506,42.3092565888577,-82.9582824809856,291
167506,42.3090462250538,-82.959440162528,292
167506,42.30901137,-82.95975657,293
167506,42.30901138,-82.95975658,294
167506,42.30901137,-82.95975657,295
167506,42.3089525808795,-82.9599382331352,296
167506,42.3088184413255,-82.9606984343586,297
167506,42.3091813027667,-82.9608822815008,298
167506,42.3092983716656,-82.9609549739944,299
167506,42.3107314829131,-82.9618603030758,300
167506,42.31085093,-82.96188794,301
167506,42.31085093,-82.96188794,302
167506,42.31085093,-82.96188794,303
167506,42.3109663241422,-82.9620061680781,304
167506,42.3125491369606,-82.9630093142497,305
167506,42.312727,-82.963071,306
167506,42.312727,-82.963071,307
167506,42.312727,-82.963071,308
167506,42.31298,-82.96334,309
167506,42.31563,-82.96501,310
167506,42.315934,-82.965106,311
167506,42.315934,-82.965106,312
167506,42.315934,-82.965106,313
167506,42.315904,-82.965195,314
167506,42.318125,-82.966555,315
167506,42.318144,-82.966499,316
167506,42.318144,-82.966499,317
167506,42.318144,-82.966499,318
167506,42.318125,-82.966555,319
167506,42.318327,-82.966678,320
167506,42.318367,-82.966699,321
167506,42.32056,-82.9681,322
167506,42.320619,-82.968642,323
167506,42.32067544,-82.96863124,324
167506,42.32067544,-82.96863124,325
167506,42.32067544,-82.96863124,326
167506,42.320619,-82.968642,327
167506,42.320731,-82.969661,328
167506,42.320899,-82.971339,329
167506,42.320938,-82.971679,330
167506,42.32098574,-82.97166884,331
167506,42.32098574,-82.97166884,332
167506,42.32098574,-82.97166884,333
167506,42.320938,-82.971679,334
167506,42.321002,-82.972246,335
167506,42.321208,-82.97429,336
167506,42.32126043,-82.97427977,337
167506,42.32126043,-82.97427977,338
167506,42.32126043,-82.97427977,339
167506,42.321208,-82.97429,340
167506,42.321234,-82.974549,341
167506,42.321363,-82.975841,342
167506,42.321446,-82.976796,343
167506,42.32150203,-82.97678722,344
167506,42.32150203,-82.97678722,345
167506,42.32150203,-82.97678722,346
167506,42.321446,-82.976796,347
167506,42.321471,-82.977079,348
167506,42.321583,-82.977151,349
167506,42.321738,-82.977247,350
167506,42.321781,-82.977273,351
167506,42.321943,-82.977362,352
167506,42.324036,-82.978707,353
167506,42.324339,-82.978903,354
167506,42.32435994,-82.97884387,355
167506,42.32435994,-82.97884387,356
167506,42.32435994,-82.97884387,357
167506,42.324339,-82.978903,358
167506,42.325972,-82.979957,359
167506,42.326136,-82.980063,360
167506,42.32615674,-82.98000532,361
167506,42.32615674,-82.98000532,362
167506,42.32615674,-82.98000532,363
167506,42.3261648819129,-82.9800707100731,364
167506,42.326341,-82.980196,365
167506,42.326212,-82.980829,366
167506,42.326119,-82.981305,367
167506,42.3260696866076,-82.9816272854805,368
167506,42.326057,-82.981884,369
167506,42.3256671263401,-82.9838508367539,370
167506,42.3255885000737,-82.9843193293164,371
167506,42.32561763,-82.98437585,372
167506,42.32561763,-82.98437585,373
167506,42.325618,-82.984376,374
167506,42.3255533736935,-82.9845783306647,375
167506,42.3252717813962,-82.9860267235327,376
167506,42.3252567,-82.98629166,377
167506,42.3252567,-82.98629167,378
167506,42.3252567,-82.98629167,379
167506,42.325222,-82.986279,380
167506,42.325077,-82.987021,381
167506,42.324889,-82.987969,382
167506,42.324794,-82.987911,383
167506,42.324478,-82.987708,384
167506,42.32445339,-82.98778036,385
167506,42.32445339,-82.98778036,386
167506,42.32445339,-82.98778036,387
167506,42.324478,-82.987708,388
167506,42.322724,-82.986582,389
167506,42.322686,-82.986559,390
167506,42.322645,-82.986531,391
167506,42.322543,-82.986462,392
167506,42.322098,-82.986174,393
167506,42.321891,-82.986041,394
167506,42.32186207,-82.98612382,395
167506,42.32186207,-82.98612382,396
167506,42.32186207,-82.98612382,397
167506,42.321891,-82.986041,398
167506,42.320116,-82.984895,399
167506,42.319903,-82.984759,400
167506,42.31987492,-82.98483805,401
167506,42.31987492,-82.98483805,402
167506,42.31987492,-82.98483805,403
167506,42.319903,-82.984759,404
167506,42.318122,-82.983619,405
167506,42.317944,-82.983502,406
167506,42.31791644,-82.98358012,407
167506,42.31791644,-82.98358012,408
167506,42.31791644,-82.98358012,409
167506,42.317944,-82.983502,410
167506,42.316139,-82.982321,411
167506,42.315998,-82.982716,412
167506,42.31606304,-82.98275913,413
167506,42.31606304,-82.98275913,414
167506,42.31606304,-82.98275913,415
167506,42.315998,-82.982716,416
167506,42.315902,-82.982983,417
167506,42.315676,-82.983615,418
167506,42.31535,-82.984524,419
167506,42.31542669,-82.98457418,420
167506,42.31542669,-82.98457418,421
167506,42.31542669,-82.98457418,422
167506,42.31535,-82.984524,423
167506,42.315276,-82.984731,424
167506,42.314962,-82.985654,425
167506,42.314697,-82.986407,426
167506,42.31476487,-82.98645114,427
167506,42.31476487,-82.98645114,428
167506,42.314765,-82.986451,429
167506,42.3146988359352,-82.9865574654361,430
167506,42.3144299638553,-82.9872996555307,431
167506,42.3133818232281,-82.9902639103813,432
167506,42.313328,-82.990482,433
167506,42.313328,-82.990482,434
167506,42.313328,-82.990482,435
167506,42.3132505242784,-82.9906211383801,436
167506,42.3125266938445,-82.9926737521496,437
167506,42.3124998280082,-82.9928611027768,438
167506,42.3124700762313,-82.9933385359815,439
167506,42.3124433216298,-82.9940089889202,440
167506,42.312449,-82.994164,441
167506,42.312449,-82.994164,442
167506,42.312449,-82.994164,443
167506,42.3123854813073,-82.994274001732,444
167506,42.3117267025725,-82.9960903030758,445
167506,42.311675,-82.996345,446
167506,42.311675,-82.996345,447
167506,42.311675,-82.996345,448
167506,42.311574132158,-82.9965084601536,449
167506,42.3108249752562,-82.9986974049282,450
167506,42.31077065,-82.99896753,451
167506,42.31077065,-82.99896753,452
167506,42.31077065,-82.99896753,453
167506,42.3106552885942,-82.9991633055573,454
167506,42.3105961801847,-82.9993574091915,455
167506,42.3105706564452,-82.9995087876968,456
167506,42.3106697642729,-82.9997845668571,457
167506,42.311703892598,-83.0004850846558,458
167506,42.3136768723122,-83.0017525276127,459
167506,42.3133966077578,-83.0025709361763,460
167506,42.31336314,-83.00273935,461
167506,42.31336314,-83.00273935,462
167506,42.31336314,-83.00273935,463
167506,42.313254792849,-83.0029102356167,464
167506,42.312736107726,-83.0043243154754,465
167506,42.3122641147039,-83.0056704441109,466
167506,42.31217043,-83.0061024,467
167506,42.31217043,-83.0061024,468
167506,42.31217043,-83.0061024,469
167506,42.3119983306699,-83.0063852528134,470
167506,42.311136896028,-83.0088224968548,471
167506,42.31099417,-83.00935131,472
167506,42.31099417,-83.00935131,473
167506,42.31099417,-83.00935131,474
167506,42.3108998680159,-83.0094769558544,475
167506,42.3106747221227,-83.0101395165329,476
167506,42.310629,-83.010377,477
167506,42.310629,-83.010377,478
167506,42.310629,-83.010377,479
167506,42.3105388516206,-83.0104694282417,480
167506,42.3099065389498,-83.0122988073749,481
167506,42.3098558,-83.01253599,482
167506,42.3098558,-83.01253599,483
167506,42.3098558,-83.01253599,484
167506,42.3097888964524,-83.0125991168811,485
167506,42.3090944656887,-83.0145786208668,486
167506,42.30906,-83.014821,487
167506,42.30906,-83.014821,488
167506,42.30906,-83.014821,489
167506,42.308991,-83.014776,490
167506,42.308669,-83.015676,491
167506,42.308649,-83.015732,492
167506,42.30862,-83.015814,493
167506,42.308421,-83.016386,494
167506,42.308341,-83.016619,495
167506,42.308269,-83.016825,496
167506,42.30823,-83.016938,497
167506,42.308184,-83.017069,498
167506,42.308264,-83.01712,499
167506,42.308495,-83.017267,500
167506,42.308534089997,-83.017155463554,501
167506,42.308534089997,-83.017155463554,502
167506,42.308534089997,-83.017155463554,503
167506,42.308495,-83.017267,504
167506,42.308543,-83.017297,505
167506,42.308585,-83.017324,506
167506,42.308893,-83.017529,507
167506,42.309877,-83.018131,508
167506,42.310213,-83.018348,509
167506,42.310223,-83.018355,510
167506,42.310261,-83.018379,511
167506,42.310382,-83.018458,512
167506,42.310327,-83.018618,513
167506,42.310175,-83.019055,514
167506,42.310034,-83.019461,515
167506,42.310083,-83.019492,516
167506,42.310083,-83.019492,517
167506,42.310083,-83.019492,518
167506,42.310001,-83.019463,519
167506,42.309161,-83.021877,520
167506,42.30922502,-83.02189961,521
167506,42.30922502,-83.02189961,522
167506,42.30922502,-83.02189961,523
167506,42.30910051794,-83.0221395153789,524
167506,42.3084918850449,-83.0238235975532,525
167506,42.308388,-83.024169,526
167506,42.308388,-83.024169,527
167506,42.308388,-83.024169,528
167506,42.3082883611663,-83.0243159791679,529
167506,42.3072691235537,-83.0267137177563,530
167506,42.307226,-83.026962,531
167506,42.307226,-83.026962,532
167506,42.307226,-83.026962,533
167506,42.3071127952684,-83.0270835190143,534
167506,42.3065870245436,-83.0283463877315,535
167506,42.30655386,-83.02854513,536
167506,42.30655386,-83.02854513,537
167506,42.30655386,-83.02854513,538
167506,42.3064385561971,-83.0286795681229,539
167506,42.3061846481009,-83.0292516517895,540
167506,42.3055671509132,-83.0308011288013,541
167506,42.3055,-83.031024,542
167506,42.3055,-83.031024,543
167506,42.3055,-83.031024,544
167506,42.3054649918365,-83.0310760552254,545
167506,42.3054316408443,-83.0311749067459,546
167506,42.3058248938021,-83.0314244024467,547
167506,42.3071340655189,-83.0322646269836,548
167506,42.307257,-83.032295,549
167506,42.307257,-83.032295,550
167506,42.307257,-83.032295,551
167506,42.3074107014249,-83.0324320174363,552
167506,42.3092736579304,-83.03364478158,553
167506,42.30939426,-83.03367885,554
167506,42.30939426,-83.03367885,555
167506,42.30939426,-83.03367885,556
167506,42.3095203327323,-83.0338057360104,557
167506,42.3103194449819,-83.0343154871025,558
167506,42.310414,-83.034343,559
167506,42.310414,-83.034343,560
167506,42.310414,-83.034343,561
167506,42.3105317372128,-83.0344550149265,562
167506,42.3117079398592,-83.0352088328728,563
167506,42.3120382811693,-83.0354271266623,564
167506,42.31212709,-83.0354363,565
167506,42.31212709,-83.0354363,566
167506,42.31212709,-83.0354363,567
167506,42.3122132990309,-83.035544720293,568
167506,42.3128369624957,-83.0359395977982,569
167506,42.3130364296951,-83.0361012786636,570
167506,42.313280259931,-83.0362534162529,571
167506,42.3135184024122,-83.0363882750282,572
167506,42.3140012314177,-83.0366785463818,573
167506,42.314372431821,-83.0369187582665,574
167506,42.314483,-83.036934,575
167506,42.314483,-83.036934,576
167506,42.314483,-83.036934,577
167506,42.3145866378261,-83.0370796908073,578
167506,42.3166204003028,-83.0384088515206,579
167506,42.316718,-83.038415,580
167506,42.316718,-83.038415,581
167506,42.316718,-83.038415,582
167506,42.3167939406917,-83.0385496674938,583
167506,42.3173792251576,-83.038899682018,584
167506,42.3179128976442,-83.0392359557142,585
167506,42.3180963508444,-83.0394143226137,586
167506,42.3182782304501,-83.0395232564487,587
167506,42.3182262552194,-83.0397428932181,588
167506,42.31820901,-83.03996236,589
167506,42.31820901,-83.03996236,590
167506,42.31820901,-83.03996236,591
167506,42.3181265735072,-83.0400148306885,592
167506,42.3173070147985,-83.0433487643833,593
167506,42.3173706559869,-83.0434216964102,594
167506,42.3175509940843,-83.0434490844882,595
167506,42.31769139,-83.04345046,596
167506,42.31769139,-83.04345046,597
167508,42.310866,-82.929836,1
167508,42.310866,-82.929836,2
167508,42.310906,-82.92977,3
167508,42.31044,-82.92948,4
167508,42.310296,-82.929894,5
167508,42.30986,-82.93116,6
167508,42.30959,-82.932511,7
167508,42.309668,-82.932526,8
167508,42.309668,-82.932526,9
167508,42.309668,-82.932526,10
167508,42.30959,-82.932511,11
167508,42.30955,-82.93273,12
167508,42.30943,-82.93339,13
167508,42.30923,-82.93396,14
167508,42.308678,-82.933608,15
167508,42.308644,-82.933663,16
167508,42.308644,-82.933663,17
167508,42.308644,-82.933663,18
167508,42.3084714255143,-82.9334502933235,19
167508,42.306858733432,-82.9324457909752,20
167508,42.30663,-82.932394,21
167508,42.30663,-82.932394,22
167508,42.30663,-82.932394,23
167508,42.306663,-82.932299,24
167508,42.306398,-82.932129,25
167508,42.306213,-82.932011,26
167508,42.306074,-82.931933,27
167508,42.30602,-82.9319,28
167508,42.305511,-82.931585,29
167508,42.305477,-82.931564,30
167508,42.305248,-82.931392,31
167508,42.304921,-82.931037,32
167508,42.304896,-82.931079,33
167508,42.304896,-82.931079,34
167508,42.304896,-82.931079,35
167508,42.304921,-82.931037,36
167508,42.304829,-82.930938,37
167508,42.30475,-82.930841,38
167508,42.304696,-82.930775,39
167508,42.304588,-82.930706,40
167508,42.304157,-82.930414,41
167508,42.304134,-82.930404,42
167508,42.303953,-82.93032,43
167508,42.303604,-82.930157,44
167508,42.303309,-82.930114,45
167508,42.303103,-82.930096,46
167508,42.302836,-82.930019,47
167508,42.302809,-82.930009,48
167508,42.302692,-82.929964,49
167508,42.302685,-82.930088,50
167508,42.30275583,-82.93009636,51
167508,42.30275583,-82.93009636,52
167508,42.30275583,-82.93009636,53
167508,42.3026877622701,-82.9300091173333,54
167508,42.3026191168903,-82.9299831570778,55
167508,42.3023166208629,-82.9298371803913,56
167508,42.3021021407624,-82.929718048042,57
167508,42.3018058540972,-82.9295192797623,58
167508,42.3016643355554,-82.9298807962952,59
167508,42.301644,-82.930054,60
167508,42.301644,-82.930054,61
167505,42.301644,-82.930054,1
167505,42.301644,-82.930054,2
167505,42.3015582025537,-82.930205343586,3
167505,42.3006488750854,-82.93276402845,4
167505,42.2999002302982,-82.9349198275738,5
167505,42.3026228455657,-82.9366488644485,6
167505,42.3027468446349,-82.9363154834671,7
167505,42.30279,-82.936097,8
167505,42.30279,-82.936097,9
167505,42.30279,-82.936097,10
167505,42.3028812498274,-82.9359563273761,11
167505,42.3038056725966,-82.9333133298511,12
167505,42.303797,-82.933157,13
167505,42.303797,-82.933157,14
167505,42.303797,-82.933157,15
167505,42.30407,-82.93259,16
167505,42.30266,-82.9317,17
167505,42.3013,-82.93083,18
167505,42.29706,-82.92814,19
167505,42.29714,-82.92797,20
167505,42.2975852,-82.92647703,21
167505,42.297585,-82.926477,22
167505,42.2975852,-82.92647703,23
167505,42.2977082894971,-82.9263400355473,24
167505,42.2979347315539,-82.9259884628885,25
167505,42.2982148394937,-82.9256231307903,26
167505,42.2989487173142,-82.924652244215,27
167505,42.2991112934155,-82.9243611660277,28
167505,42.2992107501376,-82.924137186996,29
167505,42.2993734272721,-82.9237630188384,30
167505,42.299662078958,-82.9229047119537,31
167505,42.2998509125811,-82.9223132822437,32
167505,42.2998962,-82.92206979,33
167505,42.299896,-82.92207,34
167505,42.2998962,-82.92206979,35
167505,42.3000334265063,-82.9218693766518,36
167505,42.3010439433434,-82.918957,37
167505,42.3013249757052,-82.9190778601189,38
167505,42.3014947372513,-82.9191320147152,39
167505,42.30160352,-82.91913229,40
167505,42.30160352,-82.91913229,41
167505,42.30160352,-82.91913229,42
167505,42.301592,-82.919205,43
167505,42.301679,-82.91923,44
167505,42.301841,-82.919275,45
167505,42.302194,-82.919371,46
167505,42.302381,-82.919423,47
167505,42.302394,-82.919426,48
167505,42.302544,-82.91946,49
167505,42.302589,-82.91947,50
167505,42.302824,-82.919463,51
167505,42.302991,-82.919427,52
167505,42.303167,-82.919334,53
167505,42.303828,-82.918931,54
167505,42.304293,-82.918605,55
167505,42.304563,-82.91842,56
167505,42.304817,-82.918108,57
167505,42.304959,-82.917884,58
167505,42.304917,-82.917835,59
167505,42.304917,-82.917835,60
167505,42.304917,-82.917835,61
167505,42.304959,-82.917884,62
167505,42.304994,-82.917829,63
167505,42.305706,-82.918605,64
167505,42.306424,-82.919386,65
167505,42.306539,-82.91962,66
167505,42.306622,-82.919886,67
167505,42.306657,-82.920096,68
167505,42.306654,-82.920146,69
167505,42.30670012,-82.92015107,70
167505,42.30670012,-82.92015107,71
167505,42.30670012,-82.92015107,72
167505,42.3066666318064,-82.9203735165329,73
167505,42.3066437080633,-82.9205837926201,74
167505,42.3060077548455,-82.9224050233135,75
167505,42.3059208937825,-82.922784682209,76
167505,42.305898848391,-82.9230085095696,77
167505,42.3058926405247,-82.923221635582,78
167505,42.3059553826566,-82.9236991783909,79
167505,42.306048,-82.9241452478504,80
167505,42.3062370613984,-82.9241028508476,81
167505,42.30632691,-82.92404017,82
167505,42.30632691,-82.92404017,83
167505,42.30632691,-82.92404017,84
167505,42.30649,-82.92406,85
167505,42.30671,-82.92413,86
167505,42.3075903565907,-82.9246760813646,87
167505,42.307695,-82.924693,88
167505,42.307695,-82.924693,89
167505,42.307695,-82.924693,90
167505,42.30792,-82.9249,91
167505,42.309082895199,-82.9256562000694,92
167505,42.309222,-82.925676,93
167505,42.309222,-82.925676,94
167505,42.309222,-82.925676,95
167505,42.3094123585653,-82.9259375257767,96
167505,42.309113007947,-82.926779963789,97
167505,42.3087896871543,-82.9276570461368,98
167505,42.308722,-82.928069,99
167505,42.308722,-82.928069,100
167505,42.308722,-82.928069,101
167505,42.3086332616906,-82.9282155201683,102
167505,42.3086729331414,-82.928344266201,103
167505,42.30971,-82.92901,104
167505,42.30976,-82.92904,105
167505,42.310333,-82.929292,106
167505,42.310333,-82.929292,107
167505,42.310333,-82.929292,108
167505,42.3104598434011,-82.9294488368054,109
167505,42.3125609600401,-82.9307526650124,110
167505,42.312735,-82.930775,111
167505,42.312735,-82.930775,112
167505,42.312735,-82.930775,113
167505,42.3128838923563,-82.9309648601189,114
167505,42.3133335233158,-82.9312473456221,115
167505,42.3136062436695,-82.9314619223433,116
167505,42.3142476181302,-82.9318735742397,117
167505,42.3138025686881,-82.9346866552601,118
167505,42.31379379,-82.93499073,119
167505,42.313802,-82.934995,120
167505,42.31379379,-82.93499073,121
167505,42.3137086368188,-82.9352091415847,122
167505,42.3132445164118,-82.9376177652801,123
167505,42.31323058,-82.93787641,124
167505,42.31323058,-82.93787641,125
167505,42.3131958577389,-82.9380704249357,126
167505,42.3132489046136,-82.9381653582225,127
167505,42.3139867536382,-82.9386374293241,128
167505,42.3148753345301,-82.9390129404276,129
167505,42.3149626051911,-82.9386588871015,130
167505,42.3150383749938,-82.9380424821528,131
167505,42.3150681709745,-82.9378587499343,132
167505,42.3153751557686,-82.9379507804491,133
167505,42.3156409802204,-82.9379591812425,134
167505,42.3157639028763,-82.9376611004549,135
167505,42.315867039461,-82.937167571576,136
167505,42.31647873797,-82.9372561682871,137
167505,42.3165303831456,-82.9369879460703,138
167505,42.3166694276385,-82.9362369238632,139
167505,42.3163039385996,-82.9360920838661,140
167505,42.316205801317,-82.9361170374829,141
167505,42.3161609205718,-82.9362154660859,142
167505,42.316078,-82.93662,143
167505,42.316078,-82.93662,144
167505,42.3160188109797,-82.9366802920955,145
167505,42.3157817918535,-82.9378866588955,146
167505,42.3157537916122,-82.9380227472284,147
167505,42.3157229326606,-82.9380835096166,148
167505,42.3156595824748,-82.9381005312898,149
167505,42.315559,-82.9381034429569,150
167505,42.3152908876515,-82.9380151337643,151
167505,42.3151954764549,-82.9380898024537,152
167505,42.3151458922761,-82.9382480527856,153
167505,42.3151278664071,-82.9383790321451,154
167505,42.3150294262276,-82.9389585373649,155
167505,42.3149856342208,-82.9392221079693,156
167505,42.3143724013934,-82.9391156122416,157
167505,42.3139268903403,-82.9389259872505,158
167505,42.313511365338,-82.9386765418121,159
167505,42.3131695835121,-82.9384629178257,160
167505,42.3131164484865,-82.9384870594311,161
167505,42.3130529786339,-82.9385742312241,162
167505,42.3124531435116,-82.9417094868831,163
167505,42.312435,-82.942045,164
167505,42.312435,-82.942045,165
167505,42.312435,-82.942045,166
167505,42.3123574544991,-82.9422319717667,167
167505,42.3120998205531,-82.9432334908097,168
167505,42.3119946968771,-82.9436398454754,169
167505,42.3118018843147,-82.9446206441803,170
167505,42.3114254392043,-82.9443801351635,171
167505,42.311316,-82.944361,172
167505,42.311316,-82.944361,173
167505,42.311316,-82.944361,174
167505,42.3112416950485,-82.9442698305202,175
167505,42.3104396703384,-82.9437292479391,176
167505,42.3094005652209,-82.9430773494793,177
167505,42.30926912,-82.94303604,178
167505,42.30926912,-82.94303604,179
167505,42.30926912,-82.94303604,180
167505,42.3091532521024,-82.942918049267,181
167505,42.3090353835626,-82.9428725276127,182
167505,42.3089360522599,-82.9428724517137,183
167505,42.3087991862208,-82.9429086615354,184
167505,42.308711909171,-82.9429676701337,185
167505,42.3086205729339,-82.9430608834324,186
167505,42.3085373547082,-82.9431742002279,187
167505,42.3084837981283,-82.9432761241704,188
167505,42.3079872301948,-82.9449791270072,189
167505,42.307942,-82.945213,190
167505,42.307942,-82.945213,191
167505,42.307942,-82.945213,192
167505,42.3078826726189,-82.9452985701419,193
167505,42.3072952535054,-82.9472568078874,194
167505,42.30727916,-82.94740952,195
167505,42.30727916,-82.94740952,196
167505,42.30727916,-82.94740952,197
167505,42.3072134871599,-82.9475213642445,198
167505,42.30701,-82.94815,199
167505,42.30699,-82.94822,200
167505,42.30661,-82.94941,201
167505,42.3065509552926,-82.9496698136654,202
167505,42.306562,-82.949821,203
167505,42.306562,-82.949821,204
167505,42.306562,-82.949821,205
167505,42.3064926031563,-82.9499783053837,206
167505,42.30624,-82.9507,207
167505,42.30582,-82.95189,208
167505,42.305455,-82.951701,209
167505,42.305455,-82.951701,210
167505,42.305455,-82.951701,211
167505,42.3053491290368,-82.9516074375038,212
167505,42.304,-82.95072,213
167505,42.303628,-82.950548,214
167505,42.303628,-82.950548,215
167505,42.303628,-82.950548,216
167505,42.30365,-82.950483,217
167505,42.299594,-82.947987,218
167505,42.299515,-82.947936,219
167505,42.299496,-82.947989,220
167505,42.299496,-82.947989,221
167505,42.299496,-82.947989,222
167505,42.299353399609,-82.947833624012,223
167505,42.2976710591392,-82.9467680121494,224
167505,42.297379,-82.946631,225
167505,42.297379,-82.946631,226
167505,42.297379,-82.946631,227
167505,42.2972812696583,-82.946512828207,228
167505,42.2953087759079,-82.9452935975533,229
167505,42.2952443925314,-82.9454736179616,230
167505,42.2952,-82.945668,231
167505,42.2952,-82.945668,232
167505,42.2952,-82.945668,233
167505,42.2951172160189,-82.9458059092274,234
167505,42.2945393287786,-82.9474670208321,235
167505,42.29449557,-82.94765061,236
167505,42.29449557,-82.94765061,237
167505,42.29449557,-82.94765061,238
167505,42.2944163195905,-82.947807661377,239
167505,42.2942958562266,-82.9482390466271,240
167505,42.2941565105349,-82.9493034808468,241
167505,42.2940739600799,-82.9496269766865,242
167505,42.2937474893678,-82.95056528503,243
167505,42.29368938,-82.95079895,244
167505,42.29368938,-82.95079895,245
167505,42.29368938,-82.95079895,246
167505,42.2936241914519,-82.9509150871372,247
167505,42.2930938167259,-82.9524629067459,248
167505,42.2932085503489,-82.952538884494,249
167505,42.293311,-82.952568,250
167505,42.293311,-82.952568,251
167505,42.293311,-82.952568,252
167505,42.2934268200393,-82.9526847374344,253
167505,42.294790976014,-82.9535562012234,254
167505,42.2949752605829,-82.9536174736845,255
167505,42.2951995359227,-82.9536568601189,256
167505,42.2953621400756,-82.9536201558935,257
167505,42.2954578,-82.95354863,258
167505,42.2954578,-82.95354863,259
167505,42.2954578,-82.95354863,260
167505,42.2956049350513,-82.9535286502972,261
167505,42.2975639165509,-82.9527554343586,262
167505,42.2976807,-82.9526672,263
167505,42.2976807,-82.9526672,264
167505,42.2976807,-82.9526672,265
167505,42.2978089304339,-82.9526991079693,266
167505,42.2980139785712,-82.9527045011192,267
167505,42.2982738699516,-82.9527393698364,268
167505,42.2985219919459,-82.9528358601189,269
167505,42.3005061778821,-82.9540788834324,270
167505,42.3006845040981,-82.9541090030429,271
167505,42.3011270282112,-82.954065682209,272
167505,42.30125149,-82.9540124,273
167505,42.30125149,-82.9540124,274
167505,42.30125149,-82.9540124,275
167505,42.3013732720637,-82.9540511944225,276
167505,42.3020118378212,-82.9540085423279,277
167505,42.3022012378616,-82.9540510580398,278
167505,42.3023779188521,-82.9541149067459,279
167505,42.3028402764961,-82.9543971993854,280
167505,42.30297619,-82.9544205,281
167505,42.30297619,-82.9544205,282
167505,42.30297619,-82.9544205,283
167505,42.3031135410711,-82.9545729566765,284
167505,42.30456,-82.95553,285
167505,42.304765,-82.955564,286
167505,42.304765,-82.955564,287
167505,42.304765,-82.955564,288
167505,42.3049337606571,-82.9557626134224,289
167505,42.30663,-82.95684,290
167505,42.30685,-82.9569,291
167505,42.30695344,-82.95676154,292
167505,42.30695344,-82.95676154,293
167505,42.30695344,-82.95676154,294
167505,42.3070618864864,-82.9567971281245,295
167505,42.3071746109687,-82.9567733612,296
167505,42.3072971153158,-82.9567966588955,297
167505,42.3083101399322,-82.9574362758233,298
167505,42.308453,-82.957461,299
167505,42.30850543,-82.95749174,300
167505,42.308453,-82.957461,301
167505,42.3085523166374,-82.9575751554693,302
167505,42.3087723838734,-82.9579115742397,303
167505,42.3090561428538,-82.9581245390062,304
167505,42.3092565888577,-82.9582824809856,305
167505,42.3090462250538,-82.959440162528,306
167505,42.30901137,-82.95975657,307
167505,42.30901138,-82.95975658,308
167505,42.30901137,-82.95975657,309
167505,42.3089525808795,-82.9599382331352,310
167505,42.3088184413255,-82.9606984343586,311
167505,42.3091813027667,-82.9608822815008,312
167505,42.3092983716656,-82.9609549739944,313
167505,42.3107314829131,-82.9618603030758,314
167505,42.31085093,-82.96188794,315
167505,42.31085093,-82.96188794,316
167505,42.31085093,-82.96188794,317
167505,42.3109663241422,-82.9620061680781,318
167505,42.3125491369606,-82.9630093142497,319
167505,42.312727,-82.963071,320
167505,42.312727,-82.963071,321
167505,42.312727,-82.963071,322
167505,42.31298,-82.96334,323
167505,42.31563,-82.96501,324
167505,42.315934,-82.965106,325
167505,42.315934,-82.965106,326
167505,42.315934,-82.965106,327
167505,42.315904,-82.965195,328
167505,42.318125,-82.966555,329
167505,42.318144,-82.966499,330
167505,42.318144,-82.966499,331
167505,42.318144,-82.966499,332
167505,42.318125,-82.966555,333
167505,42.318327,-82.966678,334
167505,42.318367,-82.966699,335
167505,42.32056,-82.9681,336
167505,42.320619,-82.968642,337
167505,42.32067544,-82.96863124,338
167505,42.32067544,-82.96863124,339
167505,42.32067544,-82.96863124,340
167505,42.320619,-82.968642,341
167505,42.320731,-82.969661,342
167505,42.320899,-82.971339,343
167505,42.320938,-82.971679,344
167505,42.32098574,-82.97166884,345
167505,42.32098574,-82.97166884,346
167505,42.32098574,-82.97166884,347
167505,42.320938,-82.971679,348
167505,42.321002,-82.972246,349
167505,42.321208,-82.97429,350
167505,42.32126043,-82.97427977,351
167505,42.32126043,-82.97427977,352
167505,42.32126043,-82.97427977,353
167505,42.321208,-82.97429,354
167505,42.321234,-82.974549,355
167505,42.321363,-82.975841,356
167505,42.321446,-82.976796,357
167505,42.32150203,-82.97678722,358
167505,42.32150203,-82.97678722,359
167505,42.32150203,-82.97678722,360
167505,42.321446,-82.976796,361
167505,42.321471,-82.977079,362
167505,42.321583,-82.977151,363
167505,42.321738,-82.977247,364
167505,42.321781,-82.977273,365
167505,42.321943,-82.977362,366
167505,42.324036,-82.978707,367
167505,42.324339,-82.978903,368
167505,42.32435994,-82.97884387,369
167505,42.32435994,-82.97884387,370
167505,42.32435994,-82.97884387,371
167505,42.324339,-82.978903,372
167505,42.325972,-82.979957,373
167505,42.326136,-82.980063,374
167505,42.32615674,-82.98000532,375
167505,42.32615674,-82.98000532,376
167505,42.32615674,-82.98000532,377
167505,42.3261648819129,-82.9800707100731,378
167505,42.326341,-82.980196,379
167505,42.326212,-82.980829,380
167505,42.326119,-82.981305,381
167505,42.3260696866076,-82.9816272854805,382
167505,42.326057,-82.981884,383
167505,42.3256671263401,-82.9838508367539,384
167505,42.3255885000737,-82.9843193293164,385
167505,42.32561763,-82.98437585,386
167505,42.32561763,-82.98437585,387
167505,42.325618,-82.984376,388
167505,42.3255533736935,-82.9845783306647,389
167505,42.3252717813962,-82.9860267235327,390
167505,42.3252567,-82.98629166,391
167505,42.3252567,-82.98629167,392
167505,42.3252567,-82.98629167,393
167505,42.325222,-82.986279,394
167505,42.325077,-82.987021,395
167505,42.324889,-82.987969,396
167505,42.324794,-82.987911,397
167505,42.324478,-82.987708,398
167505,42.32445339,-82.98778036,399
167505,42.32445339,-82.98778036,400
167505,42.32445339,-82.98778036,401
167505,42.324478,-82.987708,402
167505,42.322724,-82.986582,403
167505,42.322686,-82.986559,404
167505,42.322645,-82.986531,405
167505,42.322543,-82.986462,406
167505,42.322098,-82.986174,407
167505,42.321891,-82.986041,408
167505,42.32186207,-82.98612382,409
167505,42.32186207,-82.98612382,410
167505,42.32186207,-82.98612382,411
167505,42.321891,-82.986041,412
167505,42.320116,-82.984895,413
167505,42.319903,-82.984759,414
167505,42.31987492,-82.98483805,415
167505,42.31987492,-82.98483805,416
167505,42.31987492,-82.98483805,417
167505,42.319903,-82.984759,418
167505,42.318122,-82.983619,419
167505,42.317944,-82.983502,420
167505,42.31791644,-82.98358012,421
167505,42.31791644,-82.98358012,422
167505,42.31791644,-82.98358012,423
167505,42.317944,-82.983502,424
167505,42.316139,-82.982321,425
167505,42.315998,-82.982716,426
167505,42.31606304,-82.98275913,427
167505,42.31606304,-82.98275913,428
167505,42.31606304,-82.98275913,429
167505,42.315998,-82.982716,430
167505,42.315902,-82.982983,431
167505,42.315676,-82.983615,432
167505,42.31535,-82.984524,433
167505,42.31542669,-82.98457418,434
167505,42.31542669,-82.98457418,435
167505,42.31542669,-82.98457418,436
167505,42.31535,-82.984524,437
167505,42.315276,-82.984731,438
167505,42.314962,-82.985654,439
167505,42.314697,-82.986407,440
167505,42.31476487,-82.98645114,441
167505,42.31476487,-82.98645114,442
167505,42.314765,-82.986451,443
167505,42.3146988359352,-82.9865574654361,444
167505,42.3144299638553,-82.9872996555307,445
167505,42.3133818232281,-82.9902639103813,446
167505,42.313328,-82.990482,447
167505,42.313328,-82.990482,448
167505,42.313328,-82.990482,449
167505,42.3132505242784,-82.9906211383801,450
167505,42.3125266938445,-82.9926737521496,451
167505,42.3124998280082,-82.9928611027768,452
167505,42.3124700762313,-82.9933385359815,453
167505,42.3124433216298,-82.9940089889202,454
167505,42.312449,-82.994164,455
167505,42.312449,-82.994164,456
167505,42.312449,-82.994164,457
167505,42.3123854813073,-82.994274001732,458
167505,42.3117267025725,-82.9960903030758,459
167505,42.311675,-82.996345,460
167505,42.311675,-82.996345,461
167505,42.311675,-82.996345,462
167505,42.311574132158,-82.9965084601536,463
167505,42.3108249752562,-82.9986974049282,464
167505,42.31077065,-82.99896753,465
167505,42.31077065,-82.99896753,466
167505,42.31077065,-82.99896753,467
167505,42.3106552885942,-82.9991633055573,468
167505,42.3105961801847,-82.9993574091915,469
167505,42.3105706564452,-82.9995087876968,470
167505,42.3106697642729,-82.9997845668571,471
167505,42.311703892598,-83.0004850846558,472
167505,42.3136768723122,-83.0017525276127,473
167505,42.3133966077578,-83.0025709361763,474
167505,42.31336314,-83.00273935,475
167505,42.31336314,-83.00273935,476
167505,42.31336314,-83.00273935,477
167505,42.313254792849,-83.0029102356167,478
167505,42.312736107726,-83.0043243154754,479
167505,42.3122641147039,-83.0056704441109,480
167505,42.31217043,-83.0061024,481
167505,42.31217043,-83.0061024,482
167505,42.31217043,-83.0061024,483
167505,42.3119983306699,-83.0063852528134,484
167505,42.311136896028,-83.0088224968548,485
167505,42.31099417,-83.00935131,486
167505,42.31099417,-83.00935131,487
167505,42.31099417,-83.00935131,488
167505,42.3108998680159,-83.0094769558544,489
167505,42.3106747221227,-83.0101395165329,490
167505,42.310629,-83.010377,491
167505,42.310629,-83.010377,492
167505,42.310629,-83.010377,493
167505,42.3105388516206,-83.0104694282417,494
167505,42.3099065389498,-83.0122988073749,495
167505,42.3098558,-83.01253599,496
167505,42.3098558,-83.01253599,497
167505,42.3098558,-83.01253599,498
167505,42.3097888964524,-83.0125991168811,499
167505,42.3090944656887,-83.0145786208668,500
167505,42.30906,-83.014821,501
167505,42.30906,-83.014821,502
167505,42.30906,-83.014821,503
167505,42.308991,-83.014776,504
167505,42.308669,-83.015676,505
167505,42.308649,-83.015732,506
167505,42.30862,-83.015814,507
167505,42.308421,-83.016386,508
167505,42.308341,-83.016619,509
167505,42.308269,-83.016825,510
167505,42.30823,-83.016938,511
167505,42.308184,-83.017069,512
167505,42.308264,-83.01712,513
167505,42.308495,-83.017267,514
167505,42.308534089997,-83.017155463554,515
167505,42.308534089997,-83.017155463554,516
167505,42.308534089997,-83.017155463554,517
167505,42.308495,-83.017267,518
167505,42.308543,-83.017297,519
167505,42.308585,-83.017324,520
167505,42.308893,-83.017529,521
167505,42.309877,-83.018131,522
167505,42.310213,-83.018348,523
167505,42.310223,-83.018355,524
167505,42.310261,-83.018379,525
167505,42.310382,-83.018458,526
167505,42.310327,-83.018618,527
167505,42.310175,-83.019055,528
167505,42.310034,-83.019461,529
167505,42.310083,-83.019492,530
167505,42.310083,-83.019492,531
167505,42.310083,-83.019492,532
167505,42.310001,-83.019463,533
167505,42.309161,-83.021877,534
167505,42.30922502,-83.02189961,535
167505,42.30922502,-83.02189961,536
167505,42.30922502,-83.02189961,537
167505,42.30910051794,-83.0221395153789,538
167505,42.3084918850449,-83.0238235975532,539
167505,42.308388,-83.024169,540
167505,42.308388,-83.024169,541
167505,42.308388,-83.024169,542
167505,42.3082883611663,-83.0243159791679,543
167505,42.3072691235537,-83.0267137177563,544
167505,42.307226,-83.026962,545
167505,42.307226,-83.026962,546
167505,42.307226,-83.026962,547
167505,42.3071127952684,-83.0270835190143,548
167505,42.3065870245436,-83.0283463877315,549
167505,42.30655386,-83.02854513,550
167505,42.30655386,-83.02854513,551
167505,42.30655386,-83.02854513,552
167505,42.3064385561971,-83.0286795681229,553
167505,42.3061846481009,-83.0292516517895,554
167505,42.3055671509132,-83.0308011288013,555
167505,42.3055,-83.031024,556
167505,42.3055,-83.031024,557
167505,42.3055,-83.031024,558
167505,42.3054649918365,-83.0310760552254,559
167505,42.3054316408443,-83.0311749067459,560
167505,42.3058248938021,-83.0314244024467,561
167505,42.3071340655189,-83.0322646269836,562
167505,42.307257,-83.032295,563
167505,42.307257,-83.032295,564
167505,42.307257,-83.032295,565
167505,42.3074107014249,-83.0324320174363,566
167505,42.3092736579304,-83.03364478158,567
167505,42.30939426,-83.03367885,568
167505,42.30939426,-83.03367885,569
167505,42.30939426,-83.03367885,570
167505,42.3095203327323,-83.0338057360104,571
167505,42.3103194449819,-83.0343154871025,572
167505,42.310414,-83.034343,573
167505,42.310414,-83.034343,574
167505,42.310414,-83.034343,575
167505,42.3105317372128,-83.0344550149265,576
167505,42.3117079398592,-83.0352088328728,577
167505,42.3120382811693,-83.0354271266623,578
167505,42.31212709,-83.0354363,579
167505,42.31212709,-83.0354363,580
167505,42.31212709,-83.0354363,581
167505,42.3122132990309,-83.035544720293,582
167505,42.3128369624957,-83.0359395977982,583
167505,42.3130364296951,-83.0361012786636,584
167505,42.313280259931,-83.0362534162529,585
167505,42.3135184024122,-83.0363882750282,586
167505,42.3140012314177,-83.0366785463818,587
167505,42.314372431821,-83.0369187582665,588
167505,42.314483,-83.036934,589
167505,42.314483,-83.036934,590
167505,42.314483,-83.036934,591
167505,42.3145866378261,-83.0370796908073,592
167505,42.3166204003028,-83.0384088515206,593
167505,42.316718,-83.038415,594
167505,42.316718,-83.038415,595
167505,42.316718,-83.038415,596
167505,42.3167939406917,-83.0385496674938,597
167505,42.3173792251576,-83.038899682018,598
167505,42.3179128976442,-83.0392359557142,599
167505,42.3180963508444,-83.0394143226137,600
167505,42.3182782304501,-83.0395232564487,601
167505,42.3182262552194,-83.0397428932181,602
167505,42.31820901,-83.03996236,603
167505,42.31820901,-83.03996236,604
167505,42.31820901,-83.03996236,605
167505,42.3181265735072,-83.0400148306885,606
167505,42.3173070147985,-83.0433487643833,607
167505,42.3173706559869,-83.0434216964102,608
167505,42.3175509940843,-83.0434490844882,609
167505,42.31769139,-83.04345046,610
167505,42.31769139,-83.04345046,611
167512,42.31769139,-83.04345046,1
167512,42.31769139,-83.04345046,2
167512,42.3177368290667,-83.0435599387238,3
167512,42.3179675509072,-83.0436699092115,4
167512,42.3185238582552,-83.0414490401216,5
167512,42.3189010073134,-83.0399085580757,6
167512,42.3182471926865,-83.039525449276,7
167512,42.3180049026709,-83.0393680929592,8
167512,42.3179430904866,-83.0393305420893,9
167512,42.31788209,-83.0393738,10
167512,42.31788209,-83.0393738,11
167512,42.31788209,-83.0393738,12
167512,42.3178031610441,-83.0392487052354,13
167512,42.3165135118729,-83.0384361885148,14
167512,42.3160315668617,-83.0381362883606,15
167512,42.31593522,-83.03809096,16
167512,42.31593522,-83.03809096,17
167512,42.31593522,-83.03809096,18
167512,42.3158510017948,-83.0379833609832,19
167512,42.3146112297722,-83.0371811026845,20
167512,42.3144144253853,-83.0371098793246,21
167512,42.3141997274484,-83.0369731419764,22
167512,42.3139597358627,-83.0368631714068,23
167512,42.3136493321652,-83.0366673701487,24
167512,42.313499,-83.036628,25
167512,42.313499,-83.036628,26
167512,42.313499,-83.036628,27
167512,42.3134339422928,-83.0364981292621,28
167512,42.3133222094979,-83.0363675950866,29
167512,42.311418092304,-83.0351775884628,30
167512,42.31132,-83.035171,31
167512,42.31132,-83.035171,32
167512,42.31132,-83.035171,33
167512,42.31081,-83.03469,34
167512,42.30903,-83.03353,35
167512,42.30843199,-83.03332483,36
167512,42.30843199,-83.03332483,37
167512,42.30843199,-83.03332483,38
167512,42.30829921291,-83.0331901767703,39
167512,42.3070958317965,-83.0324138201072,40
167512,42.30689793,-83.03233296,41
167512,42.30689793,-83.03233296,42
167512,42.30689793,-83.03233296,43
167512,42.3068182606475,-83.0322354343586,44
167512,42.3060884800503,-83.0317221369245,45
167512,42.3059446650177,-83.0315786387422,46
167512,42.3054785036883,-83.0312876190641,47
167512,42.3052652121744,-83.0311202944774,48
167512,42.3054504490035,-83.0306535742398,49
167512,42.305439,-83.030583,50
167512,42.305439,-83.030583,51
167512,42.305439,-83.030583,52
167512,42.3054990489845,-83.030519463789,53
167512,42.3061016539324,-83.0291707227192,54
167512,42.306102,-83.029015,55
167512,42.306102,-83.029015,56
167512,42.306102,-83.029015,57
167512,42.306182,-83.029046,58
167512,42.30649,-83.02827,59
167512,42.30696,-83.02702,60
167512,42.307195,-83.026467,61
167512,42.307165,-83.026455,62
167512,42.307165,-83.026455,63
167512,42.307165,-83.026455,64
167512,42.307195,-83.026467,65
167512,42.308142,-83.024157,66
167512,42.308127,-83.024152,67
167512,42.308127,-83.024152,68
167512,42.308127,-83.024152,69
167512,42.308142,-83.024157,70
167512,42.309526,-83.020324,71
167512,42.3095267,-83.02032414,72
167512,42.3095267,-83.02032414,73
167512,42.3095267,-83.02032414,74
167512,42.309526,-83.020324,75
167512,42.3096633681339,-83.0201375670457,76
167512,42.3100640420818,-83.0189855582738,77
167512,42.310124,-83.018626,78
167512,42.31011773,-83.0186246,79
167512,42.31011773,-83.0186246,80
167512,42.31011773,-83.0186246,81
167512,42.310124,-83.018626,82
167512,42.3102344471486,-83.0184714875129,83
167512,42.3085180428285,-83.0173019627642,84
167512,42.3083038161696,-83.0171517590594,85
167512,42.3081566799815,-83.0170413325062,86
167512,42.3082374350024,-83.0167598159733,87
167512,42.30825377,-83.01660589,88
167512,42.30825377,-83.01660589,89
167512,42.30825377,-83.01660589,90
167512,42.3083495074914,-83.0165050061169,91
167512,42.3095234278481,-83.0132071889896,92
167512,42.30955327,-83.01299451,93
167512,42.30955327,-83.01299451,94
167512,42.30955327,-83.01299451,95
167512,42.3096483910665,-83.0129134871025,96
167512,42.3098807530149,-83.0121874957008,97
167512,42.3101644695652,-83.0114137399159,98
167512,42.31017652,-83.01123389,99
167512,42.31017652,-83.01123389,100
167512,42.31017652,-83.01123389,101
167512,42.3102388517057,-83.0112098920307,102
167512,42.3106278351063,-83.0101301865082,103
167512,42.3106663298304,-83.0100097779446,104
167512,42.310691,-83.009813,105
167512,42.310691,-83.009813,106
167512,42.310691,-83.009813,107
167512,42.3107545959236,-83.0097965423279,108
167512,42.3109948597416,-83.009055046627,109
167512,42.3110225249011,-83.0089619082614,110
167512,42.31105155,-83.00875857,111
167512,42.31105155,-83.00875857,112
167512,42.31105155,-83.00875857,113
167512,42.311119,-83.0088,114
167512,42.311213,-83.008516,115
167512,42.311368,-83.008088,116
167512,42.31152,-83.007659,117
167512,42.311673,-83.00723,118
167512,42.311811,-83.006841,119
167512,42.311951,-83.006447,120
167512,42.311881,-83.006401,121
167512,42.311881,-83.006401,122
167512,42.311881,-83.006401,123
167512,42.3119278176826,-83.0063679814339,124
167512,42.3119585303109,-83.0063036084175,125
167512,42.3123769143052,-83.0051797628403,126
167512,42.3127489686369,-83.0041068792343,127
167512,42.3133043379078,-83.0025404691696,128
167512,42.313306,-83.00237,129
167512,42.313306,-83.00237,130
167512,42.313306,-83.00237,131
167512,42.3133598889079,-83.0023285746575,132
167512,42.3134630268828,-83.0020818114281,133
167512,42.3134709775508,-83.0018591880798,134
167512,42.3133633537668,-83.0016204714775,135
167512,42.31177,-83.00058,136
167512,42.31169,-83.00053,137
167512,42.31041,-82.99972,138
167512,42.310626714394,-82.999007999897,139
167512,42.310612,-82.998901,140
167512,42.310612,-82.998901,141
167512,42.310612,-82.998901,142
167512,42.31082,-82.99857,143
167512,42.31135,-82.99698,144
167512,42.3115854766254,-82.996321762392,145
167512,42.31158,-82.996115,146
167512,42.31158,-82.996115,147
167512,42.31158,-82.996115,148
167512,42.3116731487062,-82.9959655803566,149
167512,42.3122707609732,-82.9942758687172,150
167512,42.3123282550229,-82.9940641926179,151
167512,42.3123435873426,-82.9938848711987,152
167512,42.31231099,-82.99367338,153
167512,42.31231099,-82.99367338,154
167512,42.31231099,-82.99367338,155
167512,42.3123629458935,-82.9934936969542,156
167512,42.3124086784305,-82.9927837227192,157
167512,42.3124490557016,-82.9926192968154,158
167512,42.3130302562474,-82.9909769126892,159
167512,42.313077,-82.990723,160
167512,42.313077,-82.990723,161
167512,42.313077,-82.990723,162
167512,42.3131783032309,-82.9905563874149,163
167512,42.3145173301404,-82.9867950137442,164
167512,42.314545,-82.986597,165
167512,42.31454459,-82.98659736,166
167512,42.31454459,-82.98659736,167
167512,42.314613,-82.986642,168
167512,42.314658,-82.986518,169
167512,42.314962,-82.985654,170
167512,42.315209,-82.984927,171
167512,42.3151458,-82.98488713,172
167512,42.3151458,-82.98488713,173
167512,42.3151458,-82.98488713,174
167512,42.315209,-82.984927,175
167512,42.315276,-82.984731,176
167512,42.315676,-82.983615,177
167512,42.315902,-82.982983,178
167512,42.31602,-82.982652,179
167512,42.31596231,-82.9826143,180
167512,42.31596231,-82.9826143,181
167512,42.31596231,-82.9826143,182
167512,42.31602,-82.982652,183
167512,42.316139,-82.982321,184
167512,42.318005,-82.983543,185
167512,42.31802877,-82.983476,186
167512,42.31802877,-82.983476,187
167512,42.31802877,-82.983476,188
167512,42.318005,-82.983543,189
167512,42.318122,-82.983619,190
167512,42.320116,-82.984895,191
167512,42.320302,-82.985015,192
167512,42.32032154,-82.98496002,193
167512,42.32032154,-82.98496002,194
167512,42.32032154,-82.98496002,195
167512,42.320302,-82.985015,196
167512,42.322098,-82.986174,197
167512,42.322314,-82.986314,198
167512,42.322336,-82.986253,199
167512,42.322336,-82.986253,200
167512,42.322336,-82.986253,201
167512,42.322314,-82.986314,202
167512,42.322543,-82.986462,203
167512,42.322645,-82.986531,204
167512,42.322686,-82.986559,205
167512,42.322724,-82.986582,206
167512,42.324794,-82.987911,207
167512,42.324898,-82.987373,208
167512,42.3248558,-82.98735787,209
167512,42.3248558,-82.98735787,210
167512,42.3248558,-82.98735787,211
167512,42.324898,-82.987373,212
167512,42.324964,-82.98703,213
167512,42.324983,-82.986964,214
167512,42.325218,-82.985763,215
167512,42.32546,-82.98451,216
167512,42.325491,-82.984331,217
167512,42.32544714,-82.98431663,218
167512,42.32544714,-82.98431663,219
167512,42.32544714,-82.98431663,220
167512,42.325491,-82.984331,221
167512,42.32552,-82.98416,222
167512,42.325827,-82.982524,223
167512,42.325896,-82.9822,224
167512,42.325951,-82.981918,225
167512,42.325903,-82.981901,226
167512,42.325903,-82.981901,227
167512,42.325903,-82.981901,228
167512,42.325951,-82.981918,229
167512,42.325963,-82.981856,230
167512,42.326025,-82.981789,231
167512,42.326119,-82.981305,232
167512,42.326212,-82.980829,233
167512,42.326341,-82.980196,234
167512,42.325972,-82.979957,235
167512,42.325908,-82.979916,236
167512,42.32588318,-82.97998572,237
167512,42.32588318,-82.97998572,238
167512,42.325883,-82.979986,239
167512,42.3257762642237,-82.9798445570431,240
167512,42.323944171516,-82.9786600319118,241
167512,42.32382077,-82.97863912,242
167512,42.32382078,-82.97863913,243
167512,42.32382078,-82.97863913,244
167512,42.323841,-82.978582,245
167512,42.321943,-82.977362,246
167512,42.321781,-82.977273,247
167512,42.321738,-82.977247,248
167512,42.321583,-82.977151,249
167512,42.321471,-82.977079,250
167512,42.321412,-82.976401,251
167512,42.32137138,-82.97640824,252
167512,42.32137138,-82.97640824,253
167512,42.32137138,-82.97640824,254
167512,42.321412,-82.976401,255
167512,42.321363,-82.975841,256
167512,42.321234,-82.974549,257
167512,42.321138,-82.973595,258
167512,42.32108232,-82.97360519,259
167512,42.32108232,-82.97360519,260
167512,42.32108232,-82.97360519,261
167512,42.321138,-82.973595,262
167512,42.321002,-82.972246,263
167512,42.320899,-82.971339,264
167512,42.320731,-82.969661,265
167512,42.320582,-82.968299,266
167512,42.32054221,-82.96830714,267
167512,42.32054221,-82.96830714,268
167512,42.32054221,-82.96830714,269
167512,42.320582,-82.968299,270
167512,42.32056,-82.9681,271
167512,42.31845,-82.966752,272
167512,42.31842032,-82.96683814,273
167512,42.31842032,-82.96683814,274
167512,42.31842031,-82.96683813,275
167512,42.31825,-82.96669,276
167512,42.3158231748811,-82.9651232667135,277
167512,42.315538,-82.965007,278
167512,42.315538,-82.965007,279
167512,42.315538,-82.965007,280
167512,42.3153446970514,-82.9648380099258,281
167512,42.31298,-82.96334,282
167512,42.312869,-82.963314,283
167512,42.312869,-82.963314,284
167512,42.312869,-82.963314,285
167512,42.312675399792,-82.9631617398695,286
167512,42.31055,-82.96181,287
167512,42.310442,-82.961785,288
167512,42.310442,-82.961785,289
167512,42.310442,-82.961785,290
167512,42.30894,-82.960863,291
167512,42.30894,-82.960863,292
167512,42.30894,-82.960863,293
167512,42.3087856290695,-82.960764526162,294
167512,42.3087459724763,-82.9606974754155,295
167512,42.308721517605,-82.9605791680891,296
167512,42.3087649187521,-82.9603401713896,297
167512,42.3091277674367,-82.9582810535571,298
167512,42.3088067363408,-82.9580822059089,299
167512,42.30867116,-82.95795535,300
167512,42.30867116,-82.95795535,301
167512,42.30867116,-82.95795535,302
167512,42.3086228926337,-82.9577875438743,303
167512,42.3084421642112,-82.9575764343586,304
167512,42.3077984779875,-82.9571787779748,305
167512,42.30763238,-82.95714762,306
167512,42.30763238,-82.95714762,307
167512,42.30763238,-82.95714762,308
167512,42.30719,-82.9568,309
167512,42.30685,-82.9569,310
167512,42.30663,-82.95684,311
167512,42.305215955043,-82.9559584614511,312
167512,42.304969,-82.955866,313
167512,42.304969,-82.955866,314
167512,42.304969,-82.955866,315
167512,42.304988,-82.955806,316
167512,42.304949,-82.955784,317
167512,42.304554,-82.955524,318
167512,42.304143,-82.955235,319
167512,42.303124,-82.954624,320
167512,42.30310158,-82.95469069,321
167512,42.30310158,-82.95469069,322
167512,42.30310158,-82.95469069,323
167512,42.303124,-82.954624,324
167512,42.302969,-82.954531,325
167512,42.302952,-82.954502,326
167512,42.302316,-82.954118,327
167512,42.302176,-82.954066,328
167512,42.301932,-82.954032,329
167512,42.301637,-82.954044,330
167512,42.300887,-82.954127,331
167512,42.300864,-82.954132,332
167512,42.30087801,-82.95422777,333
167512,42.30087801,-82.95422777,334
167512,42.30087801,-82.95422776,335
167512,42.300786642989,-82.9541749902293,336
167512,42.3005549281851,-82.9541550427518,337
167512,42.300424254566,-82.954095605758,338
167512,42.2985229838918,-82.9528908454037,339
167512,42.2983838504768,-82.952840331939,340
167512,42.2982697763472,-82.9528108276398,341
167512,42.298132,-82.952826,342
167512,42.29807203,-82.95281345,343
167512,42.29807203,-82.95281345,344
167512,42.29808,-82.952734,345
167512,42.298019,-82.952723,346
167512,42.297871,-82.952739,347
167512,42.29776,-82.952748,348
167512,42.297615,-82.952771,349
167512,42.29757,-82.952786,350
167512,42.297376,-82.952853,351
167512,42.297352,-82.952862,352
167512,42.297191,-82.952926,353
167512,42.296917,-82.953022,354
167512,42.296259,-82.953252,355
167512,42.295675,-82.953543,356
167512,42.295411,-82.953626,357
167512,42.29522,-82.953676,358
167512,42.295099,-82.953668,359
167512,42.295028,-82.953663,360
167512,42.294919,-82.953631,361
167512,42.294837,-82.953606,362
167512,42.294621,-82.953476,363
167512,42.294602,-82.953463,364
167512,42.29457326,-82.95354121,365
167512,42.29457326,-82.95354121,366
167512,42.29457326,-82.95354121,367
167512,42.294602,-82.953463,368
167512,42.294378,-82.953311,369
167512,42.293656,-82.952874,370
167512,42.293156,-82.95254,371
167512,42.2931259,-82.95262223,372
167512,42.2931259,-82.95262223,373
167512,42.293126,-82.952622,374
167512,42.2930673380856,-82.9525340916347,375
167512,42.2930630637456,-82.9524226736107,376
167512,42.293683972397,-82.950608265562,377
167512,42.29371884,-82.95040234,378
167512,42.29371884,-82.95040234,379
167512,42.29371884,-82.95040234,380
167512,42.2938159534426,-82.9502364154707,381
167512,42.2940541197579,-82.9496162478504,382
167512,42.294091036592,-82.9492179972039,383
167512,42.294226134234,-82.9484853571472,384
167512,42.2942844793514,-82.9481249970303,385
167512,42.294306,-82.94789,386
167512,42.294306,-82.94789,387
167512,42.294306,-82.94789,388
167512,42.2943935090486,-82.947751957169,389
167512,42.2950836640506,-82.9458042589302,390
167512,42.29510072,-82.94556477,391
167512,42.29510072,-82.94556477,392
167512,42.29510072,-82.94556477,393
167512,42.2952115592934,-82.9454140398204,394
167512,42.2952783582488,-82.9452191811819,395
167512,42.2975907621096,-82.9466751018524,396
167512,42.297763,-82.946696,397
167512,42.297763,-82.946696,398
167512,42.297763,-82.946696,399
167512,42.297731,-82.946787,400
167512,42.299403,-82.947864,401
167512,42.29944,-82.94776,402
167512,42.29944,-82.94776,403
167512,42.29944,-82.94776,404
167512,42.299403,-82.947864,405
167512,42.299594,-82.947987,406
167512,42.304023,-82.950712,407
167512,42.304169,-82.950806,408
167512,42.304184,-82.950763,409
167512,42.304184,-82.950763,410
167512,42.304184,-82.950763,411
167512,42.3043707290399,-82.9509214864387,412
167512,42.30582,-82.95189,413
167512,42.305892,-82.951527,414
167512,42.305892,-82.951527,415
167512,42.305892,-82.951527,416
167512,42.305983821463,-82.9513919068327,417
167512,42.30624,-82.9507,418
167512,42.306341,-82.950179,419
167512,42.306341,-82.950179,420
167512,42.306341,-82.950179,421
167512,42.306396,-82.950208,422
167512,42.30642,-82.950125,423
167512,42.306463,-82.949877,424
167512,42.306523,-82.949571,425
167512,42.306588,-82.949386,426
167512,42.306727,-82.948989,427
167512,42.306787,-82.948818,428
167512,42.306989,-82.94818,429
167512,42.307021,-82.948081,430
167512,42.307195,-82.947532,431
167512,42.307206,-82.947498,432
167512,42.307408,-82.946862,433
167512,42.307415,-82.946788,434
167512,42.307467,-82.946609,435
167512,42.307423,-82.946585,436
167512,42.307423,-82.946585,437
167512,42.307423,-82.946585,438
167512,42.307467,-82.946609,439
167512,42.307716,-82.945759,440
167512,42.308006,-82.944837,441
167512,42.307967,-82.94481499,442
167512,42.307967,-82.94481499,443
167512,42.307967,-82.94481499,444
167512,42.308006,-82.944837,445
167512,42.308011,-82.944821,446
167512,42.308019,-82.944791,447
167512,42.308194,-82.944211,448
167512,42.308277,-82.943936,449
167512,42.308418,-82.943512,450
167512,42.308508,-82.943125,451
167512,42.308642,-82.942898,452
167512,42.308725,-82.942838,453
167512,42.308782,-82.942812,454
167512,42.308934,-82.942787,455
167512,42.309125,-82.942872,456
167512,42.309582,-82.943147,457
167512,42.309764,-82.943268,458
167512,42.309825,-82.943308,459
167512,42.30985003,-82.94323923,460
167512,42.30985003,-82.94323923,461
167512,42.30985003,-82.94323923,462
167512,42.309825,-82.943308,463
167512,42.310152,-82.943524,464
167512,42.310206,-82.943558,465
167512,42.311016,-82.944074,466
167512,42.311242,-82.944212,467
167512,42.311538,-82.944407,468
167512,42.31157027,-82.944319,469
167512,42.31157027,-82.944319,470
167512,42.31157026,-82.944319,471
167512,42.3116500101895,-82.9444043068847,472
167512,42.3117255205457,-82.9444315484448,473
167512,42.3120361622707,-82.9427415492174,474
167512,42.312026,-82.942525,475
167512,42.312026,-82.942525,476
167512,42.3121069619552,-82.9424401558923,477
167512,42.3130254997865,-82.9380963865075,478
167512,42.3136463364877,-82.9384099269478,479
167512,42.3149792103304,-82.9390375669351,480
167512,42.3150506134896,-82.9383723758374,481
167512,42.3150426798093,-82.9378359314038,482
167512,42.3156059686294,-82.9379968647339,483
167512,42.3157248072468,-82.9379271269576,484
167512,42.315997,-82.936179,485
167512,42.315997,-82.936179,486
167512,42.3160796226461,-82.9361183322368,487
167512,42.316182756164,-82.9360418892799,488
167512,42.3162659887542,-82.9360288672161,489
167512,42.3167112453555,-82.9362072341156,490
167512,42.3165287797796,-82.937186240406,491
167512,42.3164971140172,-82.9372502244411,492
167512,42.3164335801387,-82.9372854821396,493
167512,42.3159317963179,-82.9371057741356,494
167512,42.3157748501355,-82.937893364418,495
167512,42.3157464208947,-82.9380294061599,496
167512,42.3157209543181,-82.9381029207973,497
167512,42.3156594704439,-82.9381176729469,498
167512,42.315597675409,-82.938106125166,499
167512,42.3152948543781,-82.9380111104507,500
167512,42.3152128977497,-82.9380602515636,501
167512,42.3151504216952,-82.9382506884037,502
167512,42.3150611700813,-82.9387026406227,503
167512,42.3149806757881,-82.9392274723873,504
167512,42.3146808089039,-82.9391394257603,505
167512,42.3143858287668,-82.9390164590774,506
167512,42.31390882121,-82.9387281216083,507
167512,42.3129256211225,-82.9381088662357,508
167512,42.3130673669796,-82.9373177568608,509
167512,42.313069,-82.93708,510
167512,42.313069,-82.93708,511
167512,42.313069,-82.93708,512
167512,42.3131499626677,-82.9369204989676,513
167512,42.313685259633,-82.9341231792985,514
167512,42.31369,-82.933899,515
167512,42.31369,-82.933899,516
167512,42.31369,-82.933899,517
167512,42.3137626635889,-82.933745609787,518
167512,42.3139656291748,-82.9326839486195,519
167512,42.3140800209244,-82.9318923497028,520
167512,42.3132922754978,-82.9313469593162,521
167512,42.31313011,-82.93130478,522
167512,42.31313011,-82.93130478,523
167512,42.31313011,-82.93130478,524
167512,42.31287,-82.93099,525
167512,42.3110563130828,-82.9298802487914,526
167512,42.310866,-82.929836,527
167512,42.310866,-82.929836,528
167512,42.310866,-82.929836,529
167512,42.310906,-82.92977,530
167512,42.31044,-82.92948,531
167512,42.310296,-82.929894,532
167512,42.30986,-82.93116,533
167512,42.30959,-82.932511,534
167512,42.309668,-82.932526,535
167512,42.309668,-82.932526,536
167512,42.309668,-82.932526,537
167512,42.30959,-82.932511,538
167512,42.30955,-82.93273,539
167512,42.30943,-82.93339,540
167512,42.30923,-82.93396,541
167512,42.308678,-82.933608,542
167512,42.308644,-82.933663,543
167512,42.308644,-82.933663,544
167512,42.308644,-82.933663,545
167512,42.3084714255143,-82.9334502933235,546
167512,42.306858733432,-82.9324457909752,547
167512,42.30663,-82.932394,548
167512,42.30663,-82.932394,549
167512,42.30663,-82.932394,550
167512,42.306663,-82.932299,551
167512,42.306398,-82.932129,552
167512,42.306213,-82.932011,553
167512,42.306074,-82.931933,554
167512,42.30602,-82.9319,555
167512,42.305511,-82.931585,556
167512,42.305477,-82.931564,557
167512,42.305248,-82.931392,558
167512,42.304921,-82.931037,559
167512,42.304896,-82.931079,560
167512,42.304896,-82.931079,561
167512,42.304896,-82.931079,562
167512,42.304921,-82.931037,563
167512,42.304829,-82.930938,564
167512,42.30475,-82.930841,565
167512,42.304696,-82.930775,566
167512,42.304588,-82.930706,567
167512,42.304157,-82.930414,568
167512,42.304134,-82.930404,569
167512,42.303953,-82.93032,570
167512,42.303604,-82.930157,571
167512,42.303309,-82.930114,572
167512,42.303103,-82.930096,573
167512,42.302836,-82.930019,574
167512,42.302809,-82.930009,575
167512,42.302692,-82.929964,576
167512,42.302685,-82.930088,577
167512,42.30275583,-82.93009636,578
167512,42.30275583,-82.93009636,579
167512,42.30275583,-82.93009636,580
167512,42.3026877622701,-82.9300091173333,581
167512,42.3026191168903,-82.9299831570778,582
167512,42.3023166208629,-82.9298371803913,583
167512,42.3021021407624,-82.929718048042,584
167512,42.3018058540972,-82.9295192797623,585
167512,42.3016643355554,-82.9298807962952,586
167512,42.301644,-82.930054,587
167512,42.301644,-82.930054,588
167515,42.31760132,-83.04338669,1
167515,42.31760132,-83.04338669,2
167515,42.3175170144333,-83.0434173137656,3
167515,42.3173378566112,-83.0433422341893,4
167515,42.3172406749529,-83.0435764770872,5
167515,42.3171210938983,-83.0435218949601,6
167515,42.3165776582695,-83.0431874495956,7
167515,42.3163840196239,-83.0439681177062,8
167515,42.3161690924439,-83.0448584658119,9
167515,42.3158190673333,-83.0460776603238,10
167515,42.314776,-83.045378,11
167515,42.314736,-83.045441,12
167515,42.314736,-83.045441,13
167515,42.314736,-83.045441,14
167515,42.314766,-83.045356,15
167515,42.314654,-83.045283,16
167515,42.311757,-83.043417,17
167515,42.311517,-83.043261,18
167515,42.311496,-83.043321,19
167515,42.311496,-83.043321,20
167515,42.311496,-83.043321,21
167515,42.311517,-83.043261,22
167515,42.30971,-83.042088,23
167515,42.309505,-83.041956,24
167515,42.30948,-83.042026,25
167515,42.30948,-83.042026,26
167515,42.30948,-83.042026,27
167515,42.309379245455,-83.041910416008,28
167515,42.30819,-83.04115,29
167515,42.308062,-83.041099,30
167515,42.308062,-83.041099,31
167515,42.308062,-83.041099,32
167515,42.3079463655402,-83.040990624012,33
167515,42.30665,-83.04016,34
167515,42.306747,-83.039804,35
167515,42.306747,-83.039804,36
167515,42.306747,-83.039804,37
167515,42.306815,-83.039849,38
167515,42.306901,-83.039613,39
167515,42.307077,-83.039115,40
167515,42.3071,-83.03905,41
167515,42.307324,-83.038419,42
167515,42.30755,-83.037785,43
167515,42.307777,-83.037159,44
167515,42.307987,-83.036578,45
167515,42.308006,-83.036526,46
167515,42.30795,-83.036489,47
167515,42.307749,-83.036358,48
167515,42.3077263248111,-83.0364212694429,49
167515,42.3077263248111,-83.0364212694429,50
167515,42.3077263248111,-83.0364212694429,51
167515,42.307749,-83.036358,52
167515,42.306173,-83.035332,53
167515,42.305997,-83.035217,54
167515,42.30597805,-83.03527161,55
167515,42.30597805,-83.03527161,56
167515,42.30597805,-83.03527161,57
167515,42.3058614594052,-83.0351455136677,58
167515,42.3044014683413,-83.0342389270207,59
167515,42.304091,-83.034049,60
167515,42.304091,-83.034049,61
167515,42.304091,-83.034049,62
167515,42.3039344435108,-83.0339214963646,63
167515,42.3030616001203,-83.0333421392174,64
167515,42.302851,-83.033251,65
167515,42.302851,-83.033251,66
167515,42.302851,-83.033251,67
167515,42.302874,-83.033185,68
167515,42.301889,-83.032544,69
167515,42.301325,-83.032181,70
167515,42.301296,-83.032262,71
167515,42.301296,-83.032262,72
167515,42.301296,-83.032262,73
167515,42.301325,-83.032181,74
167515,42.30118,-83.032088,75
167515,42.300495,-83.031643,76
167515,42.299661,-83.031104,77
167515,42.299639,-83.031166,78
167515,42.29961,-83.03115,79
167515,42.299639,-83.031166,80
167515,42.299661,-83.031104,81
167515,42.29953,-83.031019,82
167515,42.296927,-83.029343,83
167515,42.296776,-83.029243,84
167515,42.296748,-83.029321,85
167515,42.296718,-83.029274,86
167515,42.2967477,-83.02932133,87
167515,42.2966576755726,-83.0291921613646,88
167515,42.2958,-83.02863,89
167515,42.295544,-83.028549,90
167515,42.295544,-83.028549,91
167515,42.295544,-83.028549,92
167515,42.2954364464503,-83.0284132509956,93
167515,42.2939,-83.02741,94
167515,42.293744,-83.027375,95
167515,42.293744,-83.027375,96
167515,42.293744,-83.027375,97
167515,42.2936202286295,-83.0272257349529,98
167515,42.2921332603931,-83.0262737141209,99
167515,42.29194407,-83.02623555,100
167515,42.29194407,-83.02623555,101
167515,42.29194407,-83.02623555,102
167515,42.291978,-83.02614,103
167515,42.29196,-83.026128,104
167515,42.291791,-83.026019,105
167515,42.290475,-83.025169,106
167515,42.290109,-83.024926,107
167515,42.290073,-83.024903,108
167515,42.290037,-83.024876,109
167515,42.289886,-83.02478,110
167515,42.28945,-83.024499,111
167515,42.28924,-83.024365,112
167515,42.289189,-83.024332,113
167515,42.289106,-83.024351,114
167515,42.288682,-83.02409,115
167515,42.288656,-83.024166,116
167515,42.288656,-83.024166,117
167515,42.288656,-83.024166,118
167515,42.288682,-83.02409,119
167515,42.288467,-83.023958,120
167515,42.288116,-83.023743,121
167515,42.28807,-83.02364,122
167515,42.287753,-83.023421,123
167515,42.287507,-83.023251,124
167515,42.287423,-83.023197,125
167515,42.287286,-83.023108,126
167515,42.286752494346,-83.0227661381016,127
167515,42.286735109303,-83.0227710880689,128
167515,42.28668317,-83.02289065,129
167515,42.28668317,-83.02289065,130
167515,42.28668317,-83.02289065,131
167515,42.2867142308689,-83.0228119957075,132
167515,42.28552,-83.02205,133
167515,42.285235,-83.021878,134
167515,42.285159,-83.021832,135
167515,42.284897,-83.021673,136
167515,42.2847643607205,-83.0215942952512,137
167515,42.284729,-83.021656,138
167515,42.284729,-83.021656,139
167515,42.284729,-83.021656,140
167515,42.284778,-83.021519,141
167515,42.283599,-83.020753,142
167515,42.283374,-83.020604,143
167515,42.283335,-83.020711,144
167515,42.283335,-83.020711,145
167515,42.283335,-83.020711,146
167515,42.283374,-83.020604,147
167515,42.282888,-83.020282,148
167515,42.282843,-83.020244,149
167515,42.282805,-83.020191,150
167515,42.282775,-83.020118,151
167515,42.282754,-83.020036,152
167515,42.282712,-83.019767,153
167515,42.282552,-83.019786,154
167515,42.282387,-83.019787,155
167515,42.282227,-83.019768,156
167515,42.282019,-83.0197,157
167515,42.28193,-83.019657,158
167515,42.280846,-83.018959,159
167515,42.279909,-83.018358,160
167515,42.279888,-83.018418,161
167515,42.279888,-83.018418,162
167515,42.279888,-83.018418,163
167515,42.279909,-83.018358,164
167515,42.279804,-83.01829,165
167515,42.279073,-83.017817,166
167515,42.278715,-83.017603,167
167515,42.278626,-83.01755,168
167515,42.278195,-83.017296,169
167515,42.27812,-83.017257,170
167515,42.278007,-83.0172,171
167515,42.277748,-83.017083,172
167515,42.277677,-83.017044,173
167515,42.277649,-83.017139,174
167515,42.277649,-83.017139,175
167515,42.27764944,-83.01713923,176
167515,42.27746571826,-83.0169633300247,177
167515,42.2770268897393,-83.0167029966874,178
167515,42.2762525084582,-83.0162089239426,179
167515,42.2758341315996,-83.0159393030758,180
167515,42.2750344303406,-83.0154175300941,181
167515,42.2746285411212,-83.0151590848522,182
167515,42.2741697492259,-83.0148630781889,183
167515,42.2735098467213,-83.0143749161481,184
167515,42.2732220125473,-83.0141842356167,185
167515,42.27301,-83.014104,186
167515,42.27301,-83.014104,187
167515,42.27301,-83.014104,188
167515,42.2728267687549,-83.0139101031799,189
167515,42.2704258588141,-83.012413596365,190
167515,42.270323,-83.012392,191
167515,42.270323,-83.012392,192
167515,42.270323,-83.012392,193
167515,42.270299930345,-83.0122915013275,194
167515,42.2694826141849,-83.0117357589284,195
167515,42.2683657560402,-83.0110357023755,196
167515,42.26816851,-83.01101784,197
167515,42.26816851,-83.01101784,198
167515,42.26816851,-83.01101784,199
167515,42.2680416060642,-83.0108574957008,200
167515,42.2666451467086,-83.009961390213,201
167515,42.266447,-83.009913,202
167515,42.266447,-83.009913,203
167515,42.266447,-83.009913,204
167515,42.2662898493714,-83.0097266969242,205
167515,42.263509852258,-83.0079389558544,206
167515,42.26329941,-83.00786476,207
167515,42.26329941,-83.00786476,208
167515,42.26329941,-83.00786476,209
167515,42.2631356935869,-83.0076913175038,210
167515,42.2616588316577,-83.0067579087666,211
167515,42.261324,-83.006631,212
167515,42.261324,-83.006631,213
167515,42.261324,-83.006631,214
167515,42.261193221236,-83.006470233799,215
167515,42.2600934843164,-83.005762130619,216
167515,42.25992601,-83.00568597,217
167515,42.25992601,-83.00568597,218
167515,42.25992601,-83.00568597,219
167515,42.259982,-83.005596,220
167515,42.25716,-83.00378,221
167515,42.257196,-83.003592,222
167515,42.257533,-83.001975,223
167515,42.257432,-83.001956,224
167515,42.257432,-83.001956,225
167515,42.257432,-83.001956,226
167515,42.257533,-83.001975,227
167515,42.25776,-83.00076,228
167515,42.257908,-82.999966,229
167515,42.257854,-82.999956,230
167515,42.257854,-82.999956,231
167515,42.257854,-82.999956,232
167515,42.257908,-82.999966,233
167515,42.25857,-82.99649,234
167515,42.258587,-82.995969,235
167515,42.25847,-82.995972,236
167515,42.25847,-82.995972,237
167515,42.25847,-82.995972,238
167515,42.258542,-82.995967,239
167515,42.258532,-82.995713,240
167515,42.258159,-82.995746,241
167515,42.258041,-82.99569,242
167515,42.256859,-82.995712,243
167515,42.256373,-82.995745,244
167515,42.25595,-82.995778,245
167515,42.25568,-82.995793,246
167515,42.2556828194201,-82.9958829447187,247
167515,42.2556828194201,-82.9958829447187,248
167515,42.2556828194201,-82.9958829447187,249
167515,42.25568,-82.995793,250
167515,42.254975,-82.995834,251
167515,42.253839,-82.995908,252
167515,42.253535,-82.995924,253
167515,42.2535377334989,-82.9960194471949,254
167515,42.2535377334989,-82.9960194471949,255
167515,42.2535377334989,-82.9960194471949,256
167515,42.253535,-82.995924,257
167515,42.252926,-82.995957,258
167515,42.252678,-82.995987,259
167515,42.2525,-82.996024,260
167515,42.252454,-82.996042,261
167515,42.251763,-82.996345,262
167515,42.251083,-82.996689,263
167515,42.250721,-82.996888,264
167515,42.25026,-82.997127,265
167515,42.249829,-82.997334,266
167515,42.249543,-82.997427,267
167515,42.249356,-82.997455,268
167515,42.249013,-82.997489,269
167515,42.24854,-82.997454,270
167515,42.248294,-82.997302,271
167515,42.24803,-82.997229,272
167515,42.247758,-82.997052,273
167515,42.247497,-82.996865,274
167515,42.247216,-82.996694,275
167515,42.246931,-82.99657,276
167515,42.24669,-82.996503,277
167515,42.246621,-82.996366,278
167515,42.246605,-82.996169,279
167515,42.246567,-82.995811,280
167515,42.246557,-82.995713,281
167515,42.246571,-82.99559,282
167515,42.246444,-82.995094,283
167515,42.2464069984948,-82.9951111770677,284
167515,42.2464069984948,-82.9951111770677,285
167515,42.2464069984948,-82.9951111770677,286
167515,42.246444,-82.995094,287
167515,42.245734,-82.992319,288
167515,42.245701,-82.992177,289
167515,42.245637,-82.9919,290
167515,42.2456452014397,-82.9918960458353,291
167515,42.2456452014397,-82.9918960458353,292
167515,42.2456452014397,-82.9918960458353,293
167515,42.245637,-82.9919,294
167515,42.244954,-82.988961,295
167515,42.244577,-82.98742,296
167515,42.244523,-82.987183,297
167515,42.2444995115631,-82.9871927923842,298
167515,42.2444995115631,-82.9871927923842,299
167515,42.2444995115631,-82.9871927923842,300
167515,42.244523,-82.987183,301
167515,42.244057,-82.985151,302
167515,42.243959,-82.984746,303
167515,42.243903776139,-82.9847698871655,304
167515,42.243903776139,-82.9847698871655,305
167515,42.243903776139,-82.9847698871655,306
167515,42.243959,-82.984746,307
167515,42.243407,-82.982455,308
167515,42.2433506290783,-82.9824799925968,309
167515,42.2433506290783,-82.9824799925968,310
167515,42.2433506290783,-82.9824799925968,311
167515,42.243407,-82.982455,312
167515,42.243231,-82.981724,313
167515,42.2428,-82.981882,314
167515,42.242483,-82.982037,315
167515,42.242251,-82.982191,316
167515,42.242137,-82.982299,317
167515,42.242022,-82.982471,318
167515,42.241737,-82.982593,319
167515,42.241758252502,-82.9826823139315,320
167515,42.241758252502,-82.9826823139315,321
167515,42.241758252502,-82.9826823139315,322
167515,42.241737,-82.982593,323
167515,42.241722,-82.9826,324
167515,42.241554,-82.982627,325
167515,42.241339,-82.982594,326
167515,42.240864,-82.982539,327
167515,42.240362,-82.982496,328
167515,42.240267,-82.982488,329
167515,42.240044,-82.98247,330
167515,42.239769,-82.982569,331
167515,42.239717,-82.982599,332
167515,42.239689,-82.982615,333
167515,42.2397206658624,-82.9827136954827,334
167515,42.2397206658624,-82.9827136954827,335
167515,42.2397206658624,-82.9827136954827,336
167515,42.239689,-82.982615,337
167515,42.239433,-82.982764,338
167515,42.23926,-82.982873,339
167515,42.239114,-82.982965,340
167515,42.239072,-82.982983,341
167515,42.238714,-82.983135,342
167515,42.238384,-82.983341,343
167515,42.238293,-82.983409,344
167515,42.238122,-82.983523,345
167515,42.2381716410297,-82.9836608285384,346
167515,42.2381716410297,-82.9836608285384,347
167515,42.2381716410297,-82.9836608285384,348
167515,42.238122,-82.983523,349
167515,42.238098,-82.983539,350
167515,42.23778,-82.983839,351
167515,42.237526,-82.984139,352
167515,42.23736,-82.984368,353
167515,42.237316,-82.984423,354
167515,42.237164,-82.984654,355
167515,42.237037,-82.984912,356
167515,42.236872,-82.985367,357
167515,42.236778,-82.985679,358
167515,42.236702,-82.986188,359
167515,42.236617,-82.986628,360
167515,42.236619,-82.986744,361
167515,42.236632,-82.987284,362
167515,42.236655,-82.987662,363
167515,42.236714,-82.988078,364
167515,42.236784,-82.988471,365
167515,42.23685,-82.988777,366
167515,42.236887,-82.988914,367
167515,42.236954,-82.989075,368
167515,42.237081,-82.989246,369
167515,42.237178,-82.989381,370
167515,42.23724,-82.989459,371
167515,42.2372826146029,-82.9893959725757,372
167515,42.2372826146029,-82.9893959725757,373
167515,42.2372826146029,-82.9893959725757,374
167515,42.23724,-82.989459,375
167515,42.237284,-82.989514,376
167515,42.237442,-82.989645,377
167515,42.23756,-82.98973,378
167515,42.23772,-82.98981,379
167515,42.23791,-82.98989,380
167515,42.23804,-82.98996,381
167515,42.2382,-82.99011,382
167515,42.23834,-82.99028,383
167515,42.23846,-82.99049,384
167515,42.23853,-82.99066,385
167515,42.23861,-82.99098,386
167515,42.23871,-82.99143,387
167515,42.23881,-82.99187,388
167515,42.238903,-82.992102,389
167515,42.23891,-82.99212,390
167515,42.239017,-82.992285,391
167515,42.2390611708813,-82.9922328372557,392
167515,42.2390611708813,-82.9922328372557,393
167515,42.2390611708813,-82.9922328372557,394
167515,42.23902,-82.99229,395
167515,42.23921,-82.99255,396
167515,42.23934,-82.99264,397
167515,42.23952,-82.99275,398
167515,42.23969,-82.9928,399
167515,42.239927,-82.992825,400
167515,42.24018,-82.992748,401
167515,42.240437,-82.992627,402
167515,42.2404248370999,-82.9925803806224,403
167515,42.2404248370999,-82.9925803806224,404
167515,42.2404248370999,-82.9925803806224,405
167515,42.240437,-82.992627,406
167515,42.240524,-82.992586,407
167515,42.24063,-82.992544,408
167515,42.240782,-82.992544,409
167515,42.240855,-82.99256,410
167515,42.24095,-82.992581,411
167515,42.24088,-82.992965,412
167515,42.240859,-82.993167,413
167515,42.240878,-82.993334,414
167515,42.240945,-82.993655,415
167515,42.241048,-82.994118,416
167515,42.24108,-82.994384,417
167515,42.241058,-82.994518,418
167515,42.24093,-82.994828,419
167515,42.2409756850946,-82.994862771511,420
167515,42.2409756850946,-82.994862771511,421
167515,42.2409756850946,-82.994862771511,422
167515,42.24093,-82.994828,423
167515,42.240798,-82.995148,424
167515,42.240794,-82.995408,425
167515,42.240821,-82.995741,426
167515,42.240889,-82.995881,427
167515,42.241004,-82.996499,428
167515,42.241014,-82.99655,429
167515,42.24103,-82.996637,430
167515,42.24101,-82.996766,431
167515,42.240914,-82.997401,432
167515,42.240862,-82.997486,433
167515,42.240803,-82.997854,434
167515,42.240857,-82.99787,435
167515,42.240857,-82.99787,436
167515,42.240857,-82.99787,437
167515,42.2407798856813,-82.9981051043339,438
167515,42.2406655428645,-82.9987905165329,439
167515,42.2406581507603,-82.9990484049282,440
167515,42.2406842571774,-82.9993213214264,441
167515,42.2407534649483,-82.999549978014,442
167515,42.2408328290264,-82.9997489656067,443
167515,42.2408979602805,-82.9998511970897,444
167515,42.241008,-82.999936,445
167515,42.241008,-82.999936,446
167515,42.241008,-82.999936,447
167515,42.2410983298229,-83.0001032202377,448
167515,42.2413256137269,-83.0002605423279,449
167515,42.2414965750773,-83.0003271846905,450
167515,42.2416110695765,-83.0003482245369,451
167515,42.2423940226851,-83.0003154257602,452
167515,42.2425162173001,-83.0003070681229,453
167515,42.242674,-83.000252,454
167515,42.242674,-83.000252,455
167515,42.242674,-83.000252,456
167515,42.2428517154525,-83.0002899447746,457
167515,42.2434515750165,-83.0002550846558,458
167515,42.2436735084608,-83.0002923698711,459
167515,42.243845971227,-83.000351635582,460
167515,42.2440090771547,-83.0004747600841,461
167515,42.2441084541971,-83.000563266201,462
167515,42.2442314648915,-83.0007188411045,463
167515,42.2443324320846,-83.0008968637543,464
167515,42.2443873344005,-83.0010152252006,465
167515,42.24448,-83.001183,466
167515,42.24448,-83.001183,467
167515,42.24448,-83.001183,468
167515,42.2444879394533,-83.0014152020685,469
167515,42.244508366134,-83.0016928736801,470
167515,42.2444420432163,-83.0021132172661,471
167515,42.2435375255974,-83.0070791631947,472
167515,42.2433712586995,-83.0080331878357,473
167515,42.243353,-83.008391,474
167515,42.243353,-83.008391,475
167515,42.243353,-83.008391,476
167515,42.2432709137903,-83.0086130343933,477
167515,42.2428844114437,-83.0107308171272,478
167515,42.242868,-83.011062,479
167515,42.242868,-83.011062,480
167515,42.242868,-83.011062,481
167515,42.2427831435344,-83.0113101742744,482
167515,42.2423858207471,-83.0135700613422,483
167515,42.2421668136668,-83.0141321865082,484
167515,42.2420216629998,-83.0143357372747,485
167515,42.241898,-83.014546,486
167515,42.241898,-83.014546,487
167515,42.241898,-83.014546,488
167515,42.241857,-83.014464,489
167515,42.241735,-83.014556,490
167515,42.241889,-83.015044,491
167515,42.242197,-83.01598,492
167515,42.242512,-83.017001,493
167515,42.242815,-83.017949,494
167515,42.242929,-83.018294,495
167515,42.243208,-83.019121,496
167515,42.243429,-83.019813,497
167515,42.243529,-83.020124,498
167515,42.24354,-83.020152,499
167515,42.243603,-83.020342,500
167515,42.243712,-83.020275,501
167515,42.244466,-83.019812,502
167515,42.244618,-83.019717,503
167515,42.24474,-83.01964,504
167515,42.24483,-83.019449,505
167515,42.244839,-83.01943,506
167515,42.245308,-83.018097,507
167515,42.245327,-83.018056,508
167515,42.245354,-83.018012,509
167515,42.245436,-83.017901,510
167515,42.245918,-83.017239,511
167515,42.245988,-83.017344,512
167515,42.246023,-83.017401,513
167515,42.246044,-83.017446,514
167515,42.24606,-83.017493,515
167515,42.24607,-83.017545,516
167515,42.246076,-83.017593,517
167515,42.246076,-83.01764,518
167515,42.246073,-83.017682,519
167515,42.246065,-83.017729,520
167515,42.246042,-83.017794,521
167515,42.246038,-83.017805,522
167515,42.246102,-83.017846,523
167515,42.246094,-83.017841,524
167514,42.246094,-83.017841,1
167514,42.2460395707402,-83.0178979000136,2
167514,42.245955,-83.018044,3
167514,42.24593,-83.018101,4
167514,42.245917,-83.018122,5
167514,42.245904,-83.018138,6
167514,42.245892,-83.018148,7
167514,42.245876,-83.018155,8
167514,42.245863,-83.018157,9
167514,42.245847,-83.018157,10
167514,42.245814,-83.018142,11
167514,42.245436,-83.017901,12
167514,42.245354,-83.018012,13
167514,42.245327,-83.018056,14
167514,42.245308,-83.018097,15
167514,42.244839,-83.01943,16
167514,42.24483,-83.019449,17
167514,42.24474,-83.01964,18
167514,42.24483,-83.019871,19
167514,42.2452,-83.020849,20
167514,42.245314,-83.021143,21
167514,42.245332,-83.021185,22
167514,42.24535,-83.021218,23
167514,42.245366,-83.021245,24
167514,42.24538,-83.021261,25
167514,42.245401,-83.021277,26
167514,42.24543,-83.021299,27
167514,42.245633,-83.021432,28
167514,42.247569,-83.022667,29
167514,42.247609,-83.022693,30
167514,42.247953,-83.022912,31
167514,42.247969,-83.022919,32
167514,42.24799,-83.022923,33
167514,42.248014,-83.022926,34
167514,42.248042,-83.022925,35
167514,42.248068,-83.022919,36
167514,42.24809,-83.022907,37
167514,42.248111,-83.022893,38
167514,42.248136,-83.022873,39
167514,42.248155,-83.022856,40
167514,42.248179,-83.022823,41
167514,42.248199,-83.022791,42
167514,42.248218,-83.022754,43
167514,42.248228,-83.02273,44
167514,42.248369,-83.022343,45
167514,42.248444,-83.022137,46
167514,42.248623,-83.021615,47
167514,42.248631,-83.021591,48
167514,42.248639,-83.021568,49
167514,42.248651,-83.021534,50
167514,42.248661,-83.021499,51
167514,42.248672,-83.021463,52
167514,42.24868,-83.021431,53
167514,42.248685,-83.021402,54
167514,42.24869,-83.021379,55
167514,42.248692,-83.021341,56
167514,42.24869,-83.021296,57
167514,42.248686,-83.021241,58
167514,42.24858743,-83.02115608,59
167514,42.24858743,-83.02115608,60
167514,42.248666,-83.02113,61
167514,42.248662,-83.021105,62
167514,42.248653,-83.021069,63
167514,42.248624,-83.020948,64
167514,42.248784,-83.020887,65
167514,42.248894,-83.020852,66
167514,42.249151,-83.020769,67
167514,42.25013,-83.020461,68
167514,42.250183,-83.020452,69
167514,42.250236,-83.020454,70
167514,42.250297,-83.020472,71
167514,42.250427,-83.020468,72
167514,42.250439,-83.020467,73
167514,42.250463,-83.020466,74
167514,42.250498,-83.020465,75
167514,42.250533,-83.020467,76
167514,42.250562,-83.020467,77
167514,42.250579,-83.020463,78
167514,42.250596,-83.020463,79
167514,42.250613,-83.020467,80
167514,42.250629,-83.020474,81
167514,42.250644,-83.020485,82
167514,42.250657,-83.020499,83
167514,42.250669,-83.020515,84
167514,42.250678,-83.020534,85
167514,42.250685,-83.020555,86
167514,42.250701,-83.020579,87
167514,42.250715,-83.020601,88
167514,42.250735,-83.020637,89
167514,42.250754,-83.020665,90
167514,42.250781,-83.020696,91
167514,42.250803,-83.020715,92
167514,42.250835,-83.020735,93
167514,42.250858,-83.020756,94
167514,42.250868,-83.020784,95
167514,42.250957,-83.020839,96
167514,42.251784,-83.021365,97
167514,42.252085,-83.02155,98
167514,42.252138,-83.021576,99
167514,42.252163,-83.021588,100
167514,42.252265,-83.021618,101
167514,42.252374,-83.021625,102
167514,42.252458,-83.021621,103
167514,42.252639,-83.021567,104
167514,42.252699,-83.02156,105
167514,42.252793,-83.02156,106
167514,42.252867,-83.02157,107
167514,42.252978,-83.021617,108
167514,42.253722,-83.022082,109
167514,42.253848,-83.022128,110
167514,42.25387,-83.022008,111
167514,42.253968,-83.021485,112
167514,42.254035,-83.021128,113
167514,42.253915,-83.021087,114
167514,42.253915,-83.021087,115
167514,42.253915,-83.021087,116
167514,42.254035,-83.021128,117
167514,42.254285,-83.01979,118
167514,42.254363,-83.019373,119
167514,42.254452,-83.018866,120
167514,42.254699,-83.017464,121
167514,42.254577,-83.017425,122
167514,42.254577,-83.017425,123
167514,42.254577,-83.017425,124
167514,42.254699,-83.017464,125
167514,42.254737,-83.01725,126
167514,42.253374,-83.016411,127
167514,42.253266,-83.016344,128
167514,42.252916,-83.016123,129
167514,42.252903,-83.016159,130
167514,42.252903,-83.016159,131
167514,42.252903,-83.016159,132
167514,42.2527917713219,-83.0160663191185,133
167514,42.25078,-83.01478,134
167514,42.25065594,-83.01474106,135
167514,42.25065594,-83.01474106,136
167514,42.25065594,-83.01474106,137
167514,42.25052698119,-83.0146132868538,138
167514,42.2483073777229,-83.0132236736107,139
167514,42.248212,-83.013203,140
167514,42.248212,-83.013203,141
167514,42.248212,-83.013203,142
167514,42.2481218992636,-83.0131080180134,143
167514,42.2452939711358,-83.0113190466271,144
167514,42.2451943900014,-83.0112569168467,145
167514,42.245098,-83.011237,146
167514,42.245098,-83.011237,147
167514,42.245098,-83.011237,148
167514,42.2450226116311,-83.0111448885834,149
167514,42.2432863678261,-83.0100502564488,150
167514,42.243176,-83.010044,151
167514,42.243176,-83.010044,152
167514,42.243176,-83.010044,153
167514,42.243209,-83.009951,154
167514,42.243022,-83.00983,155
167514,42.243301,-83.008307,156
167514,42.243428,-83.007524,157
167514,42.243504,-83.007059,158
167514,42.243562,-83.006748,159
167514,42.24352,-83.006734,160
167514,42.24352,-83.006734,161
167514,42.24352,-83.006734,162
167514,42.243528,-83.006735,163
167514,42.2436155615548,-83.0064784027939,164
167514,42.244397870367,-83.0021542356167,165
167514,42.244392,-83.001944,166
167514,42.244392,-83.001944,167
167514,42.244392,-83.001944,168
167514,42.24445,-83.00156,169
167514,42.24442,-83.00131,170
167514,42.24431,-83.00092,171
167514,42.24384,-83.00036,172
167514,42.24353,-83.0003,173
167514,42.2424057568741,-83.0003790281029,174
167514,42.242292,-83.000419,175
167514,42.242292,-83.000419,176
167514,42.242292,-83.000419,177
167514,42.2421356735239,-83.0003821326103,178
167514,42.24148,-83.00037,179
167514,42.24127,-83.00028,180
167514,42.24081,-82.99982,181
167514,42.2406503769379,-82.9993897152748,182
167514,42.240589,-82.999153,183
167514,42.240589,-82.999153,184
167514,42.240589,-82.999153,185
167514,42.240642,-82.999139,186
167514,42.240622,-82.998997,187
167514,42.240642,-82.998827,188
167514,42.240765,-82.998089,189
167514,42.240862,-82.997486,190
167514,42.240846,-82.997367,191
167514,42.240911,-82.996821,192
167514,42.240918,-82.99677,193
167514,42.240934,-82.996636,194
167514,42.240923,-82.996554,195
167514,42.240914,-82.996482,196
167514,42.240808,-82.995904,197
167514,42.240821,-82.995741,198
167514,42.240801,-82.995499,199
167514,42.2407419440986,-82.9955081856332,200
167514,42.2407419440986,-82.9955081856332,201
167514,42.2407419440986,-82.9955081856332,202
167514,42.240801,-82.995499,203
167514,42.240794,-82.995408,204
167514,42.240798,-82.995148,205
167514,42.241058,-82.994518,206
167514,42.24108,-82.994384,207
167514,42.241048,-82.994118,208
167514,42.240945,-82.993655,209
167514,42.240878,-82.993334,210
167514,42.240859,-82.993167,211
167514,42.24088,-82.992965,212
167514,42.240892,-82.992901,213
167514,42.2408527480797,-82.9928883380468,214
167514,42.2408527480797,-82.9928883380468,215
167514,42.2408527480797,-82.9928883380468,216
167514,42.240892,-82.992901,217
167514,42.24095,-82.992581,218
167514,42.240855,-82.99256,219
167514,42.240782,-82.992544,220
167514,42.24063,-82.992544,221
167514,42.240524,-82.992586,222
167514,42.24018,-82.992748,223
167514,42.239927,-82.992825,224
167514,42.23969,-82.9928,225
167514,42.23952,-82.99275,226
167514,42.23934,-82.99264,227
167514,42.23921,-82.99255,228
167514,42.23902,-82.99229,229
167514,42.23891,-82.99212,230
167514,42.238903,-82.992102,231
167514,42.23881,-82.99187,232
167514,42.238749,-82.991601,233
167514,42.2387069122592,-82.9916176288519,234
167514,42.2387069122592,-82.9916176288519,235
167514,42.2387069122592,-82.9916176288519,236
167514,42.238749,-82.991601,237
167514,42.23871,-82.99143,238
167514,42.23861,-82.99098,239
167514,42.23853,-82.99066,240
167514,42.23846,-82.99049,241
167514,42.23834,-82.99028,242
167514,42.2382,-82.99011,243
167514,42.23804,-82.98996,244
167514,42.23791,-82.98989,245
167514,42.23772,-82.98981,246
167514,42.23756,-82.98973,247
167514,42.237442,-82.989645,248
167514,42.237284,-82.989514,249
167514,42.237178,-82.989381,250
167514,42.237081,-82.989246,251
167514,42.236954,-82.989075,252
167514,42.236887,-82.988914,253
167514,42.23685,-82.988777,254
167514,42.236801,-82.988551,255
167514,42.2367556953354,-82.9885691904957,256
167514,42.2367556953354,-82.9885691904957,257
167514,42.2367556953354,-82.9885691904957,258
167514,42.236801,-82.988551,259
167514,42.236784,-82.988471,260
167514,42.236714,-82.988078,261
167514,42.236655,-82.987662,262
167514,42.236632,-82.987284,263
167514,42.236619,-82.986744,264
167514,42.236617,-82.986628,265
167514,42.236702,-82.986188,266
167514,42.236737,-82.985954,267
167514,42.2367133796927,-82.9859465459182,268
167514,42.2367133796927,-82.9859465459182,269
167514,42.2367133796927,-82.9859465459182,270
167514,42.236737,-82.985954,271
167514,42.236778,-82.985679,272
167514,42.236872,-82.985367,273
167514,42.237037,-82.984912,274
167514,42.237164,-82.984654,275
167514,42.237316,-82.984423,276
167514,42.23736,-82.984368,277
167514,42.237526,-82.984139,278
167514,42.23778,-82.983839,279
167514,42.238098,-82.983539,280
167514,42.238293,-82.983409,281
167514,42.238384,-82.983341,282
167514,42.238714,-82.983135,283
167514,42.239072,-82.982983,284
167514,42.239089,-82.982976,285
167514,42.2390741852123,-82.9829101297383,286
167514,42.2390741852123,-82.9829101297383,287
167514,42.2390741852123,-82.9829101297383,288
167514,42.239089,-82.982976,289
167514,42.239114,-82.982965,290
167514,42.23926,-82.982873,291
167514,42.239433,-82.982764,292
167514,42.239717,-82.982599,293
167514,42.239769,-82.982569,294
167514,42.240044,-82.98247,295
167514,42.240267,-82.982488,296
167514,42.240362,-82.982496,297
167514,42.240864,-82.982539,298
167514,42.241339,-82.982594,299
167514,42.241399,-82.982603,300
167514,42.24140153932,-82.9825623434547,301
167514,42.24140153932,-82.9825623434547,302
167514,42.24140153932,-82.9825623434547,303
167514,42.241399,-82.982603,304
167514,42.241554,-82.982627,305
167514,42.241722,-82.9826,306
167514,42.242022,-82.982471,307
167514,42.242137,-82.982299,308
167514,42.242251,-82.982191,309
167514,42.242483,-82.982037,310
167514,42.242716,-82.981923,311
167514,42.2427066577099,-82.981889282523,312
167514,42.2427066577099,-82.981889282523,313
167514,42.2427066577099,-82.981889282523,314
167514,42.242716,-82.981923,315
167514,42.2428,-82.981882,316
167514,42.243231,-82.981724,317
167514,42.243948,-82.984697,318
167514,42.2440283990122,-82.9846621255767,319
167514,42.2440283990122,-82.9846621255767,320
167514,42.2440283990122,-82.9846621255767,321
167514,42.243948,-82.984697,322
167514,42.244057,-82.985151,323
167514,42.244475,-82.986974,324
167514,42.2445618123711,-82.9869378147045,325
167514,42.2445618123711,-82.9869378147045,326
167514,42.2445618123711,-82.9869378147045,327
167514,42.244475,-82.986974,328
167514,42.244577,-82.98742,329
167514,42.244954,-82.988961,330
167514,42.245102,-82.989599,331
167514,42.2452016331195,-82.9895567700684,332
167514,42.2452016331195,-82.9895567700684,333
167514,42.2452016331195,-82.9895567700684,334
167514,42.245102,-82.989599,335
167514,42.245701,-82.992177,336
167514,42.245734,-82.992319,337
167514,42.245894,-82.992944,338
167514,42.2460075895905,-82.9928908360369,339
167514,42.2460075895905,-82.9928908360369,340
167514,42.2460075895905,-82.9928908360369,341
167514,42.245894,-82.992944,342
167514,42.246571,-82.99559,343
167514,42.246656,-82.995693,344
167514,42.246693,-82.995878,345
167514,42.246718,-82.996123,346
167514,42.2467753806679,-82.9961118665783,347
167514,42.2467753806679,-82.9961118665783,348
167514,42.2467753806679,-82.9961118665783,349
167514,42.246718,-82.996123,350
167514,42.246728,-82.996219,351
167514,42.246738,-82.996378,352
167514,42.246983,-82.996447,353
167514,42.247253,-82.996557,354
167514,42.247532,-82.996738,355
167514,42.247829,-82.996935,356
167514,42.248009,-82.997057,357
167514,42.2481,-82.997111,358
167514,42.248294,-82.997302,359
167514,42.24854,-82.997454,360
167514,42.249013,-82.997489,361
167514,42.249356,-82.997455,362
167514,42.249543,-82.997427,363
167514,42.249829,-82.997334,364
167514,42.25026,-82.997127,365
167514,42.250721,-82.996888,366
167514,42.251083,-82.996689,367
167514,42.251763,-82.996345,368
167514,42.252454,-82.996042,369
167514,42.2525,-82.996024,370
167514,42.252678,-82.995987,371
167514,42.252926,-82.995957,372
167514,42.253839,-82.995908,373
167514,42.254052,-82.995894,374
167514,42.2540495862441,-82.9958511178644,375
167514,42.2540495862441,-82.9958511178644,376
167514,42.2540495862441,-82.9958511178644,377
167514,42.254052,-82.995894,378
167514,42.254975,-82.995834,379
167514,42.25595,-82.995778,380
167514,42.256373,-82.995745,381
167514,42.256705,-82.995722,382
167514,42.256704,-82.995692,383
167514,42.256704,-82.995692,384
167514,42.256704,-82.995692,385
167514,42.256932462272,-82.9957155545616,386
167514,42.2586317718734,-82.9956511815453,387
167514,42.2586476530555,-82.9959784110451,388
167514,42.258709,-82.99628,389
167514,42.258709,-82.99628,390
167514,42.258709,-82.99628,391
167514,42.258524493774,-82.996922679554,392
167514,42.2583537705227,-82.9977005201683,393
167514,42.2580083522983,-82.9995619732247,394
167514,42.257975,-83.000092,395
167514,42.257975,-83.000092,396
167514,42.257975,-83.000092,397
167514,42.25776,-83.00076,398
167514,42.25769,-83.00116,399
167514,42.2574090788547,-83.0028509481429,400
167514,42.25735993,-83.00351868,401
167514,42.25735993,-83.00351868,402
167514,42.25735993,-83.00351868,403
167514,42.2573029338314,-83.0037504957008,404
167514,42.257395653045,-83.0038299522076,405
167514,42.2598775930607,-83.0054703497028,406
167514,42.26002291,-83.00551089,407
167514,42.26002291,-83.00551089,408
167514,42.26002291,-83.00551089,409
167514,42.2601049945031,-83.0056164809856,410
167514,42.2618685533363,-83.0067483938484,411
167514,42.26199171,-83.00677747,412
167514,42.26199171,-83.00677747,413
167514,42.26199171,-83.00677747,414
167514,42.2620898855903,-83.0068851865082,415
167514,42.2639056804625,-83.0080369472561,416
167514,42.26402981,-83.00807667,417
167514,42.26402981,-83.00807667,418
167514,42.26402981,-83.00807667,419
167514,42.2641458702224,-83.0082381349306,420
167514,42.26557,-83.00916,421
167514,42.265817,-83.009169,422
167514,42.265817,-83.009169,423
167514,42.265817,-83.009169,424
167514,42.26627,-83.00961,425
167514,42.267323,-83.010129,426
167514,42.267323,-83.010129,427
167514,42.267323,-83.010129,428
167514,42.2680623589656,-83.0107231011887,429
167514,42.2695,-83.01169,430
167514,42.269944,-83.0118,431
167514,42.269944,-83.0118,432
167514,42.269944,-83.0118,433
167514,42.27047,-83.0123,434
167514,42.27141,-83.0129,435
167514,42.2717,-83.01308,436
167514,42.272086,-83.013163,437
167514,42.272086,-83.013163,438
167514,42.272086,-83.013163,439
167514,42.2721876404355,-83.013277317791,440
167514,42.2736257662818,-83.0142278895493,441
167514,42.27379011,-83.01425734,442
167514,42.27379011,-83.01425734,443
167514,42.27379011,-83.01425734,444
167514,42.2739353749659,-83.0143847987766,445
167514,42.2741714507708,-83.0145902581628,446
167514,42.2764985975355,-83.0161002944775,447
167514,42.277255254021,-83.0165840331108,448
167514,42.2782414795823,-83.017133974205,449
167514,42.278381,-83.01718,450
167514,42.278381,-83.01718,451
167514,42.278381,-83.01718,452
167514,42.278366,-83.017229,453
167514,42.278543,-83.01733,454
167514,42.278932,-83.01758,455
167514,42.280884,-83.018832,456
167514,42.281753,-83.019386,457
167514,42.28195,-83.019499,458
167514,42.282177,-83.019596,459
167514,42.282402,-83.019638,460
167514,42.282564,-83.019633,461
167514,42.282686,-83.019614,462
167514,42.282712,-83.019767,463
167514,42.282754,-83.020036,464
167514,42.282775,-83.020118,465
167514,42.282805,-83.020191,466
167514,42.282843,-83.020244,467
167514,42.282888,-83.020282,468
167514,42.283425,-83.020638,469
167514,42.283457,-83.02055,470
167514,42.283457,-83.02055,471
167514,42.283457,-83.02055,472
167514,42.283425,-83.020638,473
167514,42.283599,-83.020753,474
167514,42.284863,-83.021574,475
167514,42.284946,-83.021554,476
167514,42.28501,-83.021592,477
167514,42.285036,-83.021513,478
167514,42.285036,-83.021513,479
167514,42.285036,-83.021513,480
167514,42.28501,-83.021592,481
167514,42.285202,-83.021705,482
167514,42.285278,-83.021751,483
167514,42.285566,-83.021935,484
167514,42.285575,-83.022002,485
167514,42.286213,-83.022415,486
167514,42.286605,-83.022668,487
167514,42.28669,-83.022723,488
167514,42.286724,-83.022628,489
167514,42.286724,-83.022628,490
167514,42.286724,-83.022628,491
167514,42.28669,-83.022723,492
167514,42.286892,-83.022854,493
167514,42.287286,-83.023108,494
167514,42.287423,-83.023197,495
167514,42.287507,-83.023251,496
167514,42.287753,-83.023421,497
167514,42.28807,-83.02364,498
167514,42.288149,-83.023625,499
167514,42.288507,-83.023843,500
167514,42.288825,-83.024036,501
167514,42.28884,-83.02399,502
167514,42.28884,-83.02399,503
167514,42.28884,-83.02399,504
167514,42.288825,-83.024036,505
167514,42.289154,-83.024236,506
167514,42.289189,-83.024332,507
167514,42.28924,-83.024365,508
167514,42.28945,-83.024499,509
167514,42.289886,-83.02478,510
167514,42.290037,-83.024876,511
167514,42.290073,-83.024903,512
167514,42.290109,-83.024926,513
167514,42.290475,-83.025169,514
167514,42.29156,-83.02587,515
167514,42.29158442,-83.02580172,516
167514,42.29158442,-83.02580172,517
167514,42.29158442,-83.02580172,518
167514,42.2916872542949,-83.0259231693115,519
167514,42.2937858938042,-83.0272574551907,520
167514,42.293906,-83.027293,521
167514,42.293906,-83.027293,522
167514,42.293906,-83.027293,523
167514,42.2940333187423,-83.0274698721483,524
167514,42.2958131567403,-83.0286032307767,525
167514,42.2955480299506,-83.0299568032494,526
167514,42.295578,-83.030244,527
167514,42.295578,-83.030244,528
167514,42.295578,-83.030244,529
167514,42.29547,-83.03033,530
167514,42.29526,-83.0314,531
167514,42.29598,-83.03189,532
167514,42.296184,-83.031958,533
167514,42.296184,-83.031958,534
167514,42.296184,-83.031958,535
167514,42.2963280565905,-83.032102167984,536
167514,42.29857,-83.03358,537
167514,42.298771,-83.033623,538
167514,42.298771,-83.033623,539
167514,42.298771,-83.033623,540
167514,42.2990536668535,-83.0338697361069,541
167514,42.3009581580575,-83.0351250099258,542
167514,42.30117,-83.035168,543
167514,42.30117,-83.035168,544
167514,42.30117,-83.035168,545
167514,42.3012678098545,-83.0353063730164,546
167514,42.3035789508717,-83.0367782331352,547
167514,42.303707,-83.036782,548
167514,42.303707,-83.036782,549
167514,42.303707,-83.036782,550
167514,42.3037888772299,-83.0369102564488,551
167514,42.3053734897516,-83.0379274171619,552
167514,42.30549389,-83.03793573,553
167514,42.30549389,-83.03793573,554
167514,42.30549389,-83.03793573,555
167514,42.3056026038994,-83.0380816441803,556
167514,42.3071848043397,-83.0390984576721,557
167514,42.307319,-83.03912,558
167514,42.307319,-83.03912,559
167514,42.307319,-83.03912,560
167514,42.3074037710691,-83.0392384576721,561
167514,42.3086761129693,-83.0400582711639,562
167514,42.308801,-83.040086,563
167514,42.308801,-83.040086,564
167514,42.308801,-83.040086,565
167514,42.3088828415093,-83.0402021398811,566
167514,42.3101730610064,-83.0410286588955,567
167514,42.310294,-83.041052,568
167514,42.310294,-83.041052,569
167514,42.310294,-83.041052,570
167514,42.310275,-83.041106,571
167514,42.311137,-83.041666,572
167514,42.311973,-83.042209,573
167514,42.311992,-83.042155,574
167514,42.311992,-83.042155,575
167514,42.311992,-83.042155,576
167514,42.311973,-83.042209,577
167514,42.312152,-83.042325,578
167514,42.312832,-83.042762,579
167514,42.313493,-83.043196,580
167514,42.314999,-83.044176,581
167514,42.315189,-83.044302,582
167514,42.315209,-83.044248,583
167514,42.315209,-83.044248,584
167514,42.315179,-83.044226,585
167514,42.31598,-83.04483,586
167514,42.31614,-83.04494,587
167514,42.316499,-83.045071,588
167514,42.316499,-83.045071,589
167514,42.316499,-83.045071,590
167514,42.3165993594542,-83.0451969128628,591
167514,42.3182809284345,-83.0462678442497,592
167514,42.3187489138359,-83.0442671914711,593
167514,42.3179041168981,-83.0438978817012,594
167514,42.3179925458653,-83.0434321901436,595
167514,42.3177776672845,-83.0433900342089,596
167514,42.31760132,-83.04338669,597
167514,42.31760132,-83.04338669,598
167518,42.317806,-83.043697,1
167518,42.317806,-83.043697,2
167518,42.3178822257028,-83.0438259680882,3
167518,42.318767092105,-83.0442139361763,4
167518,42.3191305758777,-83.0427780617827,5
167518,42.3193566650997,-83.0415549744719,6
167518,42.3194508687025,-83.040857600128,7
167518,42.3195163153329,-83.040495501911,8
167518,42.3196282432199,-83.0399644024467,9
167518,42.319643,-83.039741,10
167518,42.319643,-83.039741,11
167518,42.319643,-83.039741,12
167518,42.3197339832234,-83.0394686011887,13
167518,42.3201035260298,-83.0377400097523,14
167518,42.3203088146205,-83.0368305853195,15
167518,42.32033,-83.036541,16
167518,42.32033,-83.036541,17
167518,42.32033,-83.036541,18
167518,42.320404,-83.036572,19
167518,42.320629,-83.035582,20
167518,42.32066,-83.035421,21
167518,42.320771,-83.034858,22
167518,42.320835,-83.034527,23
167518,42.320985,-83.033853,24
167518,42.32090525,-83.03382022,25
167518,42.32090525,-83.03382022,26
167518,42.32090525,-83.03382022,27
167518,42.320985,-83.033853,28
167518,42.321106,-83.033309,29
167518,42.321217,-83.03281,30
167518,42.321254,-83.032631,31
167518,42.321325,-83.032275,32
167518,42.321425,-83.031774,33
167518,42.321481,-83.031489,34
167518,42.321507,-83.031349,35
167518,42.321535,-83.031217,36
167518,42.321624,-83.030757,37
167518,42.32155167,-83.03073154,38
167518,42.32155167,-83.03073154,39
167518,42.32155167,-83.03073154,40
167518,42.321632,-83.0305036011887,41
167518,42.3217544770142,-83.0298925818477,42
167518,42.3218582610836,-83.029460953373,43
167518,42.3223413979906,-83.0276073642445,44
167518,42.3225389361079,-83.0269147632294,45
167518,42.322587,-83.026645,46
167518,42.322587,-83.026645,47
167518,42.322587,-83.026645,48
167518,42.3226856879213,-83.0264641521149,49
167518,42.323242903558,-83.0249108478851,50
167518,42.323278,-83.024681,51
167518,42.323278,-83.024681,52
167518,42.323278,-83.024681,53
167518,42.3234055185923,-83.0244495079346,54
167518,42.3239305030796,-83.0231826398811,55
167518,42.3241317139146,-83.0226657447052,56
167518,42.3243674640482,-83.0219761215305,57
167518,42.324427,-83.021659,58
167518,42.324427,-83.021659,59
167518,42.324427,-83.021659,60
167518,42.32454,-83.02161,61
167518,42.324926,-83.019964,62
167518,42.324826,-83.019946,63
167518,42.324826,-83.019946,64
167518,42.324826,-83.019946,65
167518,42.324926,-83.019964,66
167518,42.32504,-83.01935,67
167518,42.32303,-83.01808,68
167518,42.322872,-83.017967,69
167518,42.322843,-83.018008,70
167518,42.322843,-83.018008,71
167518,42.322843,-83.018008,72
167518,42.3227470650368,-83.017870783767,73
167518,42.3211158731855,-83.0168264429569,74
167518,42.320957,-83.016792,75
167518,42.320957,-83.016792,76
167518,42.320957,-83.016792,77
167518,42.3208689668185,-83.016660145998,78
167518,42.3194191509032,-83.0157488834324,79
167518,42.3192611,-83.01570759,80
167518,42.3192611,-83.01570759,81
167518,42.3192611,-83.01570759,82
167518,42.3191580559104,-83.015570417162,83
167518,42.3178383677874,-83.0147431079693,84
167518,42.317649,-83.014677,85
167518,42.317649,-83.014677,86
167518,42.317649,-83.014677,87
167518,42.317569835501,-83.0145474404755,88
167518,42.3160073748482,-83.0135580846558,89
167518,42.315857,-83.013524,90
167518,42.315857,-83.013524,91
167518,42.315857,-83.013524,92
167518,42.3157817993731,-83.0134078515205,93
167518,42.3146659335327,-83.0126666502971,94
167518,42.314492,-83.012642,95
167518,42.314496,-83.012645,96
167518,42.314492,-83.012642,97
167518,42.3143859799876,-83.0124908895493,98
167518,42.3126718413664,-83.0114023497028,99
167518,42.31252,-83.011364,100
167518,42.31252,-83.011364,101
167518,42.31252,-83.011364,102
167518,42.3124229184133,-83.0112347116394,103
167518,42.3105375853222,-83.0100336269836,104
167518,42.310377,-83.009979,105
167518,42.310377,-83.009979,106
167518,42.310377,-83.009979,107
167518,42.3102997416338,-83.0098704871025,108
167518,42.3088981643549,-83.0089770846558,109
167518,42.308739,-83.008927,110
167518,42.308739,-83.008927,111
167518,42.308739,-83.008927,112
167518,42.30875,-83.008909,113
167518,42.30754,-83.00812,114
167518,42.30785,-83.007239,115
167518,42.307848,-83.007239,116
167518,42.307848,-83.007239,117
167518,42.307848,-83.007239,118
167518,42.30785,-83.007239,119
167518,42.30791,-83.00707,120
167518,42.305437,-83.005474,121
167518,42.30541706,-83.00550705,122
167518,42.30541706,-83.00550705,123
167518,42.30541706,-83.00550705,124
167518,42.3052505343788,-83.0053519594898,125
167518,42.3035992358956,-83.0042992711639,126
167518,42.303451,-83.004253,127
167518,42.303451,-83.004253,128
167518,42.303451,-83.004253,129
167518,42.30347,-83.004199,130
167518,42.302261,-83.003426,131
167518,42.301194,-83.002717,132
167518,42.301036,-83.002615,133
167518,42.301015,-83.002673,134
167518,42.3010069133576,-83.0026689613444,135
167518,42.301015,-83.002673,136
167518,42.301036,-83.002615,137
167518,42.300788,-83.002455,138
167518,42.300396,-83.002228,139
167518,42.299271,-83.001501,140
167518,42.299075,-83.001375,141
167518,42.299057,-83.001426,142
167518,42.299057,-83.001426,143
167518,42.299057,-83.001426,144
167518,42.2989273947021,-83.0012604404758,145
167518,42.2970005021604,-83.0000385742397,146
167518,42.296811,-82.999974,147
167518,42.296811,-82.999974,148
167518,42.296811,-82.999974,149
167518,42.296827,-82.999928,150
167518,42.294974,-82.998725,151
167518,42.294916,-82.998687,152
167518,42.294823,-82.998572,153
167518,42.294953,-82.998202,154
167518,42.2949337166249,-82.998189643395,155
167518,42.2949337166249,-82.998189643395,156
167518,42.2949337166249,-82.998189643395,157
167518,42.294953,-82.998202,158
167518,42.295153,-82.997629,159
167518,42.295467,-82.996737,160
167518,42.295767,-82.995903,161
167518,42.295808,-82.995784,162
167518,42.29589,-82.995551,163
167518,42.295875,-82.995541,164
167518,42.295875,-82.995541,165
167518,42.295875,-82.995541,166
167518,42.29589,-82.995551,167
167518,42.296248,-82.994535,168
167518,42.296689,-82.993279,169
167518,42.296827,-82.992889,170
167518,42.29681776,-82.99288309,171
167518,42.29681776,-82.99288309,172
167518,42.29681776,-82.99288309,173
167518,42.296827,-82.992889,174
167518,42.296871,-82.992764,175
167518,42.297049,-82.992262,176
167518,42.297235,-82.991779,177
167518,42.29726,-82.991713,178
167518,42.297324,-82.991534,179
167518,42.297384,-82.991367,180
167518,42.297255,-82.991283,181
167518,42.297027,-82.991132,182
167518,42.296915,-82.991057,183
167518,42.29689051,-82.99112218,184
167518,42.29689051,-82.99112218,185
167518,42.29689051,-82.99112218,186
167518,42.296915,-82.991057,187
167518,42.296769,-82.99096,188
167518,42.295327,-82.990027,189
167518,42.295095,-82.989869,190
167518,42.295065,-82.98995,191
167518,42.295065,-82.98995,192
167518,42.295065,-82.98995,193
167518,42.295119,-82.989865,194
167518,42.292676,-82.988274,195
167518,42.292624,-82.98835,196
167518,42.292624,-82.98835,197
167518,42.292624,-82.98835,198
167518,42.2925014010766,-82.9882116269836,199
167518,42.2917742696952,-82.9877590457177,200
167518,42.2913933205119,-82.987553856728,201
167518,42.2907511751855,-82.9872038626003,202
167518,42.290587,-82.98715,203
167518,42.290587,-82.98715,204
167518,42.290587,-82.98715,205
167518,42.290460498509,-82.9870134257603,206
167518,42.2900255504083,-82.9866623541722,207
167518,42.2895943886106,-82.9862438048353,208
167518,42.2892894229639,-82.9859770497689,209
167518,42.2886505129254,-82.9855586251626,210
167518,42.2878023593087,-82.9850132294998,211
167518,42.287556609982,-82.9848705138197,212
167518,42.2873903,-82.98481194,213
167518,42.2873903,-82.98481194,214
167518,42.2873903,-82.98481194,215
167518,42.28747,-82.984685,216
167518,42.28554,-82.983483,217
167518,42.285467,-82.983609,218
167518,42.285467,-82.983609,219
167518,42.285467,-82.983609,220
167518,42.285507,-82.98348,221
167518,42.284972,-82.983181,222
167518,42.28444,-82.982971,223
167518,42.283798,-82.982587,224
167518,42.283028,-82.98211,225
167518,42.282962,-82.982062,226
167518,42.28292,-82.982031,227
167518,42.282711,-82.981878,228
167518,42.28265941,-82.98200893,229
167518,42.28265941,-82.98200893,230
167518,42.28265941,-82.98200893,231
167518,42.282711,-82.981878,232
167518,42.282549,-82.98176,233
167518,42.282265,-82.981552,234
167518,42.281888,-82.981226,235
167518,42.281522,-82.980984,236
167518,42.280908,-82.980579,237
167518,42.280823,-82.980598,238
167518,42.28056,-82.980447,239
167518,42.280341,-82.980314,240
167518,42.280227,-82.980179,241
167518,42.280134,-82.980119,242
167518,42.280093,-82.980236,243
167518,42.280093,-82.980236,244
167518,42.280093,-82.980236,245
167518,42.280175,-82.980103,246
167518,42.27838,-82.97899,247
167518,42.278062,-82.978785,248
167518,42.27797932,-82.97891394,249
167518,42.27797932,-82.97891394,250
167518,42.27797932,-82.97891394,251
167518,42.278062,-82.978785,252
167518,42.27723,-82.97825,253
167518,42.276474,-82.977769,254
167518,42.276396,-82.977893,255
167518,42.276396,-82.977893,256
167518,42.276396,-82.977893,257
167518,42.276474,-82.977769,258
167518,42.273729,-82.976072,259
167518,42.273682,-82.976148,260
167518,42.273682,-82.976148,261
167518,42.273682,-82.976148,262
167518,42.2735285554047,-82.9760042858791,263
167518,42.272263075604,-82.9752047460327,264
167518,42.272088,-82.975165,265
167518,42.272088,-82.975165,266
167518,42.272088,-82.975165,267
167518,42.2719653670753,-82.9750223558197,268
167518,42.2700791938308,-82.9738196061516,269
167518,42.269922,-82.9738,270
167518,42.269922,-82.9738,271
167518,42.269922,-82.9738,272
167518,42.2697805245404,-82.973630635582,273
167518,42.2679262344804,-82.9724695338857,274
167518,42.2677516669548,-82.9723773583012,275
167518,42.26757934,-82.97232976,276
167518,42.26757934,-82.97232976,277
167518,42.26757934,-82.97232976,278
167518,42.2674767631218,-82.9722191079693,279
167518,42.2662574114572,-82.9714445914364,280
167518,42.266095,-82.971421,281
167518,42.266095,-82.971421,282
167518,42.266095,-82.971421,283
167518,42.2659695991489,-82.9712568368053,284
167518,42.2635299872247,-82.9697340024815,285
167518,42.26332557,-82.96968008,286
167518,42.26332557,-82.96968008,287
167518,42.26332557,-82.96968008,288
167518,42.2631716948235,-82.9695154024467,289
167518,42.2623243355806,-82.9689595420409,290
167518,42.2620226100295,-82.9687637407828,291
167518,42.2614591426138,-82.9684178650058,292
167518,42.2612663877207,-82.9683092037048,293
167518,42.261118,-82.968263,294
167518,42.261118,-82.968263,295
167518,42.261118,-82.968263,296
167518,42.2610053511226,-82.9681375423279,297
167518,42.2607033273957,-82.9679289430174,298
167518,42.2597140722601,-82.9673053546658,299
167518,42.2593494863891,-82.9671242803129,300
167518,42.25915018,-82.967064,301
167518,42.25915018,-82.967064,302
167518,42.25915018,-82.967064,303
167518,42.2589458284823,-82.9668279214611,304
167518,42.2574260076008,-82.965877343586,305
167518,42.25723079,-82.96580257,306
167518,42.25723079,-82.96580257,307
167518,42.25723079,-82.96580257,308
167518,42.2569277239516,-82.9655608429222,309
167518,42.2557785978767,-82.9648351889896,310
167518,42.25556506,-82.96475973,311
167518,42.25556506,-82.96475973,312
167518,42.25556506,-82.96475973,313
167518,42.2554401139168,-82.9646192711639,314
167518,42.2543914453949,-82.9639497676609,315
167518,42.2541333582712,-82.9637995639561,316
167518,42.2533412227348,-82.9633127430199,317
167518,42.2530958773378,-82.9631837926597,318
167518,42.25289126,-82.96317266,319
167518,42.25289126,-82.96317266,320
167518,42.25289126,-82.96317266,321
167518,42.2527682983098,-82.9630483411045,322
167518,42.2525923460793,-82.9629943155782,323
167518,42.2523521197074,-82.9629353069798,324
167518,42.2520148242803,-82.9629063963299,325
167518,42.2516358369729,-82.9629175545616,326
167518,42.25146614,-82.9630208,327
167518,42.25146614,-82.9630208,328
167518,42.25146614,-82.9630208,329
167518,42.2512903819524,-82.9629470588608,330
167518,42.250409973674,-82.9630104513704,331
167518,42.2485686388295,-82.9631328582151,332
167518,42.2475468834501,-82.9632053963299,333
167518,42.247405,-82.963277,334
167518,42.247405,-82.963277,335
167518,42.247405,-82.963277,336
167518,42.2472133190812,-82.963234900629,337
167518,42.2460103390615,-82.9633118993479,338
167518,42.2450336300065,-82.9633857141209,339
167518,42.24485534,-82.96344268,340
167518,42.24485534,-82.96344268,341
167518,42.24485534,-82.96344268,342
167518,42.2447040235216,-82.963409854002,343
167518,42.2430816358427,-82.9635313497028,344
167518,42.242902,-82.963591,345
167518,42.242902,-82.963591,346
167518,42.242902,-82.963591,347
167518,42.2427410980957,-82.9635541484794,348
167518,42.2393937963971,-82.9638043497028,349
167518,42.239234,-82.963853,350
167518,42.239234,-82.963853,351
167518,42.239234,-82.963853,352
167518,42.2390979184262,-82.9638714049282,353
167518,42.2390574984626,-82.9639520491085,354
167518,42.2390398918856,-82.9640673212094,355
167518,42.2390471105631,-82.964197798603,356
167518,42.2393817150909,-82.9656696478157,357
167518,42.239476,-82.965874,358
167518,42.239476,-82.965874,359
167518,42.239476,-82.965874,360
167518,42.2394859670855,-82.9661631742745,361
167518,42.240057757464,-82.9685543766518,362
167518,42.240177,-82.96874,363
167518,42.240177,-82.96874,364
167518,42.240177,-82.96874,365
167518,42.240026,-82.968776,366
167518,42.24015,-82.96929,367
167518,42.24058,-82.97109,368
167518,42.240706,-82.971596,369
167518,42.240871,-82.971555,370
167518,42.240871,-82.971555,371
167518,42.240871,-82.971555,372
167518,42.240706,-82.971596,373
167518,42.242204,-82.977773,374
167518,42.24235745,-82.97773623,375
167518,42.24235745,-82.97773623,376
167518,42.24235745,-82.97773623,377
167518,42.2423886880865,-82.9780750896187,378
167518,42.2424489064415,-82.9784043535389,379
167518,42.2426958564993,-82.9794626944427,380
167518,42.24279605,-82.97965959,381
167518,42.24279605,-82.97965959,382
167518,42.24279605,-82.97965959,383
167518,42.2428050671341,-82.9799307399158,384
167518,42.2431319138165,-82.9812778257256,385
167518,42.24325228,-82.98150435,386
167518,42.24325228,-82.98150435,387
167516,42.24325228,-82.98150435,1
167516,42.24325228,-82.98150435,2
167516,42.243183,-82.981537,3
167516,42.243231,-82.981724,4
167516,42.243488,-82.981634,5
167516,42.243691,-82.981563,6
167516,42.243918,-82.98147,7
167516,42.243982,-82.981441,8
167516,42.244021,-82.981419,9
167516,42.244063,-82.981389,10
167516,42.244107,-82.981353,11
167516,42.244152,-82.981302,12
167516,42.244205,-82.981234,13
167516,42.244235,-82.981161,14
167516,42.24426,-82.981081,15
167516,42.24428,-82.980993,16
167516,42.244291,-82.980919,17
167516,42.244296,-82.980834,18
167516,42.244306,-82.980662,19
167516,42.244321,-82.980552,20
167516,42.24434,-82.980469,21
167516,42.244363,-82.980378,22
167516,42.244414,-82.980238,23
167516,42.244452,-82.980157,24
167516,42.244495,-82.980076,25
167516,42.244537,-82.980012,26
167516,42.244585,-82.979954,27
167516,42.244634,-82.979912,28
167516,42.244686,-82.979873,29
167516,42.244772,-82.979835,30
167516,42.244873,-82.979807,31
167516,42.245102,-82.97974,32
167516,42.245431,-82.97965,33
167516,42.24569,-82.979592,34
167516,42.246185,-82.979526,35
167516,42.246496,-82.97949,36
167516,42.246534,-82.979486,37
167516,42.246617,-82.979478,38
167516,42.246719,-82.979466,39
167516,42.246748,-82.979464,40
167516,42.247193,-82.979429,41
167516,42.247317,-82.979419,42
167516,42.247501,-82.979406,43
167516,42.247688,-82.979399,44
167516,42.247946,-82.979398,45
167516,42.248107,-82.979404,46
167516,42.248249,-82.979415,47
167516,42.248495,-82.979445,48
167516,42.248855,-82.979482,49
167516,42.249008,-82.979521,50
167516,42.249145,-82.979537,51
167516,42.249256,-82.979545,52
167516,42.2494,-82.979546,53
167516,42.249569,-82.979543,54
167516,42.24964,-82.979543,55
167516,42.250152,-82.979514,56
167516,42.250245,-82.979482,57
167516,42.250175,-82.978729,58
167516,42.25007,-82.978747,59
167516,42.25007,-82.978747,60
167516,42.25007,-82.978747,61
167516,42.250175,-82.978729,62
167516,42.250063,-82.97752,63
167516,42.250024,-82.976621,64
167516,42.249994,-82.976623,65
167516,42.249994,-82.976623,66
167516,42.24999388,-82.97662261,67
167516,42.250018941677,-82.976458,68
167516,42.2499480291574,-82.9743400699406,69
167516,42.2497339312208,-82.9743541416318,70
167516,42.24957,-82.974424,71
167516,42.24957,-82.974424,72
167516,42.24957,-82.974424,73
167516,42.2494289903804,-82.9743834576721,74
167516,42.2491754685679,-82.9744046971061,75
167516,42.2489173601005,-82.9743912860611,76
167516,42.248718,-82.974339,77
167516,42.2484889927337,-82.974218317791,78
167516,42.2483743361459,-82.9740935608604,79
167516,42.248217,-82.973975,80
167516,42.248217,-82.973975,81
167516,42.248217,-82.973975,82
167516,42.2481396442369,-82.9737219325409,83
167516,42.2480583323453,-82.9735298643909,84
167516,42.2479864064973,-82.9732104110451,85
167516,42.2479141741799,-82.9713997252007,86
167516,42.24786588,-82.97110525,87
167516,42.24786588,-82.97110525,88
167516,42.24786588,-82.97110525,89
167516,42.2478925770148,-82.9707962281723,90
167516,42.2478171306066,-82.9686127485142,91
167516,42.24776945,-82.96831386,92
167516,42.24776945,-82.96831386,93
167516,42.24776945,-82.96831386,94
167516,42.2478002031605,-82.9680116736107,95
167516,42.247759,-82.9666456699753,96
167516,42.24770391,-82.96641854,97
167516,42.24770391,-82.96641854,98
167516,42.24770391,-82.96641854,99
167516,42.247737072546,-82.9661770380287,100
167516,42.2476710362676,-82.9640241448441,101
167516,42.247611,-82.963656,102
167516,42.247611,-82.963656,103
167516,42.247611,-82.963656,104
167516,42.2476499617721,-82.9633359981823,105
167516,42.2476421378103,-82.9630030061169,106
167516,42.2491718601303,-82.9629134565471,107
167516,42.2507858115004,-82.9627850527439,108
167516,42.251018,-82.962729,109
167516,42.251018,-82.962729,110
167516,42.251018,-82.962729,111
167516,42.2512027430725,-82.9627582306538,112
167516,42.252027729095,-82.9627374171619,113
167516,42.2523299505409,-82.9627644631252,114
167516,42.2527498268543,-82.9628431693115,115
167516,42.253081127799,-82.9629664641311,116
167516,42.2533874729012,-82.9631221779099,117
167516,42.254074963543,-82.9635549042645,118
167516,42.254283,-82.963618,119
167516,42.254283,-82.963618,120
167516,42.254283,-82.963618,121
167516,42.254405513706,-82.9637614343586,122
167516,42.2565709228515,-82.9651159803219,123
167516,42.256751,-82.965162,124
167516,42.256751,-82.965162,125
167516,42.256751,-82.965162,126
167516,42.2568776374982,-82.965314463789,127
167516,42.258765720599,-82.9665019042644,128
167516,42.25895,-82.966554,129
167516,42.25895,-82.966554,130
167516,42.25895,-82.966554,131
167516,42.2591061718423,-82.9667151398811,132
167516,42.2607019772076,-82.9677315165329,133
167516,42.260914,-82.967804,134
167516,42.260914,-82.967804,135
167516,42.260914,-82.967804,136
167516,42.260831,-82.967932,137
167516,42.263551,-82.969657,138
167516,42.263628,-82.969533,139
167516,42.263628,-82.969533,140
167516,42.263628,-82.969533,141
167516,42.2637488344457,-82.969673850193,142
167516,42.2660348549054,-82.9711145189673,143
167516,42.266181,-82.971147,144
167516,42.266181,-82.971147,145
167516,42.266181,-82.971147,146
167516,42.26649,-82.97148,147
167516,42.26712,-82.97187,148
167516,42.267459,-82.971959,149
167516,42.267459,-82.971959,150
167516,42.267459,-82.971959,151
167516,42.267431,-82.971996,152
167516,42.267483,-82.9721,153
167516,42.267553,-82.972147,154
167516,42.267783,-82.972304,155
167516,42.269641,-82.973482,156
167516,42.269674,-82.973388,157
167516,42.269674,-82.973388,158
167516,42.269674,-82.973388,159
167516,42.269641,-82.973482,160
167516,42.269838,-82.973607,161
167516,42.270462,-82.973999,162
167516,42.271953,-82.974944,163
167516,42.272121,-82.975049,164
167516,42.27215385,-82.97495342,165
167516,42.27215385,-82.97495342,166
167516,42.27215385,-82.97495342,167
167516,42.2722736249186,-82.9750741631947,168
167516,42.2741900126976,-82.9762820907726,169
167516,42.274375,-82.976354,170
167516,42.274375,-82.976354,171
167516,42.274375,-82.976354,172
167516,42.2744931479455,-82.976462303566,173
167516,42.2767823058212,-82.9779015702457,174
167516,42.276932,-82.977918,175
167516,42.276932,-82.977918,176
167516,42.276932,-82.977918,177
167516,42.27723,-82.97825,178
167516,42.27838,-82.97899,179
167516,42.27926199,-82.97941074,180
167516,42.27926199,-82.97941074,181
167516,42.27926199,-82.97941074,182
167516,42.279426263637,-82.9795499386578,183
167516,42.2807998320145,-82.9804064085636,184
167516,42.280967,-82.980472,185
167516,42.280967,-82.980472,186
167516,42.280967,-82.980472,187
167516,42.280888,-82.980525,188
167516,42.280908,-82.980579,189
167516,42.281522,-82.980984,190
167516,42.281888,-82.981226,191
167516,42.28192,-82.98124,192
167516,42.282554,-82.981605,193
167516,42.282631,-82.981649,194
167516,42.282836,-82.981767,195
167516,42.282966,-82.981841,196
167516,42.283064,-82.981896,197
167516,42.283133,-82.981938,198
167516,42.283576,-82.982214,199
167516,42.283667,-82.982272,200
167516,42.283839,-82.982383,201
167516,42.284087,-82.982552,202
167516,42.284187,-82.982617,203
167516,42.284377,-82.982753,204
167516,42.28441711,-82.98264951,205
167516,42.28441711,-82.98264951,206
167516,42.28441711,-82.98264951,207
167516,42.284377,-82.982753,208
167516,42.284552,-82.982879,209
167516,42.284862,-82.983102,210
167516,42.284972,-82.983181,211
167516,42.285646,-82.983558,212
167516,42.285768,-82.983546,213
167516,42.285939,-82.983655,214
167516,42.286227,-82.983833,215
167516,42.286309,-82.983962,216
167516,42.286437,-82.984045,217
167516,42.286478,-82.98393,218
167516,42.286478,-82.98393,219
167516,42.286478,-82.98393,220
167516,42.2866590415338,-82.9840980552254,221
167516,42.2871320607559,-82.9843912163281,222
167516,42.2875398229259,-82.9846192040944,223
167516,42.2878285288516,-82.9848123231435,224
167516,42.2881048048655,-82.984995656414,225
167516,42.288273,-82.98507,226
167516,42.288273,-82.98507,227
167516,42.288273,-82.98507,228
167516,42.2884470818714,-82.9852330319119,229
167516,42.2887522466356,-82.9854233833282,230
167516,42.2890697177594,-82.9856258901089,231
167516,42.2892894185728,-82.9857919153442,232
167516,42.2895290671993,-82.9859943911709,233
167516,42.289902091005,-82.9863739237466,234
167516,42.290368,-82.986788463789,235
167516,42.2906550764784,-82.9869264588036,236
167516,42.2908628331015,-82.9870561987419,237
167516,42.29103724,-82.9871286,238
167516,42.29103724,-82.9871286,239
167516,42.29103724,-82.9871286,240
167516,42.2912209680972,-82.9872680932541,241
167516,42.2932897095436,-82.9885331288014,242
167516,42.29346893,-82.988605,243
167516,42.29346893,-82.988605,244
167516,42.29346893,-82.988605,245
167516,42.2936676711901,-82.9887798920307,246
167516,42.2951228001359,-82.9897134232788,247
167516,42.29532095,-82.98979089,248
167516,42.29532095,-82.98979089,249
167516,42.29532095,-82.98979089,250
167516,42.2955424144936,-82.9899816441803,251
167516,42.2968819783423,-82.9908991509217,252
167516,42.2970883081204,-82.9910748356122,253
167516,42.2975050676852,-82.9913568920307,254
167516,42.2973253881366,-82.9919103437203,255
167516,42.29725756,-82.99221388,256
167516,42.29725756,-82.99221388,257
167516,42.29725756,-82.99221388,258
167516,42.2971307510091,-82.9924221951065,259
167516,42.2960395575499,-82.9954996306191,260
167516,42.295981,-82.99582,261
167516,42.295981,-82.99582,262
167516,42.295981,-82.99582,263
167516,42.2958823411953,-82.9959831354084,264
167516,42.295189930143,-82.9979679700794,265
167516,42.295094,-82.998343,266
167516,42.295094,-82.998343,267
167516,42.295094,-82.998343,268
167516,42.2949270646643,-82.9986892909752,269
167516,42.297,-83.00008,270
167516,42.2972219,-83.00008235,271
167516,42.2972219,-83.00008235,272
167516,42.2972219,-83.00008235,273
167516,42.2973902886236,-83.0002603116741,274
167516,42.2993100805164,-83.0014820319119,275
167516,42.299457,-83.001505,276
167516,42.299457,-83.001505,277
167516,42.299457,-83.001505,278
167516,42.2996182712233,-83.0016624613075,279
167516,42.3004951300079,-83.0022203607826,280
167516,42.300697,-83.002279,281
167516,42.300697,-83.002279,282
167516,42.300697,-83.002279,283
167516,42.3008399504748,-83.0024344778404,284
167516,42.3022370927672,-83.0033839798317,285
167516,42.302442,-83.003451,286
167516,42.302442,-83.003451,287
167516,42.302442,-83.003451,288
167516,42.3025957671808,-83.0036104950371,289
167516,42.30363,-83.00431,290
167516,42.303912,-83.004393,291
167516,42.303912,-83.004393,292
167516,42.303912,-83.004393,293
167516,42.303884,-83.00447,294
167516,42.304417,-83.004827,295
167516,42.30512,-83.005271,296
167516,42.305997,-83.005808,297
167516,42.306016,-83.005756,298
167516,42.305983,-83.005734,299
167516,42.305983,-83.005734,300
167516,42.305983,-83.005734,301
167516,42.306016,-83.005756,302
167516,42.305997,-83.005808,303
167516,42.307976,-83.007043,304
167516,42.308176,-83.007173,305
167516,42.308186,-83.007145,306
167516,42.308186,-83.007145,307
167516,42.308186,-83.007145,308
167516,42.3083502518467,-83.0072951251659,309
167516,42.3110851088701,-83.0090510233135,310
167516,42.311224,-83.0091,311
167516,42.311224,-83.0091,312
167516,42.311224,-83.0091,313
167516,42.3113515471429,-83.0092400552254,314
167516,42.3134991876467,-83.0106245509262,315
167516,42.31365932,-83.01067492,316
167516,42.31365932,-83.01067492,317
167516,42.31365932,-83.01067492,318
167516,42.3137291126627,-83.0107906908073,319
167516,42.3151551102584,-83.0116905742397,320
167516,42.31529368,-83.01171886,321
167516,42.31529368,-83.01171886,322
167516,42.31529368,-83.01171886,323
167516,42.3154134143599,-83.0118592894551,324
167516,42.31641,-83.01252,325
167516,42.316699,-83.012624,326
167516,42.316699,-83.012624,327
167516,42.316699,-83.012624,328
167516,42.3168581635373,-83.0127993931847,329
167516,42.31826,-83.0137,330
167516,42.318474,-83.013771,331
167516,42.318474,-83.013771,332
167516,42.318474,-83.013771,333
167516,42.3185808450666,-83.013906854002,334
167516,42.3198774965924,-83.0147355975533,335
167516,42.32002648,-83.01478367,336
167516,42.32002648,-83.01478367,337
167516,42.32002648,-83.01478367,338
167516,42.320013,-83.01482,339
167516,42.32128,-83.015636,340
167516,42.3215,-83.015778,341
167516,42.32152,-83.015722,342
167516,42.32152,-83.015722,343
167516,42.32152,-83.015722,344
167516,42.3215,-83.015778,345
167516,42.32166,-83.01588,346
167516,42.322034,-83.016118,347
167516,42.323148,-83.016845,348
167516,42.323306,-83.016948,349
167516,42.323324,-83.016897,350
167516,42.323324,-83.016897,351
167516,42.323324,-83.016897,352
167516,42.3235033738438,-83.0170682814064,353
167516,42.32496,-83.018,354
167516,42.32516,-83.0181,355
167516,42.32513,-83.01861,356
167516,42.32509,-83.019,357
167516,42.32504,-83.01935,358
167516,42.325041,-83.019616,359
167516,42.325041,-83.019616,360
167516,42.325041,-83.019616,361
167516,42.3249770006915,-83.0197810385189,362
167516,42.3246279815018,-83.0213635418377,363
167516,42.32459833,-83.02157853,364
167516,42.32459833,-83.02157853,365
167516,42.32459833,-83.02157853,366
167516,42.3244973554767,-83.0218353055572,367
167516,42.3243745541276,-83.022223645491,368
167516,42.3241586188765,-83.0228247815329,369
167516,42.3236205553497,-83.0241624146805,370
167516,42.32353,-83.024468,371
167516,42.32353,-83.024468,372
167516,42.32353,-83.024468,373
167516,42.3234242280609,-83.0246371656761,374
167516,42.3231042202089,-83.0255366533156,375
167516,42.3227488866045,-83.0265434699059,376
167516,42.322697,-83.026781,377
167516,42.322692,-83.026771,378
167516,42.322692,-83.026771,379
167516,42.322635,-83.026735,380
167516,42.322506,-83.02711,381
167516,42.322213,-83.028195,382
167516,42.322186,-83.028304,383
167516,42.322,-83.029052,384
167516,42.321975,-83.029152,385
167516,42.3220389134394,-83.0291822380907,386
167516,42.3220389134394,-83.0291822380907,387
167516,42.3220389134394,-83.0291822380907,388
167516,42.321975,-83.029152,389
167516,42.321799,-83.029847,390
167516,42.321709,-83.030314,391
167516,42.321535,-83.031217,392
167516,42.321507,-83.031349,393
167516,42.321481,-83.031489,394
167516,42.321425,-83.031774,395
167516,42.321398,-83.031907,396
167516,42.321489,-83.03194,397
167516,42.321489,-83.03194,398
167516,42.321489,-83.03194,399
167516,42.321398,-83.031907,400
167516,42.321325,-83.032275,401
167516,42.321254,-83.032631,402
167516,42.321217,-83.03281,403
167516,42.320835,-83.034527,404
167516,42.320677,-83.035336,405
167516,42.320741,-83.035359,406
167516,42.320741,-83.035359,407
167516,42.320746,-83.035415,408
167516,42.3206689831939,-83.0356142589302,409
167516,42.3202343684721,-83.0375443675633,410
167516,42.3201669393788,-83.0378447749729,411
167516,42.3200749676923,-83.0383247005596,412
167516,42.320042,-83.038684,413
167516,42.320042,-83.038684,414
167516,42.320042,-83.038684,415
167516,42.3199411007003,-83.0389590429916,416
167516,42.3196415471315,-83.0403407754631,417
167516,42.3195735304195,-83.0406787668648,418
167516,42.3194561173769,-83.0411812736454,419
167516,42.3193699329397,-83.0418506441803,420
167516,42.3190711641044,-83.0417483825789,421
167516,42.318921,-83.041722,422
167516,42.318921,-83.041722,423
167516,42.318921,-83.041722,424
167516,42.3187685021993,-83.041587726823,425
167516,42.317838590454,-83.0411893030758,426
167516,42.3173904248307,-83.043013441803,427
167516,42.3172961066485,-83.0435499300594,428
167516,42.3175882590631,-83.043633326182,429
167516,42.317806,-83.043697,430
167516,42.317806,-83.043697,431
167517,42.24325228,-82.98150435,1
167517,42.24325228,-82.98150435,2
167517,42.243183,-82.981537,3
167517,42.243231,-82.981724,4
167517,42.243488,-82.981634,5
167517,42.243691,-82.981563,6
167517,42.243918,-82.98147,7
167517,42.243982,-82.981441,8
167517,42.244021,-82.981419,9
167517,42.244063,-82.981389,10
167517,42.244107,-82.981353,11
167517,42.244152,-82.981302,12
167517,42.244205,-82.981234,13
167517,42.244235,-82.981161,14
167517,42.24426,-82.981081,15
167517,42.24428,-82.980993,16
167517,42.244291,-82.980919,17
167517,42.244296,-82.980834,18
167517,42.244306,-82.980662,19
167517,42.244321,-82.980552,20
167517,42.24434,-82.980469,21
167517,42.244363,-82.980378,22
167517,42.244414,-82.980238,23
167517,42.244452,-82.980157,24
167517,42.244495,-82.980076,25
167517,42.244537,-82.980012,26
167517,42.244585,-82.979954,27
167517,42.244634,-82.979912,28
167517,42.244686,-82.979873,29
167517,42.244772,-82.979835,30
167517,42.244873,-82.979807,31
167517,42.245102,-82.97974,32
167517,42.245431,-82.97965,33
167517,42.24569,-82.979592,34
167517,42.246185,-82.979526,35
167517,42.246496,-82.97949,36
167517,42.246534,-82.979486,37
167517,42.246617,-82.979478,38
167517,42.246719,-82.979466,39
167517,42.246748,-82.979464,40
167517,42.247193,-82.979429,41
167517,42.247317,-82.979419,42
167517,42.247501,-82.979406,43
167517,42.247688,-82.979399,44
167517,42.247946,-82.979398,45
167517,42.248107,-82.979404,46
167517,42.248249,-82.979415,47
167517,42.248495,-82.979445,48
167517,42.248855,-82.979482,49
167517,42.249008,-82.979521,50
167517,42.249145,-82.979537,51
167517,42.249256,-82.979545,52
167517,42.2494,-82.979546,53
167517,42.249569,-82.979543,54
167517,42.24964,-82.979543,55
167517,42.250152,-82.979514,56
167517,42.250245,-82.979482,57
167517,42.250175,-82.978729,58
167517,42.25007,-82.978747,59
167517,42.25007,-82.978747,60
167517,42.25007,-82.978747,61
167517,42.250175,-82.978729,62
167517,42.250063,-82.97752,63
167517,42.250024,-82.976621,64
167517,42.249994,-82.976623,65
167517,42.249994,-82.976623,66
167517,42.24999388,-82.97662261,67
167517,42.250018941677,-82.976458,68
167517,42.2499480291574,-82.9743400699406,69
167517,42.2497339312208,-82.9743541416318,70
167517,42.24957,-82.974424,71
167517,42.24957,-82.974424,72
167517,42.24957,-82.974424,73
167517,42.2494289903804,-82.9743834576721,74
167517,42.2491754685679,-82.9744046971061,75
167517,42.2489173601005,-82.9743912860611,76
167517,42.248718,-82.974339,77
167517,42.2484889927337,-82.974218317791,78
167517,42.2483743361459,-82.9740935608604,79
167517,42.248217,-82.973975,80
167517,42.248217,-82.973975,81
167517,42.248217,-82.973975,82
167517,42.2481396442369,-82.9737219325409,83
167517,42.2480583323453,-82.9735298643909,84
167517,42.2479864064973,-82.9732104110451,85
167517,42.2479141741799,-82.9713997252007,86
167517,42.24786588,-82.97110525,87
167517,42.24786588,-82.97110525,88
167517,42.24786588,-82.97110525,89
167517,42.2478925770148,-82.9707962281723,90
167517,42.2478171306066,-82.9686127485142,91
167517,42.24776945,-82.96831386,92
167517,42.24776945,-82.96831386,93
167517,42.24776945,-82.96831386,94
167517,42.2478002031605,-82.9680116736107,95
167517,42.247759,-82.9666456699753,96
167517,42.24770391,-82.96641854,97
167517,42.24770391,-82.96641854,98
167517,42.24770391,-82.96641854,99
167517,42.247737072546,-82.9661770380287,100
167517,42.2476710362676,-82.9640241448441,101
167517,42.247611,-82.963656,102
167517,42.247611,-82.963656,103
167517,42.247611,-82.963656,104
167517,42.2476499617721,-82.9633359981823,105
167517,42.2476421378103,-82.9630030061169,106
167517,42.2491718601303,-82.9629134565471,107
167517,42.2507858115004,-82.9627850527439,108
167517,42.251018,-82.962729,109
167517,42.251018,-82.962729,110
167517,42.251018,-82.962729,111
167517,42.2512027430725,-82.9627582306538,112
167517,42.252027729095,-82.9627374171619,113
167517,42.2523299505409,-82.9627644631252,114
167517,42.2527498268543,-82.9628431693115,115
167517,42.253081127799,-82.9629664641311,116
167517,42.2533874729012,-82.9631221779099,117
167517,42.254074963543,-82.9635549042645,118
167517,42.254283,-82.963618,119
167517,42.254283,-82.963618,120
167517,42.254283,-82.963618,121
167517,42.254405513706,-82.9637614343586,122
167517,42.2565709228515,-82.9651159803219,123
167517,42.256751,-82.965162,124
167517,42.256751,-82.965162,125
167517,42.256751,-82.965162,126
167517,42.2568776374982,-82.965314463789,127
167517,42.258765720599,-82.9665019042644,128
167517,42.25895,-82.966554,129
167517,42.25895,-82.966554,130
167517,42.25895,-82.966554,131
167517,42.2591061718423,-82.9667151398811,132
167517,42.2607019772076,-82.9677315165329,133
167517,42.260914,-82.967804,134
167517,42.260914,-82.967804,135
167517,42.260914,-82.967804,136
167517,42.2610979999919,-82.9679916908073,137
167517,42.2630134947016,-82.9691788809509,138
167517,42.2634384679736,-82.9671682772954,139
167517,42.2636600675469,-82.96596,140
167517,42.2648531354331,-82.9592119067459,141
167517,42.26531,-82.95941,142
167517,42.265418,-82.959458,143
167517,42.265616,-82.959709,144
167517,42.265616,-82.959709,145
167517,42.265616,-82.959709,146
167517,42.26601,-82.96092,147
167517,42.26598,-82.96105,148
167517,42.26569,-82.96122,149
167517,42.26539,-82.96097,150
167517,42.2646,-82.96073,151
167517,42.26448,-82.96141,152
167517,42.26369,-82.96585,153
167517,42.26367,-82.96596,154
167517,42.2631750223048,-82.9690399731736,155
167517,42.2632544224544,-82.9693350161652,156
167517,42.2634429974087,-82.9694852198701,157
167517,42.263628,-82.969533,158
167517,42.263628,-82.969533,159
167517,42.263628,-82.969533,160
167517,42.2637488344457,-82.969673850193,161
167517,42.2660348549054,-82.9711145189673,162
167517,42.266181,-82.971147,163
167517,42.266181,-82.971147,164
167517,42.266181,-82.971147,165
167517,42.26649,-82.97148,166
167517,42.26712,-82.97187,167
167517,42.267459,-82.971959,168
167517,42.267459,-82.971959,169
167517,42.267459,-82.971959,170
167517,42.267431,-82.971996,171
167517,42.267483,-82.9721,172
167517,42.267553,-82.972147,173
167517,42.267783,-82.972304,174
167517,42.269641,-82.973482,175
167517,42.269674,-82.973388,176
167517,42.269674,-82.973388,177
167517,42.269674,-82.973388,178
167517,42.269641,-82.973482,179
167517,42.269838,-82.973607,180
167517,42.270462,-82.973999,181
167517,42.271953,-82.974944,182
167517,42.272121,-82.975049,183
167517,42.27215385,-82.97495342,184
167517,42.27215385,-82.97495342,185
167517,42.27215385,-82.97495342,186
167517,42.2722736249186,-82.9750741631947,187
167517,42.2741900126976,-82.9762820907726,188
167517,42.274375,-82.976354,189
167517,42.274375,-82.976354,190
167517,42.274375,-82.976354,191
167517,42.2744931479455,-82.976462303566,192
167517,42.2767823058212,-82.9779015702457,193
167517,42.276932,-82.977918,194
167517,42.276932,-82.977918,195
167517,42.276932,-82.977918,196
167517,42.27723,-82.97825,197
167517,42.27838,-82.97899,198
167517,42.27926199,-82.97941074,199
167517,42.27926199,-82.97941074,200
167517,42.27926199,-82.97941074,201
167517,42.279426263637,-82.9795499386578,202
167517,42.2807998320145,-82.9804064085636,203
167517,42.280967,-82.980472,204
167517,42.280967,-82.980472,205
167517,42.280967,-82.980472,206
167517,42.280888,-82.980525,207
167517,42.280908,-82.980579,208
167517,42.281522,-82.980984,209
167517,42.281888,-82.981226,210
167517,42.28192,-82.98124,211
167517,42.282554,-82.981605,212
167517,42.282631,-82.981649,213
167517,42.282836,-82.981767,214
167517,42.282966,-82.981841,215
167517,42.283064,-82.981896,216
167517,42.283133,-82.981938,217
167517,42.283576,-82.982214,218
167517,42.283667,-82.982272,219
167517,42.283839,-82.982383,220
167517,42.284087,-82.982552,221
167517,42.284187,-82.982617,222
167517,42.284377,-82.982753,223
167517,42.28441711,-82.98264951,224
167517,42.28441711,-82.98264951,225
167517,42.28441711,-82.98264951,226
167517,42.284377,-82.982753,227
167517,42.284552,-82.982879,228
167517,42.284862,-82.983102,229
167517,42.284972,-82.983181,230
167517,42.285646,-82.983558,231
167517,42.285768,-82.983546,232
167517,42.285939,-82.983655,233
167517,42.286227,-82.983833,234
167517,42.286309,-82.983962,235
167517,42.286437,-82.984045,236
167517,42.286478,-82.98393,237
167517,42.286478,-82.98393,238
167517,42.286478,-82.98393,239
167517,42.2866590415338,-82.9840980552254,240
167517,42.2871320607559,-82.9843912163281,241
167517,42.2875398229259,-82.9846192040944,242
167517,42.2878285288516,-82.9848123231435,243
167517,42.2881048048655,-82.984995656414,244
167517,42.288273,-82.98507,245
167517,42.288273,-82.98507,246
167517,42.288273,-82.98507,247
167517,42.2884470818714,-82.9852330319119,248
167517,42.2887522466356,-82.9854233833282,249
167517,42.2890697177594,-82.9856258901089,250
167517,42.2892894185728,-82.9857919153442,251
167517,42.2895290671993,-82.9859943911709,252
167517,42.289902091005,-82.9863739237466,253
167517,42.290368,-82.986788463789,254
167517,42.2906550764784,-82.9869264588036,255
167517,42.2908628331015,-82.9870561987419,256
167517,42.29103724,-82.9871286,257
167517,42.29103724,-82.9871286,258
167517,42.29103724,-82.9871286,259
167517,42.2912209680972,-82.9872680932541,260
167517,42.2932897095436,-82.9885331288014,261
167517,42.29346893,-82.988605,262
167517,42.29346893,-82.988605,263
167517,42.29346893,-82.988605,264
167517,42.2936676711901,-82.9887798920307,265
167517,42.2951228001359,-82.9897134232788,266
167517,42.29532095,-82.98979089,267
167517,42.29532095,-82.98979089,268
167517,42.29532095,-82.98979089,269
167517,42.2955424144936,-82.9899816441803,270
167517,42.2968819783423,-82.9908991509217,271
167517,42.2970883081204,-82.9910748356122,272
167517,42.2975050676852,-82.9913568920307,273
167517,42.2973253881366,-82.9919103437203,274
167517,42.29725756,-82.99221388,275
167517,42.29725756,-82.99221388,276
167517,42.29725756,-82.99221388,277
167517,42.2971307510091,-82.9924221951065,278
167517,42.2960395575499,-82.9954996306191,279
167517,42.295981,-82.99582,280
167517,42.295981,-82.99582,281
167517,42.295981,-82.99582,282
167517,42.2958823411953,-82.9959831354084,283
167517,42.295189930143,-82.9979679700794,284
167517,42.295094,-82.998343,285
167517,42.295094,-82.998343,286
167517,42.295094,-82.998343,287
167517,42.2949270646643,-82.9986892909752,288
167517,42.297,-83.00008,289
167517,42.2972219,-83.00008235,290
167517,42.2972219,-83.00008235,291
167517,42.2972219,-83.00008235,292
167517,42.2973902886236,-83.0002603116741,293
167517,42.2993100805164,-83.0014820319119,294
167517,42.299457,-83.001505,295
167517,42.299457,-83.001505,296
167517,42.299457,-83.001505,297
167517,42.2996182712233,-83.0016624613075,298
167517,42.3004951300079,-83.0022203607826,299
167517,42.300697,-83.002279,300
167517,42.300697,-83.002279,301
167517,42.300697,-83.002279,302
167517,42.3008399504748,-83.0024344778404,303
167517,42.3022370927672,-83.0033839798317,304
167517,42.302442,-83.003451,305
167517,42.302442,-83.003451,306
167517,42.302442,-83.003451,307
167517,42.3025957671808,-83.0036104950371,308
167517,42.30363,-83.00431,309
167517,42.303912,-83.004393,310
167517,42.303912,-83.004393,311
167517,42.303912,-83.004393,312
167517,42.303884,-83.00447,313
167517,42.304417,-83.004827,314
167517,42.30512,-83.005271,315
167517,42.305997,-83.005808,316
167517,42.306016,-83.005756,317
167517,42.305983,-83.005734,318
167517,42.305983,-83.005734,319
167517,42.305983,-83.005734,320
167517,42.306016,-83.005756,321
167517,42.305997,-83.005808,322
167517,42.307976,-83.007043,323
167517,42.308176,-83.007173,324
167517,42.308186,-83.007145,325
167517,42.308186,-83.007145,326
167517,42.308186,-83.007145,327
167517,42.3083502518467,-83.0072951251659,328
167517,42.3110851088701,-83.0090510233135,329
167517,42.311224,-83.0091,330
167517,42.311224,-83.0091,331
167517,42.311224,-83.0091,332
167517,42.3113515471429,-83.0092400552254,333
167517,42.3134991876467,-83.0106245509262,334
167517,42.31365932,-83.01067492,335
167517,42.31365932,-83.01067492,336
167517,42.31365932,-83.01067492,337
167517,42.3137291126627,-83.0107906908073,338
167517,42.3151551102584,-83.0116905742397,339
167517,42.31529368,-83.01171886,340
167517,42.31529368,-83.01171886,341
167517,42.31529368,-83.01171886,342
167517,42.3154134143599,-83.0118592894551,343
167517,42.31641,-83.01252,344
167517,42.316699,-83.012624,345
167517,42.316699,-83.012624,346
167517,42.316699,-83.012624,347
167517,42.3168581635373,-83.0127993931847,348
167517,42.31826,-83.0137,349
167517,42.318474,-83.013771,350
167517,42.318474,-83.013771,351
167517,42.318474,-83.013771,352
167517,42.3185808450666,-83.013906854002,353
167517,42.3198774965924,-83.0147355975533,354
167517,42.32002648,-83.01478367,355
167517,42.32002648,-83.01478367,356
167517,42.32002648,-83.01478367,357
167517,42.320013,-83.01482,358
167517,42.32128,-83.015636,359
167517,42.3215,-83.015778,360
167517,42.32152,-83.015722,361
167517,42.32152,-83.015722,362
167517,42.32152,-83.015722,363
167517,42.3215,-83.015778,364
167517,42.32166,-83.01588,365
167517,42.322034,-83.016118,366
167517,42.323148,-83.016845,367
167517,42.323306,-83.016948,368
167517,42.323324,-83.016897,369
167517,42.323324,-83.016897,370
167517,42.323324,-83.016897,371
167517,42.3235033738438,-83.0170682814064,372
167517,42.32496,-83.018,373
167517,42.32516,-83.0181,374
167517,42.32513,-83.01861,375
167517,42.32509,-83.019,376
167517,42.32504,-83.01935,377
167517,42.325041,-83.019616,378
167517,42.325041,-83.019616,379
167517,42.325041,-83.019616,380
167517,42.3249770006915,-83.0197810385189,381
167517,42.3246279815018,-83.0213635418377,382
167517,42.32459833,-83.02157853,383
167517,42.32459833,-83.02157853,384
167517,42.32459833,-83.02157853,385
167517,42.3244973554767,-83.0218353055572,386
167517,42.3243745541276,-83.022223645491,387
167517,42.3241586188765,-83.0228247815329,388
167517,42.3236205553497,-83.0241624146805,389
167517,42.32353,-83.024468,390
167517,42.32353,-83.024468,391
167517,42.32353,-83.024468,392
167517,42.3234242280609,-83.0246371656761,393
167517,42.3231042202089,-83.0255366533156,394
167517,42.3227488866045,-83.0265434699059,395
167517,42.322697,-83.026781,396
167517,42.322692,-83.026771,397
167517,42.322692,-83.026771,398
167517,42.322635,-83.026735,399
167517,42.322506,-83.02711,400
167517,42.322213,-83.028195,401
167517,42.322186,-83.028304,402
167517,42.322,-83.029052,403
167517,42.321975,-83.029152,404
167517,42.3220389134394,-83.0291822380907,405
167517,42.3220389134394,-83.0291822380907,406
167517,42.3220389134394,-83.0291822380907,407
167517,42.321975,-83.029152,408
167517,42.321799,-83.029847,409
167517,42.321709,-83.030314,410
167517,42.321535,-83.031217,411
167517,42.321507,-83.031349,412
167517,42.321481,-83.031489,413
167517,42.321425,-83.031774,414
167517,42.321398,-83.031907,415
167517,42.321489,-83.03194,416
167517,42.321489,-83.03194,417
167517,42.321489,-83.03194,418
167517,42.321398,-83.031907,419
167517,42.321325,-83.032275,420
167517,42.321254,-83.032631,421
167517,42.321217,-83.03281,422
167517,42.320835,-83.034527,423
167517,42.320677,-83.035336,424
167517,42.320741,-83.035359,425
167517,42.320741,-83.035359,426
167517,42.320746,-83.035415,427
167517,42.3206689831939,-83.0356142589302,428
167517,42.3202343684721,-83.0375443675633,429
167517,42.3201669393788,-83.0378447749729,430
167517,42.3200749676923,-83.0383247005596,431
167517,42.320042,-83.038684,432
167517,42.320042,-83.038684,433
167517,42.320042,-83.038684,434
167517,42.3199411007003,-83.0389590429916,435
167517,42.3196415471315,-83.0403407754631,436
167517,42.3195735304195,-83.0406787668648,437
167517,42.3194561173769,-83.0411812736454,438
167517,42.3193699329397,-83.0418506441803,439
167517,42.3190711641044,-83.0417483825789,440
167517,42.318921,-83.041722,441
167517,42.318921,-83.041722,442
167517,42.318921,-83.041722,443
167517,42.3187685021993,-83.041587726823,444
167517,42.317838590454,-83.0411893030758,445
167517,42.3173904248307,-83.043013441803,446
167517,42.3172961066485,-83.0435499300594,447
167517,42.3175882590631,-83.043633326182,448
167517,42.317806,-83.043697,449
167517,42.317806,-83.043697,450
167520,42.317563,-83.043163,1
167520,42.317563,-83.043163,2
167520,42.3175853164285,-83.0432468651418,3
167520,42.318017,-83.043491,4
167520,42.318134,-83.042999,5
167520,42.31818,-83.042819,6
167520,42.31845,-83.041758,7
167520,42.318502,-83.041548,8
167520,42.318527,-83.041447,9
167520,42.318548,-83.04136,10
167520,42.318613,-83.041098,11
167520,42.318887,-83.039984,12
167520,42.318906,-83.0399,13
167520,42.318931,-83.039798,14
167520,42.319035,-83.039376,15
167520,42.319129,-83.038993,16
167520,42.319384,-83.037959,17
167520,42.319312,-83.037912,18
167520,42.31912,-83.037788,19
167520,42.319084,-83.03789,20
167520,42.319084,-83.03789,21
167520,42.319084,-83.03789,22
167520,42.31912,-83.037788,23
167520,42.318797,-83.037579,24
167520,42.318713,-83.037525,25
167520,42.318633,-83.037473,26
167520,42.31812,-83.037143,27
167520,42.318052,-83.0371,28
167520,42.318077,-83.036991,29
167520,42.318136,-83.036732,30
167520,42.318228,-83.036347,31
167520,42.318294,-83.03607,32
167520,42.31824866,-83.03605075,33
167520,42.31824866,-83.03605075,34
167520,42.31824866,-83.03605075,35
167520,42.318294,-83.03607,36
167520,42.318341,-83.03587,37
167520,42.318479,-83.035387,38
167520,42.318499,-83.035319,39
167520,42.318512,-83.035246,40
167520,42.318517,-83.035167,41
167520,42.318507,-83.035066,42
167520,42.318455,-83.034862,43
167520,42.318418,-83.0347,44
167520,42.318354,-83.034404,45
167520,42.318312,-83.03421,46
167520,42.318343,-83.03402,47
167520,42.318365,-83.03389,48
167520,42.318459,-83.0335,49
167520,42.31839507,-83.03347218,50
167520,42.31839507,-83.03347218,51
167520,42.31839507,-83.03347218,52
167520,42.318459,-83.0335,53
167520,42.318467,-83.033468,54
167520,42.318546,-83.033191,55
167520,42.318601,-83.03303,56
167520,42.318672,-83.032828,57
167520,42.318731,-83.032664,58
167520,42.318736,-83.03265,59
167520,42.318824,-83.032407,60
167520,42.318859,-83.03231,61
167520,42.319121,-83.03158,62
167520,42.319158,-83.031478,63
167520,42.319071,-83.031421,64
167520,42.318772,-83.031227,65
167520,42.318751,-83.031289,66
167520,42.318743,-83.031313,67
167520,42.3188053,-83.03135154,68
167520,42.3188053,-83.03135154,69
167520,42.3188053,-83.03135154,70
167520,42.3187258540708,-83.0312385337296,71
167520,42.3175043408853,-83.0304094068827,72
167520,42.3164460747425,-83.029728807375,73
167520,42.316285,-83.02973,74
167520,42.316285,-83.02973,75
167520,42.316285,-83.02973,76
167520,42.31529,-83.02894,77
167520,42.31515,-83.02866,78
167520,42.31509,-83.02823,79
167520,42.31505,-83.02815,80
167520,42.31486,-83.0279,81
167520,42.314387,-83.027696,82
167520,42.314387,-83.027696,83
167520,42.314387,-83.027696,84
167520,42.314230752537,-83.0275160923355,85
167520,42.31173,-83.02588,86
167520,42.3118699,-83.02535135,87
167520,42.3118699,-83.02535135,88
167520,42.3118699,-83.02535135,89
167520,42.3119701209993,-83.0252259981286,90
167520,42.3125652813716,-83.0235768478851,91
167520,42.312586,-83.023369,92
167520,42.312586,-83.023369,93
167520,42.312586,-83.023369,94
167520,42.312697561513,-83.023190232645,95
167520,42.3132762128462,-83.0215558110104,96
167520,42.313299,-83.021378,97
167520,42.313299,-83.021378,98
167520,42.313299,-83.021378,99
167520,42.3133746861869,-83.0212644178774,100
167520,42.3135221658121,-83.0208429067459,101
167520,42.3135442686894,-83.0207440693285,102
167520,42.3135369502562,-83.020672,103
167520,42.3135050414511,-83.0205977055225,104
167520,42.3133881657698,-83.0205025975532,105
167520,42.3131648879776,-83.0203273260879,106
167520,42.3130121636542,-83.0202227199363,107
167520,42.3126511774165,-83.0199853444385,108
167520,42.3121989499774,-83.0196916425514,109
167520,42.3114918422282,-83.0192303026008,110
167520,42.311055474436,-83.0189486706543,111
167520,42.3106760548658,-83.0187242643099,112
167520,42.31055646,-83.01871535,113
167520,42.31055646,-83.01871535,114
167520,42.31055646,-83.01871535,115
167520,42.310465877291,-83.0185979646881,116
167520,42.308094711161,-83.0170910371849,117
167520,42.307939,-83.017044,118
167520,42.307939,-83.017044,119
167520,42.307939,-83.017044,120
167520,42.306253,-83.01595,121
167520,42.306253,-83.01595,122
167520,42.306253,-83.01595,123
167520,42.306298,-83.015821,124
167520,42.305211,-83.015133,125
167520,42.30516546,-83.01526702,126
167520,42.30516546,-83.01526702,127
167520,42.30516546,-83.01526702,128
167520,42.305211,-83.015133,129
167520,42.305095,-83.01506,130
167520,42.303258,-83.013867,131
167520,42.302482,-83.013362,132
167520,42.302446,-83.013464,133
167520,42.302442,-83.013477,134
167520,42.302519,-83.013527,135
167520,42.302519,-83.013527,136
167520,42.302519,-83.013527,137
167520,42.302442,-83.013477,138
167520,42.302446,-83.013464,139
167520,42.302482,-83.013362,140
167520,42.302123,-83.01312,141
167520,42.301805,-83.012915,142
167520,42.29972,-83.011595,143
167520,42.29952,-83.011465,144
167520,42.29947,-83.011431,145
167520,42.299221,-83.011279,146
167520,42.299111,-83.011211,147
167520,42.299206,-83.010708,148
167520,42.299109241256,-83.0106753075861,149
167520,42.299109241256,-83.0106753075861,150
167520,42.299109241256,-83.0106753075861,151
167520,42.299206,-83.010708,152
167520,42.299252,-83.010463,153
167520,42.299383,-83.009803,154
167520,42.299487,-83.009257,155
167520,42.299524,-83.009033,156
167520,42.299574,-83.008766,157
167520,42.299486,-83.008736,158
167520,42.299486,-83.008736,159
167520,42.299486,-83.008736,160
167520,42.2995898641411,-83.0084887369442,161
167520,42.2999231514219,-83.006746642189,162
167520,42.299899,-83.006549,163
167520,42.299899,-83.006549,164
167520,42.299899,-83.006549,165
167520,42.299998,-83.006583,166
167520,42.300099,-83.006051,167
167520,42.300124,-83.005921,168
167520,42.300061,-83.005876,169
167520,42.299878,-83.005743,170
167520,42.299735,-83.005647,171
167520,42.29965,-83.005673,172
167520,42.298976,-83.005236,173
167520,42.298293,-83.004793,174
167520,42.29827685,-83.00483821,175
167520,42.29827685,-83.00483821,176
167520,42.29827685,-83.00483821,177
167520,42.298293,-83.004793,178
167520,42.298141,-83.004695,179
167520,42.297384,-83.004216,180
167520,42.296658,-83.003732,181
167520,42.295876,-83.003242,182
167520,42.295721,-83.00314,183
167520,42.2957055142107,-83.003182636667,184
167520,42.2957055142107,-83.003182636667,185
167520,42.2957055142107,-83.003182636667,186
167520,42.295721,-83.00314,187
167520,42.294969,-83.002646,188
167520,42.294139,-83.002121,189
167520,42.29405,-83.001998,190
167520,42.293861,-83.001869,191
167520,42.29381,-83.001832,192
167520,42.293769,-83.001949,193
167520,42.29367,-83.002234,194
167520,42.29370097,-83.00225432,195
167520,42.29370097,-83.00225432,196
167520,42.29370097,-83.00225432,197
167520,42.29367,-83.002234,198
167520,42.293496,-83.002733,199
167520,42.293476,-83.002789,200
167520,42.293441,-83.002891,201
167520,42.293149,-83.003719,202
167520,42.293128,-83.003778,203
167520,42.293086,-83.003897,204
167520,42.292833,-83.004605,205
167520,42.292807,-83.004686,206
167520,42.292769,-83.00479,207
167520,42.292734,-83.004894,208
167520,42.29276232,-83.00491138,209
167520,42.29276232,-83.00491138,210
167520,42.29276232,-83.00491138,211
167520,42.292734,-83.004894,212
167520,42.292535,-83.005479,213
167520,42.292499,-83.005584,214
167520,42.292458,-83.005692,215
167520,42.292126,-83.00657,216
167520,42.292084,-83.006681,217
167520,42.292053,-83.006769,218
167520,42.292008,-83.006895,219
167520,42.29204755,-83.00692102,220
167520,42.29204755,-83.00692102,221
167520,42.29204755,-83.00692102,222
167520,42.292008,-83.006895,223
167520,42.291723,-83.0077,224
167520,42.291692,-83.007787,225
167520,42.291653,-83.007891,226
167520,42.291307,-83.008799,227
167520,42.291334,-83.009986,228
167520,42.291342,-83.010248,229
167520,42.29139198,-83.01024479,230
167520,42.29139198,-83.01024479,231
167520,42.29139198,-83.01024479,232
167520,42.291342,-83.010248,233
167520,42.291354,-83.010673,234
167520,42.291373,-83.011236,235
167520,42.291432,-83.011776,236
167520,42.291483,-83.012166,237
167520,42.291502,-83.012362,238
167520,42.291498,-83.012582,239
167520,42.291466,-83.012856,240
167520,42.291429,-83.013071,241
167520,42.291407,-83.013206,242
167520,42.29137,-83.01335,243
167520,42.291258,-83.013288,244
167520,42.29092,-83.013118,245
167520,42.290663,-83.012985,246
167520,42.290145,-83.012804,247
167520,42.289743,-83.012719,248
167520,42.289424,-83.012687,249
167520,42.289133,-83.012699,250
167520,42.288897,-83.012717,251
167520,42.288541,-83.012742,252
167520,42.288453,-83.012742,253
167520,42.28835,-83.012747,254
167520,42.28837,-83.012714,255
167520,42.288407,-83.012617,256
167520,42.288458,-83.01248,257
167520,42.288574,-83.012168,258
167520,42.288743,-83.01171,259
167520,42.288698,-83.011679,260
167520,42.288698,-83.011679,261
167520,42.288698,-83.011679,262
167520,42.2887968276694,-83.0114797204113,263
167520,42.289517087469,-83.0094814746952,264
167520,42.289576,-83.00919,265
167520,42.289582,-83.009193,266
167520,42.289582,-83.009193,267
167520,42.289582,-83.009193,268
167520,42.2896734209061,-83.0090954143639,269
167520,42.28994,-83.0083,270
167520,42.2901139052186,-83.0081995565529,271
167520,42.2901020002777,-83.0068262655373,272
167520,42.2900861270196,-83.0060484249229,273
167520,42.290035,-83.005806,274
167520,42.290035,-83.005806,275
167520,42.29009,-83.005805,276
167520,42.290085,-83.005451,277
167520,42.290082,-83.00521,278
167520,42.290064,-83.003941,279
167520,42.289947,-83.003375,280
167520,42.28985329,-83.00341098,281
167520,42.28985329,-83.00341098,282
167520,42.28985329,-83.00341098,283
167520,42.289947,-83.003375,284
167520,42.289915,-83.00322,285
167520,42.289874,-83.00197,286
167520,42.28984,-83.000295,287
167520,42.289791,-83.000002,288
167520,42.289612,-82.99939,289
167520,42.289595,-82.999364,290
167520,42.28941,-82.999093,291
167520,42.288761,-82.998623,292
167520,42.288897,-82.998205,293
167520,42.288844,-82.998174,294
167520,42.288844,-82.998174,295
167520,42.288844,-82.998174,296
167520,42.2889602668901,-82.9980124155178,297
167520,42.2891487649404,-82.9973418632641,298
167520,42.2891269388792,-82.9958746949329,299
167520,42.289075,-82.995563,300
167520,42.289075,-82.995563,301
167520,42.289075,-82.995563,302
167520,42.289134,-82.99556,303
167520,42.289115,-82.99485,304
167520,42.289124,-82.994789,305
167520,42.289177,-82.994415,306
167520,42.289282,-82.994079,307
167520,42.289353,-82.993927,308
167520,42.289422,-82.99378,309
167520,42.28952,-82.993335,310
167520,42.289508,-82.992995,311
167520,42.289449,-82.992762,312
167520,42.289344,-82.992541,313
167520,42.28897,-82.992299,314
167520,42.288913,-82.992267,315
167520,42.2888881020196,-82.9923504355478,316
167520,42.2888881020196,-82.9923504355478,317
167520,42.2888881020196,-82.9923504355478,318
167520,42.288913,-82.992267,319
167520,42.288257,-82.9919,320
167520,42.287389,-82.991387,321
167520,42.2873558,-82.99149016,322
167520,42.2873558,-82.99149016,323
167520,42.2873558,-82.99149016,324
167520,42.287389,-82.991387,325
167520,42.287199,-82.991275,326
167520,42.286044,-82.993212,327
167520,42.285874,-82.993607,328
167520,42.28590808,-82.99363379,329
167520,42.28590808,-82.99363379,330
167520,42.28590808,-82.99363379,331
167520,42.2858130275316,-82.9937811247099,332
167520,42.2856448695749,-82.9941314785042,333
167520,42.2853963248115,-82.9946461371172,334
167520,42.2852078155327,-82.995055173992,335
167520,42.2850496003819,-82.9954498368526,336
167520,42.2844829530023,-82.9968672589302,337
167520,42.2843821,-82.99719539,338
167520,42.2843821,-82.99719539,339
167520,42.2843821,-82.99719539,340
167520,42.2842978903803,-82.9973283202725,341
167520,42.2840141111003,-82.998042527874,342
167520,42.2836017022409,-82.9991131435165,343
167520,42.28352263,-82.99940907,344
167520,42.28352263,-82.99940907,345
167520,42.28352263,-82.99940907,346
167520,42.283499,-82.999392,347
167520,42.283425,-82.999585,348
167520,42.283364,-82.999748,349
167520,42.283188,-83.000214,350
167520,42.282908,-83.000953,351
167520,42.282707,-83.001447,352
167520,42.28277053,-83.00149393,353
167520,42.28277053,-83.00149393,354
167520,42.28277053,-83.00149393,355
167520,42.282707,-83.001447,356
167520,42.282595,-83.001723,357
167520,42.282336,-83.001554,358
167520,42.282101,-83.001395,359
167520,42.282025,-83.001351,360
167520,42.281931,-83.001287,361
167520,42.281409,-83.000933,362
167520,42.280482,-83.000326,363
167520,42.280567,-82.999859,364
167520,42.28049216,-82.99983364,365
167520,42.28049216,-82.99983364,366
167520,42.28049216,-82.99983364,367
167520,42.280567,-82.999859,368
167520,42.280753,-82.998842,369
167520,42.280947,-82.99794,370
167520,42.281048,-82.997409,371
167520,42.28097,-82.997382,372
167520,42.28097,-82.997382,373
167520,42.28097,-82.997382,374
167520,42.2810754243716,-82.9970875925903,375
167520,42.2817942337268,-82.9934100957356,376
167520,42.28178638,-82.99321293,377
167520,42.28178638,-82.99321293,378
167520,42.28178638,-82.99321293,379
167520,42.281833,-82.993228,380
167520,42.281857,-82.99309,381
167520,42.281582,-82.99301,382
167520,42.281231,-82.992888,383
167520,42.281072,-82.992833,384
167520,42.280982,-82.992802,385
167520,42.2806,-82.992644,386
167520,42.280473,-82.992591,387
167520,42.279786,-82.992184,388
167520,42.279667,-82.992104,389
167520,42.2796431,-82.99217032,390
167520,42.2796431,-82.99217032,391
167520,42.2796431,-82.99217032,392
167520,42.279667,-82.992104,393
167520,42.279217,-82.991801,394
167520,42.279033,-82.991601,395
167520,42.278856,-82.991407,396
167520,42.278613,-82.991256,397
167520,42.278256,-82.990982,398
167520,42.27823581,-82.99103841,399
167520,42.27823581,-82.99103841,400
167520,42.27823581,-82.99103841,401
167520,42.278256,-82.990982,402
167520,42.278035,-82.990832,403
167520,42.277802,-82.990667,404
167520,42.277372,-82.990408,405
167520,42.277019,-82.990157,406
167520,42.276827,-82.990025,407
167520,42.276619,-82.989932,408
167520,42.27645,-82.989892,409
167520,42.2764405610773,-82.9899586010769,410
167520,42.2764405610773,-82.9899586010769,411
167520,42.2764405610773,-82.9899586010769,412
167520,42.27645,-82.989892,413
167520,42.27632,-82.989861,414
167520,42.276134,-82.989908,415
167520,42.275778,-82.990014,416
167520,42.275512,-82.990069,417
167520,42.275256,-82.990025,418
167520,42.275009,-82.989931,419
167520,42.274209,-82.989438,420
167520,42.273858,-82.989199,421
167520,42.273724,-82.989108,422
167520,42.2736983510585,-82.9891769889604,423
167520,42.2736983510585,-82.9891769889604,424
167520,42.2736983510585,-82.9891769889604,425
167520,42.273724,-82.989108,426
167520,42.273676,-82.989075,427
167520,42.273241,-82.988787,428
167520,42.273024,-82.988643,429
167520,42.272752,-82.988486,430
167520,42.27267,-82.988423,431
167520,42.272627,-82.988368,432
167520,42.27262,-82.988174,433
167520,42.272809,-82.98763,434
167520,42.272164,-82.987234,435
167520,42.271495,-82.986813,436
167520,42.271228,-82.98664,437
167520,42.2712046144446,-82.9867044987803,438
167520,42.2712046144446,-82.9867044987803,439
167520,42.2712046144446,-82.9867044987803,440
167520,42.271228,-82.98664,441
167520,42.270863,-82.986405,442
167520,42.270598,-82.98716,443
167520,42.27051,-82.98757,444
167520,42.270362,-82.988141,445
167520,42.270354,-82.988179,446
167520,42.270177,-82.98902,447
167520,42.270052,-82.989432,448
167520,42.26981,-82.989795,449
167520,42.269521,-82.990003,450
167520,42.269422,-82.990034,451
167520,42.26944503,-82.99016939,452
167520,42.26944503,-82.99016939,453
167520,42.26944503,-82.99016939,454
167520,42.269422,-82.990034,455
167520,42.269085,-82.99014,456
167520,42.26881,-82.990315,457
167520,42.268656,-82.990507,458
167520,42.268534,-82.990699,459
167520,42.267715,-82.992949,460
167520,42.26779391,-82.99300094,461
167520,42.26779391,-82.99300094,462
167520,42.26779391,-82.99300094,463
167520,42.267715,-82.992949,464
167520,42.267503,-82.993532,465
167520,42.267955,-82.993814,466
167520,42.268374,-82.994078,467
167520,42.269904,-82.995054,468
167520,42.26991873,-82.99500962,469
167520,42.26991873,-82.99500962,470
167520,42.26991873,-82.99500962,471
167520,42.269904,-82.995054,472
167520,42.270107,-82.995184,473
167520,42.271118,-82.995855,474
167520,42.272755,-82.996916,475
167520,42.272881,-82.996997,476
167520,42.272985,-82.997065,477
167520,42.273132,-82.997159,478
167520,42.273054,-82.997344,479
167520,42.272801,-82.997949,480
167520,42.27262,-82.998482,481
167520,42.272417,-82.999073,482
167520,42.272351,-82.999255,483
167520,42.272444,-82.999317,484
167520,42.272444,-82.999317,485
167520,42.272444,-82.999317,486
167520,42.2723347688889,-82.9993030547963,487
167520,42.272261,-82.999477,488
167520,42.272141,-82.999717,489
167520,42.271899,-82.999992,490
167520,42.271563,-83.000335,491
167520,42.271693,-83.000542,492
167520,42.271909,-83.000791,493
167520,42.2720921425232,-83.0009013023248,494
167520,42.271953,-83.001296,495
167520,42.27189,-83.001475,496
167520,42.272083,-83.001601,497
167520,42.272215,-83.001686,498
167520,42.272365,-83.001784,499
167520,42.272504,-83.001874,500
167520,42.2728304556087,-83.0020797945617,501
167520,42.2728654253458,-83.0020954834006,502
167520,42.272897,-83.001908,503
167520,42.272905,-83.001847,504
167520,42.272943,-83.00171,505
167520,42.272998,-83.001508,506
167520,42.273052,-83.00131,507
167520,42.273065,-83.001266,508
167520,42.273108,-83.001115,509
167520,42.273169,-83.000917,510
167520,42.273214,-83.000773,511
167520,42.273227,-83.000732,512
167520,42.273295,-83.000519,513
167520,42.27336,-83.000302,514
167520,42.273389,-83.000223,515
167520,42.2734320680708,-83.0000631149846,516
167520,42.2735389898728,-82.9996872447704,517
167520,42.273538,-82.99953,518
167520,42.273538,-82.99953,519
167519,42.273538,-82.99953,1
167519,42.273538,-82.99953,2
167519,42.273592,-82.999567,3
167519,42.273634,-82.999454,4
167519,42.27371,-82.999193,5
167519,42.273424,-82.998998,6
167519,42.273153,-82.998821,7
167519,42.273137,-82.99881,8
167519,42.27262,-82.998474,9
167519,42.272801,-82.997949,10
167519,42.273132,-82.997159,11
167519,42.271118,-82.995855,12
167519,42.270107,-82.995184,13
167519,42.27006,-82.99531,14
167519,42.270118,-82.995349,15
167519,42.270118,-82.995349,16
167519,42.270118,-82.995349,17
167519,42.27006,-82.99531,18
167519,42.270107,-82.995184,19
167519,42.268374,-82.994078,20
167519,42.267955,-82.993814,21
167519,42.267503,-82.993532,22
167519,42.267737,-82.992888,23
167519,42.2677264631627,-82.9928814267244,24
167519,42.2677264631627,-82.9928814267244,25
167519,42.2677264631627,-82.9928814267244,26
167519,42.267737,-82.992888,27
167519,42.268534,-82.990699,28
167519,42.268656,-82.990507,29
167519,42.26881,-82.990315,30
167519,42.269085,-82.99014,31
167519,42.269521,-82.990003,32
167519,42.26981,-82.989795,33
167519,42.270052,-82.989432,34
167519,42.270177,-82.98902,35
167519,42.270354,-82.988179,36
167519,42.270362,-82.988141,37
167519,42.270426,-82.987896,38
167519,42.27037965,-82.98787407,39
167519,42.27037965,-82.98787407,40
167519,42.27037965,-82.98787407,41
167519,42.270426,-82.987896,42
167519,42.27051,-82.98757,43
167519,42.270598,-82.98716,44
167519,42.270863,-82.986405,45
167519,42.271495,-82.986813,46
167519,42.271713,-82.98695,47
167519,42.2717375512304,-82.986875827069,48
167519,42.2717375512304,-82.986875827069,49
167519,42.2717375512304,-82.986875827069,50
167519,42.271713,-82.98695,51
167519,42.272164,-82.987234,52
167519,42.272809,-82.98763,53
167519,42.27262,-82.988174,54
167519,42.272627,-82.988368,55
167519,42.27267,-82.988423,56
167519,42.272752,-82.988486,57
167519,42.273024,-82.988643,58
167519,42.273241,-82.988787,59
167519,42.273454,-82.988928,60
167519,42.2734790880085,-82.9888588014753,61
167519,42.2734790880085,-82.9888588014753,62
167519,42.2734790880085,-82.9888588014753,63
167519,42.273454,-82.988928,64
167519,42.273676,-82.989075,65
167519,42.273858,-82.989199,66
167519,42.274209,-82.989438,67
167519,42.275009,-82.989931,68
167519,42.275256,-82.990025,69
167519,42.275512,-82.990069,70
167519,42.275778,-82.990014,71
167519,42.276048,-82.989934,72
167519,42.27603329,-82.98984018,73
167519,42.27603329,-82.98984018,74
167519,42.27603329,-82.98984018,75
167519,42.276048,-82.989934,76
167519,42.276134,-82.989908,77
167519,42.27632,-82.989861,78
167519,42.276619,-82.989932,79
167519,42.276827,-82.990025,80
167519,42.277019,-82.990157,81
167519,42.277372,-82.990408,82
167519,42.277802,-82.990667,83
167519,42.278035,-82.990832,84
167519,42.278211,-82.990951,85
167519,42.2782401816714,-82.9908723306746,86
167519,42.2782401816714,-82.9908723306746,87
167519,42.2782401816714,-82.9908723306746,88
167519,42.278211,-82.990951,89
167519,42.278256,-82.990982,90
167519,42.278613,-82.991256,91
167519,42.278856,-82.991407,92
167519,42.279033,-82.991601,93
167519,42.279217,-82.991801,94
167519,42.279786,-82.992184,95
167519,42.280283,-82.992478,96
167519,42.2803055,-82.99240713,97
167519,42.2803055,-82.99240713,98
167519,42.2803055,-82.99240713,99
167519,42.280283,-82.992478,100
167519,42.280473,-82.992591,101
167519,42.2806,-82.992644,102
167519,42.280982,-82.992802,103
167519,42.281072,-82.992833,104
167519,42.281231,-82.992888,105
167519,42.281582,-82.99301,106
167519,42.281857,-82.99309,107
167519,42.281691,-82.994054,108
167519,42.281752,-82.994073,109
167519,42.281752,-82.994073,110
167519,42.281752,-82.994073,111
167519,42.28163,-82.99411,112
167519,42.28147,-82.99501,113
167519,42.28112,-82.99681,114
167519,42.280915,-82.997825,115
167519,42.28100392,-82.99784324,116
167519,42.28100392,-82.99784324,117
167519,42.28100392,-82.99784324,118
167519,42.280968,-82.99783,119
167519,42.280947,-82.99794,120
167519,42.280753,-82.998842,121
167519,42.280569,-82.999851,122
167519,42.28062281,-82.99986886,123
167519,42.28062281,-82.99986886,124
167519,42.28062281,-82.99986886,125
167519,42.280569,-82.999851,126
167519,42.280482,-83.000326,127
167519,42.281409,-83.000933,128
167519,42.281931,-83.001287,129
167519,42.282025,-83.001351,130
167519,42.282101,-83.001395,131
167519,42.2821255935965,-83.0013207422493,132
167519,42.2821255935965,-83.0013207422493,133
167519,42.2821255935965,-83.0013207422493,134
167519,42.282101,-83.001395,135
167519,42.282336,-83.001554,136
167519,42.282595,-83.001723,137
167519,42.282908,-83.000953,138
167519,42.283188,-83.000214,139
167519,42.283309,-82.999893,140
167519,42.2832643897751,-82.9998621301987,141
167519,42.2832643897751,-82.9998621301987,142
167519,42.2832643897751,-82.9998621301987,143
167519,42.283309,-82.999893,144
167519,42.283364,-82.999748,145
167519,42.283425,-82.999585,146
167519,42.284397,-82.997066,147
167519,42.28432955,-82.9970194,148
167519,42.28432955,-82.9970194,149
167519,42.28432955,-82.9970194,150
167519,42.284336,-82.997021,151
167519,42.2844718986479,-82.9967912971059,152
167519,42.2851197804805,-82.9951890937662,153
167519,42.2853430154032,-82.9946942262029,154
167519,42.2855268037689,-82.9943071631947,155
167519,42.2861910769531,-82.9929168564835,156
167519,42.286281,-82.992629,157
167519,42.286281,-82.992629,158
167519,42.286281,-82.992629,159
167519,42.286348,-82.992702,160
167519,42.287199,-82.991275,161
167519,42.287487,-82.991445,162
167519,42.2874942386117,-82.9914246193741,163
167519,42.2874942386117,-82.9914246193741,164
167519,42.2874942386117,-82.9914246193741,165
167519,42.287487,-82.991445,166
167519,42.288257,-82.9919,167
167519,42.28897,-82.992299,168
167519,42.289098,-82.992382,169
167519,42.28912329,-82.99231187,170
167519,42.28912329,-82.99231187,171
167519,42.28912329,-82.99231187,172
167519,42.289098,-82.992382,173
167519,42.289344,-82.992541,174
167519,42.289449,-82.992762,175
167519,42.289508,-82.992995,176
167519,42.28952,-82.993335,177
167519,42.289422,-82.99378,178
167519,42.289353,-82.993927,179
167519,42.289282,-82.994079,180
167519,42.289177,-82.994415,181
167519,42.289124,-82.994789,182
167519,42.289115,-82.99485,183
167519,42.289135,-82.99561,184
167519,42.289135,-82.99564,185
167519,42.2891980438844,-82.9956423563329,186
167519,42.2891980438844,-82.9956423563329,187
167519,42.2891980438844,-82.9956423563329,188
167519,42.289135,-82.99564,189
167519,42.289126,-82.996282,190
167519,42.289166,-82.997071,191
167519,42.289085,-82.997603,192
167519,42.289042,-82.997759,193
167519,42.288761,-82.998623,194
167519,42.28905,-82.998832,195
167519,42.289084,-82.998745,196
167519,42.289084,-82.998745,197
167519,42.289084,-82.998745,198
167519,42.28905,-82.998832,199
167519,42.28941,-82.999093,200
167519,42.289595,-82.999364,201
167519,42.289612,-82.99939,202
167519,42.289791,-83.000002,203
167519,42.28984,-83.000295,204
167519,42.289874,-83.00197,205
167519,42.289906,-83.002932,206
167519,42.2899410558134,-83.0029300219243,207
167519,42.2899410558134,-83.0029300219243,208
167519,42.2899410558134,-83.0029300219243,209
167519,42.289906,-83.002932,210
167519,42.289915,-83.00322,211
167519,42.290064,-83.003941,212
167519,42.290078,-83.004903,213
167519,42.2901253368979,-83.0049022548224,214
167519,42.2901253368979,-83.0049022548224,215
167519,42.290114,-83.004883,216
167519,42.2900943980205,-83.0051943533382,217
167519,42.2901273900603,-83.006874364418,218
167519,42.2901524058722,-83.008286171793,219
167519,42.2900064535578,-83.0083251398811,220
167519,42.2899523715947,-83.0084110585442,221
167519,42.289912,-83.00864,222
167519,42.289912,-83.00864,223
167519,42.289912,-83.00864,224
167519,42.289859,-83.008608,225
167519,42.289571,-83.009468,226
167519,42.288574,-83.012168,227
167519,42.288458,-83.01248,228
167519,42.288407,-83.012617,229
167519,42.288499,-83.012608,230
167519,42.288584,-83.012599,231
167519,42.288872,-83.012569,232
167519,42.2888671923793,-83.012487312497,233
167519,42.2888671923793,-83.012487312497,234
167519,42.2888671923793,-83.012487312497,235
167519,42.288872,-83.012569,236
167519,42.288948,-83.012561,237
167519,42.289395,-83.012524,238
167519,42.289754,-83.012561,239
167519,42.290198,-83.01266,240
167519,42.290627,-83.012803,241
167519,42.29098,-83.012963,242
167519,42.291325,-83.013154,243
167519,42.291369,-83.013033,244
167519,42.291397,-83.012949,245
167519,42.291419,-83.012627,246
167519,42.291402,-83.012292,247
167519,42.291356,-83.011797,248
167519,42.29127,-83.011241,249
167519,42.291268,-83.011085,250
167519,42.29120878,-83.01108554,251
167519,42.29120878,-83.01108554,252
167519,42.29120878,-83.01108554,253
167519,42.291268,-83.011085,254
167519,42.291265,-83.010754,255
167519,42.291261,-83.010293,256
167519,42.291252,-83.009933,257
167519,42.291246,-83.009412,258
167519,42.291235,-83.008756,259
167519,42.291419,-83.008296,260
167519,42.291611,-83.00774,261
167519,42.291674,-83.007561,262
167519,42.291697,-83.007498,263
167519,42.29166013,-83.00747414,264
167519,42.29166013,-83.00747414,265
167519,42.29166013,-83.00747414,266
167519,42.291697,-83.007498,267
167519,42.292011,-83.006633,268
167519,42.292384,-83.005525,269
167519,42.292661,-83.00472,270
167519,42.292698,-83.004618,271
167519,42.292724,-83.004539,272
167519,42.292844,-83.004206,273
167519,42.2928142,-83.00418582,274
167519,42.2928142,-83.00418582,275
167519,42.2928142,-83.00418582,276
167519,42.292844,-83.004206,277
167519,42.293023,-83.00371,278
167519,42.293364,-83.002717,279
167519,42.293555,-83.002189,280
167519,42.29353819,-83.00217666,281
167519,42.29353819,-83.00217666,282
167519,42.29353819,-83.00217666,283
167519,42.293555,-83.002189,284
167519,42.29371,-83.001762,285
167519,42.29381,-83.001832,286
167519,42.293861,-83.001869,287
167519,42.29405,-83.001998,288
167519,42.294178,-83.002015,289
167519,42.295021,-83.0025,290
167519,42.295931,-83.003094,291
167519,42.296102,-83.003203,292
167519,42.29610262,-83.00319909,293
167519,42.29610262,-83.00319909,294
167519,42.29610262,-83.00319909,295
167519,42.296102,-83.003203,296
167519,42.296715,-83.003595,297
167519,42.297435,-83.00406,298
167519,42.298193,-83.00455,299
167519,42.298341,-83.004646,300
167519,42.29834308,-83.00464048,301
167519,42.29834308,-83.00464048,302
167519,42.29834308,-83.00464048,303
167519,42.298341,-83.004646,304
167519,42.29902,-83.005084,305
167519,42.299685,-83.005536,306
167519,42.299735,-83.005647,307
167519,42.299878,-83.005743,308
167519,42.300061,-83.005876,309
167519,42.300124,-83.005921,310
167519,42.300099,-83.006051,311
167519,42.299978,-83.006689,312
167519,42.299923,-83.006975,313
167519,42.299911,-83.007045,314
167519,42.299895,-83.007135,315
167519,42.299729,-83.007963,316
167519,42.299709,-83.00806,317
167519,42.299695,-83.008134,318
167519,42.29969,-83.008159,319
167519,42.2998,-83.008198,320
167519,42.2998,-83.008198,321
167519,42.2998,-83.008198,322
167519,42.29969,-83.008159,323
167519,42.299635,-83.008439,324
167519,42.299524,-83.009033,325
167519,42.299487,-83.009257,326
167519,42.299383,-83.009803,327
167519,42.299252,-83.010463,328
167519,42.299111,-83.011211,329
167519,42.299221,-83.011279,330
167519,42.29947,-83.011431,331
167519,42.2995,-83.011349,332
167519,42.299463,-83.011324,333
167519,42.299463,-83.011324,334
167519,42.299465,-83.011317,335
167519,42.299600466771,-83.0114949006291,336
167519,42.3022396228498,-83.0132035398464,337
167519,42.302445,-83.013231,338
167519,42.302445,-83.013231,339
167519,42.302445,-83.013231,340
167519,42.3025986850335,-83.0134342098217,341
167519,42.3051302495094,-83.0150709067459,342
167519,42.305276,-83.015073,343
167519,42.305276,-83.015073,344
167519,42.305276,-83.015073,345
167519,42.3054655174518,-83.0152437717332,346
167519,42.3062312105676,-83.0157587558641,347
167519,42.306419,-83.015812,348
167519,42.306419,-83.015812,349
167519,42.306419,-83.015812,350
167519,42.306395,-83.015882,351
167519,42.30648,-83.015936,352
167519,42.307793,-83.016784,353
167519,42.307885,-83.016852,354
167519,42.307923,-83.016879,355
167519,42.308099,-83.017008,356
167519,42.308184,-83.017069,357
167519,42.308264,-83.01712,358
167519,42.308495,-83.017267,359
167519,42.308534089997,-83.017155463554,360
167519,42.308534089997,-83.017155463554,361
167519,42.308534089997,-83.017155463554,362
167519,42.308495,-83.017267,363
167519,42.308543,-83.017297,364
167519,42.308585,-83.017324,365
167519,42.308893,-83.017529,366
167519,42.309877,-83.018131,367
167519,42.310213,-83.018348,368
167519,42.310223,-83.018355,369
167519,42.310261,-83.018379,370
167519,42.310382,-83.018458,371
167519,42.310429,-83.018488,372
167519,42.310608,-83.018603,373
167519,42.310626,-83.018551,374
167519,42.310626,-83.018551,375
167519,42.310626,-83.018551,376
167519,42.310608,-83.018603,377
167519,42.310801,-83.018728,378
167519,42.31325,-83.020357,379
167519,42.313327,-83.020413,380
167519,42.313379,-83.020397,381
167519,42.313444,-83.020426,382
167519,42.313455,-83.02043,383
167519,42.313505,-83.020447,384
167519,42.313548,-83.020466,385
167519,42.313577,-83.020477,386
167519,42.313609,-83.02046,387
167519,42.313643,-83.020459,388
167519,42.313675,-83.020474,389
167519,42.313702,-83.020502,390
167519,42.313713,-83.020522,391
167519,42.313725,-83.020565,392
167519,42.313726,-83.020611,393
167519,42.313715,-83.020654,394
167519,42.313693,-83.02069,395
167519,42.313664,-83.020714,396
167519,42.313631,-83.020723,397
167519,42.313609,-83.020763,398
167519,42.313586,-83.020808,399
167519,42.31357,-83.020854,400
167519,42.313565,-83.020865,401
167519,42.313541,-83.020921,402
167519,42.313502,-83.020956,403
167519,42.313335,-83.021404,404
167519,42.3133901573356,-83.0214420634734,405
167519,42.3133901573356,-83.0214420634734,406
167519,42.3133901573356,-83.0214420634734,407
167519,42.313335,-83.021404,408
167519,42.313242,-83.021652,409
167519,42.313205,-83.021752,410
167519,42.313179,-83.021824,411
167519,42.312892,-83.022636,412
167519,42.312863,-83.022719,413
167519,42.312839,-83.02279,414
167519,42.312624,-83.023428,415
167519,42.312534,-83.023694,416
167519,42.312506,-83.023775,417
167519,42.312553,-83.023805,418
167519,42.312553,-83.023805,419
167519,42.312553,-83.023805,420
167519,42.3124680992872,-83.0239563754978,421
167519,42.3121002563168,-83.0249819031105,422
167519,42.312052,-83.025235,423
167519,42.312052,-83.025235,424
167519,42.312052,-83.025235,425
167519,42.3119659669364,-83.0253984601536,426
167519,42.3118043720282,-83.0258742944775,427
167519,42.314005921182,-83.0273163705349,428
167519,42.3141599,-83.02735709,429
167519,42.3141599,-83.02735709,430
167519,42.3141599,-83.02735709,431
167519,42.314139,-83.027419,432
167519,42.314289,-83.027514,433
167519,42.314894,-83.027918,434
167519,42.314954,-83.027914,435
167519,42.315002,-83.027927,436
167519,42.315059,-83.027927,437
167519,42.315098,-83.027916,438
167519,42.315152,-83.027879,439
167519,42.315185,-83.027844,440
167519,42.315243,-83.027823,441
167519,42.315341,-83.027729,442
167519,42.315409,-83.027687,443
167519,42.315484,-83.027655,444
167519,42.315579,-83.027641,445
167519,42.31566,-83.027645,446
167519,42.315747,-83.02767,447
167519,42.315813,-83.027699,448
167519,42.316145,-83.027914,449
167519,42.316569,-83.028195,450
167519,42.316916,-83.028412,451
167519,42.316938,-83.028347,452
167519,42.316938,-83.028347,453
167519,42.316938,-83.028347,454
167519,42.316916,-83.028412,455
167519,42.317059,-83.028502,456
167519,42.317967,-83.029079,457
167519,42.318295,-83.02929,458
167519,42.318879,-83.02967,459
167519,42.319162,-83.029849,460
167519,42.319186,-83.02978,461
167519,42.319186,-83.02978,462
167519,42.319186,-83.02978,463
167519,42.319162,-83.029849,464
167519,42.319561,-83.030102,465
167519,42.319636,-83.03015,466
167519,42.3196,-83.030252,467
167519,42.319397,-83.030829,468
167519,42.319197,-83.031373,469
167519,42.319158,-83.031478,470
167519,42.319121,-83.03158,471
167519,42.318927,-83.032122,472
167519,42.31897395,-83.03215283,473
167519,42.31897395,-83.03215283,474
167519,42.31897395,-83.03215283,475
167519,42.318927,-83.032122,476
167519,42.318859,-83.03231,477
167519,42.318824,-83.032407,478
167519,42.318736,-83.03265,479
167519,42.318731,-83.032664,480
167519,42.318672,-83.032828,481
167519,42.318601,-83.03303,482
167519,42.318546,-83.033191,483
167519,42.318467,-83.033468,484
167519,42.318365,-83.03389,485
167519,42.318343,-83.03402,486
167519,42.318312,-83.03421,487
167519,42.318354,-83.034404,488
167519,42.318418,-83.0347,489
167519,42.318455,-83.034862,490
167519,42.31846,-83.034882,491
167519,42.3185356078992,-83.034847374412,492
167519,42.3185356078992,-83.034847374412,493
167519,42.3185356078992,-83.034847374412,494
167519,42.31846,-83.034882,495
167519,42.318507,-83.035066,496
167519,42.318517,-83.035167,497
167519,42.318512,-83.035246,498
167519,42.318499,-83.035319,499
167519,42.318479,-83.035387,500
167519,42.318341,-83.03587,501
167519,42.318228,-83.036347,502
167519,42.318136,-83.036732,503
167519,42.318077,-83.036991,504
167519,42.318052,-83.0371,505
167519,42.31812,-83.037143,506
167519,42.318633,-83.037473,507
167519,42.318713,-83.037525,508
167519,42.318681,-83.037653,509
167519,42.318598,-83.037988,510
167519,42.318663,-83.038017,511
167519,42.318663,-83.038017,512
167519,42.318663,-83.038017,513
167519,42.3185664308806,-83.038177417162,514
167519,42.3182148291381,-83.0396473680534,515
167519,42.31820901,-83.03996236,516
167519,42.31820901,-83.03996236,517
167519,42.31820901,-83.03996236,518
167519,42.318136,-83.039929,519
167519,42.318032,-83.040349,520
167519,42.318008,-83.040441,521
167519,42.317989,-83.040523,522
167519,42.317842,-83.041141,523
167519,42.317799,-83.041321,524
167519,42.317756,-83.041495,525
167519,42.317485,-83.042603,526
167519,42.3173497633537,-83.0431383877609,527
167519,42.3174707443236,-83.0431991840629,528
167519,42.317563,-83.043163,529
167519,42.317563,-83.043163,530
167523,42.286305,-83.064542,1
167523,42.286305,-83.064542,2
167523,42.2861787445984,-83.0645725883866,3
167523,42.2862263675226,-83.0647496141707,4
167523,42.2865986849267,-83.0646298982788,5
167523,42.2867217099205,-83.0646379449054,6
167523,42.2868606088183,-83.0647398688417,7
167523,42.2870977482452,-83.0646412391775,8
167523,42.2872862565284,-83.0653874784576,9
167523,42.28758,-83.06662,10
167523,42.2875329662022,-83.0666814933065,11
167523,42.2874725944361,-83.0667271399936,12
167523,42.2873804783434,-83.0667807355267,13
167523,42.2870060893858,-83.066957607048,14
167523,42.287014,-83.066996,15
167523,42.287014,-83.066996,16
167523,42.287014,-83.066996,17
167523,42.286988,-83.066939,18
167523,42.28327,-83.06859,19
167523,42.283285,-83.068699,20
167523,42.283285,-83.068699,21
167523,42.283285,-83.068699,22
167523,42.2831125675715,-83.0686972944551,23
167523,42.2814893261449,-83.0692927448564,24
167523,42.28130668,-83.06948587,25
167523,42.28130668,-83.06948587,26
167523,42.28130668,-83.06948587,27
167523,42.2811101515944,-83.0694401484795,28
167523,42.2728770285445,-83.0726082012234,29
167523,42.2726963213491,-83.0726642873706,30
167523,42.2691811024737,-83.0733214490738,31
167523,42.268953,-83.073457,32
167523,42.268953,-83.073457,33
167523,42.268953,-83.073457,34
167523,42.268942,-83.073342,35
167523,42.267862,-83.073535,36
167523,42.264856,-83.074059,37
167523,42.264862,-83.07412,38
167523,42.264862,-83.07412,39
167523,42.264862,-83.07412,40
167523,42.264856,-83.074059,41
167523,42.264712,-83.074084,42
167523,42.263802,-83.074234,43
167523,42.262165,-83.074522,44
167523,42.258868,-83.075071,45
167523,42.255787,-83.075612,46
167523,42.255118,-83.075729,47
167523,42.252599,-83.076223,48
167523,42.253743,-83.078507,49
167523,42.254262,-83.079543,50
167523,42.254298,-83.079615,51
167523,42.255576,-83.082171,52
167523,42.256229,-83.083444,53
167523,42.256394,-83.083781,54
167523,42.256501,-83.084051,55
167523,42.256589,-83.084325,56
167523,42.25666,-83.084596,57
167523,42.256793,-83.085203,58
167523,42.2570486826382,-83.0858013300171,59
167523,42.2571519143047,-83.0861447207055,60
167523,42.2573107349606,-83.0864139192265,61
167523,42.2576426866919,-83.0865657377464,62
167523,42.2585117472639,-83.086267719313,63
167523,42.259191107424,-83.0859875747598,64
167523,42.2597504698195,-83.0857443740928,65
167523,42.2594944336176,-83.0845780006898,66
167523,42.259012,-83.084786,67
167523,42.259012,-83.084786,68
167523,42.25901247,-83.08478635,69
167523,42.2588768916943,-83.0847936208668,70
167523,42.2583324230967,-83.0849907444785,71
167523,42.25817261772,-83.0850336598228,72
167523,42.2580140444979,-83.0850450932541,73
167523,42.2577428285795,-83.0849639223884,74
167523,42.2576395993427,-83.0849478291343,75
167523,42.2574960296326,-83.0849632098217,76
167523,42.256863741074,-83.0852230699406,77
167523,42.2567626153995,-83.085087144844,78
167523,42.2565229261252,-83.0841552363704,79
167523,42.2563904121654,-83.083804301317,80
167523,42.256236894098,-83.0834865631599,81
167523,42.2551697279263,-83.0813880117755,82
167523,42.2535657640849,-83.0781512214176,83
167523,42.25249050897,-83.076005025795,84
167523,42.252362,-83.075859,85
167523,42.252362,-83.075859,86
167523,42.252362,-83.075859,87
167523,42.2522691503502,-83.0755517324715,88
167523,42.2513661738852,-83.073730562006,89
167523,42.251173,-83.073502,90
167523,42.251173,-83.073502,91
167523,42.251173,-83.073502,92
167523,42.2511170086131,-83.0732276478157,93
167523,42.2507261022234,-83.07244,94
167523,42.2497260456915,-83.0704525239773,95
167523,42.249478,-83.070191,96
167523,42.249478,-83.070191,97
167523,42.249478,-83.070191,98
167523,42.2494173035426,-83.0698369570084,99
167523,42.2483033153045,-83.0676270160427,100
167523,42.2481602674386,-83.0673455480449,101
167523,42.247989,-83.067078,102
167523,42.247989,-83.067078,103
167523,42.247989,-83.067078,104
167523,42.2479379871892,-83.06669494841,105
167523,42.2474485360333,-83.0648831595592,106
167523,42.24732,-83.064586,107
167523,42.24732,-83.064586,108
167523,42.24732,-83.064586,109
167523,42.24728969583,-83.064290391367,110
167523,42.2468555366306,-83.0626618184548,111
167523,42.246724,-83.062377,112
167523,42.246724,-83.062377,113
167523,42.246724,-83.062377,114
167523,42.2466702956869,-83.0620415662804,115
167523,42.246394202541,-83.0608039680882,116
167523,42.2473708126772,-83.0607092159386,117
167523,42.24756782,-83.06064666,118
167523,42.24756782,-83.06064666,119
167523,42.24756782,-83.06064666,120
167523,42.2477599699645,-83.0606823938484,121
167523,42.2493973387269,-83.0606245138155,122
167523,42.2496809909197,-83.0606069680882,123
167523,42.24980746,-83.06055671,124
167523,42.24980746,-83.06055671,125
167523,42.24980746,-83.06055671,126
167523,42.2500353891391,-83.0605922159386,127
167523,42.250532266737,-83.0605639806566,128
167523,42.2507327921193,-83.0605733683881,129
167523,42.2511034592878,-83.0605511779099,130
167523,42.25119836592,-83.0605049720582,131
167523,42.2512557091333,-83.0604583116741,132
167523,42.2514,-83.0602839766865,133
167523,42.2514956562747,-83.06010178158,134
167523,42.2515571462959,-83.0598713411045,135
167523,42.2515825361699,-83.0596426418599,136
167523,42.251577241402,-83.0593717987766,137
167523,42.2514380585026,-83.055284733799,138
167523,42.251374,-83.054931,139
167523,42.251374,-83.054931,140
167523,42.251374,-83.054931,141
167523,42.2514142340045,-83.0544639778404,142
167523,42.2512830365518,-83.0506404012928,143
167523,42.251205,-83.050229,144
167523,42.251205,-83.050229,145
167523,42.251205,-83.050229,146
167523,42.2512542485447,-83.049869266201,147
167523,42.251162073085,-83.0469337718277,148
167523,42.251106,-83.046631,149
167523,42.251106,-83.046631,150
167523,42.251106,-83.046631,151
167523,42.2511352704067,-83.046265901783,152
167523,42.2510700584563,-83.0442952994404,153
167523,42.251016,-83.043959,154
167523,42.251016,-83.043959,155
167523,42.251016,-83.043959,156
167523,42.2510432557388,-83.0435804907379,157
167523,42.2509800730563,-83.0416470049629,158
167523,42.250918,-83.041303,159
167523,42.250918,-83.041303,160
167523,42.250918,-83.041303,161
167523,42.2509683803276,-83.0410007877696,162
167523,42.2509157513055,-83.0398913790464,163
167523,42.250867,-83.039672,164
167523,42.250867,-83.039672,165
167523,42.250867,-83.039672,166
167523,42.250952,-83.039669,167
167523,42.250949,-83.039518,168
167523,42.250923,-83.038777,169
167523,42.250909,-83.038289,170
167523,42.250905,-83.038131,171
167523,42.250901,-83.038051,172
167523,42.250889,-83.037757,173
167523,42.250884,-83.03762,174
167523,42.250897,-83.037134,175
167523,42.250901,-83.036982,176
167523,42.250927,-83.036723,177
167523,42.250982,-83.036377,178
167523,42.25104,-83.03614,179
167523,42.251055,-83.035884,180
167523,42.251168,-83.035503,181
167523,42.251217,-83.035344,182
167523,42.251366,-83.034876,183
167523,42.251465,-83.034714,184
167523,42.251534,-83.034506,185
167523,42.25158,-83.03435,186
167523,42.251669,-83.03402,187
167523,42.251694,-83.033903,188
167523,42.251746,-83.033684,189
167523,42.251889,-83.032834,190
167523,42.251949,-83.032503,191
167523,42.251876,-83.032479,192
167523,42.251876,-83.032479,193
167523,42.251876,-83.032479,194
167523,42.251949,-83.032503,195
167523,42.25208,-83.031779,196
167523,42.252301,-83.03071,197
167523,42.252484,-83.029702,198
167523,42.252599,-83.029067,199
167523,42.25249,-83.029031,200
167523,42.25249,-83.029031,201
167523,42.25249,-83.029031,202
167523,42.252599,-83.029067,203
167523,42.252642,-83.02883,204
167523,42.252661,-83.028695,205
167523,42.252837,-83.02751,206
167523,42.25299,-83.026694,207
167523,42.253041,-83.026442,208
167523,42.252965,-83.026414,209
167523,42.252965,-83.026414,210
167523,42.252965,-83.026414,211
167523,42.253041,-83.026442,212
167523,42.253105,-83.026127,213
167523,42.25317,-83.025787,214
167523,42.253301,-83.02518,215
167523,42.253359,-83.024873,216
167523,42.253499,-83.024137,217
167523,42.253596,-83.023543,218
167523,42.253628,-83.023348,219
167523,42.253532,-83.023319,220
167523,42.253532,-83.023319,221
167523,42.253532,-83.023319,222
167523,42.253628,-83.023348,223
167523,42.253667,-83.023113,224
167523,42.253848,-83.022128,225
167523,42.253722,-83.022082,226
167523,42.252978,-83.021617,227
167523,42.252867,-83.02157,228
167523,42.252793,-83.02156,229
167523,42.252699,-83.02156,230
167523,42.252639,-83.021567,231
167523,42.252458,-83.021621,232
167523,42.252374,-83.021625,233
167523,42.252265,-83.021618,234
167523,42.252163,-83.021588,235
167523,42.252138,-83.021576,236
167523,42.252085,-83.02155,237
167523,42.251784,-83.021365,238
167523,42.250957,-83.020839,239
167523,42.250868,-83.020784,240
167523,42.250834,-83.020779,241
167523,42.250791,-83.020765,242
167523,42.250755,-83.020753,243
167523,42.250731,-83.020752,244
167523,42.250722,-83.020752,245
167523,42.250687,-83.020752,246
167523,42.250665,-83.020749,247
167523,42.250639,-83.020744,248
167523,42.250618,-83.020738,249
167523,42.250601,-83.020743,250
167523,42.250587,-83.020744,251
167523,42.250573,-83.020743,252
167523,42.250559,-83.020739,253
167523,42.250546,-83.020733,254
167523,42.250533,-83.020724,255
167523,42.250522,-83.020713,256
167523,42.250512,-83.0207,257
167523,42.250503,-83.020685,258
167523,42.250495,-83.020669,259
167523,42.250489,-83.020652,260
167523,42.250485,-83.020633,261
167523,42.250478,-83.020626,262
167523,42.250455,-83.020605,263
167523,42.250433,-83.020583,264
167523,42.250406,-83.020558,265
167523,42.250297,-83.020472,266
167523,42.250236,-83.020454,267
167523,42.250183,-83.020452,268
167523,42.25013,-83.020461,269
167523,42.249232,-83.020743,270
167523,42.24924,-83.020788,271
167523,42.24924,-83.020788,272
167523,42.248672604441,-83.0209497608434,273
167523,42.2486690385157,-83.0214152631009,274
167523,42.2484645357882,-83.0220874009875,275
167523,42.2481548020098,-83.0228519418897,276
167523,42.2480118474453,-83.0229377850788,277
167523,42.2471150648531,-83.0223476129905,278
167523,42.2453889706342,-83.0212504298946,279
167523,42.2447793992761,-83.0196274571021,280
167523,42.2453214613927,-83.0180583402179,281
167523,42.2455041332912,-83.0178330018468,282
167523,42.2458138800841,-83.017393055503,283
167523,42.2459588251764,-83.0172857515168,284
167523,42.246054131357,-83.0173635469068,285
167523,42.246121897492,-83.0175057254895,286
167523,42.2461099842401,-83.0176291250737,287
167523,42.246094,-83.017841,288
167523,42.2460395707402,-83.0178979000136,289
167523,42.245955,-83.018044,290
167523,42.24593,-83.018101,291
167523,42.245917,-83.018122,292
167523,42.245904,-83.018138,293
167523,42.245892,-83.018148,294
167523,42.245876,-83.018155,295
167523,42.245863,-83.018157,296
167523,42.245847,-83.018157,297
167523,42.245814,-83.018142,298
167523,42.245436,-83.017901,299
167523,42.245354,-83.018012,300
167523,42.245327,-83.018056,301
167523,42.245308,-83.018097,302
167523,42.244839,-83.01943,303
167523,42.24483,-83.019449,304
167523,42.24474,-83.01964,305
167523,42.24483,-83.019871,306
167523,42.2452,-83.020849,307
167523,42.245314,-83.021143,308
167523,42.245332,-83.021185,309
167523,42.24535,-83.021218,310
167523,42.245366,-83.021245,311
167523,42.24538,-83.021261,312
167523,42.245401,-83.021277,313
167523,42.24543,-83.021299,314
167523,42.245633,-83.021432,315
167523,42.247569,-83.022667,316
167523,42.247609,-83.022693,317
167523,42.247953,-83.022912,318
167523,42.247969,-83.022919,319
167523,42.24799,-83.022923,320
167523,42.248014,-83.022926,321
167523,42.248042,-83.022925,322
167523,42.248068,-83.022919,323
167523,42.24809,-83.022907,324
167523,42.248111,-83.022893,325
167523,42.248136,-83.022873,326
167523,42.248155,-83.022856,327
167523,42.248179,-83.022823,328
167523,42.248199,-83.022791,329
167523,42.248218,-83.022754,330
167523,42.248228,-83.02273,331
167523,42.248369,-83.022343,332
167523,42.248444,-83.022137,333
167523,42.248623,-83.021615,334
167523,42.248631,-83.021591,335
167523,42.248639,-83.021568,336
167523,42.248651,-83.021534,337
167523,42.248661,-83.021499,338
167523,42.248672,-83.021463,339
167523,42.24868,-83.021431,340
167523,42.248685,-83.021402,341
167523,42.24869,-83.021379,342
167523,42.248692,-83.021341,343
167523,42.24869,-83.021296,344
167523,42.248686,-83.021241,345
167523,42.24858743,-83.02115608,346
167523,42.24858743,-83.02115608,347
167523,42.248666,-83.02113,348
167523,42.248662,-83.021105,349
167523,42.248653,-83.021069,350
167523,42.248624,-83.020948,351
167523,42.248784,-83.020887,352
167523,42.248894,-83.020852,353
167523,42.249151,-83.020769,354
167523,42.25013,-83.020461,355
167523,42.250183,-83.020452,356
167523,42.250236,-83.020454,357
167523,42.250297,-83.020472,358
167523,42.250427,-83.020468,359
167523,42.250439,-83.020467,360
167523,42.250463,-83.020466,361
167523,42.250498,-83.020465,362
167523,42.250533,-83.020467,363
167523,42.250562,-83.020467,364
167523,42.250579,-83.020463,365
167523,42.250596,-83.020463,366
167523,42.250613,-83.020467,367
167523,42.250629,-83.020474,368
167523,42.250644,-83.020485,369
167523,42.250657,-83.020499,370
167523,42.250669,-83.020515,371
167523,42.250678,-83.020534,372
167523,42.250685,-83.020555,373
167523,42.250701,-83.020579,374
167523,42.250715,-83.020601,375
167523,42.250735,-83.020637,376
167523,42.250754,-83.020665,377
167523,42.250781,-83.020696,378
167523,42.250803,-83.020715,379
167523,42.250835,-83.020735,380
167523,42.250858,-83.020756,381
167523,42.250868,-83.020784,382
167523,42.250957,-83.020839,383
167523,42.251784,-83.021365,384
167523,42.252085,-83.02155,385
167523,42.252138,-83.021576,386
167523,42.252163,-83.021588,387
167523,42.252265,-83.021618,388
167523,42.252374,-83.021625,389
167523,42.252458,-83.021621,390
167523,42.252639,-83.021567,391
167523,42.252699,-83.02156,392
167523,42.252793,-83.02156,393
167523,42.252867,-83.02157,394
167523,42.252978,-83.021617,395
167523,42.253722,-83.022082,396
167523,42.253848,-83.022128,397
167523,42.25387,-83.022008,398
167523,42.253968,-83.021485,399
167523,42.254035,-83.021128,400
167523,42.253915,-83.021087,401
167523,42.253915,-83.021087,402
167523,42.253915,-83.021087,403
167523,42.254035,-83.021128,404
167523,42.254285,-83.01979,405
167523,42.254363,-83.019373,406
167523,42.254452,-83.018866,407
167523,42.254699,-83.017464,408
167523,42.254577,-83.017425,409
167523,42.254577,-83.017425,410
167523,42.254631,-83.017355,411
167523,42.254714,-83.017382,412
167523,42.254737,-83.01725,413
167523,42.254934,-83.01614,414
167523,42.255007,-83.015769,415
167523,42.255163,-83.014884,416
167523,42.255257,-83.014373,417
167523,42.255161,-83.01434,418
167523,42.25517,-83.014308,419
167523,42.255161,-83.01434,420
167523,42.255257,-83.014373,421
167523,42.256132,-83.009638,422
167523,42.256236,-83.009043,423
167523,42.256131,-83.009009,424
167523,42.256144,-83.008979,425
167523,42.256144,-83.008979,426
167523,42.256242,-83.00901,427
167523,42.256582,-83.007074,428
167523,42.256814,-83.005834,429
167523,42.256724,-83.005803,430
167523,42.256724,-83.005803,431
167523,42.256716,-83.005793,432
167523,42.256818,-83.00581,433
167523,42.257533,-83.001975,434
167523,42.257432,-83.001956,435
167523,42.257432,-83.001956,436
167523,42.257432,-83.001956,437
167523,42.257533,-83.001975,438
167523,42.25776,-83.00076,439
167523,42.257908,-82.999966,440
167523,42.257854,-82.999956,441
167523,42.257854,-82.999956,442
167523,42.257854,-82.999956,443
167523,42.2579298220459,-82.9997463999653,444
167523,42.2583331613719,-82.9975723619366,445
167523,42.2584173723812,-82.9971266434735,446
167523,42.258567,-82.996489,447
167523,42.2585872610098,-82.9961467678452,448
167523,42.2585770074251,-82.9955558048935,449
167523,42.2589605871108,-82.99555178158,450
167523,42.259072,-82.995515,451
167523,42.259072,-82.995515,452
167523,42.259072,-82.995515,453
167523,42.259055,-82.995608,454
167523,42.259146,-82.995639,455
167523,42.259191,-82.995717,456
167523,42.259431,-82.995854,457
167523,42.259635,-82.99597,458
167523,42.260065,-82.996262,459
167523,42.260828,-82.996756,460
167523,42.261069,-82.996912,461
167523,42.2610907926764,-82.9968493736933,462
167523,42.2610907926764,-82.9968493736933,463
167523,42.2610907926764,-82.9968493736933,464
167523,42.261069,-82.996912,465
167523,42.262463,-82.997815,466
167523,42.262583,-82.997892,467
167523,42.262814,-82.998036,468
167523,42.2628432307479,-82.9979522740412,469
167523,42.2628432307479,-82.9979522740412,470
167523,42.2628432307479,-82.9979522740412,471
167523,42.262814,-82.998036,472
167523,42.26459,-82.999146,473
167523,42.264918,-82.999355,474
167523,42.264938,-82.999299,475
167523,42.264938,-82.999299,476
167523,42.264938,-82.999299,477
167523,42.264918,-82.999355,478
167523,42.266572,-83.000407,479
167523,42.266873,-83.000605,480
167523,42.268604,-83.001738,481
167523,42.268658,-83.001771,482
167523,42.268889,-83.001913,483
167523,42.268917,-83.00183,484
167523,42.268917,-83.00183,485
167523,42.268917,-83.00183,486
167523,42.268889,-83.001913,487
167523,42.270135,-83.002682,488
167523,42.27076,-83.003109,489
167523,42.271134,-83.003328,490
167523,42.271164,-83.003353,491
167523,42.271274,-83.003407,492
167523,42.271332,-83.003444,493
167523,42.271799,-83.003738,494
167523,42.272074,-83.003867,495
167523,42.272145,-83.003878,496
167523,42.272199,-83.003836,497
167523,42.272255,-83.003742,498
167523,42.272325,-83.003628,499
167523,42.272487,-83.003366,500
167523,42.272665,-83.002868,501
167523,42.272813,-83.002541,502
167523,42.27287,-83.002112,503
167523,42.272887,-83.001984,504
167523,42.272897,-83.001908,505
167523,42.272905,-83.001847,506
167523,42.272943,-83.00171,507
167523,42.272998,-83.001508,508
167523,42.273052,-83.00131,509
167523,42.273065,-83.001266,510
167523,42.273108,-83.001115,511
167523,42.273169,-83.000917,512
167523,42.273214,-83.000773,513
167523,42.273227,-83.000732,514
167523,42.273295,-83.000519,515
167523,42.27336,-83.000302,516
167523,42.273389,-83.000223,517
167523,42.273409,-83.000153,518
167523,42.273531,-82.999728,519
167523,42.273592,-82.999567,520
167523,42.273538,-82.99953,521
167523,42.273538,-82.99953,522
167523,42.273538,-82.99953,523
167523,42.273592,-82.999567,524
167523,42.273634,-82.999454,525
167523,42.27371,-82.999193,526
167523,42.273424,-82.998998,527
167523,42.273153,-82.998821,528
167523,42.273137,-82.99881,529
167523,42.27262,-82.998474,530
167523,42.272801,-82.997949,531
167523,42.273132,-82.997159,532
167523,42.271118,-82.995855,533
167523,42.270107,-82.995184,534
167523,42.27006,-82.99531,535
167523,42.270118,-82.995349,536
167523,42.270118,-82.995349,537
167523,42.270118,-82.995349,538
167523,42.27006,-82.99531,539
167523,42.270107,-82.995184,540
167523,42.268374,-82.994078,541
167523,42.267955,-82.993814,542
167523,42.267503,-82.993532,543
167523,42.267227,-82.993359,544
167523,42.267179,-82.993429,545
167523,42.2672297967066,-82.993492511926,546
167523,42.2672297967066,-82.9934925119261,547
167523,42.2672297967066,-82.993492511926,548
167523,42.267179,-82.993429,549
167523,42.267227,-82.993359,550
167523,42.266895,-82.993151,551
167523,42.266799,-82.993125,552
167523,42.266709,-82.993204,553
167523,42.266659,-82.993248,554
167523,42.266489,-82.993419,555
167523,42.266315,-82.993592,556
167523,42.266133,-82.993238,557
167523,42.265971,-82.992897,558
167523,42.265791,-82.992462,559
167523,42.265303,-82.991428,560
167523,42.265075,-82.990944,561
167523,42.264951,-82.990672,562
167523,42.264708,-82.990135,563
167523,42.264523,-82.989781,564
167523,42.264419,-82.989584,565
167523,42.264141,-82.989023,566
167523,42.263453,-82.987485,567
167523,42.263069,-82.986633,568
167523,42.262928,-82.986243,569
167523,42.262484,-82.985416,570
167523,42.26223,-82.984942,571
167523,42.26213659,-82.98503285,572
167523,42.26213659,-82.98503285,573
167523,42.26213659,-82.98503285,574
167523,42.2620394146696,-82.9847391853542,575
167523,42.2617233310576,-82.9841681656457,576
167523,42.261509937747,-82.9838221606827,577
167523,42.2611667018628,-82.9832097668648,578
167523,42.260982,-82.982997,579
167523,42.260982,-82.982997,580
167523,42.260982,-82.982997,581
167523,42.2608905649514,-82.9826889062557,582
167523,42.2600588122404,-82.981122496191,583
167523,42.259892,-82.980907,584
167523,42.259892,-82.980907,585
167523,42.259892,-82.980907,586
167523,42.259973,-82.980825,587
167523,42.259364,-82.97973,588
167523,42.259193,-82.979516,589
167523,42.25891,-82.979042,590
167523,42.258871,-82.979084,591
167523,42.258871,-82.979084,592
167523,42.258871,-82.979084,593
167523,42.25891,-82.979042,594
167523,42.258828,-82.978904,595
167523,42.258602,-82.978481,596
167523,42.258555,-82.978392,597
167523,42.258499,-82.978221,598
167523,42.257973,-82.977211,599
167523,42.257762,-82.976829,600
167523,42.257583,-82.976505,601
167523,42.257547,-82.976541,602
167523,42.257547,-82.976541,603
167523,42.257547,-82.976541,604
167523,42.257583,-82.976505,605
167523,42.2564,-82.97436,606
167523,42.256358,-82.974403,607
167523,42.256358,-82.974403,608
167523,42.256358,-82.974403,609
167523,42.2564,-82.97436,610
167523,42.255781,-82.973237,611
167523,42.254924,-82.971668,612
167523,42.25475,-82.971349,613
167523,42.254703,-82.971396,614
167523,42.254703,-82.971396,615
167523,42.254703,-82.971396,616
167523,42.25475,-82.971349,617
167523,42.254481,-82.970856,618
167523,42.254245,-82.970424,619
167523,42.253979,-82.969938,620
167523,42.253575,-82.969198,621
167523,42.253513,-82.969084,622
167523,42.253944,-82.96869,623
167523,42.2539055723569,-82.9686144506276,624
167523,42.2539055723569,-82.9686144506276,625
167523,42.2539055723569,-82.9686144506276,626
167523,42.25395,-82.968684,627
167523,42.25438,-82.968192,628
167523,42.25459,-82.967953,629
167523,42.254744,-82.967835,630
167523,42.254717,-82.967712,631
167523,42.254545,-82.967438,632
167523,42.254183,-82.966779,633
167523,42.25382,-82.966119,634
167523,42.253805,-82.966134,635
167523,42.253805,-82.966134,636
167521,42.253805,-82.966134,1
167521,42.25380546,-82.96613447,2
167521,42.2537497202915,-82.9659581140861,3
167521,42.2529952641519,-82.964595046627,4
167521,42.2535756620818,-82.9632404404755,5
167521,42.2541295590347,-82.9635897729816,6
167521,42.254283,-82.963618,7
167521,42.254283,-82.963618,8
167521,42.254283,-82.963618,9
167521,42.254405513706,-82.9637614343586,10
167521,42.2565709228515,-82.9651159803219,11
167521,42.256751,-82.965162,12
167521,42.256751,-82.965162,13
167521,42.256751,-82.965162,14
167521,42.2568776374982,-82.965314463789,15
167521,42.258765720599,-82.9665019042644,16
167521,42.25895,-82.966554,17
167521,42.25895,-82.966554,18
167521,42.25895,-82.966554,19
167521,42.2591061718423,-82.9667151398811,20
167521,42.2607019772076,-82.9677315165329,21
167521,42.260914,-82.967804,22
167521,42.260914,-82.967804,23
167521,42.260914,-82.967804,24
167521,42.26308,-82.96937,25
167521,42.263062646966,-82.9697726379047,26
167521,42.263057,-82.970041,27
167521,42.263057,-82.970041,28
167521,42.263057,-82.970041,29
167521,42.2629438291291,-82.9703021963956,30
167521,42.2626976871275,-82.9715601524236,31
167521,42.2625539981756,-82.9724127346405,32
167521,42.262545,-82.972821,33
167521,42.262545,-82.972821,34
167521,42.262545,-82.972821,35
167521,42.2624594852557,-82.9730110765477,36
167521,42.2621537902772,-82.9746212749773,37
167521,42.262161,-82.974979,38
167521,42.262161,-82.974979,39
167521,42.262161,-82.974979,40
167521,42.26186,-82.97627,41
167521,42.26175,-82.97815,42
167521,42.2618,-82.9797,43
167521,42.26199888,-82.98105777,44
167521,42.26199888,-82.98105777,45
167521,42.26199888,-82.98105777,46
167521,42.2620006784166,-82.9813419497375,47
167521,42.2622015162265,-82.982424360359,48
167521,42.262328,-82.9829613411045,49
167521,42.2626302824663,-82.9840068636778,50
167521,42.2629444196816,-82.9849013852501,51
167521,42.263062,-82.985042,52
167521,42.263062,-82.985042,53
167521,42.263062,-82.985042,54
167521,42.2631081829794,-82.985337244215,55
167521,42.2647200939616,-82.9894953379871,56
167521,42.2655385833424,-82.991669115097,57
167521,42.2658375335073,-82.9924237631558,58
167521,42.2662764075246,-82.9934132686825,59
167521,42.2663813995593,-82.9934403203724,60
167521,42.2664725404061,-82.9933976061516,61
167521,42.2665173653391,-82.9933544896839,62
167521,42.266592,-82.993199,63
167521,42.266592,-82.993199,64
167521,42.266592,-82.993199,65
167521,42.266633,-82.993274,66
167521,42.266659,-82.993248,67
167521,42.266709,-82.993204,68
167521,42.266799,-82.993125,69
167521,42.266895,-82.993151,70
167521,42.267227,-82.993359,71
167521,42.267503,-82.993532,72
167521,42.267955,-82.993814,73
167521,42.268374,-82.994078,74
167521,42.269904,-82.995054,75
167521,42.26991873,-82.99500962,76
167521,42.26991873,-82.99500962,77
167521,42.26991873,-82.99500962,78
167521,42.269904,-82.995054,79
167521,42.270107,-82.995184,80
167521,42.271118,-82.995855,81
167521,42.272755,-82.996916,82
167521,42.272881,-82.996997,83
167521,42.272985,-82.997065,84
167521,42.273132,-82.997159,85
167521,42.273054,-82.997344,86
167521,42.272801,-82.997949,87
167521,42.27262,-82.998482,88
167521,42.272753,-82.998566,89
167521,42.273137,-82.99881,90
167521,42.273153,-82.998821,91
167521,42.273424,-82.998998,92
167521,42.27371,-82.999193,93
167521,42.273634,-82.999454,94
167521,42.273531,-82.999728,95
167521,42.273503,-82.999825,96
167521,42.273689,-82.999922,97
167521,42.273689,-82.999922,98
167521,42.273689,-82.999922,99
167521,42.273503,-82.999825,100
167521,42.273409,-83.000153,101
167521,42.273389,-83.000223,102
167521,42.27336,-83.000302,103
167521,42.273295,-83.000519,104
167521,42.273227,-83.000732,105
167521,42.273214,-83.000773,106
167521,42.273169,-83.000917,107
167521,42.273108,-83.001115,108
167521,42.273065,-83.001266,109
167521,42.273052,-83.00131,110
167521,42.272998,-83.001508,111
167521,42.272943,-83.00171,112
167521,42.272905,-83.001847,113
167521,42.272897,-83.001908,114
167521,42.272887,-83.001984,115
167521,42.27287,-83.002112,116
167521,42.272813,-83.002541,117
167521,42.272665,-83.002868,118
167521,42.272487,-83.003366,119
167521,42.272325,-83.003628,120
167521,42.272255,-83.003742,121
167521,42.272199,-83.003836,122
167521,42.272145,-83.003878,123
167521,42.272074,-83.003867,124
167521,42.271799,-83.003738,125
167521,42.271332,-83.003444,126
167521,42.271274,-83.003407,127
167521,42.271164,-83.003353,128
167521,42.271134,-83.003328,129
167521,42.27076,-83.003109,130
167521,42.270135,-83.002682,131
167521,42.268658,-83.001771,132
167521,42.268604,-83.001738,133
167521,42.268461,-83.001645,134
167521,42.268423,-83.001752,135
167521,42.268423,-83.001752,136
167521,42.268423,-83.001752,137
167521,42.268462,-83.001645,138
167521,42.26808,-83.001394,139
167521,42.266873,-83.000605,140
167521,42.266572,-83.000407,141
167521,42.264813,-82.999288,142
167521,42.2647701472343,-82.9994133536196,143
167521,42.2647701472343,-82.9994133536196,144
167521,42.2647701472343,-82.9994133536196,145
167521,42.264813,-82.999288,146
167521,42.26459,-82.999146,147
167521,42.262919,-82.998102,148
167521,42.2628855039803,-82.9981969266814,149
167521,42.2628855039803,-82.9981969266814,150
167521,42.2628855039803,-82.9981969266814,151
167521,42.262919,-82.998102,152
167521,42.262583,-82.997892,153
167521,42.262463,-82.997815,154
167521,42.260828,-82.996756,155
167521,42.260065,-82.996262,156
167521,42.259704,-82.996017,157
167521,42.2596503409268,-82.9961615202187,158
167521,42.2596503409268,-82.9961615202187,159
167521,42.2596503409268,-82.9961615202187,160
167521,42.259704,-82.996017,161
167521,42.259635,-82.99597,162
167521,42.259431,-82.995854,163
167521,42.259191,-82.995717,164
167521,42.25918,-82.995724,165
167521,42.25912,-82.995756,166
167521,42.258979,-82.995704,167
167521,42.258846,-82.995689,168
167521,42.258644,-82.995697,169
167521,42.258659,-82.996183,170
167521,42.258642,-82.996217,171
167521,42.258709,-82.99628,172
167521,42.258709,-82.99628,173
167521,42.258709,-82.99628,174
167521,42.258524493774,-82.996922679554,175
167521,42.2583537705227,-82.9977005201683,176
167521,42.2580083522983,-82.9995619732247,177
167521,42.257975,-83.000092,178
167521,42.257975,-83.000092,179
167521,42.257975,-83.000092,180
167521,42.25776,-83.00076,181
167521,42.25769,-83.00116,182
167521,42.25715109,-83.00469629,183
167521,42.25715109,-83.00469629,184
167521,42.25715109,-83.00469629,185
167521,42.257087,-83.004673,186
167521,42.257042,-83.004903,187
167521,42.256934,-83.005195,188
167521,42.256582,-83.007074,189
167521,42.256459,-83.007775,190
167521,42.256547,-83.007803,191
167521,42.256547,-83.007803,192
167521,42.256547,-83.007803,193
167521,42.256459,-83.007775,194
167521,42.256132,-83.009638,195
167521,42.255962,-83.010559,196
167521,42.256041,-83.010586,197
167521,42.256041,-83.010586,198
167521,42.256041,-83.010586,199
167521,42.255962,-83.010559,200
167521,42.255363,-83.013799,201
167521,42.255448,-83.013828,202
167521,42.255448,-83.013828,203
167521,42.255448,-83.013828,204
167521,42.255363,-83.013799,205
167521,42.255163,-83.014884,206
167521,42.255007,-83.015769,207
167521,42.254934,-83.01614,208
167521,42.254764,-83.017096,209
167521,42.254858,-83.017126,210
167521,42.254858,-83.017126,211
167521,42.254858,-83.017126,212
167521,42.254764,-83.017096,213
167521,42.254737,-83.01725,214
167521,42.254452,-83.018866,215
167521,42.254363,-83.019373,216
167521,42.254349,-83.01945,217
167521,42.254428,-83.019477,218
167521,42.254428,-83.019477,219
167521,42.254407,-83.019486,220
167521,42.254346,-83.019465,221
167521,42.254285,-83.01979,222
167521,42.25387,-83.022008,223
167521,42.253848,-83.022128,224
167521,42.253722,-83.022082,225
167521,42.252978,-83.021617,226
167521,42.252867,-83.02157,227
167521,42.252793,-83.02156,228
167521,42.252699,-83.02156,229
167521,42.252639,-83.021567,230
167521,42.252458,-83.021621,231
167521,42.252374,-83.021625,232
167521,42.252265,-83.021618,233
167521,42.252163,-83.021588,234
167521,42.252085,-83.02155,235
167521,42.251784,-83.021365,236
167521,42.250957,-83.020839,237
167521,42.250868,-83.020784,238
167521,42.250834,-83.020779,239
167521,42.250791,-83.020765,240
167521,42.250755,-83.020753,241
167521,42.250722,-83.020752,242
167521,42.250687,-83.020752,243
167521,42.250665,-83.020749,244
167521,42.250639,-83.020744,245
167521,42.250618,-83.020738,246
167521,42.250601,-83.020743,247
167521,42.250587,-83.020744,248
167521,42.250573,-83.020743,249
167521,42.250559,-83.020739,250
167521,42.250546,-83.020733,251
167521,42.250533,-83.020724,252
167521,42.250522,-83.020713,253
167521,42.250512,-83.0207,254
167521,42.250503,-83.020685,255
167521,42.250495,-83.020669,256
167521,42.250489,-83.020652,257
167521,42.250485,-83.020633,258
167521,42.250478,-83.020626,259
167521,42.250455,-83.020605,260
167521,42.250433,-83.020583,261
167521,42.250404,-83.020556,262
167521,42.250297,-83.020472,263
167521,42.250236,-83.020454,264
167521,42.250183,-83.020452,265
167521,42.25013,-83.020461,266
167521,42.249232,-83.020743,267
167521,42.24924036,-83.02078768,268
167521,42.24924,-83.020788,269
167521,42.248672604441,-83.0209497608434,270
167521,42.2486690385157,-83.0214152631009,271
167521,42.2484645357882,-83.0220874009875,272
167521,42.2481548020098,-83.0228519418897,273
167521,42.2480118474453,-83.0229377850788,274
167521,42.2471150648531,-83.0223476129905,275
167521,42.2453889706342,-83.0212504298946,276
167521,42.2447793992761,-83.0196274571021,277
167521,42.2453214613927,-83.0180583402179,278
167521,42.2455041332912,-83.0178330018468,279
167521,42.2458138800841,-83.017393055503,280
167521,42.2459588251764,-83.0172857515168,281
167521,42.246054131357,-83.0173635469068,282
167521,42.246121897492,-83.0175057254895,283
167521,42.2461099842401,-83.0176291250737,284
167521,42.246094,-83.017841,285
167521,42.2460395707402,-83.0178979000136,286
167521,42.245955,-83.018044,287
167521,42.24593,-83.018101,288
167521,42.245917,-83.018122,289
167521,42.245904,-83.018138,290
167521,42.245892,-83.018148,291
167521,42.245876,-83.018155,292
167521,42.245863,-83.018157,293
167521,42.245847,-83.018157,294
167521,42.245814,-83.018142,295
167521,42.245436,-83.017901,296
167521,42.245354,-83.018012,297
167521,42.245327,-83.018056,298
167521,42.245308,-83.018097,299
167521,42.244839,-83.01943,300
167521,42.24483,-83.019449,301
167521,42.24474,-83.01964,302
167521,42.24483,-83.019871,303
167521,42.2452,-83.020849,304
167521,42.245314,-83.021143,305
167521,42.245332,-83.021185,306
167521,42.24535,-83.021218,307
167521,42.245366,-83.021245,308
167521,42.24538,-83.021261,309
167521,42.245401,-83.021277,310
167521,42.24543,-83.021299,311
167521,42.245633,-83.021432,312
167521,42.247569,-83.022667,313
167521,42.247609,-83.022693,314
167521,42.247953,-83.022912,315
167521,42.247969,-83.022919,316
167521,42.24799,-83.022923,317
167521,42.248014,-83.022926,318
167521,42.248042,-83.022925,319
167521,42.248068,-83.022919,320
167521,42.24809,-83.022907,321
167521,42.248111,-83.022893,322
167521,42.248136,-83.022873,323
167521,42.248155,-83.022856,324
167521,42.248179,-83.022823,325
167521,42.248199,-83.022791,326
167521,42.248218,-83.022754,327
167521,42.248228,-83.02273,328
167521,42.248369,-83.022343,329
167521,42.248444,-83.022137,330
167521,42.248623,-83.021615,331
167521,42.248631,-83.021591,332
167521,42.248639,-83.021568,333
167521,42.248651,-83.021534,334
167521,42.248661,-83.021499,335
167521,42.248672,-83.021463,336
167521,42.24868,-83.021431,337
167521,42.248685,-83.021402,338
167521,42.24869,-83.021379,339
167521,42.248692,-83.021341,340
167521,42.24869,-83.021296,341
167521,42.248686,-83.021241,342
167521,42.24858743,-83.02115608,343
167521,42.248653,-83.021069,344
167521,42.248624,-83.020948,345
167521,42.248784,-83.020887,346
167521,42.249151,-83.020769,347
167521,42.249151,-83.020769,348
167521,42.25013,-83.020461,349
167521,42.250183,-83.020452,350
167521,42.250236,-83.020454,351
167521,42.250297,-83.020472,352
167521,42.250427,-83.020468,353
167521,42.250463,-83.020466,354
167521,42.250498,-83.020465,355
167521,42.250533,-83.020467,356
167521,42.250562,-83.020467,357
167521,42.250579,-83.020463,358
167521,42.250596,-83.020463,359
167521,42.250613,-83.020467,360
167521,42.250629,-83.020474,361
167521,42.250644,-83.020485,362
167521,42.250657,-83.020499,363
167521,42.250669,-83.020515,364
167521,42.250678,-83.020534,365
167521,42.250685,-83.020555,366
167521,42.250701,-83.020579,367
167521,42.250715,-83.020601,368
167521,42.250735,-83.020637,369
167521,42.250751,-83.020661,370
167521,42.250781,-83.020696,371
167521,42.250803,-83.020715,372
167521,42.250835,-83.020735,373
167521,42.250858,-83.020756,374
167521,42.250868,-83.020784,375
167521,42.250957,-83.020839,376
167521,42.251784,-83.021365,377
167521,42.252085,-83.02155,378
167521,42.252163,-83.021588,379
167521,42.252265,-83.021618,380
167521,42.252374,-83.021625,381
167521,42.252458,-83.021621,382
167521,42.252639,-83.021567,383
167521,42.252699,-83.02156,384
167521,42.252793,-83.02156,385
167521,42.252867,-83.02157,386
167521,42.252978,-83.021617,387
167521,42.253722,-83.022082,388
167521,42.253848,-83.022128,389
167521,42.253776,-83.022522,390
167521,42.25387889,-83.02255659,391
167521,42.25387889,-83.02255659,392
167521,42.253776,-83.022522,393
167521,42.253667,-83.023113,394
167521,42.253596,-83.023543,395
167521,42.253499,-83.024137,396
167521,42.253359,-83.024873,397
167521,42.253301,-83.02518,398
167521,42.25317,-83.025787,399
167521,42.253105,-83.026127,400
167521,42.253031,-83.026493,401
167521,42.253134,-83.026531,402
167521,42.253134,-83.026531,403
167521,42.253134,-83.026531,404
167521,42.253031,-83.026493,405
167521,42.25299,-83.026694,406
167521,42.252837,-83.02751,407
167521,42.252661,-83.028695,408
167521,42.252642,-83.02883,409
167521,42.252567,-83.029243,410
167521,42.252635,-83.029265,411
167521,42.252635,-83.029265,412
167521,42.252635,-83.029265,413
167521,42.252567,-83.029243,414
167521,42.252484,-83.029702,415
167521,42.252301,-83.03071,416
167521,42.25208,-83.031779,417
167521,42.251889,-83.032834,418
167521,42.251823,-83.033228,419
167521,42.251936,-83.033263,420
167521,42.251936,-83.033263,421
167521,42.251936,-83.033263,422
167521,42.251823,-83.033228,423
167521,42.251746,-83.033684,424
167521,42.251694,-83.033903,425
167521,42.251669,-83.03402,426
167521,42.25158,-83.03435,427
167521,42.251534,-83.034506,428
167521,42.251465,-83.034714,429
167521,42.251438,-83.034912,430
167521,42.251338,-83.035223,431
167521,42.251318,-83.035295,432
167521,42.251289,-83.03542,433
167521,42.251246,-83.035577,434
167521,42.251142,-83.035933,435
167521,42.25104,-83.03614,436
167521,42.250982,-83.036377,437
167521,42.250927,-83.036723,438
167521,42.250901,-83.036982,439
167521,42.250897,-83.037134,440
167521,42.250884,-83.03762,441
167521,42.250889,-83.037757,442
167521,42.250901,-83.038051,443
167521,42.250905,-83.038131,444
167521,42.250909,-83.038289,445
167521,42.250923,-83.038777,446
167521,42.250949,-83.039518,447
167521,42.250957,-83.039948,448
167521,42.251021,-83.039946,449
167521,42.251021,-83.039946,450
167521,42.251021,-83.039946,451
167521,42.2509823999138,-83.0401530894451,452
167521,42.2510221076775,-83.0417221817188,453
167521,42.251097,-83.041938,454
167521,42.251097,-83.041938,455
167521,42.251097,-83.041938,456
167521,42.2510318319576,-83.0421988331699,457
167521,42.2511049561551,-83.0442128257256,458
167521,42.251179,-83.04447,459
167521,42.251179,-83.04447,460
167521,42.251179,-83.04447,461
167521,42.2511199342308,-83.0447649766865,462
167521,42.2511899342209,-83.0468088748341,463
167521,42.25125425,-83.04702552,464
167521,42.25125425,-83.04702552,465
167521,42.25125425,-83.04702552,466
167521,42.2512048465125,-83.0472603521843,467
167521,42.2512428976658,-83.0485976588955,468
167521,42.251277071305,-83.049448201803,469
167521,42.2513058593017,-83.0497740901983,470
167521,42.2513157514405,-83.0500745509262,471
167521,42.2513099926893,-83.0505271729469,472
167521,42.251381,-83.050798,473
167521,42.251381,-83.050798,474
167521,42.251381,-83.050798,475
167521,42.2513357125725,-83.0511189242592,476
167521,42.2514429228768,-83.0546326180687,477
167521,42.251504,-83.054974,478
167521,42.251504,-83.054974,479
167521,42.251504,-83.054974,480
167521,42.2514692660379,-83.0553575564359,481
167521,42.25161,-83.06035,482
167521,42.25163,-83.06038,483
167521,42.2516,-83.06065,484
167521,42.25138,-83.06071,485
167521,42.25125,-83.06064,486
167521,42.25103,-83.06058,487
167521,42.24955,-83.06069,488
167521,42.2491264818151,-83.060702958519,489
167521,42.24898885,-83.06083731,490
167521,42.24898885,-83.06083731,491
167521,42.24898885,-83.06083731,492
167521,42.2488326545218,-83.0607947840614,493
167521,42.2474850358146,-83.0608767263546,494
167521,42.24735321,-83.06094915,495
167521,42.24735321,-83.06094915,496
167521,42.24735321,-83.06094915,497
167521,42.2472428044845,-83.0608861140861,498
167521,42.2466202871831,-83.0609290294304,499
167521,42.2465635962971,-83.0609626059128,500
167521,42.2465158501243,-83.0610297981129,501
167521,42.2465040304322,-83.0611114685131,502
167521,42.2465124308973,-83.0612264563446,503
167521,42.2465841302573,-83.0615087582665,504
167521,42.246675,-83.061589,505
167521,42.246675,-83.061589,506
167521,42.246675,-83.061589,507
167521,42.2467032617797,-83.0619245006638,508
167521,42.2472873841364,-83.0641542600842,509
167521,42.247358,-83.064288,510
167521,42.247358,-83.064288,511
167521,42.247358,-83.064288,512
167521,42.2473707752961,-83.0644734429569,513
167521,42.2478806335938,-83.0663883009988,514
167521,42.2480269564458,-83.066894317791,515
167521,42.2481724994255,-83.0672694066602,516
167521,42.2483095520733,-83.0675640208321,517
167521,42.248426,-83.067713,518
167521,42.248426,-83.067713,519
167521,42.248426,-83.067713,520
167521,42.2485061135883,-83.0679502589302,521
167521,42.2495703860406,-83.0700713239079,522
167521,42.249686,-83.070157,523
167521,42.249686,-83.070157,524
167521,42.249686,-83.070157,525
167521,42.2497381549277,-83.0704025767212,526
167521,42.2503009197574,-83.071521,527
167521,42.2512984605968,-83.0735265018177,528
167521,42.251405,-83.073648,529
167521,42.251405,-83.073648,530
167521,42.251405,-83.073648,531
167521,42.2514989488043,-83.0739232944775,532
167521,42.2524292017048,-83.0757912896881,533
167521,42.252572,-83.075987,534
167521,42.252572,-83.075987,535
167521,42.252572,-83.075987,536
167521,42.2526407507314,-83.0762395042992,537
167521,42.2528558679711,-83.0766549067459,538
167521,42.2560127594668,-83.0829587807682,539
167521,42.2563728817551,-83.0836662711639,540
167521,42.2565517472355,-83.0840960373905,541
167521,42.2566731810652,-83.0845124998889,542
167521,42.2569203193534,-83.0854416699753,543
167521,42.2571672508881,-83.0861542650007,544
167521,42.2572710666418,-83.08636581003,545
167521,42.2573727181452,-83.086472106769,546
167521,42.2574761777917,-83.0865363254089,547
167521,42.2577608211377,-83.0865230687402,548
167521,42.2579405932588,-83.0864452063599,549
167521,42.2597423552249,-83.0856683750382,550
167521,42.2594445875632,-83.0845914681187,551
167521,42.2591168045222,-83.0847064490738,552
167521,42.25901247,-83.08478635,553
167521,42.259012,-83.084786,554
167521,42.25901247,-83.08478635,555
167521,42.2589096465008,-83.0847882564487,556
167521,42.2584167502753,-83.0849693313522,557
167521,42.2582353209689,-83.0850172331061,558
167521,42.2580388690844,-83.0850383778057,559
167521,42.2579167019036,-83.0850266208377,560
167521,42.2577013105331,-83.0849622478213,561
167521,42.2575760266371,-83.0849551618671,562
167521,42.2574358121718,-83.0849824110114,563
167521,42.2567984703387,-83.0852435628739,564
167521,42.25655093674,-83.0842442856407,565
167521,42.2564551228255,-83.0839631715857,566
167521,42.2563676792231,-83.0837535957661,567
167521,42.2537577436103,-83.0785416475914,568
167521,42.2525867157403,-83.0761911074486,569
167521,42.255696316877,-83.0756485803263,570
167521,42.2605274448196,-83.0747946812264,571
167521,42.263747623095,-83.0742359067459,572
167521,42.26390545,-83.07417335,573
167521,42.26390545,-83.07417335,574
167521,42.26390545,-83.07417335,575
167521,42.2640880474396,-83.0741782392521,576
167521,42.2689666474121,-83.0733225218106,577
167521,42.26955931469,-83.0732050932541,578
167521,42.26968151,-83.07312397,579
167521,42.26968151,-83.07312397,580
167521,42.26968151,-83.07312397,581
167521,42.2698977228593,-83.0731407202377,582
167521,42.2723833478249,-83.0726954017427,583
167521,42.2727902130969,-83.0726095710542,584
167521,42.2730699387742,-83.0725125656414,585
167521,42.2775125037193,-83.0707845150877,586
167521,42.2816506748669,-83.0691819852848,587
167521,42.281816,-83.068998,588
167521,42.281849,-83.069022,589
167521,42.281849,-83.069022,590
167521,42.283873,-83.06828,591
167521,42.283873,-83.06828,592
167521,42.283873,-83.06828,593
167521,42.28732,-83.066721,594
167521,42.28732,-83.066721,595
167521,42.28732,-83.066721,596
167521,42.2873407539485,-83.0667556938441,597
167521,42.2874667564301,-83.0666993671785,598
167521,42.2875492377099,-83.066613980097,599
167521,42.2875085598243,-83.0664315889896,600
167521,42.2870964019709,-83.0647480680184,601
167521,42.2869037223831,-83.0639306583437,602
167521,42.2867848643074,-83.0640280847499,603
167521,42.2865988407683,-83.0642802136336,604
167521,42.2864733294001,-83.0644223714086,605
167521,42.286305,-83.064542,606
167521,42.286305,-83.064542,607
167522,42.249994,-82.976623,1
167522,42.24999388,-82.97662261,2
167522,42.250018941677,-82.976458,3
167522,42.2499480291574,-82.9743400699406,4
167522,42.2497339312208,-82.9743541416318,5
167522,42.24957,-82.974424,6
167522,42.24957,-82.974424,7
167522,42.24957,-82.974424,8
167522,42.2494289903804,-82.9743834576721,9
167522,42.2491754685679,-82.9744046971061,10
167522,42.2489173601005,-82.9743912860611,11
167522,42.248718,-82.974339,12
167522,42.2484889927337,-82.974218317791,13
167522,42.2483743361459,-82.9740935608604,14
167522,42.248217,-82.973975,15
167522,42.248217,-82.973975,16
167522,42.248217,-82.973975,17
167522,42.2481396442369,-82.9737219325409,18
167522,42.2480583323453,-82.9735298643909,19
167522,42.2479864064973,-82.9732104110451,20
167522,42.2479141741799,-82.9713997252007,21
167522,42.24786588,-82.97110525,22
167522,42.24786588,-82.97110525,23
167522,42.24786588,-82.97110525,24
167522,42.2478925770148,-82.9707962281723,25
167522,42.2478171306066,-82.9686127485142,26
167522,42.24776945,-82.96831386,27
167522,42.24776945,-82.96831386,28
167522,42.24776945,-82.96831386,29
167522,42.2478002031605,-82.9680116736107,30
167522,42.247759,-82.9666456699753,31
167522,42.24770391,-82.96641854,32
167522,42.24770391,-82.96641854,33
167522,42.24770391,-82.96641854,34
167522,42.247737072546,-82.9661770380287,35
167522,42.2476710362676,-82.9640241448441,36
167522,42.247611,-82.963656,37
167522,42.247611,-82.963656,38
167522,42.247611,-82.963656,39
167522,42.247671,-82.963652,40
167522,42.247659,-82.96329,41
167522,42.247655,-82.963176,42
167522,42.24765,-82.96303,43
167522,42.2477,-82.963026,44
167522,42.248106,-82.962995,45
167522,42.248185,-82.963065,46
167522,42.248241,-82.963062,47
167522,42.249095,-82.963015,48
167522,42.249173,-82.963011,49
167522,42.249404,-82.962997,50
167522,42.249497,-82.962906,51
167522,42.249733,-82.962889,52
167522,42.249904,-82.962876,53
167522,42.249936,-82.962874,54
167522,42.250032,-82.962867,55
167522,42.250165,-82.962858,56
167522,42.250243,-82.963,57
167522,42.250304,-82.963114,58
167522,42.250514,-82.963496,59
167522,42.250535,-82.963537,60
167522,42.250561,-82.963724,61
167522,42.2507,-82.963975,62
167522,42.25091,-82.964358,63
167522,42.251246,-82.964969,64
167522,42.251441,-82.965322,65
167522,42.252152,-82.966616,66
167522,42.25217,-82.966648,67
167522,42.252921,-82.968014,68
167522,42.253386,-82.96886,69
167522,42.253513,-82.969084,70
167522,42.253944,-82.96869,71
167522,42.2539055723569,-82.9686144506276,72
167522,42.2539055723569,-82.9686144506276,73
167522,42.2539055723569,-82.9686144506276,74
167522,42.25395,-82.968684,75
167522,42.25438,-82.968192,76
167522,42.25459,-82.967953,77
167522,42.254744,-82.967835,78
167522,42.254717,-82.967712,79
167522,42.254545,-82.967438,80
167522,42.254183,-82.966779,81
167522,42.25382,-82.966119,82
167522,42.253805,-82.966134,83
167522,42.253805,-82.966134,84
167524,42.246094,-83.017841,1
167524,42.246094,-83.017841,2
167524,42.246038,-83.017805,3
167524,42.246042,-83.017794,4
167524,42.246065,-83.017729,5
167524,42.246073,-83.017682,6
167524,42.246076,-83.01764,7
167524,42.246076,-83.017593,8
167524,42.24607,-83.017545,9
167524,42.24606,-83.017493,10
167524,42.246044,-83.017446,11
167524,42.246023,-83.017401,12
167524,42.245988,-83.017344,13
167524,42.245918,-83.017239,14
167524,42.245436,-83.017901,15
167524,42.245354,-83.018012,16
167524,42.245327,-83.018056,17
167524,42.245308,-83.018097,18
167524,42.244839,-83.01943,19
167524,42.24483,-83.019449,20
167524,42.24474,-83.01964,21
167524,42.244618,-83.019717,22
167524,42.244466,-83.019812,23
167524,42.243712,-83.020275,24
167524,42.243603,-83.020342,25
167524,42.243496,-83.020404,26
167524,42.243436,-83.020218,27
167524,42.242996,-83.018842,28
167524,42.242596,-83.017576,29
167524,42.242121,-83.016126,30
167524,42.242015,-83.015798,31
167524,42.24169,-83.014783,32
167524,42.241637,-83.014622,33
167524,42.241594,-83.014495,34
167524,42.241695,-83.014432,35
167524,42.241836,-83.014324,36
167524,42.241918,-83.014254,37
167524,42.241988,-83.014175,38
167524,42.242075,-83.014063,39
167524,42.242137,-83.013965,40
167524,42.242207,-83.013834,41
167524,42.242305,-83.013676,42
167524,42.242327,-83.013617,43
167524,42.242233,-83.013554,44
167524,42.242233,-83.013554,45
167524,42.242233,-83.013554,46
167524,42.242327,-83.013617,47
167524,42.242359,-83.01353,48
167524,42.242409,-83.013347,49
167524,42.242443,-83.013156,50
167524,42.242536,-83.01263,51
167524,42.242656,-83.011947,52
167524,42.242709,-83.011634,53
167524,42.242769,-83.011285,54
167524,42.242833,-83.010927,55
167524,42.242908,-83.010491,56
167524,42.242862,-83.010476,57
167524,42.242862,-83.010476,58
167524,42.242862,-83.010476,59
167524,42.242908,-83.010491,60
167524,42.243022,-83.00983,61
167524,42.245088,-83.01116,62
167524,42.245106,-83.011108,63
167524,42.245106,-83.011108,64
167524,42.245106,-83.011108,65
167524,42.245088,-83.01116,66
167524,42.245324,-83.011312,67
167524,42.248164,-83.013113,68
167524,42.248187,-83.013046,69
167524,42.248187,-83.013046,70
167524,42.248187,-83.013046,71
167524,42.248164,-83.013113,72
167524,42.248423,-83.013278,73
167524,42.250849,-83.014818,74
167524,42.251027,-83.01493,75
167524,42.251055,-83.014849,76
167524,42.251055,-83.014849,77
167524,42.251055,-83.014849,78
167524,42.251027,-83.01493,79
167524,42.253169,-83.016283,80
167524,42.253196,-83.016205,81
167524,42.253196,-83.016205,82
167524,42.253196,-83.016205,83
167524,42.253169,-83.016283,84
167524,42.253266,-83.016344,85
167524,42.253374,-83.016411,86
167524,42.254737,-83.01725,87
167524,42.25499,-83.017402,88
167524,42.255008,-83.017347,89
167524,42.255008,-83.017347,90
167524,42.255008,-83.017347,91
167524,42.25499,-83.017402,92
167524,42.255285,-83.017578,93
167524,42.255399,-83.017543,94
167524,42.255692,-83.017432,95
167524,42.255844,-83.017449,96
167524,42.256111,-83.017595,97
167524,42.257316,-83.018386,98
167524,42.257501,-83.018504,99
167524,42.257529,-83.018424,100
167524,42.257529,-83.018424,101
167524,42.257529,-83.018424,102
167524,42.257501,-83.018504,103
167524,42.259496,-83.019768,104
167524,42.259703,-83.019899,105
167524,42.259725,-83.019834,106
167524,42.259725,-83.019834,107
167524,42.259725,-83.019834,108
167524,42.259703,-83.019899,109
167524,42.261218,-83.020856,110
167524,42.261356,-83.020966,111
167524,42.261376,-83.020921,112
167524,42.261376,-83.020921,113
167524,42.261376,-83.020921,114
167524,42.261356,-83.020966,115
167524,42.261537,-83.021111,116
167524,42.261841,-83.021354,117
167524,42.263314,-83.022358,118
167524,42.264783,-83.023326,119
167524,42.264996,-83.023467,120
167524,42.265026,-83.023384,121
167524,42.265026,-83.023384,122
167524,42.265026,-83.023384,123
167524,42.264996,-83.023467,124
167524,42.265925,-83.024084,125
167524,42.267126,-83.024805,126
167524,42.2673,-83.024976,127
167524,42.267367,-83.025046,128
167524,42.267591,-83.025278,129
167524,42.267697,-83.025388,130
167524,42.267849,-83.02549,131
167524,42.268002,-83.025593,132
167524,42.268321,-83.025806,133
167524,42.268363,-83.02569,134
167524,42.268363,-83.02569,135
167524,42.268363,-83.02569,136
167524,42.268321,-83.025806,137
167524,42.268436,-83.025883,138
167524,42.269056,-83.026272,139
167524,42.271094,-83.02759,140
167524,42.271339,-83.027749,141
167524,42.271378,-83.027639,142
167524,42.271378,-83.027639,143
167524,42.271378,-83.027639,144
167524,42.271339,-83.027749,145
167524,42.272626,-83.028581,146
167524,42.273186,-83.028938,147
167524,42.273232,-83.028807,148
167524,42.273232,-83.028807,149
167524,42.273232,-83.028807,150
167524,42.273186,-83.028938,151
167524,42.273633,-83.029223,152
167524,42.274417,-83.029723,153
167524,42.274562,-83.029815,154
167524,42.274921,-83.030044,155
167524,42.274961,-83.029929,156
167524,42.274961,-83.029929,157
167524,42.274961,-83.029929,158
167524,42.2750970522975,-83.0300678212792,159
167524,42.2772896021861,-83.0314765484447,160
167524,42.277418,-83.031534,161
167524,42.277418,-83.031534,162
167524,42.277418,-83.031534,163
167524,42.2775358950949,-83.0316491295806,164
167524,42.2776665717418,-83.0317651693115,165
167524,42.2790224571009,-83.0326386502972,166
167524,42.27915315,-83.03264475,167
167524,42.27915315,-83.03264475,168
167524,42.27915315,-83.03264475,169
167524,42.2792697290616,-83.0327884196434,170
167524,42.2818246700957,-83.0344229828033,171
167524,42.281968,-83.034457,172
167524,42.281968,-83.034457,173
167524,42.281968,-83.034457,174
167524,42.2821676157344,-83.0346312691727,175
167524,42.2851044695287,-83.0365195443192,176
167524,42.285409,-83.036672,177
167524,42.285409,-83.036672,178
167524,42.285409,-83.036672,179
167524,42.28573,-83.03696,180
167524,42.28675,-83.03761,181
167524,42.288461,-83.038636,182
167524,42.288461,-83.038636,183
167524,42.288461,-83.038636,184
167524,42.2885525025142,-83.0387427521496,185
167524,42.2915812462962,-83.0406818662357,186
167524,42.2917524754996,-83.0408838368053,187
167524,42.2919764373297,-83.0413615631599,188
167524,42.292101,-83.041519,189
167524,42.292101,-83.041519,190
167524,42.292101,-83.041519,191
167524,42.2921571044189,-83.041740878154,192
167524,42.2930003626782,-83.0435491337643,193
167524,42.29309755,-83.04364454,194
167524,42.29309755,-83.04364454,195
167524,42.29309755,-83.04364454,196
167524,42.293133266896,-83.0438282503319,197
167524,42.2944493595645,-83.0466311140862,198
167524,42.294563,-83.046753,199
167524,42.294563,-83.046753,200
167524,42.294563,-83.046753,201
167524,42.2946011369162,-83.0469543202724,202
167524,42.2951753565907,-83.0481560939179,203
167524,42.295369759873,-83.0486039067459,204
167524,42.2955108167636,-83.0487880527439,205
167524,42.2955668040141,-83.0488210787115,206
167524,42.29565,-83.048839,207
167524,42.29565,-83.048839,208
167524,42.29565,-83.048839,209
167524,42.2957459187393,-83.0489516674938,210
167524,42.2967885815861,-83.0496267496681,211
167524,42.2969195752896,-83.0496984853497,212
167524,42.29702036,-83.04972858,213
167524,42.29702036,-83.04972858,214
167524,42.29702036,-83.04972858,215
167524,42.296993,-83.049805,216
167524,42.29759,-83.050198,217
167524,42.297822,-83.050339,218
167524,42.298139,-83.050519,219
167524,42.298243,-83.050559,220
167524,42.298323,-83.05058,221
167524,42.298504,-83.050567,222
167524,42.298605,-83.050585,223
167524,42.29873,-83.050631,224
167524,42.29877,-83.05067,225
167524,42.29924,-83.050962,226
167524,42.299713,-83.051248,227
167524,42.299743,-83.051157,228
167524,42.299743,-83.051157,229
167524,42.299743,-83.051157,230
167524,42.299713,-83.051248,231
167524,42.299856,-83.051334,232
167524,42.300866,-83.051948,233
167524,42.300885,-83.051891,234
167524,42.300885,-83.051891,235
167524,42.300885,-83.051891,236
167524,42.300866,-83.051948,237
167524,42.3012,-83.052151,238
167524,42.302918,-83.053263,239
167524,42.303541,-83.053668,240
167524,42.303568,-83.053593,241
167524,42.303568,-83.053593,242
167524,42.303568,-83.053593,243
167524,42.3036519425904,-83.0537022331352,244
167524,42.3049455545976,-83.0545291226845,245
167524,42.30505589,-83.05455546,246
167524,42.30505589,-83.05455546,247
167524,42.30505589,-83.05455546,248
167524,42.3052113684118,-83.0547021251659,249
167524,42.3070445568463,-83.0558641226845,250
167524,42.30715591,-83.05589291,251
167524,42.30715591,-83.05589291,252
167524,42.30715591,-83.05589291,253
167524,42.3074005334908,-83.0561073604184,254
167524,42.3093841142515,-83.0573626342374,255
167524,42.309783,-83.057583,256
167524,42.309783,-83.057583,257
167524,42.309917229434,-83.0577261385536,258
167524,42.3118094911948,-83.0589706835365,259
167524,42.312012,-83.059031,260
167524,42.312012,-83.059031,261
167524,42.312012,-83.059031,262
167524,42.311992,-83.05909,263
167524,42.312143,-83.059185,264
167524,42.312229,-83.059241,265
167524,42.313379,-83.059974,266
167524,42.31407,-83.060422,267
167524,42.314504,-83.060706,268
167524,42.31459,-83.060497,269
167524,42.31466,-83.060339,270
167524,42.314688,-83.060263,271
167524,42.314711,-83.060201,272
167524,42.314656,-83.060163,273
167524,42.314656,-83.060163,274
167524,42.314656,-83.060163,275
167524,42.314715,-83.060191,276
167524,42.314813,-83.059954,277
167524,42.314837,-83.059896,278
167524,42.314997,-83.059463,279
167524,42.315102,-83.059168,280
167524,42.315126,-83.0591,281
167524,42.315175,-83.058942,282
167524,42.31535,-83.058391,283
167524,42.315456,-83.058023,284
167524,42.315574,-83.057661,285
167524,42.315525,-83.057632,286
167524,42.315525,-83.057632,287
167524,42.315525,-83.057632,288
167524,42.315574,-83.057661,289
167524,42.315578,-83.057648,290
167524,42.315659,-83.057366,291
167524,42.315987,-83.056293,292
167524,42.316096,-83.055941,293
167524,42.316039,-83.055909,294
167524,42.316039,-83.055909,295
167524,42.316039,-83.055909,296
167524,42.316096,-83.055941,297
167524,42.316302,-83.055277,298
167524,42.316448,-83.054793,299
167524,42.316546,-83.054452,300
167524,42.316639,-83.054102,301
167524,42.316741,-83.053722,302
167524,42.317014,-83.052659,303
167524,42.317065,-83.052446,304
167524,42.317089,-83.052334,305
167524,42.317104,-83.052264,306
167524,42.31704167,-83.05224016,307
167524,42.31704167,-83.05224016,308
167524,42.31704167,-83.05224016,309
167524,42.3171250436704,-83.0520888522961,310
167524,42.3172303339677,-83.0514204748688,311
167524,42.3172944751151,-83.0507788787148,312
167524,42.317336124406,-83.0500399301312,313
167524,42.3173743006515,-83.0496703877316,314
167524,42.3174313226816,-83.0493358502648,315
167524,42.3174988956581,-83.0490713671543,316
167524,42.3177008942129,-83.0483988098564,317
167524,42.31772373,-83.04811865,318
167524,42.31772373,-83.04811865,319
167524,42.31772373,-83.04811865,320
167524,42.3178258411958,-83.0479951373997,321
167524,42.3182470865992,-83.0464049976103,322
167524,42.3187423014275,-83.0442809914017,323
167524,42.31808,-83.04398,324
167524,42.3178971003138,-83.0438876588955,325
167524,42.3179841254131,-83.0434747202377,326
167524,42.3179163550432,-83.04345290075,327
167524,42.31778321,-83.04346973,328
167524,42.31778321,-83.04346973,329
167525,42.31778321,-83.04346973,1
167525,42.31778321,-83.04346973,2
167525,42.317298980882,-83.0431724193398,3
167525,42.31719,-83.04356,4
167525,42.3187745388407,-83.0443740489784,5
167525,42.3178146367897,-83.0481398704354,6
167525,42.317756,-83.048514,7
167525,42.317756,-83.048514,8
167525,42.317756,-83.048514,9
167525,42.317693,-83.048478,10
167525,42.317663,-83.048574,11
167525,42.317597,-83.048799,12
167525,42.317532,-83.049024,13
167525,42.317494,-83.049171,14
167525,42.317461,-83.049308,15
167525,42.317435,-83.049437,16
167525,42.317412,-83.049567,17
167525,42.31738,-83.049775,18
167525,42.317366,-83.049897,19
167525,42.317353,-83.050026,20
167525,42.317287,-83.051048,21
167525,42.317263,-83.051237,22
167525,42.317246,-83.051369,23
167525,42.31717,-83.051885,24
167525,42.317167,-83.051905,25
167525,42.317237,-83.051926,26
167525,42.317237,-83.051926,27
167525,42.317237,-83.051926,28
167525,42.317167,-83.051905,29
167525,42.317137,-83.052091,30
167525,42.317115,-83.052213,31
167525,42.317089,-83.052334,32
167525,42.317065,-83.052446,33
167525,42.317014,-83.052659,34
167525,42.316741,-83.053722,35
167525,42.316676,-83.053966,36
167525,42.316743,-83.053999,37
167525,42.316743,-83.053999,38
167525,42.316743,-83.053999,39
167525,42.316676,-83.053966,40
167525,42.316639,-83.054102,41
167525,42.316546,-83.054452,42
167525,42.316448,-83.054793,43
167525,42.316302,-83.055277,44
167525,42.315987,-83.056293,45
167525,42.315659,-83.057366,46
167525,42.315619,-83.057505,47
167525,42.315688,-83.057541,48
167525,42.315688,-83.057541,49
167525,42.315688,-83.057541,50
167525,42.315566516035,-83.0577674221249,51
167525,42.3152562822589,-83.0587811648984,52
167525,42.3150159667442,-83.059491682209,53
167525,42.3145339584683,-83.0607240699406,54
167525,42.3143932942017,-83.0606490785389,55
167525,42.31426518,-83.06062623,56
167525,42.31426518,-83.06062623,57
167525,42.31426518,-83.06062623,58
167525,42.3141095689229,-83.060478463789,59
167525,42.3120488344757,-83.0591646994057,60
167525,42.311868,-83.059107,61
167525,42.311868,-83.059107,62
167525,42.311868,-83.059107,63
167525,42.311895,-83.059029,64
167525,42.311739,-83.05893,65
167525,42.311151,-83.058541,66
167525,42.309612,-83.057558,67
167525,42.309301,-83.057358,68
167525,42.30927,-83.057446,69
167525,42.30927,-83.057446,70
167525,42.30927,-83.057446,71
167525,42.309301,-83.057358,72
167525,42.309232,-83.057313,73
167525,42.309177,-83.057277,74
167525,42.307271,-83.05605,75
167525,42.306985,-83.055867,76
167525,42.3069553,-83.05595324,77
167525,42.3069553,-83.05595324,78
167525,42.3069553,-83.05595324,79
167525,42.3068241919531,-83.055790316434,80
167525,42.3045548781337,-83.0543633812381,81
167525,42.3043,-83.054285,82
167525,42.3043,-83.054285,83
167525,42.3043,-83.054285,84
167525,42.3042303040672,-83.0541336889896,85
167525,42.3035019279591,-83.0536718763048,86
167525,42.30334,-83.053636,87
167525,42.30334,-83.053636,88
167525,42.30334,-83.053636,89
167525,42.3032411381381,-83.0535143325062,90
167525,42.3012069271329,-83.0522159852848,91
167525,42.301095,-83.052202,92
167525,42.301085,-83.052195,93
167525,42.301095,-83.052202,94
167525,42.3010392952043,-83.0520979680881,95
167525,42.2997240415544,-83.0512688368053,96
167525,42.299598,-83.051243,97
167525,42.299573,-83.051227,98
167525,42.299598,-83.051243,99
167525,42.299616,-83.051189,100
167525,42.29924,-83.050962,101
167525,42.29877,-83.05067,102
167525,42.29873,-83.050631,103
167525,42.298605,-83.050585,104
167525,42.298504,-83.050567,105
167525,42.298323,-83.05058,106
167525,42.298243,-83.050559,107
167525,42.298139,-83.050519,108
167525,42.297822,-83.050339,109
167525,42.29759,-83.050198,110
167525,42.297043,-83.049838,111
167525,42.29702072,-83.04989867,112
167525,42.297021,-83.049899,113
167525,42.29702072,-83.04989867,114
167525,42.2969260920862,-83.0497977901783,115
167525,42.29562935122,-83.0489594798611,116
167525,42.2954310880607,-83.0487921865082,117
167525,42.2953666542735,-83.0487376070329,118
167525,42.2951107188935,-83.0482051885435,119
167525,42.295014,-83.048088,120
167525,42.295014,-83.048088,121
167525,42.295014,-83.048088,122
167525,42.2949807679127,-83.0479312539673,123
167525,42.2948152974683,-83.0475060042974,124
167525,42.2937214255882,-83.0451939411392,125
167525,42.293586,-83.045005,126
167525,42.293586,-83.045005,127
167525,42.293586,-83.045005,128
167525,42.2935323562271,-83.0447963725262,129
167525,42.29292,-83.04341,130
167525,42.29261,-83.04294,131
167525,42.29261,-83.04294,132
167525,42.29261,-83.04294,133
167525,42.2925378741321,-83.042674268856,134
167525,42.2917005866906,-83.0409201041603,135
167525,42.29149,-83.04072,136
167525,42.29127735,-83.04064433,137
167525,42.29127735,-83.04064433,138
167525,42.29127735,-83.04064433,139
167525,42.2911632464917,-83.0404843938484,140
167525,42.2895330676307,-83.0394103437858,141
167525,42.2884594631335,-83.0387347374344,142
167525,42.288355,-83.038724,143
167525,42.288355,-83.038724,144
167525,42.288355,-83.038724,145
167525,42.288368,-83.038687,146
167525,42.286457,-83.037447,147
167525,42.286228,-83.037301,148
167525,42.286214,-83.03734,149
167525,42.286214,-83.03734,150
167525,42.286214,-83.03734,151
167525,42.286228,-83.037301,152
167525,42.285709,-83.03697,153
167525,42.283425,-83.03551,154
167525,42.281999,-83.034589,155
167525,42.281652,-83.034369,156
167525,42.281628,-83.034438,157
167525,42.281628,-83.034438,158
167525,42.281626,-83.034433,159
167525,42.2815003144392,-83.0342548657455,160
167525,42.2794841033966,-83.0329781342544,161
167525,42.27920756,-83.03284798,162
167525,42.27920756,-83.03284798,163
167525,42.27920756,-83.03284798,164
167525,42.2790980926519,-83.0327480380287,165
167525,42.2776691436972,-83.0318186823998,166
167525,42.2773882279502,-83.0316790171967,167
167525,42.27726387,-83.03166976,168
167525,42.27726387,-83.03166976,169
167525,42.27726387,-83.03166976,170
167525,42.277301,-83.031562,171
167525,42.277143,-83.031464,172
167525,42.274856,-83.030003,173
167525,42.274817,-83.030113,174
167525,42.274817,-83.030113,175
167525,42.274817,-83.030113,176
167525,42.274856,-83.030003,177
167525,42.274562,-83.029815,178
167525,42.274417,-83.029723,179
167525,42.273633,-83.029223,180
167525,42.273427,-83.029092,181
167525,42.273384,-83.029216,182
167525,42.273384,-83.029216,183
167525,42.273384,-83.029216,184
167525,42.27293,-83.02876,185
167525,42.2710623271869,-83.0275777518869,186
167525,42.270875,-83.027559,187
167525,42.270875,-83.027559,188
167525,42.270875,-83.027559,189
167525,42.2707900970662,-83.0274555889549,190
167525,42.2685524078149,-83.0260202675285,191
167525,42.2682997130473,-83.0258621581897,192
167525,42.26815553,-83.02583891,193
167525,42.26815553,-83.02583891,194
167525,42.26815553,-83.02583891,195
167525,42.268067001244,-83.0257117053591,196
167525,42.2677340454159,-83.0254785509262,197
167525,42.2671303615502,-83.0248567793349,198
167525,42.267,-83.0247514110451,199
167525,42.2646681878219,-83.023255536211,200
167525,42.264529,-83.023213,201
167525,42.264529,-83.023213,202
167525,42.264529,-83.023213,203
167525,42.2644170901378,-83.0230919214611,204
167525,42.2634875957393,-83.022488086266,205
167525,42.2622431141397,-83.0216969185949,206
167525,42.2618122561975,-83.021408145998,207
167525,42.2613462084037,-83.0209968773155,208
167525,42.261208,-83.020946,209
167525,42.261208,-83.020946,210
167525,42.261208,-83.020946,211
167525,42.2611238810045,-83.0208305803566,212
167525,42.2593693083708,-83.0196938306885,213
167525,42.25924803,-83.01965325,214
167525,42.25924803,-83.01965325,215
167525,42.25924803,-83.01965325,216
167525,42.2591519368304,-83.0195543558197,217
167525,42.2571803485838,-83.0182894196434,218
167525,42.25706638,-83.01825927,219
167525,42.25706638,-83.01825927,220
167525,42.25706638,-83.01825927,221
167525,42.2569808363002,-83.0181646969242,222
167525,42.255984896621,-83.0175224576721,223
167525,42.2559052301582,-83.0174880978035,224
167525,42.255810911422,-83.0174730233135,225
167525,42.2557057138405,-83.0175001677441,226
167525,42.2555987321759,-83.0175650306661,227
167525,42.2554528166098,-83.0176226981599,228
167525,42.2553360147483,-83.0176277754631,229
167525,42.2552163502491,-83.0175886806416,230
167525,42.2549744326777,-83.0174394196434,231
167525,42.25487633,-83.01742843,232
167525,42.25487633,-83.01742843,233
167525,42.25487633,-83.01742843,234
167525,42.25475,-83.01726,235
167525,42.25451,-83.01711,236
167525,42.25409,-83.01685,237
167525,42.252903,-83.016159,238
167525,42.252903,-83.016159,239
167525,42.252903,-83.016159,240
167525,42.2527917713219,-83.0160663191185,241
167525,42.25078,-83.01478,242
167525,42.25065594,-83.01474106,243
167525,42.25065594,-83.01474106,244
167525,42.25065594,-83.01474106,245
167525,42.25052698119,-83.0146132868538,246
167525,42.2483073777229,-83.0132236736107,247
167525,42.248212,-83.013203,248
167525,42.248212,-83.013203,249
167525,42.248212,-83.013203,250
167525,42.2481218992636,-83.0131080180134,251
167525,42.2452939711358,-83.0113190466271,252
167525,42.2451943900014,-83.0112569168467,253
167525,42.245098,-83.011237,254
167525,42.245098,-83.011237,255
167525,42.245098,-83.011237,256
167525,42.2450226116311,-83.0111448885834,257
167525,42.2432863678261,-83.0100502564488,258
167525,42.243176,-83.010044,259
167525,42.243176,-83.010044,260
167525,42.243176,-83.010044,261
167525,42.2430433741581,-83.0099216910372,262
167525,42.2423907848954,-83.0135365337296,263
167525,42.2423131471074,-83.0137772874854,264
167525,42.2421678064999,-83.0141254809856,265
167525,42.2419821087023,-83.0143770177295,266
167525,42.241898,-83.014546,267
167525,42.241898,-83.014546,268
167525,42.241898,-83.014546,269
167525,42.241857,-83.014464,270
167525,42.241735,-83.014556,271
167525,42.241889,-83.015044,272
167525,42.242197,-83.01598,273
167525,42.242512,-83.017001,274
167525,42.242815,-83.017949,275
167525,42.242929,-83.018294,276
167525,42.243208,-83.019121,277
167525,42.243429,-83.019813,278
167525,42.243529,-83.020124,279
167525,42.24354,-83.020152,280
167525,42.243603,-83.020342,281
167525,42.243712,-83.020275,282
167525,42.244466,-83.019812,283
167525,42.244618,-83.019717,284
167525,42.24474,-83.01964,285
167525,42.24483,-83.019449,286
167525,42.244839,-83.01943,287
167525,42.245308,-83.018097,288
167525,42.245327,-83.018056,289
167525,42.245354,-83.018012,290
167525,42.245436,-83.017901,291
167525,42.245918,-83.017239,292
167525,42.245988,-83.017344,293
167525,42.246023,-83.017401,294
167525,42.246044,-83.017446,295
167525,42.24606,-83.017493,296
167525,42.24607,-83.017545,297
167525,42.246076,-83.017593,298
167525,42.246076,-83.01764,299
167525,42.246073,-83.017682,300
167525,42.246065,-83.017729,301
167525,42.246042,-83.017794,302
167525,42.246038,-83.017805,303
167525,42.246102,-83.017846,304
167525,42.246094,-83.017841,305
167534,42.315908,-82.936701,1
167534,42.315908,-82.936701,2
167534,42.315904,-82.936699,3
167534,42.3160030824181,-82.9361945251976,4
167534,42.3160962994026,-82.9360735235204,5
167534,42.3162578536774,-82.9360507842969,6
167534,42.3167071645364,-82.9362112257864,7
167534,42.3165445321601,-82.9371388002768,8
167534,42.3165022213378,-82.9373248014476,9
167534,42.315974654626,-82.9371423846709,10
167534,42.3159032542802,-82.9372067670626,11
167534,42.3158616040107,-82.9374378904751,12
167534,42.3157505364504,-82.9378840216175,13
167534,42.3156791358502,-82.9380869835716,14
167534,42.3154821227033,-82.9380324442225,15
167534,42.3152632918158,-82.9380234968137,16
167534,42.315166106984,-82.9381563806227,17
167534,42.315053,-82.938599,18
167534,42.314975,-82.939091,19
167534,42.3148924016715,-82.9392224516687,20
167534,42.3146801801201,-82.9391647516159,21
167534,42.3140878070487,-82.9388934422267,22
167534,42.3130709750712,-82.9382443550704,23
167534,42.3129625472793,-82.9381580841278,24
167534,42.312948,-82.93803,25
167534,42.312988,-82.937818,26
167534,42.313039,-82.937546,27
167534,42.313053,-82.937475,28
167534,42.313071,-82.937378,29
167534,42.3130987431619,-82.9371890466458,30
167534,42.313069,-82.93708,31
167534,42.313069,-82.93708,32
167534,42.313069,-82.93708,33
167534,42.3131499626677,-82.9369204989676,34
167534,42.313685259633,-82.9341231792985,35
167534,42.31369,-82.933899,36
167534,42.31369,-82.933899,37
167534,42.31369,-82.933899,38
167534,42.3137626635889,-82.933745609787,39
167534,42.3139656291748,-82.9326839486195,40
167534,42.3140800209244,-82.9318923497028,41
167534,42.3132922754978,-82.9313469593162,42
167534,42.31313011,-82.93130478,43
167534,42.31313011,-82.93130478,44
167534,42.31313011,-82.93130478,45
167534,42.31287,-82.93099,46
167534,42.3110563130828,-82.9298802487914,47
167534,42.310866,-82.929836,48
167534,42.310866,-82.929836,49
167534,42.310866,-82.929836,50
167534,42.3107145002046,-82.9296658528481,51
167534,42.3089055152929,-82.928566147152,52
167534,42.30868192,-82.92846342,53
167534,42.30868192,-82.92846342,54
167534,42.30868192,-82.92846342,55
167534,42.3085682813233,-82.9283289447746,56
167534,42.3068549523971,-82.927258536211,57
167534,42.30669541,-82.92721665,58
167534,42.30669541,-82.92721665,59
167534,42.30669541,-82.92721665,60
167534,42.306718,-82.927151,61
167534,42.306636,-82.927099,62
167534,42.305512,-82.926391,63
167534,42.300395,-82.923174,64
167534,42.299737,-82.92276,65
167534,42.299886,-82.922322,66
167534,42.299925,-82.922211,67
167534,42.29996,-82.922112,68
167534,42.299896,-82.92207,69
167534,42.299896,-82.92207,70
167534,42.299896,-82.92207,71
167534,42.29996,-82.922112,72
167534,42.300174,-82.921516,73
167534,42.300243,-82.921306,74
167534,42.300363,-82.920955,75
167534,42.30104,-82.918965,76
167534,42.300582,-82.918765,77
167534,42.300568,-82.918822,78
167534,42.300568,-82.918822,79
167534,42.300568,-82.918822,80
167534,42.300582,-82.918765,81
167534,42.300249,-82.91862,82
167534,42.299489,-82.918303,83
167534,42.299072,-82.91813,84
167534,42.298962,-82.918032,85
167534,42.298861,-82.917878,86
167534,42.298824,-82.917773,87
167534,42.298805,-82.917643,88
167534,42.298811,-82.917423,89
167534,42.299127,-82.916138,90
167534,42.299235,-82.91561,91
167534,42.299192,-82.915594,92
167534,42.299192,-82.915594,93
167534,42.299192,-82.915594,94
167534,42.299235,-82.91561,95
167534,42.299276,-82.915409,96
167534,42.299595,-82.914199,97
167534,42.299834,-82.913486,98
167534,42.300168,-82.912792,99
167534,42.300174,-82.912775,100
167534,42.300092,-82.912721,101
167534,42.300092,-82.912721,102
167534,42.300092,-82.912721,103
167534,42.300174,-82.912775,104
167534,42.300482,-82.911918,105
167534,42.300517,-82.91182,106
167534,42.300894,-82.910812,107
167534,42.301155,-82.910323,108
167534,42.301271,-82.91022,109
167534,42.301215,-82.910106,110
167534,42.301215,-82.910106,111
167534,42.301215,-82.910106,112
167534,42.301271,-82.91022,113
167534,42.301538,-82.909982,114
167534,42.302276,-82.909519,115
167534,42.302544,-82.909066,116
167534,42.302975,-82.907551,117
167534,42.30315,-82.90587,118
167534,42.303193,-82.905546,119
167534,42.303128,-82.90553,120
167534,42.303128,-82.90553,121
167534,42.303128,-82.90553,122
167534,42.303193,-82.905546,123
167534,42.303425,-82.903791,124
167534,42.303456,-82.903538,125
167534,42.30351,-82.90307,126
167534,42.303516,-82.903041,127
167534,42.303463,-82.903021,128
167534,42.303463,-82.903021,129
167534,42.303463,-82.903021,130
167534,42.303516,-82.903041,131
167534,42.30361,-82.90259,132
167534,42.30374,-82.90207,133
167534,42.3039,-82.90162,134
167534,42.30417,-82.90121,135
167534,42.304415,-82.901008,136
167534,42.304605,-82.900936,137
167534,42.304817,-82.900908,138
167534,42.3052723564238,-82.9009839892388,139
167534,42.305329,-82.900923,140
167534,42.305329,-82.900923,141
167534,42.305329,-82.900923,142
167534,42.30538,-82.900935,143
167534,42.30537,-82.901016,144
167534,42.305851,-82.901111,145
167534,42.305858,-82.90111,146
167534,42.305941,-82.900391,147
167534,42.305971,-82.900135,148
167534,42.305945,-82.899924,149
167534,42.306007,-82.899412,150
167534,42.30612,-82.899434,151
167534,42.306896,-82.899602,152
167534,42.306917,-82.899429,153
167534,42.306917,-82.899429,154
167534,42.306917,-82.899429,155
167534,42.306896,-82.899602,156
167534,42.30913,-82.900086,157
167534,42.309144,-82.899971,158
167534,42.309144,-82.899971,159
167534,42.310719,-82.900344,160
167534,42.31071925,-82.90034358,161
167534,42.310949789584,-82.9004752944775,162
167534,42.3132705166878,-82.9010355570431,163
167534,42.31347106,-82.90102032,164
167534,42.313471,-82.90102,165
167534,42.313471,-82.90102,166
167534,42.313457,-82.901122,167
167534,42.314006,-82.901255,168
167534,42.315368,-82.901603,169
167534,42.315973,-82.901758,170
167534,42.317048,-82.902021,171
167534,42.317069,-82.902231,172
167534,42.317075,-82.902292,173
167534,42.317116,-82.902717,174
167534,42.317212,-82.903562,175
167534,42.317279,-82.903548,176
167534,42.317279,-82.903548,177
167534,42.317279,-82.903548,178
167534,42.317212,-82.903562,179
167534,42.317237,-82.903781,180
167534,42.317262,-82.904048,181
167534,42.317376,-82.905057,182
167534,42.317477,-82.906002,183
167534,42.31756671,-82.90598378,184
167534,42.31756671,-82.90598378,185
167534,42.31756671,-82.90598378,186
167534,42.3175733901788,-82.9062240638237,187
167534,42.3177464071573,-82.9077040005696,188
167534,42.3178708161064,-82.9089213741703,189
167534,42.31792625,-82.90920428,190
167534,42.31792625,-82.90920428,191
167534,42.31792625,-82.90920428,192
167534,42.31785,-82.90932,193
167534,42.31799,-82.91046,194
167534,42.31809,-82.91157,195
167534,42.318146,-82.912041,196
167534,42.318213,-82.912034,197
167534,42.318213,-82.912034,198
167534,42.318213,-82.912034,199
167534,42.318146,-82.912041,200
167534,42.318814,-82.918521,201
167534,42.31887998,-82.91851318,202
167534,42.31887998,-82.91851318,203
167534,42.31887998,-82.91851318,204
167534,42.318913179286,-82.9191234970283,205
167534,42.3192493947255,-82.9216642105414,206
167534,42.3193882212749,-82.9225734793974,207
167534,42.319554781982,-82.9234655889549,208
167534,42.3196638902293,-82.9238260710074,209
167534,42.3198067818788,-82.9241929067459,210
167534,42.3202897313011,-82.9250428601189,211
167534,42.3204937311982,-82.926249953373,212
167534,42.3207237564171,-82.926631656414,213
167534,42.32089615,-82.92670566,214
167534,42.32089615,-82.92670566,215
167534,42.32089615,-82.92670566,216
167534,42.3211858384886,-82.9269588859138,217
167534,42.3215971078122,-82.9273011398811,218
167534,42.3219427198631,-82.9278672123032,219
167534,42.3220831238477,-82.9283746233482,220
167534,42.3224879156834,-82.9322527999306,221
167534,42.32254888,-82.93268441,222
167534,42.32254888,-82.93268441,223
167534,42.32254888,-82.93268441,224
167534,42.322472,-82.932699,225
167534,42.322615,-82.934021,226
167534,42.322647,-82.934663,227
167534,42.322603,-82.934929,228
167534,42.32252,-82.935296,229
167534,42.322241,-82.936012,230
167534,42.322202,-82.936241,231
167534,42.322036,-82.936754,232
167534,42.32194,-82.936696,233
167534,42.321768,-82.936584,234
167534,42.321636,-82.936499,235
167534,42.321531,-82.936431,236
167534,42.321385,-82.936336,237
167534,42.321353,-82.936425,238
167534,42.321353,-82.936425,239
167534,42.321353,-82.936425,240
167534,42.321385,-82.936336,241
167534,42.320879,-82.936007,242
167534,42.320641,-82.935861,243
167534,42.320186,-82.935579,244
167534,42.320013,-82.935473,245
167534,42.319638,-82.93524,246
167534,42.319484,-82.935145,247
167534,42.319138,-82.93493,248
167534,42.319017,-82.934855,249
167534,42.318428,-82.934472,250
167534,42.318387,-82.934587,251
167534,42.318387,-82.934587,252
167534,42.318387,-82.934587,253
167534,42.318428,-82.934472,254
167534,42.317936,-82.934152,255
167534,42.31733,-82.933795,256
167534,42.317293,-82.933772,257
167534,42.317031,-82.933622,258
167534,42.316794,-82.933443,259
167534,42.316667,-82.933451,260
167534,42.316397,-82.933284,261
167534,42.315711,-82.93287,262
167534,42.315287,-82.932604,263
167534,42.315262,-82.932678,264
167534,42.315262,-82.932678,265
167534,42.315262,-82.932678,266
167534,42.315287,-82.932604,267
167534,42.314245,-82.931949,268
167534,42.314231,-82.932197,269
167534,42.314038,-82.933166,270
167534,42.313889,-82.933908,271
167534,42.31379,-82.934439,272
167534,42.3137377329933,-82.9347489900536,273
167534,42.3137139320411,-82.9349421046447,274
167534,42.31379379,-82.93499073,275
167534,42.313802,-82.934995,276
167534,42.31379379,-82.93499073,277
167534,42.3137086368188,-82.9352091415847,278
167534,42.3132445164118,-82.9376177652801,279
167534,42.31323058,-82.93787641,280
167534,42.31323058,-82.93787641,281
167534,42.31323058,-82.93787641,282
167534,42.313138,-82.937844,283
167534,42.313126,-82.937907,284
167534,42.313088,-82.938108,285
167534,42.313174,-82.938174,286
167534,42.313596,-82.938429,287
167534,42.314124,-82.938747,288
167534,42.314767,-82.939023,289
167534,42.314975,-82.939091,290
167534,42.315053,-82.938599,291
167534,42.315046,-82.938238,292
167534,42.315052,-82.937874,293
167534,42.315281,-82.937944,294
167534,42.315497,-82.938005,295
167534,42.315648063392,-82.938027978056,296
167534,42.3157,-82.937747,297
167534,42.315782,-82.937335,298
167534,42.315833,-82.93706,299
167534,42.3164602408398,-82.9372604191576,300
167534,42.3165280044692,-82.9371307791098,301
167534,42.3166754313985,-82.9363399744068,302
167534,42.3166661758956,-82.9362380503517,303
167534,42.3162406874164,-82.9360507448276,304
167534,42.3161134883092,-82.9361969233651,305
167534,42.3160520048185,-82.9364338516098,306
167534,42.315993165743,-82.9367816446029,307
167534,42.316026,-82.936944,308
167534,42.316026,-82.936944,309
167527,42.316026,-82.936944,1
167527,42.315954821114,-82.9370186514461,2
167527,42.315884267227,-82.9374500810213,3
167527,42.31572871973,-82.9380816191536,4
167527,42.3151099113807,-82.9379457302457,5
167527,42.3151070963672,-82.9381753773936,6
167527,42.315101978146,-82.9384678602219,7
167527,42.3150753624526,-82.9387975637511,8
167527,42.3150591782251,-82.9390701432108,9
167527,42.3156902041981,-82.9392159304398,10
167527,42.3163840754958,-82.9391988898749,11
167527,42.3168035153361,-82.9391551422266,12
167527,42.317597879051,-82.9389521254354,13
167527,42.3192321135225,-82.9385336987772,14
167527,42.3200732567797,-82.9382862267963,15
167527,42.32017151,-82.93820326,16
167527,42.32017151,-82.93820326,17
167527,42.320177,-82.938235,18
167527,42.321551,-82.937863,19
167527,42.321647,-82.93759,20
167527,42.321754,-82.937255,21
167527,42.32194,-82.936696,22
167527,42.321768,-82.936584,23
167527,42.321636,-82.936499,24
167527,42.321531,-82.936431,25
167527,42.321385,-82.936336,26
167527,42.321353,-82.936425,27
167527,42.321353,-82.936425,28
167527,42.321353,-82.936425,29
167527,42.321385,-82.936336,30
167527,42.320879,-82.936007,31
167527,42.320641,-82.935861,32
167527,42.320186,-82.935579,33
167527,42.320013,-82.935473,34
167527,42.319638,-82.93524,35
167527,42.319484,-82.935145,36
167527,42.319138,-82.93493,37
167527,42.319017,-82.934855,38
167527,42.317987,-82.934185,39
167527,42.318386,-82.933063,40
167527,42.318386,-82.933063,41
167527,42.3183661626184,-82.9325139827544,42
167527,42.319011,-82.930842,43
167527,42.319011,-82.930842,44
167527,42.3193087356932,-82.9298178820612,45
167527,42.3193574679519,-82.9295656085014,46
167527,42.3193795055812,-82.9293448303124,47
167527,42.3194150130717,-82.92915045435,48
167527,42.319554,-82.928785,49
167527,42.319795,-82.92814,50
167527,42.319807,-82.928113,51
167527,42.319765,-82.928077,52
167527,42.319765,-82.928077,53
167527,42.31976516,-82.92807714,54
167527,42.3199379571143,-82.9279178553761,55
167527,42.320142228124,-82.927909808749,56
167527,42.3201680098548,-82.9277837449253,57
167527,42.320269,-82.927669,58
167527,42.320441,-82.927658,59
167527,42.320569,-82.927621,60
167527,42.3207986748859,-82.927310275668,61
167527,42.3209057670427,-82.9269401308239,62
167527,42.3207471119306,-82.9268006559551,63
167527,42.3204278173047,-82.9262964006603,64
167527,42.320258,-82.925067,65
167527,42.319781,-82.924209,66
167527,42.319529,-82.923479,67
167527,42.319067,-82.92062,68
167527,42.3187918825636,-82.918703542115,69
167527,42.31869451,-82.91828666,70
167527,42.318695,-82.918287,71
167527,42.31869451,-82.91828666,72
167527,42.3187035777117,-82.9180115484448,73
167527,42.3182213345923,-82.9133248184548,74
167527,42.31814512,-82.91302443,75
167527,42.31814512,-82.91302443,76
167527,42.31814512,-82.91302443,77
167527,42.318259,-82.913012,78
167527,42.31824,-82.91283,79
167527,42.31809,-82.91157,80
167527,42.32073,-82.91221,81
167527,42.32085,-82.91224,82
167527,42.321202,-82.912329,83
167527,42.321217,-82.912271,84
167527,42.321217,-82.912271,85
167527,42.321217,-82.912271,86
167527,42.321202,-82.912329,87
167527,42.32262,-82.91269,88
167527,42.324787,-82.913195,89
167527,42.32479872,-82.91314733,90
167527,42.32479872,-82.91314733,91
167527,42.32479872,-82.91314733,92
167527,42.3249069752616,-82.913188635582,93
167527,42.3249641270631,-82.9131089128628,94
167527,42.3250381779139,-82.912173953373,95
167527,42.3251543982838,-82.910675562006,96
167527,42.3251386,-82.91040163,97
167527,42.3251386,-82.91040163,98
167527,42.3251386,-82.91040163,99
167527,42.3252089322036,-82.9101230269489,100
167527,42.3254153136919,-82.90747183317,101
167527,42.325382,-82.907208,102
167527,42.325382,-82.907208,103
167527,42.325382,-82.907208,104
167527,42.325452,-82.9069769656067,105
167527,42.3256691526762,-82.9041991742744,106
167527,42.32564619,-82.90393733,107
167527,42.32564619,-82.90393733,108
167527,42.32564619,-82.90393733,109
167527,42.3256929491068,-82.9037633153095,110
167527,42.3257420763478,-82.9032352392521,111
167527,42.3257333910853,-82.9028830924444,112
167527,42.325649,-82.9016108945122,113
167527,42.3256497411308,-82.9013171884842,114
167527,42.3256695714964,-82.9010865185089,115
167527,42.32566116,-82.90078917,116
167527,42.32566116,-82.90078917,117
167527,42.32566116,-82.90078917,118
167527,42.32571,-82.9008,119
167527,42.32574,-82.900554,120
167527,42.326013,-82.899207,121
167527,42.326204,-82.898417,122
167527,42.326577,-82.898512,123
167527,42.326589,-82.898422,124
167527,42.326589,-82.898422,125
167527,42.326589,-82.898422,126
167527,42.326577,-82.898512,127
167527,42.327251,-82.898683,128
167527,42.327399,-82.89872,129
167527,42.327771,-82.898803,130
167527,42.328785,-82.899054,131
167527,42.32879659,-82.8989639,132
167527,42.32879659,-82.8989639,133
167527,42.32879659,-82.8989639,134
167527,42.3289850512051,-82.8990513411045,135
167527,42.3307129589713,-82.8994645190144,136
167527,42.33083194,-82.89945829,137
167527,42.33083194,-82.89945829,138
167527,42.33083194,-82.89945829,139
167527,42.3309810085656,-82.8995337055225,140
167527,42.3332160838279,-82.9000799067459,141
167527,42.33334815,-82.90006502,142
167527,42.33334815,-82.90006502,143
167527,42.33334815,-82.90006502,144
167527,42.3334817083412,-82.9001363237664,145
167527,42.3336148622882,-82.9001803877316,146
167527,42.3341015520525,-82.9024947313175,147
167527,42.33420186,-82.90270906,148
167527,42.33420186,-82.90270906,149
167527,42.33420186,-82.90270906,150
167527,42.3342155838147,-82.9030518282735,151
167527,42.3348125908259,-82.9059259481115,152
167527,42.3351107324561,-82.9070286994057,153
167527,42.3346409227809,-82.9069352797623,154
167527,42.33447417,-82.90698071,155
167527,42.33447417,-82.90698071,156
167527,42.33447417,-82.90698071,157
167527,42.3342830689416,-82.9068530319119,158
167527,42.3322565964894,-82.9063561018524,159
167527,42.3323309656526,-82.9067840441456,160
167527,42.33239713,-82.90693721,161
167527,42.33239713,-82.90693721,162
167527,42.33239713,-82.90693721,163
167527,42.3324043301813,-82.9071796699753,164
167527,42.3336124261596,-82.9141866535031,165
167527,42.3336872339275,-82.9147859203072,166
167527,42.3337205351489,-82.9157023214264,167
167527,42.33377346,-82.91599333,168
167527,42.33377346,-82.91599333,169
167527,42.33377346,-82.91599333,170
167527,42.3337056642788,-82.916256197588,171
167527,42.3336946815011,-82.9187713214264,172
167527,42.33373647,-82.91905914,173
167527,42.33373647,-82.91905914,174
167527,42.33373647,-82.91905914,175
167527,42.3336728708814,-82.9193547018871,176
167527,42.3336667753933,-82.9203048181655,177
167527,42.3336507958888,-82.9205792555684,178
167527,42.3336053090548,-82.9210397434356,179
167527,42.3335952778942,-82.9213729767756,180
167527,42.3335798536908,-82.9236349839573,181
167527,42.3335873467481,-82.9239264397578,182
167527,42.33364529,-82.92421393,183
167527,42.33364529,-82.92421393,184
167527,42.33364529,-82.92421393,185
167527,42.3335907590177,-82.9245429117088,186
167527,42.3335646212981,-82.9255131057043,187
167527,42.3335528651836,-82.9279174723503,188
167527,42.333583598386,-82.9283037104484,189
167527,42.3336044176436,-82.9286979951736,190
167527,42.333596993108,-82.9306006134224,191
167527,42.33365234,-82.93099699,192
167527,42.33365234,-82.93099699,193
167527,42.33365234,-82.93099699,194
167527,42.3335860877822,-82.9312041104508,195
167527,42.3335741394313,-82.932355073576,196
167527,42.33360662,-82.93263173,197
167527,42.33360662,-82.93263173,198
167527,42.33360662,-82.93263173,199
167527,42.3335711652506,-82.9328754221249,200
167527,42.3335451911039,-82.9351198490391,201
167527,42.33358204,-82.93537795,202
167527,42.33358204,-82.93537795,203
167527,42.33358204,-82.93537795,204
167527,42.3335412255278,-82.9355396147499,205
167527,42.3335245267109,-82.9385780588608,206
167527,42.33356193,-82.93879777,207
167527,42.33356193,-82.93879777,208
167527,42.33356193,-82.93879777,209
167527,42.3335298600281,-82.9390596040167,210
167527,42.3335278772396,-82.9403269477762,211
167527,42.33355574,-82.94050161,212
167527,42.33355574,-82.94050161,213
167527,42.33355574,-82.94050161,214
167527,42.3335087418439,-82.9406958012581,215
167527,42.333495784874,-82.9428635300942,216
167527,42.333464316287,-82.9430497226199,217
167527,42.3334319139585,-82.9439153263893,218
167527,42.3330960370176,-82.9437231337643,219
167527,42.33291657,-82.94369529,220
167527,42.33291657,-82.94369529,221
167527,42.33291657,-82.94369529,222
167527,42.3327896933415,-82.9435501312828,223
167527,42.3295889321657,-82.9415969791679,224
167527,42.32939395,-82.94154245,225
167527,42.32939395,-82.94154245,226
167527,42.32939395,-82.94154245,227
167527,42.3292448958718,-82.9413797202377,228
167527,42.3267069803252,-82.9397925681229,229
167527,42.32655211,-82.93977356,230
167527,42.32655211,-82.93977356,231
167527,42.32655211,-82.93977356,232
167527,42.3264206155152,-82.9396015328133,233
167527,42.3251429745793,-82.9388055595245,234
167527,42.32501,-82.938767,235
167527,42.32501,-82.938767,236
167527,42.32501,-82.938767,237
167527,42.3249163215109,-82.938660635582,238
167527,42.3241991860503,-82.9382201859246,239
167527,42.32406898,-82.938198,240
167527,42.32406898,-82.938198,241
167527,42.324019737808,-82.9381214121767,242
167527,42.3235675895574,-82.9379658432909,243
167527,42.323246324352,-82.9379068344032,244
167527,42.3230995730334,-82.9378639188485,245
167527,42.322833833288,-82.9378907410702,246
167527,42.3224372047145,-82.9379604788466,247
167527,42.321806,-82.938104,248
167527,42.321806,-82.938104,249
167527,42.3216494006064,-82.9380789399147,250
167527,42.3180899631794,-82.938998953373,251
167527,42.31798439,-82.93906951,252
167527,42.31798439,-82.93906951,253
167527,42.317972,-82.938989,254
167527,42.317867,-82.939017,255
167527,42.31783,-82.939025,256
167527,42.317337,-82.939148,257
167527,42.316976,-82.939238,258
167527,42.316354,-82.939349,259
167527,42.315862,-82.939367,260
167527,42.315808,-82.939369,261
167527,42.315535,-82.939358,262
167527,42.314959,-82.939285,263
167527,42.314975,-82.939091,264
167527,42.315053,-82.938599,265
167527,42.315046,-82.938238,266
167527,42.315052,-82.937874,267
167527,42.315281,-82.937944,268
167527,42.315497,-82.938005,269
167527,42.31563,-82.93797,270
167527,42.3157,-82.937747,271
167527,42.315782,-82.937335,272
167527,42.315833,-82.93706,273
167527,42.315904,-82.936699,274
167527,42.315908,-82.936701,275
167528,42.316026,-82.936944,1
167528,42.315954821114,-82.9370186514461,2
167528,42.315884267227,-82.9374500810213,3
167528,42.31572871973,-82.9380816191536,4
167528,42.3151099113807,-82.9379457302457,5
167528,42.3151070963672,-82.9381753773936,6
167528,42.315101978146,-82.9384678602219,7
167528,42.3150753624526,-82.9387975637511,8
167528,42.3150591782251,-82.9390701432108,9
167528,42.3156902041981,-82.9392159304398,10
167528,42.3163840754958,-82.9391988898749,11
167528,42.3168035153361,-82.9391551422266,12
167528,42.317597879051,-82.9389521254354,13
167528,42.3192321135225,-82.9385336987772,14
167528,42.3200732567797,-82.9382862267963,15
167528,42.32017151,-82.93820326,16
167528,42.32017151,-82.93820326,17
167528,42.3202951351738,-82.9382363791332,18
167528,42.3208239747835,-82.9380599914017,19
167528,42.3215339579167,-82.9378639447746,20
167528,42.3219724717466,-82.936599192625,21
167528,42.32199838,-82.93631213,22
167528,42.32199838,-82.93631213,23
167528,42.32199838,-82.93631213,24
167528,42.322066,-82.936358,25
167528,42.322133,-82.936179,26
167528,42.322241,-82.936012,27
167528,42.32252,-82.935296,28
167528,42.322603,-82.934929,29
167528,42.322647,-82.934663,30
167528,42.322615,-82.934021,31
167528,42.322436,-82.932364,32
167528,42.322375,-82.931773,33
167528,42.322288,-82.931789,34
167528,42.322288,-82.931789,35
167528,42.322288,-82.931789,36
167528,42.322375,-82.931773,37
167528,42.322256,-82.930612,38
167528,42.322241,-82.930397,39
167528,42.322144,-82.929733,40
167528,42.322089,-82.928949,41
167528,42.322059,-82.928723,42
167528,42.322018,-82.928406,43
167528,42.321992,-82.928212,44
167528,42.321809,-82.92776,45
167528,42.321552,-82.927379,46
167528,42.321054,-82.926986,47
167528,42.320956,-82.926899,48
167528,42.320687,-82.926656,49
167528,42.320602,-82.926827,50
167528,42.320602,-82.926827,51
167528,42.320602,-82.926827,52
167528,42.320687,-82.926656,53
167528,42.320624,-82.926599,54
167528,42.320485,-82.926381,55
167528,42.320385,-82.925987,56
167528,42.320322,-82.925418,57
167528,42.320233,-82.925042,58
167528,42.320096,-82.924818,59
167528,42.319984,-82.924624,60
167528,42.319736,-82.924177,61
167528,42.319557,-82.923638,62
167528,42.319258,-82.922153,63
167528,42.318865,-82.919134,64
167528,42.31877,-82.918272,65
167528,42.318695,-82.918287,66
167528,42.318695,-82.918287,67
167528,42.31869451,-82.91828666,68
167528,42.3187035777117,-82.9180115484448,69
167528,42.3182213345923,-82.9133248184548,70
167528,42.31814512,-82.91302443,71
167528,42.31814512,-82.91302443,72
167528,42.31814512,-82.91302443,73
167528,42.318259,-82.913012,74
167528,42.31824,-82.91283,75
167528,42.31809,-82.91157,76
167528,42.32073,-82.91221,77
167528,42.32085,-82.91224,78
167528,42.321202,-82.912329,79
167528,42.321217,-82.912271,80
167528,42.321217,-82.912271,81
167528,42.321217,-82.912271,82
167528,42.321202,-82.912329,83
167528,42.32262,-82.91269,84
167528,42.324787,-82.913195,85
167528,42.32479872,-82.91314733,86
167528,42.32479872,-82.91314733,87
167528,42.32479872,-82.91314733,88
167528,42.3249069752616,-82.913188635582,89
167528,42.3249641270631,-82.9131089128628,90
167528,42.3250381779139,-82.912173953373,91
167528,42.3251543982838,-82.910675562006,92
167528,42.3251386,-82.91040163,93
167528,42.3251386,-82.91040163,94
167528,42.3251386,-82.91040163,95
167528,42.3252089322036,-82.9101230269489,96
167528,42.3254153136919,-82.90747183317,97
167528,42.325382,-82.907208,98
167528,42.325382,-82.907208,99
167528,42.325382,-82.907208,100
167528,42.325452,-82.9069769656067,101
167528,42.3256691526762,-82.9041991742744,102
167528,42.32564619,-82.90393733,103
167528,42.32564619,-82.90393733,104
167528,42.32564619,-82.90393733,105
167528,42.3256929491068,-82.9037633153095,106
167528,42.3257420763478,-82.9032352392521,107
167528,42.3257333910853,-82.9028830924444,108
167528,42.325649,-82.9016108945122,109
167528,42.3256497411308,-82.9013171884842,110
167528,42.3256695714964,-82.9010865185089,111
167528,42.32566116,-82.90078917,112
167528,42.32566116,-82.90078917,113
167528,42.32566116,-82.90078917,114
167528,42.32571,-82.9008,115
167528,42.32574,-82.900554,116
167528,42.326013,-82.899207,117
167528,42.326204,-82.898417,118
167528,42.326577,-82.898512,119
167528,42.326589,-82.898422,120
167528,42.326589,-82.898422,121
167528,42.326589,-82.898422,122
167528,42.326577,-82.898512,123
167528,42.327251,-82.898683,124
167528,42.327399,-82.89872,125
167528,42.327771,-82.898803,126
167528,42.328785,-82.899054,127
167528,42.32879659,-82.8989639,128
167528,42.32879659,-82.8989639,129
167528,42.32879659,-82.8989639,130
167528,42.3289850512051,-82.8990513411045,131
167528,42.3307129589713,-82.8994645190144,132
167528,42.33083194,-82.89945829,133
167528,42.33083194,-82.89945829,134
167528,42.33083194,-82.89945829,135
167528,42.3309810085656,-82.8995337055225,136
167528,42.3332160838279,-82.9000799067459,137
167528,42.33334815,-82.90006502,138
167528,42.33334815,-82.90006502,139
167528,42.33334815,-82.90006502,140
167528,42.3334817083412,-82.9001363237664,141
167528,42.3336148622882,-82.9001803877316,142
167528,42.3341015520525,-82.9024947313175,143
167528,42.33420186,-82.90270906,144
167528,42.33420186,-82.90270906,145
167528,42.33420186,-82.90270906,146
167528,42.3342155838147,-82.9030518282735,147
167528,42.3348125908259,-82.9059259481115,148
167528,42.3351107324561,-82.9070286994057,149
167528,42.3346409227809,-82.9069352797623,150
167528,42.33447417,-82.90698071,151
167528,42.33447417,-82.90698071,152
167528,42.33447417,-82.90698071,153
167528,42.3342830689416,-82.9068530319119,154
167528,42.3322565964894,-82.9063561018524,155
167528,42.3323309656526,-82.9067840441456,156
167528,42.33239713,-82.90693721,157
167528,42.33239713,-82.90693721,158
167528,42.33239713,-82.90693721,159
167528,42.3324043301813,-82.9071796699753,160
167528,42.3336124261596,-82.9141866535031,161
167528,42.3336872339275,-82.9147859203072,162
167528,42.3337205351489,-82.9157023214264,163
167528,42.33377346,-82.91599333,164
167528,42.33377346,-82.91599333,165
167528,42.33377346,-82.91599333,166
167528,42.3337056642788,-82.916256197588,167
167528,42.3336946815011,-82.9187713214264,168
167528,42.33373647,-82.91905914,169
167528,42.33373647,-82.91905914,170
167528,42.33373647,-82.91905914,171
167528,42.3336728708814,-82.9193547018871,172
167528,42.3336667753933,-82.9203048181655,173
167528,42.3336507958888,-82.9205792555684,174
167528,42.3336053090548,-82.9210397434356,175
167528,42.3335952778942,-82.9213729767756,176
167528,42.3335798536908,-82.9236349839573,177
167528,42.3335873467481,-82.9239264397578,178
167528,42.33364529,-82.92421393,179
167528,42.33364529,-82.92421393,180
167528,42.33364529,-82.92421393,181
167528,42.3335907590177,-82.9245429117088,182
167528,42.3335646212981,-82.9255131057043,183
167528,42.3335528651836,-82.9279174723503,184
167528,42.333583598386,-82.9283037104484,185
167528,42.3336044176436,-82.9286979951736,186
167528,42.333596993108,-82.9306006134224,187
167528,42.33365234,-82.93099699,188
167528,42.33365234,-82.93099699,189
167528,42.33365234,-82.93099699,190
167528,42.3335860877822,-82.9312041104508,191
167528,42.3335741394313,-82.932355073576,192
167528,42.33360662,-82.93263173,193
167528,42.33360662,-82.93263173,194
167528,42.33360662,-82.93263173,195
167528,42.3335711652506,-82.9328754221249,196
167528,42.3335451911039,-82.9351198490391,197
167528,42.33358204,-82.93537795,198
167528,42.33358204,-82.93537795,199
167528,42.33358204,-82.93537795,200
167528,42.3335412255278,-82.9355396147499,201
167528,42.3335245267109,-82.9385780588608,202
167528,42.33356193,-82.93879777,203
167528,42.33356193,-82.93879777,204
167528,42.33356193,-82.93879777,205
167528,42.3335298600281,-82.9390596040167,206
167528,42.3335278772396,-82.9403269477762,207
167528,42.33355574,-82.94050161,208
167528,42.33355574,-82.94050161,209
167528,42.33355574,-82.94050161,210
167528,42.3335087418439,-82.9406958012581,211
167528,42.333495784874,-82.9428635300942,212
167528,42.333464316287,-82.9430497226199,213
167528,42.3334319139585,-82.9439153263893,214
167528,42.3330960370176,-82.9437231337643,215
167528,42.33291657,-82.94369529,216
167528,42.33291657,-82.94369529,217
167528,42.33291657,-82.94369529,218
167528,42.3327896933415,-82.9435501312828,219
167528,42.3295889321657,-82.9415969791679,220
167528,42.32939395,-82.94154245,221
167528,42.32939395,-82.94154245,222
167528,42.32939395,-82.94154245,223
167528,42.3292448958718,-82.9413797202377,224
167528,42.3267069803252,-82.9397925681229,225
167528,42.32655211,-82.93977356,226
167528,42.32655211,-82.93977356,227
167528,42.32655211,-82.93977356,228
167528,42.3264206155152,-82.9396015328133,229
167528,42.3251429745793,-82.9388055595245,230
167528,42.32501,-82.938767,231
167528,42.32501,-82.938767,232
167528,42.32501,-82.938767,233
167528,42.3249163215109,-82.938660635582,234
167528,42.3241991860503,-82.9382201859246,235
167528,42.32406898,-82.938198,236
167528,42.32406898,-82.938198,237
167528,42.324019737808,-82.9381214121767,238
167528,42.3235675895574,-82.9379658432909,239
167528,42.323246324352,-82.9379068344032,240
167528,42.3230995730334,-82.9378639188485,241
167528,42.322833833288,-82.9378907410702,242
167528,42.3224372047145,-82.9379604788466,243
167528,42.321806,-82.938104,244
167528,42.321806,-82.938104,245
167528,42.3216494006064,-82.9380789399147,246
167528,42.3180899631794,-82.938998953373,247
167528,42.31798439,-82.93906951,248
167528,42.31798439,-82.93906951,249
167528,42.317972,-82.938989,250
167528,42.317867,-82.939017,251
167528,42.31783,-82.939025,252
167528,42.317337,-82.939148,253
167528,42.316976,-82.939238,254
167528,42.316354,-82.939349,255
167528,42.315862,-82.939367,256
167528,42.315808,-82.939369,257
167528,42.315535,-82.939358,258
167528,42.314959,-82.939285,259
167528,42.314975,-82.939091,260
167528,42.315053,-82.938599,261
167528,42.315046,-82.938238,262
167528,42.315052,-82.937874,263
167528,42.315281,-82.937944,264
167528,42.315497,-82.938005,265
167528,42.31563,-82.93797,266
167528,42.3157,-82.937747,267
167528,42.315782,-82.937335,268
167528,42.315833,-82.93706,269
167528,42.315904,-82.936699,270
167528,42.315908,-82.936701,271
167533,42.315908,-82.936701,1
167533,42.315908,-82.936701,2
167533,42.315904,-82.936699,3
167533,42.3160030824181,-82.9361945251976,4
167533,42.3160962994026,-82.9360735235204,5
167533,42.3162578536774,-82.9360507842969,6
167533,42.3167071645364,-82.9362112257864,7
167533,42.3165445321601,-82.9371388002768,8
167533,42.3165022213378,-82.9373248014476,9
167533,42.315974654626,-82.9371423846709,10
167533,42.3159032542802,-82.9372067670626,11
167533,42.3158616040107,-82.9374378904751,12
167533,42.3157505364504,-82.9378840216175,13
167533,42.3156791358502,-82.9380869835716,14
167533,42.3154821227033,-82.9380324442225,15
167533,42.3152632918158,-82.9380234968137,16
167533,42.315166106984,-82.9381563806227,17
167533,42.315053,-82.938599,18
167533,42.314975,-82.939091,19
167533,42.3148924016715,-82.9392224516687,20
167533,42.3146801801201,-82.9391647516159,21
167533,42.3140878070487,-82.9388934422267,22
167533,42.3130709750712,-82.9382443550704,23
167533,42.3129625472793,-82.9381580841278,24
167533,42.312948,-82.93803,25
167533,42.312988,-82.937818,26
167533,42.313039,-82.937546,27
167533,42.313053,-82.937475,28
167533,42.313071,-82.937378,29
167533,42.3130987431619,-82.9371890466458,30
167533,42.313069,-82.93708,31
167533,42.313069,-82.93708,32
167533,42.313069,-82.93708,33
167533,42.3131499626677,-82.9369204989676,34
167533,42.313685259633,-82.9341231792985,35
167533,42.31369,-82.933899,36
167533,42.31369,-82.933899,37
167533,42.31369,-82.933899,38
167533,42.3137626635889,-82.933745609787,39
167533,42.3139656291748,-82.9326839486195,40
167533,42.3140800209244,-82.9318923497028,41
167533,42.3132922754978,-82.9313469593162,42
167533,42.31313011,-82.93130478,43
167533,42.31313011,-82.93130478,44
167533,42.31313011,-82.93130478,45
167533,42.31287,-82.93099,46
167533,42.3110563130828,-82.9298802487914,47
167533,42.310866,-82.929836,48
167533,42.310866,-82.929836,49
167533,42.310866,-82.929836,50
167533,42.3107145002046,-82.9296658528481,51
167533,42.3089055152929,-82.928566147152,52
167533,42.30868192,-82.92846342,53
167533,42.30868192,-82.92846342,54
167533,42.30868192,-82.92846342,55
167533,42.3085682813233,-82.9283289447746,56
167533,42.3068549523971,-82.927258536211,57
167533,42.30669541,-82.92721665,58
167533,42.30669541,-82.92721665,59
167533,42.30669541,-82.92721665,60
167533,42.306718,-82.927151,61
167533,42.306636,-82.927099,62
167533,42.305512,-82.926391,63
167533,42.300395,-82.923174,64
167533,42.299737,-82.92276,65
167533,42.299886,-82.922322,66
167533,42.299925,-82.922211,67
167533,42.29996,-82.922112,68
167533,42.299896,-82.92207,69
167533,42.299896,-82.92207,70
167533,42.299896,-82.92207,71
167533,42.29996,-82.922112,72
167533,42.300174,-82.921516,73
167533,42.300243,-82.921306,74
167533,42.300363,-82.920955,75
167533,42.30104,-82.918965,76
167533,42.300582,-82.918765,77
167533,42.300568,-82.918822,78
167533,42.300568,-82.918822,79
167533,42.300568,-82.918822,80
167533,42.300582,-82.918765,81
167533,42.300249,-82.91862,82
167533,42.299489,-82.918303,83
167533,42.299072,-82.91813,84
167533,42.298962,-82.918032,85
167533,42.298861,-82.917878,86
167533,42.298824,-82.917773,87
167533,42.298805,-82.917643,88
167533,42.298811,-82.917423,89
167533,42.299127,-82.916138,90
167533,42.299235,-82.91561,91
167533,42.299192,-82.915594,92
167533,42.299192,-82.915594,93
167533,42.299192,-82.915594,94
167533,42.299235,-82.91561,95
167533,42.299276,-82.915409,96
167533,42.299595,-82.914199,97
167533,42.299834,-82.913486,98
167533,42.300168,-82.912792,99
167533,42.300174,-82.912775,100
167533,42.300092,-82.912721,101
167533,42.300092,-82.912721,102
167533,42.300092,-82.912721,103
167533,42.300174,-82.912775,104
167533,42.300482,-82.911918,105
167533,42.300517,-82.91182,106
167533,42.300894,-82.910812,107
167533,42.301155,-82.910323,108
167533,42.301271,-82.91022,109
167533,42.301215,-82.910106,110
167533,42.301215,-82.910106,111
167533,42.301215,-82.910106,112
167533,42.301271,-82.91022,113
167533,42.301538,-82.909982,114
167533,42.302276,-82.909519,115
167533,42.302544,-82.909066,116
167533,42.302975,-82.907551,117
167533,42.30315,-82.90587,118
167533,42.303193,-82.905546,119
167533,42.303128,-82.90553,120
167533,42.303128,-82.90553,121
167533,42.303128,-82.90553,122
167533,42.303193,-82.905546,123
167533,42.303425,-82.903791,124
167533,42.303456,-82.903538,125
167533,42.30351,-82.90307,126
167533,42.303516,-82.903041,127
167533,42.303463,-82.903021,128
167533,42.303463,-82.903021,129
167533,42.303463,-82.903021,130
167533,42.303516,-82.903041,131
167533,42.30361,-82.90259,132
167533,42.30374,-82.90207,133
167533,42.3039,-82.90162,134
167533,42.30417,-82.90121,135
167533,42.304415,-82.901008,136
167533,42.304605,-82.900936,137
167533,42.304817,-82.900908,138
167533,42.3052723564238,-82.9009839892388,139
167533,42.305329,-82.900923,140
167533,42.305329,-82.900923,141
167533,42.305329,-82.900923,142
167533,42.30538,-82.900935,143
167533,42.30537,-82.901016,144
167533,42.305851,-82.901111,145
167533,42.305858,-82.90111,146
167533,42.305941,-82.900391,147
167533,42.305971,-82.900135,148
167533,42.305945,-82.899924,149
167533,42.306007,-82.899412,150
167533,42.30612,-82.899434,151
167533,42.306896,-82.899602,152
167533,42.306917,-82.899429,153
167533,42.306917,-82.899429,154
167533,42.306917,-82.899429,155
167533,42.306896,-82.899602,156
167533,42.30913,-82.900086,157
167533,42.309144,-82.899971,158
167533,42.309144,-82.899971,159
167533,42.310719,-82.900344,160
167533,42.31071925,-82.90034358,161
167533,42.310949789584,-82.9004752944775,162
167533,42.3132705166878,-82.9010355570431,163
167533,42.31347106,-82.90102032,164
167533,42.313471,-82.90102,165
167533,42.313471,-82.90102,166
167533,42.313457,-82.901122,167
167533,42.314006,-82.901255,168
167533,42.315368,-82.901603,169
167533,42.315973,-82.901758,170
167533,42.317048,-82.902021,171
167533,42.317069,-82.902231,172
167533,42.317075,-82.902292,173
167533,42.317116,-82.902717,174
167533,42.317212,-82.903562,175
167533,42.317279,-82.903548,176
167533,42.317279,-82.903548,177
167533,42.317279,-82.903548,178
167533,42.317212,-82.903562,179
167533,42.317237,-82.903781,180
167533,42.317262,-82.904048,181
167533,42.317376,-82.905057,182
167533,42.317477,-82.906002,183
167533,42.31756671,-82.90598378,184
167533,42.31756671,-82.90598378,185
167533,42.31756671,-82.90598378,186
167533,42.3175733901788,-82.9062240638237,187
167533,42.3177464071573,-82.9077040005696,188
167533,42.3178708161064,-82.9089213741703,189
167533,42.31792625,-82.90920428,190
167533,42.31792625,-82.90920428,191
167533,42.31792625,-82.90920428,192
167533,42.31785,-82.90932,193
167533,42.31799,-82.91046,194
167533,42.31809,-82.91157,195
167533,42.318146,-82.912041,196
167533,42.318213,-82.912034,197
167533,42.318213,-82.912034,198
167533,42.318213,-82.912034,199
167533,42.318146,-82.912041,200
167533,42.318814,-82.918521,201
167533,42.31887998,-82.91851318,202
167533,42.31887998,-82.91851318,203
167533,42.31887998,-82.91851318,204
167533,42.3188854137911,-82.9188365006637,205
167533,42.3189316123098,-82.919300918621,206
167533,42.3192429815732,-82.921544586462,207
167533,42.3193237820767,-82.9221889533729,208
167533,42.3194492380714,-82.92289776091,209
167533,42.3195867819689,-82.923605317791,210
167533,42.319676317761,-82.9239049303951,211
167533,42.3198107483207,-82.9242009533729,212
167533,42.3202351931175,-82.9249181373997,213
167533,42.3203079718014,-82.9251079011383,214
167533,42.3203595351167,-82.9253305244865,215
167533,42.320462,-82.926258,216
167533,42.320569,-82.9265260932541,217
167533,42.3210309075045,-82.9270373497028,218
167533,42.3209754857634,-82.927202684164,219
167533,42.3208862424109,-82.9273703222274,220
167533,42.3207850336197,-82.9275176588955,221
167533,42.320629419168,-82.9276693885326,222
167533,42.3205217227839,-82.9277685042992,223
167533,42.3205015029533,-82.9278182511329,224
167533,42.3204796295589,-82.9279503158036,225
167533,42.3204380405487,-82.9280368511676,226
167533,42.320381,-82.928098,227
167533,42.3203140903551,-82.928109270811,228
167533,42.3202654436124,-82.9281032017174,229
167533,42.3202099720038,-82.9280636732578,230
167533,42.320172,-82.928007,231
167533,42.3199639954897,-82.9279798201027,232
167533,42.3198906164517,-82.9280200532379,233
167533,42.3198390527523,-82.9281099072399,234
167533,42.319801,-82.928301,235
167533,42.319801,-82.928301,236
167533,42.319801,-82.928301,237
167533,42.319748,-82.928265,238
167533,42.319554,-82.928785,239
167533,42.319398,-82.929194,240
167533,42.31937,-82.929343,241
167533,42.3193613961516,-82.929588402416,242
167533,42.3193018913664,-82.9300296157996,243
167533,42.319111,-82.93099,244
167533,42.319111,-82.93099,245
167533,42.318556,-82.933189,246
167533,42.318556,-82.933189,247
167533,42.318161,-82.934299,248
167533,42.317936,-82.934152,249
167533,42.31733,-82.933795,250
167533,42.317293,-82.933772,251
167533,42.317031,-82.933622,252
167533,42.316794,-82.933443,253
167533,42.316667,-82.933451,254
167533,42.316397,-82.933284,255
167533,42.315711,-82.93287,256
167533,42.315287,-82.932604,257
167533,42.315262,-82.932678,258
167533,42.315262,-82.932678,259
167533,42.315262,-82.932678,260
167533,42.315287,-82.932604,261
167533,42.314245,-82.931949,262
167533,42.314231,-82.932197,263
167533,42.314038,-82.933166,264
167533,42.313889,-82.933908,265
167533,42.31379,-82.934439,266
167533,42.3137377329933,-82.9347489900536,267
167533,42.3137139320411,-82.9349421046447,268
167533,42.31379379,-82.93499073,269
167533,42.313802,-82.934995,270
167533,42.31379379,-82.93499073,271
167533,42.3137086368188,-82.9352091415847,272
167533,42.3132445164118,-82.9376177652801,273
167533,42.31323058,-82.93787641,274
167533,42.31323058,-82.93787641,275
167533,42.31323058,-82.93787641,276
167533,42.313138,-82.937844,277
167533,42.313126,-82.937907,278
167533,42.313088,-82.938108,279
167533,42.313174,-82.938174,280
167533,42.313596,-82.938429,281
167533,42.314124,-82.938747,282
167533,42.314767,-82.939023,283
167533,42.314975,-82.939091,284
167533,42.315053,-82.938599,285
167533,42.315046,-82.938238,286
167533,42.315052,-82.937874,287
167533,42.315281,-82.937944,288
167533,42.315497,-82.938005,289
167533,42.315648063392,-82.938027978056,290
167533,42.3157,-82.937747,291
167533,42.315782,-82.937335,292
167533,42.315833,-82.93706,293
167533,42.3164602408398,-82.9372604191576,294
167533,42.3165280044692,-82.9371307791098,295
167533,42.3166754313985,-82.9363399744068,296
167533,42.3166661758956,-82.9362380503517,297
167533,42.3162406874164,-82.9360507448276,298
167533,42.3161134883092,-82.9361969233651,299
167533,42.3160520048185,-82.9364338516098,300
167533,42.315993165743,-82.9367816446029,301
167533,42.316026,-82.936944,302
167533,42.316026,-82.936944,303
167547,42.249681,-83.08968,1
167547,42.249681,-83.08968,2
167547,42.249734,-83.090229,3
167547,42.249767,-83.090344,4
167547,42.249774,-83.090373,5
167547,42.24981,-83.090514,6
167547,42.249928,-83.090977,7
167547,42.250045,-83.091435,8
167547,42.250373,-83.092746,9
167547,42.251325,-83.096521,10
167547,42.25111,-83.096618,11
167547,42.2510729829131,-83.0964688418486,12
167547,42.25111,-83.096618,13
167547,42.250713,-83.096796,14
167547,42.250436,-83.096933,15
167547,42.250303,-83.096998,16
167547,42.250017,-83.096981,17
167547,42.249659,-83.09694,18
167547,42.249659,-83.09694,19
167547,42.249659,-83.09694,20
167547,42.249676,-83.096854,21
167547,42.249246,-83.096694,22
167547,42.248765,-83.096637,23
167547,42.248448,-83.096612,24
167547,42.248321,-83.096552,25
167547,42.248174,-83.096397,26
167547,42.247996,-83.095867,27
167547,42.24796,-83.095889,28
167547,42.24796,-83.095889,29
167547,42.24796,-83.095889,30
167547,42.247996,-83.095867,31
167547,42.247857,-83.095453,32
167547,42.24773,-83.094852,33
167547,42.247774,-83.09444,34
167547,42.248016,-83.093994,35
167547,42.248333,-83.093651,36
167547,42.248852,-83.093417,37
167547,42.248844,-83.093383,38
167547,42.248844,-83.093383,39
167547,42.248844,-83.093383,40
167547,42.248852,-83.093417,41
167547,42.248905,-83.093393,42
167547,42.250373,-83.092746,43
167547,42.2501,-83.091655,44
167547,42.250052,-83.091677,45
167547,42.250052,-83.091677,46
167547,42.250052,-83.091677,47
167547,42.2501,-83.091655,48
167547,42.250045,-83.091435,49
167547,42.249928,-83.090977,50
167547,42.249767,-83.090344,51
167547,42.248795,-83.090771,52
167547,42.248563,-83.090919,53
167547,42.248378,-83.09111,54
167547,42.24817,-83.091421,55
167547,42.24662,-83.093926,56
167547,42.246366,-83.094337,57
167547,42.246219,-83.094576,58
167547,42.246055,-83.094843,59
167547,42.246095,-83.094888,60
167547,42.246095,-83.094888,61
167547,42.246095,-83.094888,62
167547,42.2459314282394,-83.095072324479,63
167547,42.2458162663624,-83.0952882423047,64
167547,42.2456931620545,-83.0956330563669,65
167547,42.2456286314746,-83.0959441926126,66
167547,42.2456067903403,-83.096378710473,67
167547,42.2456138078023,-83.0966228833644,68
167547,42.2456614611712,-83.0969596919592,69
167547,42.2460134071412,-83.0983344505749,70
167547,42.246091,-83.09842,71
167547,42.246091,-83.09842,72
167547,42.246091,-83.09842,73
167547,42.2460762848999,-83.0985677588728,74
167547,42.2462286169977,-83.0991609619126,75
167547,42.246289175891,-83.099595479773,76
167547,42.2462137254577,-83.100221775578,77
167547,42.2460707664945,-83.1008529046839,78
167547,42.2459268144333,-83.1011452654665,79
167547,42.2457855406203,-83.1012776298888,80
167547,42.2456068406528,-83.1013326151736,81
167547,42.2454056429961,-83.1013178630241,82
167547,42.2450147244016,-83.1011901210049,83
167547,42.2448812206778,-83.1011528874922,84
167547,42.2443645051176,-83.1010419469132,85
167547,42.244159,-83.101111,86
167547,42.244159,-83.101111,87
167547,42.244159,-83.101111,88
167547,42.2440347029891,-83.1010605385003,89
167547,42.2426662841125,-83.1012741116754,90
167547,42.2419662978842,-83.101384082245,91
167547,42.24181,-83.101467,92
167547,42.24181,-83.101467,93
167547,42.24181,-83.101467,94
167547,42.2416538938575,-83.101425156414,95
167547,42.2400905034261,-83.1017290140572,96
167547,42.239709,-83.101849,97
167547,42.239709,-83.101849,98
167547,42.239709,-83.101849,99
167547,42.239557692951,-83.1018300031595,100
167547,42.2387947321075,-83.1019958443895,101
167547,42.238114,-83.102212,102
167547,42.238114,-83.102212,103
167547,42.238114,-83.102212,104
167547,42.2379556241004,-83.1021797962952,105
167547,42.2364665524109,-83.1024684791326,106
167547,42.236257,-83.10255,107
167547,42.236257,-83.10255,108
167547,42.236257,-83.10255,109
167547,42.2360419312732,-83.1025426416989,110
167547,42.2346130744726,-83.1027894049282,111
167547,42.234508,-83.102874,112
167547,42.234508,-83.102874,113
167547,42.234508,-83.102874,114
167547,42.2343074801534,-83.1028549361763,115
167547,42.2325168527625,-83.1030997406793,116
167547,42.232371,-83.103199,117
167547,42.232371,-83.103199,118
167547,42.232371,-83.103199,119
167547,42.2320042841656,-83.1031673614464,120
167547,42.23035,-83.10326,121
167547,42.2298,-83.10317,122
167547,42.22903,-83.10274,123
167547,42.22908,-83.10258,124
167547,42.22908,-83.10235,125
167547,42.22904,-83.10212,126
167547,42.228934,-83.101868,127
167547,42.228934,-83.101868,128
167547,42.228934,-83.101868,129
167547,42.228892298577,-83.1015402538242,130
167547,42.2274283897781,-83.0956990366666,131
167547,42.22768,-83.09561,132
167547,42.22774,-83.095545,133
167547,42.22774,-83.095545,134
167547,42.22774,-83.095545,135
167547,42.2280109126094,-83.0955901908074,136
167547,42.2295441722298,-83.0955097245369,137
167547,42.229775,-83.095458,138
167547,42.229775,-83.095458,139
167547,42.229775,-83.095458,140
167547,42.2299962994424,-83.0954870552254,141
167547,42.2315970348366,-83.0953636736107,142
167547,42.231812,-83.095329,143
167547,42.231812,-83.095329,144
167547,42.231812,-83.095329,145
167547,42.2321708980391,-83.0953656441803,146
167547,42.2342565677838,-83.0952586423716,147
167547,42.234375,-83.095199,148
167547,42.234375,-83.095199,149
167547,42.234375,-83.095199,150
167547,42.2346123034018,-83.0952426952801,151
167547,42.2346361342454,-83.0951756400547,152
167547,42.23457,-83.09479,153
167547,42.23441,-83.09415,154
167547,42.23416,-83.09313,155
167547,42.23403,-83.092867,156
167547,42.23403,-83.092867,157
167547,42.23403,-83.092867,158
167547,42.2340037507299,-83.0925437314911,159
167547,42.2333242297734,-83.0898938371664,160
167547,42.233229,-83.089682,161
167547,42.233229,-83.089682,162
167547,42.233229,-83.089682,163
167547,42.2331893737785,-83.0893404596806,164
167547,42.2325695381826,-83.086880289115,165
167547,42.232465,-83.086661,166
167547,42.232465,-83.086661,167
167547,42.232465,-83.086661,168
167547,42.232465103961,-83.0864610635071,169
167547,42.2315062187642,-83.0826421893961,170
167547,42.231387,-83.082395,171
167547,42.231387,-83.082395,172
167547,42.231387,-83.082395,173
167547,42.2313953657018,-83.0822392939034,174
167547,42.2299956051241,-83.0766394397074,175
167547,42.229859,-83.076337,176
167547,42.229859,-83.076337,177
167547,42.229859,-83.076337,178
167547,42.229842708335,-83.0760398652553,179
167547,42.2290949545458,-83.0730989768505,180
167547,42.22899,-83.072934,181
167547,42.22899,-83.072934,182
167547,42.22899,-83.072934,183
167547,42.2289892709479,-83.0727445082817,184
167547,42.2280497608244,-83.0689346785084,185
167547,42.227934,-83.068717,186
167547,42.227934,-83.068717,187
167547,42.227934,-83.068717,188
167547,42.2279283535767,-83.0684629555378,189
167547,42.2269021127665,-83.0643843407681,190
167547,42.2268,-83.064156,191
167547,42.2268,-83.064156,192
167547,42.2268,-83.064156,193
167547,42.2267790074885,-83.0638834075832,194
167547,42.2261100601689,-83.0612968528268,195
167547,42.22593,-83.060845,196
167547,42.22593,-83.060845,197
167547,42.22593,-83.060845,198
167547,42.226,-83.060824,199
167547,42.22595,-83.06065,200
167547,42.22595,-83.06034,201
167547,42.225871,-83.058435,202
167547,42.225737,-83.058441,203
167547,42.225737,-83.058441,204
167547,42.225737,-83.058441,205
167547,42.225871,-83.058435,206
167547,42.225869,-83.058405,207
167547,42.22586,-83.05814,208
167547,42.2257964123357,-83.0572693118875,209
167547,42.2256295719359,-83.0560462180259,210
167547,42.2252561656338,-83.0547372930161,211
167547,42.2249304264176,-83.0540399149372,212
167547,42.2243877436017,-83.0532767484664,213
167547,42.223275441123,-83.0514099209935,214
167547,42.2224253110166,-83.0500902670902,215
167547,42.2220201047882,-83.0498220447521,216
167547,42.2214480445092,-83.0493714312242,217
167547,42.2213606459546,-83.0499078759003,218
167547,42.2214770905599,-83.0503662222498,219
167547,42.2219617528532,-83.0513425515604,220
167547,42.2221405207927,-83.0517770717481,221
167547,42.222309695556,-83.0517761184039,222
167547,42.2224702469978,-83.0521203963408,223
167547,42.222375,-83.052636,224
167547,42.222375,-83.052636,225
167547,42.222375,-83.052636,226
167547,42.2221001067389,-83.0525502043381,227
167547,42.22181,-83.05304,228
167547,42.22182,-83.05362,229
167547,42.22212,-83.05414,230
167547,42.22265,-83.05439,231
167547,42.2228237376286,-83.0548424925292,232
167547,42.2229648707321,-83.0591368546551,233
167547,42.223037,-83.059816,234
167547,42.223037,-83.059816,235
167547,42.223037,-83.059816,236
167547,42.2230561506498,-83.0604493055573,237
167547,42.2242710427701,-83.0605178492339,238
167547,42.2253146845801,-83.0605440771366,239
167547,42.225562,-83.060484,240
167547,42.225562,-83.060484,241
167547,42.225562,-83.060484,242
167547,42.2257462519741,-83.0605683766518,243
167547,42.2269995886917,-83.0606457911478,244
167547,42.2294594620812,-83.0610417414935,245
167547,42.229613,-83.061019,246
167547,42.229613,-83.061019,247
167547,42.229613,-83.061019,248
167547,42.229783285522,-83.0610790545616,249
167547,42.2328908578986,-83.0615610659095,250
167547,42.233211,-83.061561,251
167547,42.233211,-83.061561,252
167547,42.233211,-83.061561,253
167547,42.2333598282565,-83.0616255552254,254
167547,42.2346563833147,-83.0615602251167,255
167547,42.234821,-83.061479,256
167547,42.234821,-83.061479,257
167547,42.234821,-83.061479,258
167547,42.2349737528582,-83.0615364429569,259
167547,42.2367143721792,-83.0614055050693,260
167547,42.236967,-83.061337,261
167547,42.236967,-83.061337,262
167547,42.236967,-83.061337,263
167547,42.2371264486115,-83.0613925975533,264
167547,42.2383190274266,-83.0613268834324,265
167547,42.238472,-83.061246,266
167547,42.238472,-83.061246,267
167547,42.238472,-83.061246,268
167547,42.2387375009255,-83.0612915975533,269
167547,42.2397978954342,-83.061248682209,270
167547,42.240057,-83.061132,271
167547,42.240057,-83.061132,272
167547,42.240057,-83.061132,273
167547,42.2402003653192,-83.0612178306885,274
167547,42.2425727977687,-83.0610622625656,275
167547,42.242651,-83.06099,276
167547,42.242651,-83.06099,277
167547,42.242651,-83.06099,278
167547,42.2428220320469,-83.0610547883606,279
167547,42.2448962258566,-83.0608777625656,280
167547,42.245101,-83.060797,281
167547,42.245101,-83.060797,282
167547,42.245101,-83.060797,283
167547,42.2454923936179,-83.0608530733204,284
167547,42.2473726005318,-83.0607408491319,285
167547,42.24756782,-83.06064666,286
167547,42.24756782,-83.06064666,287
167547,42.24756782,-83.06064666,288
167547,42.247772364588,-83.0606939824867,289
167547,42.2480503325546,-83.060647043829,290
167547,42.24804,-83.06,291
167547,42.2479661181525,-83.0575929068056,292
167547,42.247882,-83.0571,293
167547,42.247882,-83.0571,294
167547,42.247882,-83.0571,295
167547,42.24793,-83.05675,296
167547,42.247888,-83.05664,297
167547,42.24787,-83.05659,298
167547,42.24775,-83.05657,299
167547,42.24706,-83.05664,300
167547,42.24687,-83.05657,301
167547,42.24681,-83.05638,302
167547,42.24674,-83.05535,303
167547,42.24659,-83.0553,304
167547,42.2455524958112,-83.0553781413656,305
167547,42.245284,-83.055463,306
167547,42.245284,-83.055463,307
167547,42.245284,-83.055463,308
167547,42.2451517042476,-83.0553906025467,309
167547,42.24461,-83.0554,310
167547,42.2445798568246,-83.0539127053795,311
167547,42.2444888828972,-83.0510594984865,312
167547,42.244393574352,-83.0484654330371,313
167547,42.2443446098626,-83.0468065692434,314
167547,42.244284,-83.046424,315
167547,42.244289,-83.046424,316
167547,42.244289,-83.046424,317
167547,42.244325277955,-83.0461487311745,318
167547,42.2441207609944,-83.0399631406472,319
167547,42.244059,-83.039582,320
167547,42.244059,-83.039582,321
167547,42.244059,-83.039582,322
167547,42.244094822599,-83.0392538660927,323
167547,42.2439161178425,-83.0338143462105,324
167547,42.243848,-83.03328,325
167547,42.243848,-83.03328,326
167547,42.243848,-83.03328,327
167547,42.2438822477885,-83.0328565676327,328
167547,42.2438187081634,-83.0308368642445,329
167547,42.243762,-83.030571,330
167547,42.243762,-83.030571,331
167547,42.243762,-83.030571,332
167547,42.24382,-83.03031,333
167547,42.2431,-83.02985,334
167547,42.2396710417886,-83.0276792786944,335
167547,42.239423,-83.027599,336
167547,42.239423,-83.027599,337
167547,42.239423,-83.027599,338
167547,42.2389658595225,-83.0272371941593,339
167547,42.23831,-83.02679,340
167547,42.2379406018483,-83.0265952908612,341
167547,42.237685,-83.026483,342
167547,42.237685,-83.026483,343
167547,42.237685,-83.026483,344
167547,42.2375,-83.02627,345
167547,42.23643,-83.0256,346
167547,42.23568,-83.02513,347
167547,42.2357316108904,-83.024775276617,348
167547,42.2359172893483,-83.0242911378899,349
167547,42.235988,-83.02395,350
167547,42.235988,-83.02395,351
167547,42.235988,-83.02395,352
167547,42.2361286920945,-83.0236777964687,353
167547,42.2362041545883,-83.0232942405796,354
167547,42.236243871654,-83.0219665471172,355
167547,42.236216,-83.02146,356
167547,42.236216,-83.02146,357
167547,42.236216,-83.02146,358
167547,42.2363013065521,-83.0210689442845,359
167547,42.2365098205474,-83.0204761760922,360
167547,42.2370976277206,-83.0195186274738,361
167547,42.237212,-83.019256,362
167547,42.237212,-83.019256,363
167547,42.237212,-83.019256,364
167547,42.2374057607621,-83.0190433460674,365
167547,42.2377651924526,-83.0185015398464,366
167547,42.2381742669132,-83.0182199078999,367
167547,42.238298,-83.018088,368
167547,42.238298,-83.018088,369
167547,42.238298,-83.018088,370
167547,42.2386276457662,-83.0179386663399,371
167547,42.23943,-83.01743,372
167547,42.2396364127487,-83.0169301557503,373
167547,42.239699,-83.01668,374
167547,42.239699,-83.01668,375
167547,42.239699,-83.01668,376
167547,42.2398381245876,-83.0164831387272,377
167547,42.2400783986164,-83.01590378158,378
167547,42.2393516165209,-83.0154343950024,379
167547,42.239127,-83.015374,380
167547,42.239127,-83.015374,381
167547,42.239127,-83.015374,382
167547,42.238860929515,-83.0150999210213,383
167547,42.2377546789042,-83.0144061665477,384
167547,42.2373257435405,-83.0140628437938,385
167547,42.237063,-83.013895,386
167547,42.237063,-83.013895,387
167547,42.237063,-83.013895,388
167547,42.2369110995677,-83.0136089037743,389
167547,42.23631,-83.01298,390
167547,42.2352747530606,-83.0123482655373,391
167547,42.234977,-83.01221,392
167547,42.234977,-83.01221,393
167547,42.234977,-83.01221,394
167547,42.234648525641,-83.0119245787125,395
167547,42.23239,-83.01042,396
167547,42.2320509112414,-83.0100041170578,397
167547,42.23165,-83.009347,398
167547,42.23165,-83.009347,399
167547,42.23165,-83.009347,400
167547,42.2314500279828,-83.0088240380287,401
167547,42.2312514273199,-83.0086577410698,402
167547,42.2307152024086,-83.0085289950371,403
167547,42.230427,-83.008531,404
167547,42.230427,-83.008531,405
167547,42.230427,-83.008531,406
167547,42.2303430178175,-83.0082230139316,407
167547,42.2306607831514,-83.0064139233173,408
167547,42.231213037081,-83.0032718181076,409
167547,42.2314175958786,-83.0020514130058,410
167547,42.231442,-83.00176,411
167547,42.231442,-83.00176,412
167547,42.231442,-83.00176,413
167547,42.231456,-83.001764,414
167547,42.231483,-83.001606,415
167547,42.232185,-82.997705,416
167547,42.23227,-82.997175,417
167547,42.233157,-82.997127,418
167547,42.233427,-82.997116,419
167547,42.233467,-82.997114,420
167547,42.233726,-82.997093,421
167547,42.233771,-82.997089,422
167547,42.234186,-82.997054,423
167547,42.23481,-82.996997,424
167547,42.234949,-82.996987,425
167547,42.235041,-82.996927,426
167547,42.235216,-82.996911,427
167547,42.235329,-82.996908,428
167547,42.235447,-82.996901,429
167547,42.235488,-82.997023,430
167547,42.235545,-82.997201,431
167547,42.235721,-82.997749,432
167547,42.235864,-82.998142,433
167547,42.236036,-82.998548,434
167547,42.236201,-82.998869,435
167547,42.236345,-82.999142,436
167547,42.236555,-82.999476,437
167547,42.236836,-82.999917,438
167547,42.237111,-83.000328,439
167547,42.237291,-83.000616,440
167547,42.237448,-83.000888,441
167547,42.237606,-83.001167,442
167547,42.237751,-83.001435,443
167547,42.237861,-83.001683,444
167547,42.237952,-83.001923,445
167547,42.238037,-83.002158,446
167547,42.238108,-83.002383,447
167547,42.23816,-83.00257,448
167547,42.238276,-83.003061,449
167547,42.238344,-83.003458,450
167547,42.238442,-83.004104,451
167547,42.238528,-83.004717,452
167547,42.238596,-83.00519,453
167547,42.238672,-83.005695,454
167547,42.238706,-83.005915,455
167547,42.238785,-83.006293,456
167547,42.23884,-83.006533,457
167547,42.238898,-83.006758,458
167547,42.239018,-83.007134,459
167547,42.239313,-83.007963,460
167547,42.239839,-83.009366,461
167547,42.240487,-83.011088,462
167547,42.240915,-83.012215,463
167547,42.241135,-83.012805,464
167547,42.241531,-83.013945,465
167547,42.241633,-83.014255,466
167547,42.241647,-83.014292,467
167547,42.241695,-83.014432,468
167547,42.241735,-83.014556,469
167547,42.241889,-83.015044,470
167547,42.242197,-83.01598,471
167547,42.242512,-83.017001,472
167547,42.242815,-83.017949,473
167547,42.242929,-83.018294,474
167547,42.243208,-83.019121,475
167547,42.243429,-83.019813,476
167547,42.243529,-83.020124,477
167547,42.24354,-83.020152,478
167547,42.243603,-83.020342,479
167547,42.243712,-83.020275,480
167547,42.244466,-83.019812,481
167547,42.244618,-83.019717,482
167547,42.24474,-83.01964,483
167547,42.24483,-83.019449,484
167547,42.244839,-83.01943,485
167547,42.245308,-83.018097,486
167547,42.245327,-83.018056,487
167547,42.245354,-83.018012,488
167547,42.245436,-83.017901,489
167547,42.245918,-83.017239,490
167547,42.245988,-83.017344,491
167547,42.246023,-83.017401,492
167547,42.246044,-83.017446,493
167547,42.24606,-83.017493,494
167547,42.24607,-83.017545,495
167547,42.246076,-83.017593,496
167547,42.246076,-83.01764,497
167547,42.246073,-83.017682,498
167547,42.246065,-83.017729,499
167547,42.246042,-83.017794,500
167547,42.246038,-83.017805,501
167547,42.246102,-83.017846,502
167547,42.246094,-83.017841,503
167545,42.246094,-83.017841,1
167545,42.246102,-83.017846,2
167545,42.2460051546079,-83.0179595947811,3
167545,42.2459508829882,-83.0180650949478,4
167545,42.2458880072861,-83.0181357263461,5
167545,42.2458363829869,-83.0181464551822,6
167545,42.245760932012,-83.0181169508831,7
167545,42.245436,-83.017901,8
167545,42.245354,-83.018012,9
167545,42.245327,-83.018056,10
167545,42.245308,-83.018097,11
167545,42.244839,-83.01943,12
167545,42.24483,-83.019449,13
167545,42.24474,-83.01964,14
167545,42.244618,-83.019717,15
167545,42.244466,-83.019812,16
167545,42.243712,-83.020275,17
167545,42.243603,-83.020342,18
167545,42.243496,-83.020404,19
167545,42.243436,-83.020218,20
167545,42.242996,-83.018842,21
167545,42.242596,-83.017576,22
167545,42.242121,-83.016126,23
167545,42.242015,-83.015798,24
167545,42.24169,-83.014783,25
167545,42.241637,-83.014622,26
167545,42.241594,-83.014495,27
167545,42.241545,-83.01435,28
167545,42.24115,-83.013198,29
167545,42.240415,-83.011134,30
167545,42.239769,-83.00941,31
167545,42.239251,-83.008025,32
167545,42.238986,-83.007336,33
167545,42.238868,-83.007008,34
167545,42.238737,-83.006578,35
167545,42.238671,-83.006298,36
167545,42.238631,-83.00612,37
167545,42.238597,-83.005944,38
167545,42.238522,-83.005954,39
167545,42.238406,-83.005971,40
167545,42.238226,-83.005922,41
167545,42.234897,-83.003756,42
167545,42.23485,-83.003722,43
167545,42.234777,-83.003641,44
167545,42.234675,-83.003582,45
167545,42.234634,-83.003711,46
167545,42.234634,-83.003711,47
167545,42.234634,-83.003711,48
167545,42.2345507219516,-83.0036356315763,49
167545,42.23344,-83.0029,50
167545,42.2325600435383,-83.0023545849779,51
167545,42.232447,-83.002319,52
167545,42.232447,-83.002319,53
167545,42.232447,-83.002319,54
167545,42.23222,-83.00212,55
167545,42.2315249064896,-83.0016899167962,56
167545,42.2312363130714,-83.0032445975082,57
167545,42.2303548386049,-83.0083610711712,58
167545,42.23085,-83.0085,59
167545,42.231178,-83.008534,60
167545,42.231178,-83.008534,61
167545,42.231178,-83.008534,62
167545,42.23148,-83.00885,63
167545,42.2321010108707,-83.0099935755673,64
167545,42.232189,-83.010072,65
167545,42.232189,-83.010072,66
167545,42.232189,-83.010072,67
167545,42.23239,-83.01042,68
167545,42.2345789186928,-83.0118402982864,69
167545,42.23477,-83.011892,70
167545,42.23477,-83.011892,71
167545,42.23477,-83.011892,72
167545,42.2351393617009,-83.0121822189102,73
167545,42.23631,-83.01298,74
167545,42.2370140115798,-83.0136198829422,75
167545,42.237192,-83.013793,76
167545,42.237192,-83.013793,77
167545,42.237192,-83.013793,78
167545,42.2373481366968,-83.0139981557503,79
167545,42.23759,-83.01423,80
167545,42.238821596386,-83.0149959375038,81
167545,42.239077,-83.015131,82
167545,42.239077,-83.015131,83
167545,42.239077,-83.015131,84
167545,42.2392935162975,-83.0153047931499,85
167545,42.24014,-83.01591,86
167545,42.24007,-83.01603,87
167545,42.239813,-83.016758,88
167545,42.239813,-83.016758,89
167545,42.239813,-83.016758,90
167545,42.2396932380707,-83.0169872576027,91
167545,42.23944700532,-83.0174861484794,92
167545,42.2388353907817,-83.0178938442497,93
167545,42.238657,-83.018066,94
167545,42.238657,-83.018066,95
167545,42.238657,-83.018066,96
167545,42.2384428499819,-83.0181255876274,97
167545,42.23786,-83.0185,98
167545,42.2373506596249,-83.0192628442497,99
167545,42.237214,-83.019549,100
167545,42.237214,-83.019549,101
167545,42.237214,-83.019549,102
167545,42.2370807127911,-83.0196621440067,103
167545,42.23647,-83.02069,104
167545,42.23632,-83.02123,105
167545,42.2363121933225,-83.0216308854237,106
167545,42.236329,-83.02189,107
167545,42.236329,-83.02189,108
167545,42.236329,-83.02189,109
167545,42.2362959047935,-83.0220646397076,110
167545,42.23623,-83.0233,111
167545,42.2361846970382,-83.0236927405796,112
167545,42.2360238426167,-83.024132622858,113
167545,42.23597,-83.024377,114
167545,42.23597,-83.024377,115
167545,42.23597,-83.024377,116
167545,42.2358,-83.02478,117
167545,42.23568,-83.02513,118
167545,42.23643,-83.0256,119
167545,42.2375,-83.02627,120
167545,42.237702,-83.026295,121
167545,42.237702,-83.026295,122
167545,42.237702,-83.026295,123
167545,42.23831,-83.02679,124
167545,42.23898,-83.0272,125
167545,42.239671,-83.027526,126
167545,42.239671,-83.027526,127
167545,42.239671,-83.027526,128
167545,42.2402359096632,-83.02798147155,129
167545,42.24382,-83.03031,130
167545,42.2438690067251,-83.030730277335,131
167545,42.243916,-83.031322,132
167545,42.243916,-83.031322,133
167545,42.243916,-83.031322,134
167545,42.2439,-83.0331,135
167545,42.24396,-83.03451,136
167545,42.244024,-83.035236,137
167545,42.244024,-83.035236,138
167545,42.244024,-83.035236,139
167545,42.2439986894946,-83.0356769796232,140
167545,42.2441654803982,-83.0400167938093,141
167545,42.244214,-83.040403,142
167545,42.244214,-83.040403,143
167545,42.244214,-83.040403,144
167545,42.2441806756879,-83.0408507370873,145
167545,42.2443037829471,-83.0446326517983,146
167545,42.244374,-83.045528,147
167545,42.244374,-83.045528,148
167545,42.244374,-83.045528,149
167545,42.2443695825231,-83.046639998616,150
167545,42.2444999962461,-83.0504436710014,151
167545,42.2446965696313,-83.0553804891243,152
167545,42.245047,-83.055319,153
167545,42.245047,-83.055319,154
167545,42.245047,-83.055319,155
167545,42.24659,-83.0553,156
167545,42.24674,-83.05535,157
167545,42.24687,-83.05657,158
167545,42.24706,-83.05664,159
167545,42.24775,-83.05657,160
167545,42.24787,-83.05659,161
167545,42.247888,-83.05664,162
167545,42.24793,-83.05675,163
167545,42.248018,-83.057333,164
167545,42.248018,-83.057333,165
167545,42.248018,-83.057333,166
167545,42.2480097907274,-83.0579660948982,167
167545,42.2480852390126,-83.060803872036,168
167545,42.2476265914648,-83.0608762916794,169
167545,42.24735321,-83.06094915,170
167545,42.24735321,-83.06094915,171
167545,42.24735321,-83.06094915,172
167545,42.2471938433114,-83.0608920380287,173
167545,42.2469903284071,-83.0609094723873,174
167545,42.2451346608546,-83.0610315128975,175
167545,42.244996,-83.061066,176
167545,42.244996,-83.061066,177
167545,42.244996,-83.061066,178
167545,42.2448677165561,-83.0610496736107,179
167545,42.2417951884146,-83.0611816640819,180
167545,42.241667,-83.061242,181
167545,42.241667,-83.061242,182
167545,42.241667,-83.061242,183
167545,42.2409116571379,-83.0612112596672,184
167545,42.23995,-83.061379,185
167545,42.23995,-83.061379,186
167545,42.23995,-83.061379,187
167545,42.2397057399449,-83.0613148048935,188
167545,42.23761670297,-83.0614542797623,189
167545,42.237338,-83.061522,190
167545,42.237338,-83.061522,191
167545,42.237338,-83.061522,192
167545,42.2370913145292,-83.0614494447746,193
167545,42.2361738562505,-83.061519182209,194
167545,42.235906,-83.061606,195
167545,42.235906,-83.061606,196
167545,42.235906,-83.061606,197
167545,42.2357086645576,-83.0615695803566,198
167545,42.2339054692883,-83.0616768687172,199
167545,42.23368,-83.06177,200
167545,42.23368,-83.06177,201
167545,42.23368,-83.06177,202
167545,42.2335347497504,-83.0616759497375,203
167545,42.2329,-83.06161,204
167545,42.2295037902551,-83.0610936023148,205
167545,42.229107,-83.061118,206
167545,42.229107,-83.061118,207
167545,42.229107,-83.061118,208
167545,42.22912,-83.061024,209
167545,42.227,-83.06071,210
167545,42.22595,-83.06065,211
167545,42.22595,-83.06034,212
167545,42.225871,-83.058435,213
167545,42.225737,-83.058441,214
167545,42.225737,-83.058441,215
167545,42.225737,-83.058441,216
167545,42.225871,-83.058435,217
167545,42.225869,-83.058405,218
167545,42.22586,-83.05814,219
167545,42.2257964123357,-83.0572693118875,220
167545,42.2256295719359,-83.0560462180259,221
167545,42.2252561656338,-83.0547372930161,222
167545,42.2249304264176,-83.0540399149372,223
167545,42.2243877436017,-83.0532767484664,224
167545,42.223275441123,-83.0514099209935,225
167545,42.2224253110166,-83.0500902670902,226
167545,42.2220201047882,-83.0498220447521,227
167545,42.2214480445092,-83.0493714312242,228
167545,42.2213606459546,-83.0499078759003,229
167545,42.2214770905599,-83.0503662222498,230
167545,42.2219617528532,-83.0513425515604,231
167545,42.2221405207927,-83.0517770717481,232
167545,42.222309695556,-83.0517761184039,233
167545,42.2224702469978,-83.0521203963408,234
167545,42.222375,-83.052636,235
167545,42.222375,-83.052636,236
167545,42.222375,-83.052636,237
167545,42.2221001067389,-83.0525502043381,238
167545,42.22181,-83.05304,239
167545,42.22182,-83.05362,240
167545,42.22212,-83.05414,241
167545,42.22265,-83.05439,242
167545,42.2228237376286,-83.0548424925292,243
167545,42.2229648707321,-83.0591368546551,244
167545,42.223037,-83.059816,245
167545,42.223037,-83.059816,246
167545,42.223037,-83.059816,247
167545,42.2230561506498,-83.0604493055573,248
167545,42.2242710427701,-83.0605178492339,249
167545,42.2253146845801,-83.0605440771366,250
167545,42.225562,-83.060484,251
167545,42.225562,-83.060484,252
167545,42.225562,-83.060484,253
167545,42.2257462519741,-83.0605683766518,254
167545,42.2269995886917,-83.0606457911478,255
167545,42.2294594620812,-83.0610417414935,256
167545,42.229613,-83.061019,257
167545,42.229613,-83.061019,258
167545,42.229613,-83.061019,259
167545,42.229783285522,-83.0610790545616,260
167545,42.2328908578986,-83.0615610659095,261
167545,42.233211,-83.061561,262
167545,42.233211,-83.061561,263
167545,42.233211,-83.061561,264
167545,42.2334194123309,-83.0616043481445,265
167545,42.234456174442,-83.0615694794273,266
167545,42.234744,-83.062595,267
167545,42.234744,-83.062595,268
167545,42.234744,-83.062595,269
167545,42.2350436702867,-83.0640716856668,270
167545,42.23538,-83.06533,271
167545,42.23553,-83.06597,272
167545,42.235653,-83.066204,273
167545,42.235653,-83.066204,274
167545,42.235653,-83.066204,275
167545,42.2357478459021,-83.0666255041256,276
167545,42.23593,-83.06746,277
167545,42.2362681412442,-83.0687605425015,278
167545,42.236392,-83.06916,279
167545,42.236392,-83.06916,280
167545,42.236392,-83.06916,281
167545,42.2364752028177,-83.0695881225109,282
167545,42.2370709536204,-83.071943102026,283
167545,42.237213,-83.072389,284
167545,42.237213,-83.072389,285
167545,42.237213,-83.072389,286
167545,42.2373814278847,-83.0730814335213,287
167545,42.2377825616166,-83.0747283098564,288
167545,42.23827,-83.076558,289
167545,42.23827,-83.076558,290
167545,42.23827,-83.076558,291
167545,42.238368064222,-83.0770061423626,292
167545,42.2404740107256,-83.0768952887007,293
167545,42.240675,-83.07685,294
167545,42.240675,-83.07685,295
167545,42.240675,-83.07685,296
167545,42.2413357580503,-83.0768589724301,297
167545,42.24193,-83.07684,298
167545,42.24286,-83.0768,299
167545,42.243049,-83.076697,300
167545,42.243049,-83.076697,301
167545,42.243049,-83.076697,302
167545,42.2441225803826,-83.0766415580811,303
167545,42.2463001288245,-83.07653546392,304
167545,42.246508,-83.077259,305
167545,42.246508,-83.077259,306
167545,42.246508,-83.077259,307
167545,42.246928,-83.078917,308
167545,42.246928,-83.078917,309
167545,42.246928,-83.078917,310
167545,42.247676,-83.081914,311
167545,42.247676,-83.081914,312
167545,42.247676,-83.081914,313
167545,42.248276,-83.084282,314
167545,42.248276,-83.084282,315
167545,42.248276,-83.084282,316
167545,42.249023,-83.087239,317
167545,42.249023,-83.087239,318
167545,42.249023,-83.087239,319
167545,42.249681,-83.08968,320
167545,42.249681,-83.08968,321
167548,42.042087,-82.606767,1
167548,42.0427010146134,-82.6067304320538,2
167548,42.0428550574627,-82.606727852022,3
167548,42.042836,-82.606193,4
167548,42.042808,-82.605634,5
167548,42.042779,-82.605319,6
167548,42.042592786581,-82.6053491358461,7
167548,42.041927,-82.605361,8
167548,42.041034,-82.605415,9
167548,42.040674,-82.605442,10
167548,42.040187,-82.605466,11
167548,42.03924,-82.605527,12
167548,42.038329,-82.605628,13
167548,42.037821,-82.605685,14
167548,42.03689,-82.605745,15
167548,42.035878,-82.6058,16
167548,42.035249,-82.60584,17
167548,42.034231,-82.605882,18
167548,42.034122,-82.605886,19
167548,42.034124,-82.605956,20
167548,42.0338031003502,-82.605972984683,21
167548,42.034124,-82.605956,22
167548,42.034149,-82.606816,23
167548,42.034169,-82.607506,24
167548,42.034197,-82.608172,25
167548,42.034331,-82.611359,26
167548,42.034427,-82.613536,27
167548,42.03446,-82.614394,28
167548,42.034478,-82.615059,29
167548,42.034592,-82.618469,30
167548,42.034672,-82.620416,31
167548,42.03473,-82.621499,32
167548,42.034785,-82.623258,33
167548,42.035037,-82.62835,34
167548,42.035196,-82.630517,35
167548,42.03578,-82.632815,36
167548,42.036103,-82.634083,37
167548,42.036603,-82.636049,38
167548,42.036678,-82.636346,39
167548,42.036749,-82.636626,40
167548,42.036952,-82.637424,41
167548,42.037098,-82.637975,42
167548,42.037511,-82.639537,43
167548,42.037546,-82.639674,44
167548,42.038924,-82.645025,45
167548,42.039122,-82.646939,46
167548,42.039466,-82.651225,47
167548,42.039509,-82.651963,48
167548,42.039624,-82.653984,49
167548,42.039726,-82.656935,50
167548,42.039742,-82.659508,51
167548,42.039741,-82.660615,52
167548,42.03974,-82.660898,53
167548,42.039742,-82.662058,54
167548,42.039744,-82.663121,55
167548,42.039711,-82.664787,56
167548,42.039693,-82.667985,57
167548,42.039698,-82.669054,58
167548,42.039729,-82.670036,59
167548,42.039752,-82.670742,60
167548,42.039793,-82.672031,61
167548,42.039804,-82.672808,62
167548,42.0495245264678,-82.6721560956461,63
167548,42.0515498868857,-82.7219191902352,64
167548,42.0498974562963,-82.7222093939781,65
167548,42.0498549665644,-82.7223756968773,66
167548,42.0497739704047,-82.7225388969905,67
167548,42.0497221859271,-82.7227051709309,68
167548,42.0496046748406,-82.7228124444408,69
167548,42.049428,-82.722854,70
167548,42.049428,-82.722854,71
167548,42.049269383178,-82.7228403871492,72
167548,42.0491658133579,-82.7227438276247,73
167548,42.0491339456869,-82.7224756067232,74
167548,42.0491259787667,-82.7222824876741,75
167548,42.0512772326482,-82.7220303089236,76
167548,42.05161581441,-82.7219981224155,77
167548,42.0516885096706,-82.7232668072795,78
167548,42.0520367035407,-82.7300538894207,79
167548,42.0522245481458,-82.7336791191541,80
167548,42.0524884389737,-82.7384776267345,81
167548,42.0526168986404,-82.7384628745849,82
167548,42.07517,-82.73679,83
167548,42.09669,-82.73534,84
167548,42.09708,-82.73521,85
167548,42.09743,-82.7349,86
167548,42.0986,-82.73303,87
167548,42.09941,-82.73393,88
167548,42.11896,-82.75541,89
167548,42.12049,-82.75737,90
167548,42.12211,-82.75963,91
167548,42.14057,-82.78696,92
167548,42.14184,-82.78898,93
167548,42.14334,-82.79173,94
167548,42.14947,-82.80452,95
167548,42.15068,-82.80663,96
167548,42.15267,-82.80982,97
167548,42.15509,-82.81483,98
167548,42.15519,-82.814774,99
167548,42.15609,-82.81442,100
167548,42.15748,-82.81427,101
167548,42.16869,-82.81358,102
167548,42.16886,-82.81407,103
167548,42.1694,-82.8155,104
167548,42.169082,-82.815966,105
167548,42.16876,-82.81644,106
167548,42.1681781011809,-82.8172829702648,107
167548,42.168032977517,-82.8171113103729,108
167548,42.1676824262686,-82.8166955739159,109
167548,42.1675227227728,-82.8165127415924,110
167548,42.1674592789821,-82.8164840255054,111
167548,42.1673663322484,-82.8164358623528,112
167548,42.167309,-82.81635,113
167548,42.167309,-82.81635,114
167548,42.167309,-82.81635,115
167548,42.1673413961642,-82.816210985078,116
167548,42.167512255215,-82.8159964083568,117
167548,42.1676076182055,-82.8159937261478,118
167548,42.1677129146738,-82.8160902856723,119
167548,42.1678480117728,-82.8162834047214,120
167548,42.1677672582249,-82.8167518973351,121
167548,42.168184,-82.81727,122
167548,42.169326488154,-82.8155145048004,123
167548,42.1691449211315,-82.8149995206695,124
167548,42.1688878108027,-82.8142699598175,125
167548,42.1686466031368,-82.8136351704598,126
167548,42.1685273243208,-82.8136244416237,127
167548,42.1681767758117,-82.8136360646386,128
167548,42.1560422273737,-82.8144764900242,129
167548,42.1558718897226,-82.8144997356139,130
167548,42.1551269057841,-82.8148493169647,131
167548,42.1557598775711,-82.8162011504208,132
167548,42.1561893669124,-82.8171309829338,133
167548,42.1569310245143,-82.8186759353264,134
167548,42.1576329069474,-82.8201842308079,135
167548,42.1580425004643,-82.821106910709,136
167548,42.1594329777926,-82.8248110415223,137
167548,42.159824002649,-82.8258553150079,138
167548,42.1601997817871,-82.8267583251034,139
167548,42.1604542765456,-82.8272715213677,140
167548,42.1612595069022,-82.8287056090631,141
167548,42.1618360853886,-82.8295531870606,142
167548,42.1628142684926,-82.8307762743714,143
167548,42.163903109161,-82.8321155908486,144
167548,42.1646102156123,-82.8329899907112,145
167548,42.1663610494078,-82.8350678086315,146
167548,42.1719346340616,-82.8418761491776,147
167548,42.172857001545,-82.8429454569482,148
167548,42.1735726220813,-82.8438305859231,149
167548,42.1759261611021,-82.8467309483131,150
167548,42.1772327616378,-82.8483527900971,151
167548,42.1784412770018,-82.8498244283401,152
167548,42.1787579783427,-82.8501784799301,153
167548,42.17931,-82.85084,154
167548,42.180139,-82.851848,155
167548,42.185147,-82.857952,156
167548,42.188705,-82.862341,157
167548,42.189029,-82.862749,158
167548,42.189354,-82.863201,159
167548,42.189874,-82.864052,160
167548,42.195894,-82.874657,161
167548,42.196638,-82.876032,162
167548,42.1972,-82.877018,163
167548,42.206095,-82.892616,164
167548,42.212019,-82.903054,165
167548,42.212798,-82.90441,166
167548,42.213641,-82.906215,167
167548,42.213749,-82.906511,168
167548,42.213832,-82.90677,169
167548,42.213948,-82.907267,170
167548,42.214154,-82.907916,171
167548,42.214734,-82.910397,172
167548,42.214788,-82.9106,173
167548,42.215158,-82.912003,174
167548,42.215612,-82.913882,175
167548,42.216999,-82.91961,176
167548,42.217867,-82.923217,177
167548,42.21858,-82.926168,178
167548,42.219244,-82.928917,179
167548,42.221074,-82.936481,180
167548,42.222511,-82.942461,181
167548,42.224312,-82.94987,182
167548,42.226323,-82.958139,183
167548,42.226619,-82.959369,184
167548,42.226629,-82.959414,185
167548,42.226647,-82.959487,186
167548,42.226917,-82.96056,187
167548,42.226916,-82.960567,188
167548,42.227311,-82.962093,189
167548,42.227367,-82.962194,190
167548,42.227711,-82.96353,191
167548,42.227726,-82.963591,192
167548,42.227845,-82.964058,193
167548,42.227858,-82.964109,194
167548,42.227884,-82.964221,195
167548,42.2279665434048,-82.9646730422974,196
167548,42.2280155340949,-82.9648572202132,197
167548,42.228149,-82.965519,198
167548,42.228609,-82.967442,199
167548,42.229431,-82.970878,200
167548,42.230068,-82.973539,201
167548,42.230476,-82.975245,202
167548,42.230899,-82.977015,203
167548,42.231034,-82.977578,204
167548,42.231432,-82.97924,205
167548,42.231453,-82.979328,206
167548,42.231757257386,-82.9804962877824,207
167548,42.2319174606048,-82.9812705516815,208
167548,42.2320114642066,-82.9821038245678,209
167548,42.232017,-82.982973,210
167548,42.231984,-82.983354,211
167548,42.231979,-82.983404,212
167548,42.23195,-82.983602,213
167548,42.231914,-82.983811,214
167548,42.231865,-82.984037,215
167548,42.231835,-82.984154,216
167548,42.2317863852081,-82.9843121767044,217
167548,42.231659,-82.984623,218
167548,42.231514,-82.985095,219
167548,42.231304,-82.985713,220
167548,42.231198,-82.986051,221
167548,42.231086,-82.98641,222
167548,42.231017,-82.986659,223
167548,42.23094,-82.986987,224
167548,42.23089,-82.987262,225
167548,42.230843,-82.987581,226
167548,42.230822,-82.987813,227
167548,42.230806,-82.988035,228
167548,42.230795,-82.988301,229
167548,42.230795,-82.98853,230
167548,42.230802,-82.988748,231
167548,42.230919,-82.989334,232
167548,42.231,-82.989674,233
167548,42.231063,-82.989934,234
167548,42.231102,-82.990111,235
167548,42.231125,-82.990295,236
167548,42.231142,-82.990472,237
167548,42.231159,-82.990568,238
167548,42.231176,-82.990642,239
167548,42.231197,-82.990686,240
167548,42.231242,-82.990754,241
167548,42.231268,-82.990785,242
167548,42.231333,-82.990836,243
167548,42.231407,-82.990886,244
167548,42.231436,-82.990886,245
167548,42.231493,-82.9909,246
167548,42.231546,-82.990932,247
167548,42.231592,-82.990979,248
167548,42.231628,-82.99104,249
167548,42.231653,-82.991111,250
167548,42.231665,-82.991188,251
167548,42.231666,-82.991237,252
167548,42.231703,-82.991436,253
167548,42.231757,-82.991611,254
167548,42.231845,-82.991804,255
167548,42.232003,-82.992063,256
167548,42.232112,-82.992227,257
167548,42.232283,-82.992463,258
167548,42.232475,-82.992695,259
167548,42.23267,-82.992888,260
167548,42.23296,-82.993151,261
167548,42.233572,-82.993651,262
167548,42.233941,-82.994023,263
167548,42.234223,-82.994344,264
167548,42.234419,-82.994594,265
167548,42.23462,-82.994887,266
167548,42.23483,-82.995277,267
167548,42.235037,-82.995726,268
167548,42.235179,-82.996085,269
167548,42.235382,-82.996697,270
167548,42.235393,-82.996733,271
167548,42.235447,-82.996901,272
167548,42.235488,-82.997023,273
167548,42.235545,-82.997201,274
167548,42.235721,-82.997749,275
167548,42.235864,-82.998142,276
167548,42.236036,-82.998548,277
167548,42.236201,-82.998869,278
167548,42.236345,-82.999142,279
167548,42.236555,-82.999476,280
167548,42.236836,-82.999917,281
167548,42.237111,-83.000328,282
167548,42.237291,-83.000616,283
167548,42.237448,-83.000888,284
167548,42.237606,-83.001167,285
167548,42.237751,-83.001435,286
167548,42.237861,-83.001683,287
167548,42.237952,-83.001923,288
167548,42.238037,-83.002158,289
167548,42.238108,-83.002383,290
167548,42.23816,-83.00257,291
167548,42.238276,-83.003061,292
167548,42.238344,-83.003458,293
167548,42.238442,-83.004104,294
167548,42.238528,-83.004717,295
167548,42.238596,-83.00519,296
167548,42.238672,-83.005695,297
167548,42.238706,-83.005915,298
167548,42.238785,-83.006293,299
167548,42.23884,-83.006533,300
167548,42.238898,-83.006758,301
167548,42.239018,-83.007134,302
167548,42.239313,-83.007963,303
167548,42.239839,-83.009366,304
167548,42.240487,-83.011088,305
167548,42.240915,-83.012215,306
167548,42.241135,-83.012805,307
167548,42.241531,-83.013945,308
167548,42.241633,-83.014255,309
167548,42.241647,-83.014292,310
167548,42.241695,-83.014432,311
167548,42.241735,-83.014556,312
167548,42.241889,-83.015044,313
167548,42.242197,-83.01598,314
167548,42.242512,-83.017001,315
167548,42.242815,-83.017949,316
167548,42.242929,-83.018294,317
167548,42.243208,-83.019121,318
167548,42.243429,-83.019813,319
167548,42.243529,-83.020124,320
167548,42.24354,-83.020152,321
167548,42.243603,-83.020342,322
167548,42.243712,-83.020275,323
167548,42.244466,-83.019812,324
167548,42.244618,-83.019717,325
167548,42.24474,-83.01964,326
167548,42.24483,-83.019449,327
167548,42.244839,-83.01943,328
167548,42.245308,-83.018097,329
167548,42.245327,-83.018056,330
167548,42.245354,-83.018012,331
167548,42.245436,-83.017901,332
167548,42.245918,-83.017239,333
167548,42.245988,-83.017344,334
167548,42.246023,-83.017401,335
167548,42.246044,-83.017446,336
167548,42.24606,-83.017493,337
167548,42.24607,-83.017545,338
167548,42.246076,-83.017593,339
167548,42.246076,-83.01764,340
167548,42.246073,-83.017682,341
167548,42.246065,-83.017729,342
167548,42.246102,-83.017846,343
167548,42.246094,-83.017841,344
167549,42.246094,-83.017841,1
167549,42.246017067819,-83.0179345628046,2
167549,42.2459720621949,-83.0180194989571,3
167549,42.2459280492635,-83.0181071354146,4
167549,42.2458923093912,-83.0181540809086,5
167549,42.2458466417471,-83.0181594461079,6
167549,42.2454478756168,-83.0179175750146,7
167549,42.2453677913529,-83.0179931884594,8
167549,42.2453287418412,-83.0180695790194,9
167549,42.245220197395,-83.0183534492281,10
167549,42.2451291920663,-83.018639184292,11
167549,42.244786679791,-83.0195930531364,12
167549,42.2442525555431,-83.0199744341118,13
167549,42.2434900802333,-83.0203691078039,14
167549,42.2429096132166,-83.0185605836165,15
167549,42.2413991828564,-83.0139178977557,16
167549,42.2404467061177,-83.0112485740449,17
167549,42.2395703354067,-83.0089079444172,18
167549,42.2388792913246,-83.007110602647,19
167549,42.2385880444457,-83.0059415102005,20
167549,42.2381941969731,-83.0035050596981,21
167549,42.2379678163601,-83.0023676374436,22
167549,42.2372674875873,-83.0007795381192,23
167549,42.2365777422974,-82.9997223542181,24
167549,42.2362692741024,-82.999239564572,25
167549,42.2357781044465,-82.9983768749254,26
167549,42.2353332685994,-82.9971106878874,27
167549,42.2351128355096,-82.9962426496629,28
167549,42.2347606705052,-82.995429039934,29
167549,42.2341417282587,-82.9944431318708,30
167549,42.23321496003,-82.9935595544775,31
167549,42.2322550777974,-82.9927516575357,32
167549,42.2320789875072,-82.9924973826831,33
167549,42.2319876321296,-82.9923382329638,34
167549,42.2318903187116,-82.9921308128577,35
167549,42.2317321012974,-82.9917973258027,36
167549,42.2316513375449,-82.9916410995606,37
167549,42.2315301916012,-82.9915621845465,38
167549,42.231406397459,-82.9915299964758,39
167549,42.2313137171229,-82.9915230651757,40
167549,42.2312574467962,-82.991483507348,41
167549,42.2311905845196,-82.9914023481912,42
167549,42.2311594702887,-82.9912653804455,43
167549,42.2311409342084,-82.9910965318303,44
167549,42.2311508642131,-82.9909776006817,45
167549,42.2309688129078,-82.990314106712,46
167549,42.2308575957657,-82.98986074737,47
167549,42.2307602806965,-82.9891269113711,48
167549,42.2307377722957,-82.9884979864168,49
167549,42.2307443922807,-82.9880153735901,50
167549,42.2308284673938,-82.9873958129965,51
167549,42.2309661648021,-82.9867301510339,52
167549,42.2311574844882,-82.986047286965,53
167549,42.2317215095777,-82.9840728936175,54
167549,42.2318373590462,-82.9835664389497,55
167549,42.2319220946593,-82.9826322224503,56
167549,42.2318962769228,-82.981922934494,57
167549,42.2318479509586,-82.981395321682,58
167549,42.2314937815525,-82.9797890791682,59
167549,42.2309992650248,-82.9777801658614,60
167549,42.2296096994348,-82.9719805742812,61
167549,42.2292488972679,-82.9704120639516,62
167549,42.2285769390537,-82.9676449039549,63
167549,42.2281578717886,-82.9659790092405,64
167549,42.2278824643585,-82.9648509390261,65
167549,42.2272250566212,-82.9621624946594,66
167549,42.2268609305981,-82.9607022627338,67
167549,42.226294875911,-82.9585104975606,68
167549,42.224136538975,-82.9496312141419,69
167549,42.2227971411597,-82.9441720015757,70
167549,42.221584177264,-82.9390767201057,71
167549,42.2207101929174,-82.9354420903902,72
167549,42.2165208600126,-82.9180786051155,73
167549,42.2141310876872,-82.9081955845964,74
167549,42.2139277971651,-82.9074838732564,75
167549,42.2136808017497,-82.9067853745696,76
167549,42.2132238910835,-82.9057972294963,77
167549,42.2119504819805,-82.9034712963011,78
167549,42.2109432595885,-82.9017661762754,79
167549,42.2075148729172,-82.8956818918095,80
167549,42.2034213598183,-82.88840878317,81
167549,42.1951845232439,-82.873960190692,82
167549,42.1899336061518,-82.864687143421,83
167549,42.188888936933,-82.8630044536932,84
167549,42.1849273769432,-82.8581793512194,85
167549,42.1762051080351,-82.8475338211271,86
167549,42.1750045012943,-82.846031170527,87
167549,42.1738515791524,-82.844411736084,88
167549,42.1730630743222,-82.8433606557829,89
167549,42.1723792538059,-82.8425160705036,90
167549,42.1702217250925,-82.8398573195701,91
167549,42.1687738336866,-82.8381147962039,92
167549,42.1674213339619,-82.8365367669637,93
167549,42.1667593217203,-82.8357671244125,94
167549,42.1652119458549,-82.8337945889086,95
167549,42.1619507377541,-82.8298006012715,96
167549,42.1614748959689,-82.8291449808179,97
167549,42.1610693011021,-82.8285121025426,98
167549,42.1607611267937,-82.8279996365512,99
167549,42.1603694450226,-82.8272056765097,100
167549,42.1601613424656,-82.8267522737522,101
167549,42.1597312172473,-82.8257007381022,102
167549,42.159144678318,-82.8241063363042,103
167549,42.158304294234,-82.8218328899639,104
167549,42.1579099461474,-82.8208719894467,105
167549,42.1575036656333,-82.8199626141434,106
167549,42.1561429715488,-82.8171119050171,107
167549,42.1550738816357,-82.8148305378556,108
167549,42.1552435585842,-82.8147010364338,109
167549,42.1556922725322,-82.8144782800252,110
167549,42.1559945063385,-82.8143853836558,111
167549,42.1562145528747,-82.8143656228864,112
167549,42.1569350011769,-82.8142861274685,113
167549,42.1649925934449,-82.813794597122,114
167549,42.1659647634393,-82.813741559433,115
167549,42.1665664809199,-82.8137201033234,116
167549,42.1682662355619,-82.8135996613286,117
167549,42.1686631697021,-82.8135904676062,118
167549,42.1690667279228,-82.8146230177451,119
167549,42.1693629340122,-82.8155297153345,120
167549,42.1689189555902,-82.816233743259,121
167549,42.1681668359058,-82.8172695589872,122
167549,42.167936228243,-82.8170135197635,123
167549,42.167747367893,-82.8167801335933,124
167549,42.1676181473286,-82.8166352732119,125
167549,42.1675306747968,-82.8165333344249,126
167549,42.1674352500786,-82.8164662694335,127
167549,42.1673656694642,-82.8164313956379,128
167549,42.167309,-82.81635,129
167549,42.167309,-82.81635,130
167549,42.1673756095567,-82.8161555580033,131
167549,42.1674849504706,-82.8160169786024,132
167549,42.1675717604354,-82.815944558959,133
167549,42.1677162644366,-82.8160283843427,134
167549,42.1677719286257,-82.8160927573591,135
167549,42.1678865282056,-82.8163379351414,136
167549,42.1678103214461,-82.8165802359581,137
167549,42.1678136767354,-82.8167391697317,138
167549,42.16806,-82.81709,139
167549,42.16822,-82.81725,140
167549,42.16876,-82.81644,141
167549,42.169082,-82.815966,142
167549,42.1693728737604,-82.8155171833775,143
167549,42.16931,-82.81533,144
167549,42.16869,-82.81358,145
167549,42.16829,-82.8136,146
167549,42.166625580519,-82.8137843998946,147
167549,42.1600945079786,-82.8141913067639,148
167549,42.157482553789,-82.814318633477,149
167549,42.15591,-82.81446,150
167549,42.15509,-82.81483,151
167549,42.15467,-82.81395,152
167549,42.15267,-82.80982,153
167549,42.15068,-82.80663,154
167549,42.14947,-82.80452,155
167549,42.1467976359623,-82.7990332400748,156
167549,42.14334,-82.79173,157
167549,42.14184,-82.78898,158
167549,42.14057,-82.78696,159
167549,42.12211,-82.75963,160
167549,42.12049,-82.75737,161
167549,42.11896,-82.75541,162
167549,42.09941,-82.73393,163
167549,42.09917,-82.73375,164
167549,42.09882,-82.73349,165
167549,42.0986,-82.73346,166
167549,42.0983431491919,-82.7336365828209,167
167549,42.0979437301708,-82.7342303542778,168
167549,42.0976691513274,-82.7346326390068,169
167549,42.0973272965554,-82.7350929068068,170
167549,42.0969327011088,-82.7353381066009,171
167549,42.0966938729927,-82.7353810219452,172
167549,42.080108427892,-82.7365129593577,173
167549,42.0764635133044,-82.736764855131,174
167549,42.0751573325086,-82.7368396884117,175
167549,42.0551811685845,-82.7383313301417,176
167549,42.0524251748927,-82.7385167746225,177
167549,42.0522260119068,-82.734157430685,178
167549,42.0515868194056,-82.7220273530809,179
167549,42.0498689084534,-82.7222424781333,180
167549,42.0498821865384,-82.7225071191788,181
167549,42.0497613561903,-82.722696656029,182
167549,42.0496146333245,-82.7228200356282,183
167549,42.049428,-82.722854,184
167549,42.049428,-82.722854,185
167549,42.0490921380783,-82.7227807044983,186
167549,42.0490728846329,-82.7222540973526,187
167549,42.0515751144801,-82.7219411730766,188
167549,42.0514771784994,-82.7202874425736,189
167549,42.0514333953478,-82.7189034228425,190
167549,42.0512861245252,-82.7162534005669,191
167549,42.0510230670919,-82.7098000055194,192
167549,42.0508258200664,-82.7047276501092,193
167549,42.0506007100541,-82.6987653972847,194
167549,42.0502259942155,-82.6891660712607,195
167549,42.0495254463685,-82.6722145117646,196
167549,42.0398007161733,-82.6727950572781,197
167549,42.0397679444151,-82.6710934181577,198
167549,42.0397309904488,-82.6695523753443,199
167549,42.0397079910424,-82.6664222687144,200
167549,42.0397250143743,-82.6653305783549,201
167549,42.0397270063992,-82.6618902826586,202
167549,42.0397427998076,-82.6605020613991,203
167549,42.0397029593079,-82.6576589198433,204
167549,42.0396870231011,-82.6559518151043,205
167549,42.0396312463457,-82.6542566590069,206
167549,42.0394678998517,-82.6513572962543,207
167549,42.0389997703784,-82.6455608337184,208
167549,42.0387447044005,-82.6443321013645,209
167549,42.0381392558556,-82.64195369182,210
167549,42.0371861753619,-82.6383101368516,211
167549,42.0366896540986,-82.6364125082349,212
167549,42.0355405252622,-82.6319877649976,213
167549,42.0351636531535,-82.6303770117835,214
167549,42.0350378313902,-82.62865497357,215
167549,42.0346398182496,-82.6193145505995,216
167549,42.0345114134168,-82.6156605333821,217
167549,42.0343719148609,-82.6116225911974,218
167549,42.0342094969658,-82.608821696786,219
167549,42.0341246066185,-82.6058746172785,220
167549,42.0407000628005,-82.6054371746899,221
167549,42.0407618145952,-82.6069150718571,222
167549,42.0414786641526,-82.6068855675579,223
167549,42.042087,-82.606767,224
167549,42.042087,-82.606767,225
167554,42.315908,-82.936701,1
167554,42.315908,-82.936701,2
167554,42.315904,-82.936699,3
167554,42.3160445959407,-82.9361549018722,4
167554,42.3166886535387,-82.9362060202707,5
167554,42.3165069076587,-82.9372737021862,6
167554,42.3159753743028,-82.9371396102988,7
167554,42.3159039739577,-82.9371986107292,8
167554,42.3157558254209,-82.9378321649685,9
167554,42.31563,-82.93797,10
167554,42.315497,-82.938005,11
167554,42.315281,-82.937944,12
167554,42.3150933834644,-82.9383837974314,13
167554,42.315053,-82.938599,14
167554,42.314975,-82.939091,15
167554,42.314959,-82.939285,16
167554,42.31408,-82.938929,17
167554,42.313052,-82.938334,18
167554,42.312911,-82.938242,19
167554,42.311778,-82.937478,20
167554,42.311069,-82.937029,21
167554,42.310298,-82.936539,22
167554,42.309783,-82.936213,23
167554,42.309397,-82.935968,24
167554,42.308709,-82.935535,25
167554,42.306646,-82.934218,26
167554,42.306414,-82.934071,27
167554,42.305665,-82.933605,28
167554,42.305364,-82.933417,29
167554,42.304154,-82.932663,30
167554,42.304069,-82.932607,31
167554,42.301507,-82.930947,32
167554,42.301346,-82.930845,33
167554,42.301243,-82.93078,34
167554,42.29952,-82.929702,35
167554,42.297711,-82.928518,36
167554,42.297115,-82.928151,37
167554,42.297023,-82.928094,38
167554,42.296973,-82.928064,39
167554,42.296365,-82.927694,40
167554,42.29564,-82.927393,41
167554,42.295283,-82.927283,42
167554,42.294942,-82.927293,43
167554,42.294614,-82.927399,44
167554,42.294138,-82.927629,45
167554,42.293749,-82.927861,46
167554,42.293357,-82.928161,47
167554,42.29303,-82.928514,48
167554,42.292723,-82.929218,49
167554,42.292174,-82.93111,50
167554,42.291413,-82.934551,51
167554,42.29056,-82.939,52
167554,42.290461,-82.939541,53
167554,42.289645,-82.943911,54
167554,42.289395,-82.945195,55
167554,42.28933,-82.945574,56
167554,42.28771,-82.955046,57
167554,42.286199,-82.962891,58
167554,42.285779,-82.965372,59
167554,42.285106,-82.969828,60
167554,42.285031,-82.970529,61
167554,42.284402,-82.975663,62
167554,42.284306,-82.976702,63
167554,42.284059,-82.978788,64
167554,42.284024,-82.979107,65
167554,42.283959,-82.979627,66
167554,42.283574,-82.982087,67
167554,42.283481,-82.982553,68
167554,42.283,-82.985165,69
167554,42.282655,-82.987054,70
167554,42.28246,-82.98809,71
167554,42.282179,-82.989566,72
167554,42.281582,-82.9926,73
167554,42.281524,-82.992894,74
167554,42.281457,-82.993246,75
167554,42.280345,-82.999114,76
167554,42.280193,-82.999776,77
167554,42.279991,-83.000399,78
167554,42.279553,-83.001815,79
167554,42.27907,-83.0033,80
167554,42.278677,-83.004527,81
167554,42.278118,-83.006553,82
167554,42.278024,-83.006903,83
167554,42.27791,-83.007327,84
167554,42.277875,-83.007456,85
167554,42.277823,-83.007661,86
167554,42.2768,-83.006953,87
167554,42.276364,-83.006667,88
167554,42.275912,-83.006381,89
167554,42.275617,-83.006186,90
167554,42.275149,-83.005903,91
167554,42.274775,-83.00566,92
167554,42.274228,-83.005296,93
167554,42.274084,-83.005205,94
167554,42.273987,-83.005158,95
167554,42.273434,-83.004816,96
167554,42.272896,-83.004356,97
167554,42.272255,-83.003742,98
167554,42.272142,-83.003642,99
167554,42.27184,-83.003316,100
167554,42.2716585198529,-83.0031252026426,101
167554,42.271532,-83.002955,102
167554,42.271322,-83.002678,103
167554,42.271175,-83.002458,104
167554,42.270977,-83.002187,105
167554,42.2705147529459,-83.0013730309978,106
167554,42.2706492292182,-83.0012456275581,107
167554,42.2709851289146,-83.0008962869512,108
167554,42.271563,-83.000335,109
167554,42.271899,-82.999992,110
167554,42.272141,-82.999717,111
167554,42.272261,-82.999477,112
167554,42.2724002599394,-82.9990730412329,113
167554,42.272509,-82.998756,114
167554,42.2726190846009,-82.9984708927514,115
167554,42.273137,-82.99881,116
167554,42.273153,-82.998821,117
167554,42.2733469128357,-82.9989374378545,118
167554,42.2737150214991,-82.9992192513935,119
167554,42.273634,-82.999454,120
167554,42.273531,-82.999728,121
167554,42.273689,-82.999922,122
167554,42.273689,-82.999922,123
167554,42.273689,-82.999922,124
167554,42.273503,-82.999825,125
167554,42.273409,-83.000153,126
167554,42.273389,-83.000223,127
167554,42.27336,-83.000302,128
167554,42.273295,-83.000519,129
167554,42.273227,-83.000732,130
167554,42.273214,-83.000773,131
167554,42.273169,-83.000917,132
167554,42.273108,-83.001115,133
167554,42.273065,-83.001266,134
167554,42.273052,-83.00131,135
167554,42.272998,-83.001508,136
167554,42.272943,-83.00171,137
167554,42.272905,-83.001847,138
167554,42.272897,-83.001908,139
167554,42.272887,-83.001984,140
167554,42.27287,-83.002112,141
167554,42.272813,-83.002541,142
167554,42.272665,-83.002868,143
167554,42.272487,-83.003366,144
167554,42.272325,-83.003628,145
167554,42.272255,-83.003742,146
167554,42.272199,-83.003836,147
167554,42.272145,-83.003878,148
167554,42.272074,-83.003867,149
167554,42.271799,-83.003738,150
167554,42.271332,-83.003444,151
167554,42.271274,-83.003407,152
167554,42.271164,-83.003353,153
167554,42.271134,-83.003328,154
167554,42.271063,-83.003626,155
167554,42.272252,-83.005696,156
167554,42.274228,-83.009506,157
167554,42.274737,-83.01039,158
167554,42.274858,-83.010709,159
167554,42.274883,-83.010944,160
167554,42.274804,-83.01139,161
167554,42.274234,-83.01241,162
167554,42.274044,-83.012755,163
167554,42.273403,-83.014106,164
167554,42.273342,-83.014232,165
167554,42.27309,-83.014073,166
167554,42.272924,-83.013907,167
167554,42.272654,-83.013728,168
167554,42.272439,-83.013585,169
167554,42.272217,-83.013439,170
167554,42.271679,-83.013081,171
167554,42.271386,-83.012896,172
167554,42.270539,-83.012359,173
167554,42.270474,-83.012317,174
167554,42.270374,-83.012251,175
167554,42.270323,-83.012392,176
167554,42.270323,-83.012392,177
167554,42.270323,-83.012392,178
167554,42.270374,-83.012251,179
167554,42.269479,-83.011663,180
167554,42.268934,-83.011305,181
167554,42.268841,-83.01132,182
167554,42.268449,-83.011075,183
167554,42.268181,-83.010906,184
167554,42.268116,-83.010795,185
167554,42.267511,-83.010404,186
167554,42.267361,-83.010307,187
167554,42.267074,-83.010122,188
167554,42.266827,-83.009962,189
167554,42.266355,-83.009657,190
167554,42.266132,-83.009512,191
167554,42.265987,-83.009419,192
167554,42.26563,-83.009187,193
167554,42.263667,-83.007965,194
167554,42.261721,-83.00672,195
167554,42.259753,-83.005455,196
167554,42.257919,-83.004281,197
167554,42.257804,-83.004276,198
167554,42.257522,-83.004101,199
167554,42.257479,-83.004096,200
167554,42.257317,-83.004079,201
167554,42.257291,-83.004089,202
167554,42.257173,-83.004233,203
167554,42.257042,-83.004903,204
167554,42.256934,-83.005195,205
167554,42.256582,-83.007074,206
167554,42.256132,-83.009638,207
167554,42.255163,-83.014884,208
167554,42.255007,-83.015769,209
167554,42.254934,-83.01614,210
167554,42.254737,-83.01725,211
167554,42.254452,-83.018866,212
167554,42.254363,-83.019373,213
167554,42.254285,-83.01979,214
167554,42.25387,-83.022008,215
167554,42.253848,-83.022128,216
167554,42.253722,-83.022082,217
167554,42.252978,-83.021617,218
167554,42.252867,-83.02157,219
167554,42.252793,-83.02156,220
167554,42.252699,-83.02156,221
167554,42.252639,-83.021567,222
167554,42.252458,-83.021621,223
167554,42.252374,-83.021625,224
167554,42.252265,-83.021618,225
167554,42.252163,-83.021588,226
167554,42.252085,-83.02155,227
167554,42.251784,-83.021365,228
167554,42.250957,-83.020839,229
167554,42.250868,-83.020784,230
167554,42.250834,-83.020779,231
167554,42.250791,-83.020765,232
167554,42.250755,-83.020753,233
167554,42.250722,-83.020752,234
167554,42.250687,-83.020752,235
167554,42.250665,-83.020749,236
167554,42.250639,-83.020744,237
167554,42.250618,-83.020738,238
167554,42.250601,-83.020743,239
167554,42.250587,-83.020744,240
167554,42.250573,-83.020743,241
167554,42.250559,-83.020739,242
167554,42.250546,-83.020733,243
167554,42.250533,-83.020724,244
167554,42.250522,-83.020713,245
167554,42.250512,-83.0207,246
167554,42.250503,-83.020685,247
167554,42.250495,-83.020669,248
167554,42.250489,-83.020652,249
167554,42.250485,-83.020633,250
167554,42.250478,-83.020626,251
167554,42.250455,-83.020605,252
167554,42.250433,-83.020583,253
167554,42.250404,-83.020556,254
167554,42.250297,-83.020472,255
167554,42.250236,-83.020454,256
167554,42.250183,-83.020452,257
167554,42.25013,-83.020461,258
167554,42.2485988855396,-83.0209815499984,259
167554,42.2486796277243,-83.0213230846198,260
167554,42.2483381274574,-83.0223530528815,261
167554,42.2482031152141,-83.0227339265616,262
167554,42.2480125092021,-83.0229109523566,263
167554,42.2469985809658,-83.0223083501619,264
167554,42.2453598490297,-83.0212336778709,265
167554,42.2447562341449,-83.0196619033882,266
167554,42.2449309653633,-83.0191200971672,267
167554,42.2453002820281,-83.0180257558891,268
167554,42.2454392716109,-83.0179023742744,269
167554,42.2456020875898,-83.0180257558891,270
167554,42.2458760940203,-83.0181598663398,271
167554,42.2459634581393,-83.0179613828727,272
167554,42.246038,-83.017805,273
167554,42.246102,-83.017846,274
167554,42.246094,-83.017841,275
167550,42.246094,-83.017841,1
167550,42.246102,-83.017846,2
167550,42.2460375851352,-83.0178290605545,3
167550,42.2459972123952,-83.0179318786759,4
167550,42.2459515448423,-83.0180615186726,5
167550,42.2458985969009,-83.0181330442497,6
167550,42.2458304263494,-83.01815003157,7
167550,42.2456881283745,-83.0180633068153,8
167550,42.2456007638743,-83.018004298217,9
167550,42.245436,-83.017901,10
167550,42.245354,-83.018012,11
167550,42.245327,-83.018056,12
167550,42.245308,-83.018097,13
167550,42.244839,-83.01943,14
167550,42.24483,-83.019449,15
167550,42.24474,-83.01964,16
167550,42.24483,-83.019871,17
167550,42.2450560566732,-83.0204924941063,18
167550,42.2452,-83.020849,19
167550,42.245314,-83.021143,20
167550,42.245332,-83.021185,21
167550,42.24535,-83.021218,22
167550,42.245366,-83.021245,23
167550,42.24538,-83.021261,24
167550,42.245401,-83.021277,25
167550,42.2455617145408,-83.0213776230812,26
167550,42.2457371054302,-83.0215126276085,27
167550,42.24608656195,-83.0217379331657,28
167550,42.2466299364686,-83.022051751559,29
167550,42.2471044753516,-83.0223467945507,30
167550,42.2480469241484,-83.0229181051323,31
167550,42.2481878932323,-83.0227974057777,32
167550,42.2482653267032,-83.0225855112144,33
167550,42.2484718156959,-83.0220597982475,34
167550,42.2485823399702,-83.0216932296787,35
167550,42.2486855841079,-83.0213096738407,36
167550,42.2486670530541,-83.0209395289967,37
167550,42.249151,-83.020769,38
167550,42.25013,-83.020461,39
167550,42.250183,-83.020452,40
167550,42.250236,-83.020454,41
167550,42.250297,-83.020472,42
167550,42.250427,-83.020468,43
167550,42.250463,-83.020466,44
167550,42.250498,-83.020465,45
167550,42.250533,-83.020467,46
167550,42.250562,-83.020467,47
167550,42.250579,-83.020463,48
167550,42.250596,-83.020463,49
167550,42.250613,-83.020467,50
167550,42.250629,-83.020474,51
167550,42.250644,-83.020485,52
167550,42.250657,-83.020499,53
167550,42.250669,-83.020515,54
167550,42.250678,-83.020534,55
167550,42.250685,-83.020555,56
167550,42.250701,-83.020579,57
167550,42.250715,-83.020601,58
167550,42.250735,-83.020637,59
167550,42.250751,-83.020661,60
167550,42.250781,-83.020696,61
167550,42.250803,-83.020715,62
167550,42.250835,-83.020735,63
167550,42.250858,-83.020756,64
167550,42.250868,-83.020784,65
167550,42.250957,-83.020839,66
167550,42.251784,-83.021365,67
167550,42.252085,-83.02155,68
167550,42.252163,-83.021588,69
167550,42.252265,-83.021618,70
167550,42.252374,-83.021625,71
167550,42.252458,-83.021621,72
167550,42.252639,-83.021567,73
167550,42.252699,-83.02156,74
167550,42.252793,-83.02156,75
167550,42.252867,-83.02157,76
167550,42.252978,-83.021617,77
167550,42.253722,-83.022082,78
167550,42.253848,-83.022128,79
167550,42.25387,-83.022008,80
167550,42.254285,-83.01979,81
167550,42.254363,-83.019373,82
167550,42.254452,-83.018866,83
167550,42.254737,-83.01725,84
167550,42.254934,-83.01614,85
167550,42.255007,-83.015769,86
167550,42.255163,-83.014884,87
167550,42.256132,-83.009638,88
167550,42.256582,-83.007074,89
167550,42.256934,-83.005195,90
167550,42.256948,-83.004867,91
167550,42.257081,-83.00414,92
167550,42.257111,-83.003955,93
167550,42.257132,-83.003841,94
167550,42.257152,-83.003744,95
167550,42.257162,-83.003688,96
167550,42.257261,-83.003751,97
167550,42.257342,-83.003806,98
167550,42.257851,-83.00415,99
167550,42.257919,-83.004281,100
167550,42.259753,-83.005455,101
167550,42.261721,-83.00672,102
167550,42.263667,-83.007965,103
167550,42.26563,-83.009187,104
167550,42.265987,-83.009419,105
167550,42.266132,-83.009512,106
167550,42.266355,-83.009657,107
167550,42.266827,-83.009962,108
167550,42.267074,-83.010122,109
167550,42.267361,-83.010307,110
167550,42.267511,-83.010404,111
167550,42.268116,-83.010795,112
167550,42.268237,-83.010789,113
167550,42.26849,-83.010953,114
167550,42.268889,-83.011202,115
167550,42.268934,-83.011305,116
167550,42.269479,-83.011663,117
167550,42.269856311035,-83.0118986964226,118
167550,42.269944,-83.0118,119
167550,42.269944,-83.0118,120
167550,42.269944,-83.0118,121
167550,42.2699026229733,-83.0119344591549,122
167550,42.270474,-83.012317,123
167550,42.270539,-83.012359,124
167550,42.271386,-83.012896,125
167550,42.271679,-83.013081,126
167550,42.272217,-83.013439,127
167550,42.272439,-83.013585,128
167550,42.272654,-83.013728,129
167550,42.272924,-83.013907,130
167550,42.273190098958,-83.0139756202766,131
167550,42.2736756017321,-83.0143117906846,132
167550,42.2750834644401,-83.0152523517677,133
167550,42.2749920888412,-83.0155009031296,134
167550,42.2748745000801,-83.0157995232867,135
167550,42.2747433476127,-83.0161982774735,136
167550,42.2746428750349,-83.0165505409309,137
167550,42.27465081361,-83.0167812109062,138
167550,42.2746732235203,-83.0170047285355,139
167550,42.2748175234559,-83.0173015594551,140
167550,42.2750477410896,-83.0174517631599,141
167550,42.2753017733646,-83.0175107717582,142
167550,42.275464429217,-83.01745533965,143
167550,42.2756272507204,-83.0172693729469,144
167550,42.2757542658179,-83.0171245336601,145
167550,42.2758177732707,-83.0168455839225,146
167550,42.2759222129405,-83.0157637599405,147
167550,42.2760757716395,-83.0134230852195,148
167550,42.2762728254311,-83.0115258693695,149
167550,42.2763178922248,-83.0107301473686,150
167550,42.2763218614069,-83.0101507902214,151
167550,42.2763218614069,-83.0097162723609,152
167550,42.2762543024837,-83.0094856021606,153
167550,42.2761908782632,-83.0091637373039,154
167550,42.2760003568409,-83.0087131261894,155
167550,42.2757859367594,-83.0082911252976,156
167550,42.2756351891715,-83.0079352855751,157
167550,42.2755451371265,-83.0077743528091,158
167550,42.2755412506887,-83.0076509714195,159
167550,42.2755596910525,-83.0074739460542,160
167550,42.2755835892215,-83.0073344707557,161
167550,42.275620635263,-83.0071896314689,162
167550,42.2757039889584,-83.0069857835838,163
167550,42.2757357427181,-83.0067765712806,164
167550,42.2757555888098,-83.0065673589775,165
167550,42.2757263987365,-83.0064439777925,166
167550,42.2756523890647,-83.0062884092399,167
167550,42.2754856814272,-83.0061542987892,168
167550,42.2735552807948,-83.0048829317161,169
167550,42.2729836908968,-83.0044484138557,170
167550,42.2725708727465,-83.0040460825035,171
167550,42.2724146593838,-83.0038833620347,172
167550,42.272255,-83.003742,173
167550,42.272325,-83.003628,174
167550,42.272487,-83.003366,175
167550,42.272665,-83.002868,176
167550,42.272813,-83.002541,177
167550,42.27287,-83.002112,178
167550,42.272887,-83.001984,179
167550,42.272897,-83.001908,180
167550,42.272905,-83.001847,181
167550,42.272943,-83.00171,182
167550,42.272998,-83.001508,183
167550,42.273052,-83.00131,184
167550,42.273065,-83.001266,185
167550,42.273108,-83.001115,186
167550,42.273169,-83.000917,187
167550,42.273214,-83.000773,188
167550,42.273227,-83.000732,189
167550,42.273295,-83.000519,190
167550,42.27336,-83.000302,191
167550,42.273389,-83.000223,192
167550,42.273409,-83.000153,193
167550,42.273531,-82.999728,194
167550,42.273592,-82.999567,195
167550,42.273538,-82.99953,196
167550,42.273538,-82.99953,197
167550,42.273538,-82.99953,198
167550,42.2736134118325,-82.999495147657,199
167550,42.2737074679432,-82.999196605954,200
167550,42.273424,-82.998998,201
167550,42.273153,-82.998821,202
167550,42.273137,-82.99881,203
167550,42.2726309859534,-82.9984903350598,204
167550,42.272509,-82.998756,205
167550,42.27243,-82.999031,206
167550,42.272418,-82.999063,207
167550,42.2723024792782,-82.9993949355198,208
167550,42.272141,-82.999717,209
167550,42.271899,-82.999992,210
167550,42.2715645550556,-83.0003410367405,211
167550,42.271146,-83.000756,212
167550,42.270985,-83.000919,213
167550,42.2706279030284,-83.0013083443922,214
167550,42.2708303750708,-83.0016660660255,215
167550,42.2713682817145,-83.0025377614158,216
167550,42.2716975602943,-83.0029523542949,217
167550,42.272325,-83.003628,218
167550,42.273191,-83.004442,219
167550,42.273666,-83.004783,220
167550,42.274035,-83.005022,221
167550,42.274135,-83.005076,222
167550,42.274235,-83.005147,223
167550,42.274949,-83.005595,224
167550,42.275643,-83.006001,225
167550,42.275971,-83.006208,226
167550,42.276099,-83.006287,227
167550,42.276168,-83.006279,228
167550,42.276236,-83.006281,229
167550,42.276419,-83.006299,230
167550,42.276537,-83.0063,231
167550,42.276606,-83.006301,232
167550,42.276773,-83.006274,233
167550,42.276916,-83.006196,234
167550,42.277058,-83.006102,235
167550,42.27721,-83.005928,236
167550,42.277311,-83.005746,237
167550,42.277584,-83.005137,238
167550,42.278334,-83.003523,239
167550,42.278702,-83.002836,240
167550,42.278727,-83.002793,241
167550,42.278995,-83.002095,242
167550,42.279671,-83.000334,243
167550,42.280052,-82.999021,244
167550,42.28048,-82.997021,245
167550,42.281247,-82.993181,246
167550,42.281321,-82.992811,247
167550,42.281394,-82.992444,248
167550,42.281503,-82.991895,249
167550,42.282474,-82.986753,250
167550,42.283298,-82.98242,251
167550,42.283386,-82.981997,252
167550,42.283837,-82.978923,253
167550,42.283872,-82.978662,254
167550,42.284075,-82.976567,255
167550,42.284791,-82.970469,256
167550,42.284893,-82.969744,257
167550,42.285491,-82.965538,258
167550,42.286096,-82.962096,259
167550,42.288261,-82.950707,260
167550,42.289218,-82.94513,261
167550,42.289905,-82.94148,262
167550,42.290284,-82.939458,263
167550,42.290398,-82.938857,264
167550,42.290484,-82.9384,265
167550,42.291265,-82.934176,266
167550,42.29149,-82.933121,267
167550,42.293144,-82.926462,268
167550,42.293248,-82.926057,269
167550,42.293402,-82.925299,270
167550,42.293552,-82.924583,271
167550,42.293595,-82.924313,272
167550,42.293594,-82.924063,273
167550,42.293543,-82.923826,274
167550,42.293457,-82.923607,275
167550,42.293341,-82.923454,276
167550,42.293183,-82.923324,277
167550,42.293017,-82.923267,278
167550,42.292866,-82.923257,279
167550,42.292713,-82.923301,280
167550,42.292542,-82.923414,281
167550,42.292407,-82.923572,282
167550,42.292328,-82.923734,283
167550,42.292268,-82.923948,284
167550,42.292246,-82.924173,285
167550,42.292268,-82.924387,286
167550,42.292329,-82.924584,287
167550,42.292426,-82.924769,288
167550,42.292599,-82.924965,289
167550,42.292871,-82.925198,290
167550,42.293486,-82.925666,291
167550,42.294182,-82.926103,292
167550,42.294682,-82.926421,293
167550,42.295723,-82.927082,294
167550,42.295896,-82.927192,295
167550,42.296739,-82.927726,296
167550,42.297027,-82.927905,297
167550,42.297076,-82.927936,298
167550,42.297167,-82.927995,299
167550,42.301351,-82.930669,300
167550,42.304115,-82.932463,301
167550,42.308756,-82.935382,302
167550,42.311132,-82.93688,303
167550,42.31241,-82.937689,304
167550,42.312948,-82.93803,305
167550,42.313088,-82.938108,306
167550,42.313174,-82.938174,307
167550,42.313596,-82.938429,308
167550,42.314124,-82.938747,309
167550,42.314767,-82.939023,310
167550,42.314975,-82.939091,311
167550,42.315053,-82.938599,312
167550,42.315046,-82.938238,313
167550,42.315052,-82.937874,314
167550,42.315281,-82.937944,315
167550,42.315497,-82.938005,316
167550,42.31563,-82.93797,317
167550,42.3157,-82.937747,318
167550,42.315782,-82.937335,319
167550,42.315833,-82.93706,320
167550,42.315904,-82.936699,321
167550,42.315908,-82.936701,322
167550,42.315908,-82.936701,323
167557,42.286305,-83.064542,1
167557,42.286305,-83.064542,2
167557,42.286395485995,-83.0646261595011,3
167557,42.2865693733536,-83.0645763824152,4
167557,42.2868273278231,-83.0646604362048,5
167557,42.2870369976711,-83.0646282481341,6
167557,42.2871295960214,-83.0648115295942,7
167557,42.2873392647422,-83.0656269230247,8
167557,42.287512,-83.066303,9
167557,42.287609,-83.066641,10
167557,42.2899557668742,-83.0760971529541,11
167557,42.2910496918921,-83.0803152924994,12
167557,42.2914531297781,-83.0816799422525,13
167557,42.291535801139,-83.0820375645009,14
167557,42.2886336400478,-83.0838614758427,15
167557,42.2874232644612,-83.0846082405882,16
167557,42.2861123286086,-83.0853706651459,17
167557,42.285446267586,-83.0857769424781,18
167557,42.2850143493328,-83.0860179750159,19
167557,42.2845387728848,-83.0863107798098,20
167557,42.2842100343094,-83.0863648824913,21
167557,42.2840056466907,-83.0863796248884,22
167557,42.2837311444565,-83.0863505817617,23
167557,42.2833587455551,-83.086226763585,24
167557,42.2830214018529,-83.0860658931562,25
167557,42.2827647547957,-83.0858892135212,26
167557,42.2822521191544,-83.0855173263186,27
167557,42.2819028631881,-83.0852780361363,28
167557,42.2811699482026,-83.0847137958993,29
167557,42.2805051577599,-83.0841975873459,30
167557,42.2782110810724,-83.0825024249983,31
167557,42.2768033706619,-83.0814866130549,32
167557,42.2760624582677,-83.0809038877487,33
167557,42.2756284908006,-83.0804994163812,34
167557,42.2751700438048,-83.0799982036142,35
167557,42.2749213033998,-83.079751432572,36
167557,42.2746639618728,-83.0794411908622,37
167557,42.274566714249,-83.0793155115717,38
167557,42.2744277888552,-83.0791786989893,39
167557,42.2742888631551,-83.0791143165975,40
167557,42.2741558911268,-83.0791143165975,41
167557,42.2739613942218,-83.0792230386312,42
167557,42.2738502528941,-83.0793178106464,43
167557,42.273724557024,-83.0794380171744,44
167557,42.2735049195062,-83.0795940785024,45
167557,42.2732859428054,-83.0797438335353,46
167557,42.2728731266652,-83.079974038732,47
167557,42.2722968995828,-83.0802400672041,48
167557,42.26813,-83.08213,49
167557,42.2649265499921,-83.0835530188446,50
167557,42.261687,-83.084999,51
167557,42.2609035900153,-83.0853149410412,52
167557,42.2601095544158,-83.0856546236024,53
167557,42.2597873053988,-83.0857569029166,54
167557,42.259628,-83.085181,55
167557,42.2595120359734,-83.0847605758948,56
167557,42.2594531440939,-83.0846071301126,57
167557,42.2592586018219,-83.0846285801356,58
167557,42.2590885422289,-83.0847001050793,59
167557,42.259012,-83.084786,60
167557,42.259012,-83.084786,61
167557,42.259012,-83.084786,62
167557,42.2589528913246,-83.0847497320327,63
167557,42.2588447012611,-83.0847772352292,64
167557,42.2582375759169,-83.0850116541482,65
167557,42.2579755341957,-83.0850411627445,66
167557,42.2577459159236,-83.0849575952547,67
167557,42.2575943806574,-83.0849401179391,68
167557,42.2573740252171,-83.0849696265353,69
167557,42.2571675653672,-83.0850760362125,70
167557,42.2569789716443,-83.0851726507544,71
167557,42.256853903917,-83.0852182549486,72
167557,42.257236,-83.086973,73
167557,42.256284,-83.087419,74
167557,42.251761,-83.089453,75
167557,42.249767,-83.090344,76
167557,42.248795,-83.090771,77
167557,42.248563,-83.090919,78
167557,42.248378,-83.09111,79
167557,42.24817,-83.091421,80
167557,42.24662,-83.093926,81
167557,42.246366,-83.094337,82
167557,42.246219,-83.094576,83
167557,42.245883,-83.095124,84
167557,42.245708,-83.095521,85
167557,42.245625,-83.095857,86
167557,42.24558,-83.096359,87
167557,42.245621,-83.096826,88
167557,42.246088,-83.0987,89
167557,42.246183,-83.099042,90
167557,42.24626,-83.099399,91
167557,42.246278,-83.099659,92
167557,42.246242,-83.100027,93
167557,42.24617,-83.100384,94
167557,42.246082,-83.100743,95
167557,42.246029,-83.100913,96
167557,42.245934,-83.101085,97
167557,42.245832,-83.101203,98
167557,42.245748,-83.101259,99
167557,42.245673,-83.10129,100
167557,42.245602,-83.101309,101
167557,42.245484,-83.101305,102
167557,42.245341,-83.101267,103
167557,42.244917,-83.101141,104
167557,42.2446397463869,-83.101049068085,105
167557,42.244366,-83.100979,106
167557,42.244118,-83.100988,107
167557,42.243867,-83.101019,108
167557,42.24287,-83.101152,109
167557,42.242712,-83.10118,110
167557,42.242355,-83.101245,111
167557,42.242056,-83.101299,112
167557,42.241562,-83.101379,113
167557,42.241365,-83.10141,114
167557,42.241197,-83.101441,115
167557,42.240751,-83.101524,116
167557,42.24032,-83.101604,117
167557,42.2395180440013,-83.1017804164464,118
167557,42.238755,-83.101938,119
167557,42.238482,-83.102001,120
167557,42.238443,-83.102009,121
167557,42.238023,-83.102105,122
167557,42.237274,-83.10225,123
167557,42.236953,-83.102307,124
167557,42.236499,-83.102388,125
167557,42.2362891326179,-83.1024554403085,126
167557,42.236257,-83.10255,127
167557,42.236257,-83.10255,128
167557,42.236257,-83.10255,129
167557,42.236246,-83.102433,130
167557,42.235584,-83.102551,131
167557,42.234876,-83.102683,132
167557,42.234713,-83.102725,133
167557,42.233814,-83.102851,134
167557,42.233486,-83.102897,135
167557,42.233009,-83.102957,136
167557,42.232242,-83.103057,137
167557,42.231942,-83.103097,138
167557,42.230474,-83.10329,139
167557,42.230203,-83.103274,140
167557,42.229934,-83.103231,141
167557,42.229724,-83.103151,142
167557,42.229434,-83.102994,143
167557,42.229392,-83.102961,144
167557,42.229118,-83.10277,145
167557,42.228946,-83.102651,146
167557,42.228577,-83.102416,147
167557,42.228476,-83.102351,148
167557,42.228166,-83.102172,149
167557,42.227784,-83.102017,150
167557,42.22731,-83.101956,151
167557,42.226613,-83.101879,152
167557,42.226017,-83.101812,153
167557,42.225554,-83.101761,154
167557,42.225335,-83.101736,155
167557,42.22512,-83.101711,156
167557,42.223525,-83.101514,157
167557,42.223311,-83.101488,158
167557,42.222211,-83.101352,159
167557,42.221841,-83.101322,160
167557,42.22093,-83.101219,161
167557,42.219848,-83.101127,162
167557,42.21937,-83.101111,163
167557,42.219279,-83.101121,164
167557,42.218235,-83.101209,165
167557,42.21802,-83.101189,166
167557,42.217804,-83.10115,167
167557,42.217377,-83.101018,168
167557,42.215778,-83.10053,169
167557,42.215224,-83.100363,170
167557,42.214896,-83.100239,171
167557,42.21331,-83.099687,172
167557,42.212493,-83.099387,173
167557,42.211799,-83.099141,174
167557,42.211724,-83.099114,175
167557,42.209983,-83.098537,176
167557,42.209116,-83.098249,177
167557,42.207091,-83.097656,178
167557,42.203033,-83.096522,179
167557,42.199466,-83.095525,180
167557,42.19877,-83.09533,181
167557,42.194301,-83.094081,182
167557,42.190449,-83.092977,183
167557,42.190129,-83.092873,184
167557,42.188339,-83.092287,185
167557,42.188084,-83.0922,186
167557,42.187902,-83.092153,187
167557,42.187726,-83.092119,188
167557,42.187569,-83.092108,189
167557,42.187429,-83.092105,190
167557,42.187273,-83.092117,191
167557,42.187034,-83.092157,192
167557,42.186895,-83.092187,193
167557,42.186733,-83.092256,194
167557,42.186587,-83.092334,195
167557,42.186418,-83.092455,196
167557,42.186253,-83.092589,197
167557,42.186119,-83.092699,198
167557,42.185971,-83.092828,199
167557,42.185873,-83.092913,200
167557,42.185725,-83.093042,201
167557,42.185558,-83.093185,202
167557,42.185258,-83.093443,203
167557,42.184121,-83.094409,204
167557,42.183598,-83.094858,205
167557,42.182824,-83.095512,206
167557,42.181786,-83.096394,207
167557,42.180423,-83.097556,208
167557,42.178643,-83.099071,209
167557,42.178031,-83.099596,210
167557,42.177722,-83.099852,211
167557,42.177415,-83.100106,212
167557,42.17721,-83.100262,213
167557,42.176992,-83.100422,214
167557,42.176803,-83.100547,215
167557,42.176625,-83.100648,216
167557,42.176483,-83.100725,217
167557,42.176331,-83.100797,218
167557,42.176103,-83.100892,219
167557,42.175969,-83.100944,220
167557,42.175781,-83.101006,221
167557,42.175587,-83.101056,222
167557,42.175345,-83.10111,223
167557,42.175191,-83.101138,224
167557,42.175029,-83.101156,225
167557,42.174821,-83.101171,226
167557,42.174601,-83.101173,227
167557,42.174474,-83.101171,228
167557,42.17445,-83.10117,229
167557,42.1743,-83.101161,230
167557,42.17418,-83.101149,231
167557,42.17405,-83.10113,232
167557,42.173871,-83.1011,233
167557,42.173671,-83.101055,234
167557,42.173509,-83.101008,235
167557,42.173325,-83.100953,236
167557,42.173182,-83.100907,237
167557,42.173059,-83.100852,238
167557,42.172904,-83.100779,239
167557,42.172768,-83.100713,240
167557,42.172637,-83.100645,241
167557,42.172497,-83.100563,242
167557,42.172354,-83.100473,243
167557,42.172198,-83.100363,244
167557,42.171974,-83.100196,245
167557,42.171719,-83.09998,246
167557,42.17147,-83.099754,247
167557,42.170328,-83.098752,248
167557,42.169575,-83.0981,249
167557,42.16932,-83.097871,250
167557,42.169202,-83.09777,251
167557,42.169073,-83.097665,252
167557,42.168886,-83.097526,253
167557,42.168697,-83.097406,254
167557,42.168497,-83.097291,255
167557,42.168345,-83.097204,256
167557,42.168188,-83.097121,257
167557,42.167977,-83.097022,258
167557,42.16784,-83.096973,259
167557,42.16772,-83.096929,260
167557,42.16759,-83.096888,261
167557,42.167467,-83.096858,262
167557,42.167297,-83.096815,263
167557,42.167107,-83.096795,264
167557,42.166924,-83.096777,265
167557,42.166792,-83.096768,266
167557,42.16663,-83.096765,267
167557,42.16641,-83.096775,268
167557,42.166236,-83.096789,269
167557,42.166042,-83.096812,270
167557,42.165833,-83.096855,271
167557,42.165626,-83.096903,272
167557,42.165455,-83.096965,273
167557,42.16525,-83.097038,274
167557,42.165052,-83.097124,275
167557,42.164862,-83.097224,276
167557,42.164609,-83.097376,277
167557,42.164401,-83.097513,278
167557,42.164223,-83.09764,279
167557,42.164004,-83.097822,280
167557,42.163824,-83.097989,281
167557,42.163499,-83.098322,282
167557,42.163243,-83.0986,283
167557,42.162616,-83.099273,284
167557,42.161786,-83.100144,285
167557,42.161326,-83.100652,286
167557,42.160881,-83.101179,287
167557,42.160404,-83.101797,288
167557,42.159567,-83.10287,289
167557,42.159121,-83.103453,290
167557,42.158562,-83.104106,291
167557,42.158368,-83.104296,292
167557,42.158226,-83.10443,293
167557,42.15767,-83.104864,294
167557,42.157616,-83.104915,295
167557,42.156935,-83.105419,296
167557,42.155731,-83.106328,297
167557,42.155099,-83.106802,298
167557,42.154278,-83.107418,299
167557,42.153607,-83.107912,300
167557,42.153122,-83.108278,301
167557,42.152879,-83.108448,302
167557,42.152527,-83.108706,303
167557,42.152114,-83.109008,304
167557,42.151707,-83.10929,305
167557,42.151253,-83.109605,306
167557,42.151122,-83.10969,307
167557,42.150962,-83.109788,308
167557,42.150718,-83.109933,309
167557,42.150453,-83.11008,310
167557,42.149589,-83.110559,311
167557,42.149228,-83.110751,312
167557,42.148552,-83.111138,313
167557,42.147882,-83.11151,314
167557,42.146985,-83.112012,315
167557,42.145994,-83.11256,316
167557,42.145316,-83.112981,317
167557,42.144615,-83.113402,318
167557,42.144666,-83.113556,319
167557,42.144666,-83.113556,320
167557,42.144666,-83.113556,321
167557,42.144615,-83.113402,322
167557,42.144166,-83.113672,323
167557,42.143987,-83.113785,324
167557,42.143852,-83.113868,325
167557,42.143799,-83.113899,326
167557,42.14373,-83.113939,327
167557,42.143579,-83.114023,328
167557,42.143434,-83.114091,329
167557,42.143171,-83.114198,330
167557,42.142843,-83.114324,331
167557,42.142755,-83.114356,332
167557,42.142147,-83.114583,333
167557,42.141489,-83.114807,334
167557,42.141045,-83.114956,335
167557,42.140485,-83.115148,336
167557,42.140155,-83.11524,337
167557,42.139859,-83.115321,338
167557,42.139544,-83.115389,339
167557,42.139222,-83.11545,340
167557,42.138941,-83.115479,341
167557,42.138639,-83.115509,342
167557,42.138473,-83.115517,343
167557,42.138461,-83.114921,344
167557,42.138377,-83.114924,345
167557,42.138377,-83.114924,346
167557,42.138377,-83.114924,347
167557,42.138461,-83.114921,348
167557,42.138452,-83.114508,349
167557,42.138424,-83.113509,350
167557,42.13841,-83.113265,351
167557,42.138371,-83.113026,352
167557,42.138331,-83.112888,353
167557,42.138275,-83.112749,354
167557,42.138197,-83.112603,355
167557,42.138102,-83.112467,356
167557,42.1379,-83.112257,357
167557,42.13779,-83.11218,358
167557,42.137673,-83.112127,359
167557,42.137569,-83.112097,360
167557,42.137483,-83.112084,361
167557,42.137406,-83.112076,362
167557,42.137199,-83.112071,363
167557,42.137165,-83.11079,364
167557,42.137108,-83.109486,365
167557,42.137079,-83.108635,366
167557,42.13701,-83.106614,367
167557,42.136974,-83.105537,368
167557,42.136852,-83.102917,369
167557,42.136378,-83.10292,370
167557,42.136378,-83.103055,371
167557,42.136378,-83.103055,372
167557,42.136378,-83.103055,373
167557,42.136291274045,-83.1029838323593,374
167557,42.1360181181373,-83.1029757857323,375
167557,42.1357244079641,-83.1028810145654,376
167557,42.135544,-83.10284,377
167557,42.134018,-83.1023,378
167557,42.13368,-83.10217,379
167557,42.13365,-83.102159,380
167557,42.133272,-83.102097,381
167557,42.132894,-83.102049,382
167557,42.132655,-83.102044,383
167557,42.132413,-83.102055,384
167557,42.132318,-83.102059,385
167557,42.1321248557238,-83.1021076441903,386
167557,42.132029,-83.102181,387
167557,42.132029,-83.102181,388
167557,42.132029,-83.102181,389
167557,42.1319179862482,-83.1021219490867,390
167557,42.1316879095552,-83.1021067500115,391
167557,42.131544691352,-83.1021228432655,392
167557,42.1299626390788,-83.1022095678054,393
167557,42.129035,-83.102133,394
167557,42.1278792561123,-83.1020799279213,395
167557,42.127758,-83.102114,396
167557,42.127758,-83.102114,397
167557,42.127758,-83.102114,398
167557,42.12776,-83.102049,399
167557,42.127318,-83.10202,400
167557,42.127239,-83.102014,401
167557,42.127664,-83.113169,402
167557,42.127677,-83.113633,403
167557,42.127739,-83.11363,404
167557,42.127739,-83.11363,405
167557,42.127739,-83.11363,406
167557,42.127677,-83.113633,407
167557,42.127701,-83.114469,408
167557,42.127705,-83.114619,409
167557,42.127068,-83.114448,410
167557,42.126445,-83.114274,411
167557,42.126058,-83.114169,412
167557,42.125564,-83.114023,413
167557,42.125245,-83.113912,414
167557,42.125075,-83.113845,415
167557,42.124863,-83.113745,416
167557,42.124315,-83.113482,417
167557,42.123846,-83.113243,418
167557,42.123054,-83.112851,419
167557,42.122674,-83.112674,420
167557,42.122347,-83.112537,421
167557,42.121412,-83.112222,422
167557,42.121109,-83.112124,423
167557,42.120867,-83.112042,424
167557,42.120317,-83.111883,425
167557,42.119887,-83.111785,426
167557,42.119541,-83.111715,427
167557,42.118826,-83.111559,428
167557,42.118419,-83.11147,429
167557,42.117506,-83.111278,430
167557,42.116608,-83.111151,431
167557,42.114903,-83.111288,432
167557,42.114038,-83.111284,433
167557,42.112924,-83.111138,434
167557,42.111082,-83.110843,435
167557,42.11107,-83.110978,436
167557,42.11107,-83.110978,437
167557,42.11107,-83.110978,438
167557,42.111082,-83.110843,439
167557,42.110898,-83.110813,440
167557,42.10874,-83.110455,441
167557,42.108138,-83.110359,442
167557,42.107887,-83.110319,443
167557,42.107875,-83.110452,444
167557,42.107875,-83.110452,445
167557,42.107875,-83.110452,446
167557,42.107729499783,-83.1103768945832,447
167557,42.1076067896367,-83.1103375556268,448
167557,42.106806846646,-83.1102052337271,449
167557,42.1063279371374,-83.1101376446698,450
167557,42.1054417463878,-83.109949529171,451
167557,42.1051120749324,-83.1098780057898,452
167557,42.104773,-83.109809,453
167557,42.104332,-83.10974,454
167557,42.104114,-83.109706,455
167557,42.1035359960618,-83.1096410751343,456
167557,42.1032626989485,-83.1096127939793,457
167557,42.103129,-83.109549,458
167557,42.1027227346741,-83.1093353033066,459
167557,42.102622,-83.109381,460
167557,42.102622,-83.109381,461
167557,42.102622,-83.109381,462
167557,42.102566183932,-83.1092888110537,463
167557,42.1023665149928,-83.1091645335042,464
167557,42.1012626853285,-83.1087031961579,465
167557,42.1005674752174,-83.1084179862609,466
167557,42.1003213636281,-83.1083133785468,467
167557,42.100202,-83.108304,468
167557,42.100202,-83.108304,469
167557,42.100202,-83.108304,470
167557,42.1001230142317,-83.1082373858044,471
167557,42.0999929939975,-83.1081855273664,472
167557,42.0998397945127,-83.1081774807394,473
167557,42.0997050854645,-83.1081846356392,474
167557,42.0990317499091,-83.1081935762814,475
167557,42.0985189539579,-83.1082284427107,476
167557,42.0974827281503,-83.1081739023903,477
167557,42.0971045779915,-83.1081658601761,478
167557,42.097005,-83.108209,479
167557,42.097005,-83.108209,480
167557,42.097005,-83.108209,481
167557,42.0968551358666,-83.1081122159958,482
167557,42.0965658880532,-83.1080541012489,483
167557,42.09507,-83.107869,484
167557,42.094784,-83.107839,485
167557,42.0944847240794,-83.1078198552132,486
167557,42.094281712402,-83.1078520417214,487
167557,42.094219,-83.107908,488
167557,42.094219,-83.107908,489
167557,42.094219,-83.107908,490
167557,42.0941331022157,-83.1078162829922,491
167557,42.0918859929231,-83.1076142257415,492
167557,42.091768,-83.107647,493
167557,42.091768,-83.107647,494
167557,42.0916929247819,-83.1075954459182,495
167557,42.0915741645175,-83.1075820364357,496
167557,42.0911495446689,-83.1075766682642,497
167557,42.0909027330506,-83.1075918690095,498
167557,42.090274,-83.107726,499
167557,42.0894377672962,-83.1080737797453,500
167557,42.0892499996682,-83.1081676527006,501
167557,42.0884989239625,-83.1087345009878,502
167557,42.0880351368225,-83.1091618587806,503
167557,42.087691441226,-83.1095686648663,504
167557,42.0868394927113,-83.1106880308289,505
167557,42.087009,-83.1109,506
167557,42.087072,-83.110949,507
167557,42.087134,-83.110981,508
167557,42.0872492123749,-83.1109897792357,509
167557,42.087344,-83.110984,510
167557,42.087523,-83.11096,511
167557,42.087813,-83.110961,512
167557,42.0879717722402,-83.1109897792612,513
167557,42.0881668420615,-83.1110434234415,514
167557,42.0883685463316,-83.1111055612564,515
167557,42.0885045636582,-83.1111457943916,516
167557,42.0885048954175,-83.1105517331574,517
167557,42.0884929524766,-83.1099263043029,518
167557,42.0884690664818,-83.1096692383852,519
167557,42.088417,-83.109506,520
167556,42.088417,-83.109506,1
167556,42.088417,-83.109506,2
167556,42.088469,-83.109503,3
167556,42.088458,-83.109085,4
167556,42.088478,-83.108648,5
167556,42.089273,-83.108139,6
167556,42.089459,-83.108014,7
167556,42.090274,-83.107726,8
167556,42.090866,-83.107586,9
167556,42.090898,-83.107578,10
167556,42.09161,-83.107553,11
167556,42.091807,-83.107571,12
167556,42.091814,-83.10743,13
167556,42.091814,-83.10743,14
167556,42.091814,-83.10743,15
167556,42.0919032428772,-83.1075525255588,16
167556,42.094684,-83.10783,17
167556,42.094784,-83.107839,18
167556,42.09507,-83.107869,19
167556,42.0952344021343,-83.1078386228634,20
167556,42.095309,-83.107755,21
167556,42.095309,-83.107755,22
167556,42.095309,-83.107755,23
167556,42.09543608387,-83.1078851213667,24
167556,42.0966,-83.108028,25
167556,42.09736,-83.108121,26
167556,42.0977208813069,-83.108108637852,27
167556,42.097768,-83.108041,28
167556,42.097768,-83.108041,29
167556,42.097768,-83.108041,30
167556,42.0978714734088,-83.1081292055121,31
167556,42.0985886051068,-83.1081721208564,32
167556,42.0990715531902,-83.1081757024528,33
167556,42.099827147444,-83.1081309977092,34
167556,42.1000128935048,-83.1081301048995,35
167556,42.1000540230263,-83.1080147586465,36
167556,42.1000560130981,-83.1075838208199,37
167556,42.1000261611031,-83.1073549477293,38
167556,42.099978,-83.107298,39
167556,42.099978,-83.107298,40
167556,42.099978,-83.107298,41
167556,42.1000314990046,-83.1072190300971,42
167556,42.1000407725663,-83.1067836249224,43
167556,42.099996,-83.105533,44
167556,42.099955,-83.104347,45
167556,42.099932,-83.103596,46
167556,42.099905,-83.102628,47
167556,42.09984,-83.101107,48
167556,42.0998145535446,-83.1008648945923,49
167556,42.099756,-83.100816,50
167556,42.099756,-83.100816,51
167556,42.099756,-83.100816,52
167556,42.0998251573649,-83.1007111073086,53
167556,42.099758,-83.098372,54
167556,42.1017204055089,-83.0982479454178,55
167556,42.10177,-83.098222,56
167556,42.10177,-83.098222,57
167556,42.10177,-83.098222,58
167556,42.1018345033026,-83.0982479443761,59
167556,42.1019771253471,-83.0982550994286,60
167556,42.1026099651297,-83.0982537712289,61
167556,42.1033257165733,-83.0981947912106,62
167556,42.1042198971212,-83.0981357740181,63
167556,42.1044003237083,-83.0980950600249,64
167556,42.104435,-83.098012,65
167556,42.104435,-83.098012,66
167556,42.104435,-83.098012,67
167556,42.1045727897283,-83.0980950600249,68
167556,42.104987369742,-83.0980950647126,69
167556,42.106167,-83.098033,70
167556,42.1073567256858,-83.0979555849923,71
167556,42.107432,-83.097848,72
167556,42.107432,-83.097848,73
167556,42.107432,-83.097848,74
167556,42.107561022114,-83.0979028344189,75
167556,42.1079072631502,-83.0979126689635,76
167556,42.10899,-83.097848,77
167556,42.1099110468757,-83.0977901816402,78
167556,42.1102857957943,-83.0977615714073,79
167556,42.1104721745655,-83.0977749824524,80
167556,42.110519266654,-83.0987951007883,81
167556,42.1105285523249,-83.0994871435281,82
167556,42.1105703381913,-83.1001693010876,83
167556,42.110726,-83.100274,84
167556,42.110726,-83.100274,85
167556,42.110726,-83.100274,86
167556,42.1106001903608,-83.1003650887805,87
167556,42.1105700569267,-83.1005415193586,88
167556,42.110585965067,-83.1009921922533,89
167556,42.1106247346882,-83.1022614237926,90
167556,42.1106576274478,-83.1036368860127,91
167556,42.1107212598971,-83.1052571623721,92
167556,42.1107550646098,-83.1059304891374,93
167556,42.110802,-83.105998,94
167556,42.110802,-83.105998,95
167556,42.110802,-83.105998,96
167556,42.1107607128487,-83.1060451333983,97
167556,42.1107593897031,-83.1063160567747,98
167556,42.1107859134869,-83.1072181486666,99
167556,42.1108276939841,-83.1087371721672,100
167556,42.1109132345311,-83.1104197984864,101
167556,42.11096,-83.110598,102
167556,42.11096,-83.110598,103
167556,42.11096,-83.110598,104
167556,42.110894,-83.1106,105
167556,42.110898,-83.110813,106
167556,42.112924,-83.111138,107
167556,42.114038,-83.111284,108
167556,42.114903,-83.111288,109
167556,42.116608,-83.111151,110
167556,42.117506,-83.111278,111
167556,42.118419,-83.11147,112
167556,42.118826,-83.111559,113
167556,42.119541,-83.111715,114
167556,42.119887,-83.111785,115
167556,42.120317,-83.111883,116
167556,42.120867,-83.112042,117
167556,42.121109,-83.112124,118
167556,42.121412,-83.112222,119
167556,42.122347,-83.112537,120
167556,42.122674,-83.112674,121
167556,42.123054,-83.112851,122
167556,42.123846,-83.113243,123
167556,42.124315,-83.113482,124
167556,42.124863,-83.113745,125
167556,42.125075,-83.113845,126
167556,42.125245,-83.113912,127
167556,42.125564,-83.114023,128
167556,42.126058,-83.114169,129
167556,42.126445,-83.114274,130
167556,42.127068,-83.114448,131
167556,42.127705,-83.114619,132
167556,42.127701,-83.114469,133
167556,42.127674,-83.113511,134
167556,42.127601,-83.113515,135
167556,42.127601,-83.113515,136
167556,42.127601,-83.113515,137
167556,42.127674,-83.113511,138
167556,42.127664,-83.113169,139
167556,42.127239,-83.102014,140
167556,42.127318,-83.10202,141
167556,42.127799,-83.102052,142
167556,42.127803,-83.101954,143
167556,42.127803,-83.101954,144
167556,42.127803,-83.101954,145
167556,42.1278978224263,-83.1020423754325,146
167556,42.129035,-83.102133,147
167556,42.1298432873478,-83.1021881122167,148
167556,42.1302225598582,-83.1021885304457,149
167556,42.1310295010016,-83.1021429711754,150
167556,42.1315897786395,-83.1021049640647,151
167556,42.131781399041,-83.1020620437053,152
167556,42.131829,-83.102011,153
167556,42.131829,-83.102011,154
167556,42.131829,-83.102011,155
167556,42.1318768775223,-83.1020727754731,156
167556,42.1320638558282,-83.102073669437,157
167556,42.132318,-83.102059,158
167556,42.132413,-83.102055,159
167556,42.132655,-83.102044,160
167556,42.132894,-83.102049,161
167556,42.133161844838,-83.1020602583919,162
167556,42.1334350129739,-83.1020969153542,163
167556,42.13368,-83.10217,164
167556,42.134018,-83.1023,165
167556,42.135544,-83.10284,166
167556,42.1358092724893,-83.102916777134,167
167556,42.1359869571259,-83.1029605864421,168
167556,42.1363781267725,-83.1029802560841,169
167556,42.1368820027725,-83.1029561164178,170
167556,42.1369098484352,-83.1035774945667,171
167556,42.13697,-83.103631,172
167556,42.13697,-83.103631,173
167556,42.13697,-83.103631,174
167556,42.136886,-83.103638,175
167556,42.136974,-83.105537,176
167556,42.13701,-83.106614,177
167556,42.137079,-83.108635,178
167556,42.137108,-83.109486,179
167556,42.137165,-83.11079,180
167556,42.137199,-83.112071,181
167556,42.137406,-83.112076,182
167556,42.137483,-83.112084,183
167556,42.137569,-83.112097,184
167556,42.137673,-83.112127,185
167556,42.13779,-83.11218,186
167556,42.1379,-83.112257,187
167556,42.138102,-83.112467,188
167556,42.138197,-83.112603,189
167556,42.138275,-83.112749,190
167556,42.138331,-83.112888,191
167556,42.138371,-83.113026,192
167556,42.13841,-83.113265,193
167556,42.138424,-83.113509,194
167556,42.138452,-83.114508,195
167556,42.138458,-83.11481,196
167556,42.138514,-83.114808,197
167556,42.138514,-83.114808,198
167556,42.138514,-83.114808,199
167556,42.138458,-83.11481,200
167556,42.138473,-83.115517,201
167556,42.138639,-83.115509,202
167556,42.138941,-83.115479,203
167556,42.139222,-83.11545,204
167556,42.139544,-83.115389,205
167556,42.139859,-83.115321,206
167556,42.140155,-83.11524,207
167556,42.140485,-83.115148,208
167556,42.141045,-83.114956,209
167556,42.141489,-83.114807,210
167556,42.142147,-83.114583,211
167556,42.142755,-83.114356,212
167556,42.142843,-83.114324,213
167556,42.143171,-83.114198,214
167556,42.143434,-83.114091,215
167556,42.143579,-83.114023,216
167556,42.14373,-83.113939,217
167556,42.143799,-83.113899,218
167556,42.143852,-83.113868,219
167556,42.143987,-83.113785,220
167556,42.144166,-83.113672,221
167556,42.144549,-83.113442,222
167556,42.14451,-83.113324,223
167556,42.14451,-83.113324,224
167556,42.14451,-83.113324,225
167556,42.144549,-83.113442,226
167556,42.145316,-83.112981,227
167556,42.145994,-83.11256,228
167556,42.146985,-83.112012,229
167556,42.147882,-83.11151,230
167556,42.148552,-83.111138,231
167556,42.149228,-83.110751,232
167556,42.149589,-83.110559,233
167556,42.150453,-83.11008,234
167556,42.150718,-83.109933,235
167556,42.150962,-83.109788,236
167556,42.151122,-83.10969,237
167556,42.151253,-83.109605,238
167556,42.151707,-83.10929,239
167556,42.152114,-83.109008,240
167556,42.152527,-83.108706,241
167556,42.152879,-83.108448,242
167556,42.153122,-83.108278,243
167556,42.153607,-83.107912,244
167556,42.154278,-83.107418,245
167556,42.155099,-83.106802,246
167556,42.155731,-83.106328,247
167556,42.156935,-83.105419,248
167556,42.157616,-83.104915,249
167556,42.15767,-83.104864,250
167556,42.158226,-83.10443,251
167556,42.158368,-83.104296,252
167556,42.158562,-83.104106,253
167556,42.159121,-83.103453,254
167556,42.159567,-83.10287,255
167556,42.160404,-83.101797,256
167556,42.160881,-83.101179,257
167556,42.161326,-83.100652,258
167556,42.161786,-83.100144,259
167556,42.162616,-83.099273,260
167556,42.163243,-83.0986,261
167556,42.163499,-83.098322,262
167556,42.163824,-83.097989,263
167556,42.164004,-83.097822,264
167556,42.164223,-83.09764,265
167556,42.164401,-83.097513,266
167556,42.164609,-83.097376,267
167556,42.164862,-83.097224,268
167556,42.165052,-83.097124,269
167556,42.16525,-83.097038,270
167556,42.165455,-83.096965,271
167556,42.165626,-83.096903,272
167556,42.165833,-83.096855,273
167556,42.166042,-83.096812,274
167556,42.166236,-83.096789,275
167556,42.16641,-83.096775,276
167556,42.16663,-83.096765,277
167556,42.166792,-83.096768,278
167556,42.166924,-83.096777,279
167556,42.167107,-83.096795,280
167556,42.167297,-83.096815,281
167556,42.167467,-83.096858,282
167556,42.16759,-83.096888,283
167556,42.16772,-83.096929,284
167556,42.16784,-83.096973,285
167556,42.167977,-83.097022,286
167556,42.168188,-83.097121,287
167556,42.168345,-83.097204,288
167556,42.168497,-83.097291,289
167556,42.168697,-83.097406,290
167556,42.168886,-83.097526,291
167556,42.169073,-83.097665,292
167556,42.169202,-83.09777,293
167556,42.16932,-83.097871,294
167556,42.169575,-83.0981,295
167556,42.170328,-83.098752,296
167556,42.17147,-83.099754,297
167556,42.171719,-83.09998,298
167556,42.171974,-83.100196,299
167556,42.172198,-83.100363,300
167556,42.172354,-83.100473,301
167556,42.172497,-83.100563,302
167556,42.172637,-83.100645,303
167556,42.172768,-83.100713,304
167556,42.172904,-83.100779,305
167556,42.173059,-83.100852,306
167556,42.173182,-83.100907,307
167556,42.173325,-83.100953,308
167556,42.173509,-83.101008,309
167556,42.173671,-83.101055,310
167556,42.173871,-83.1011,311
167556,42.17405,-83.10113,312
167556,42.17418,-83.101149,313
167556,42.1743,-83.101161,314
167556,42.17445,-83.10117,315
167556,42.174474,-83.101171,316
167556,42.174601,-83.101173,317
167556,42.174821,-83.101171,318
167556,42.175029,-83.101156,319
167556,42.175191,-83.101138,320
167556,42.175345,-83.10111,321
167556,42.175587,-83.101056,322
167556,42.175781,-83.101006,323
167556,42.175969,-83.100944,324
167556,42.176103,-83.100892,325
167556,42.176331,-83.100797,326
167556,42.176483,-83.100725,327
167556,42.176625,-83.100648,328
167556,42.176803,-83.100547,329
167556,42.176992,-83.100422,330
167556,42.17721,-83.100262,331
167556,42.177415,-83.100106,332
167556,42.177722,-83.099852,333
167556,42.178031,-83.099596,334
167556,42.178643,-83.099071,335
167556,42.180423,-83.097556,336
167556,42.181786,-83.096394,337
167556,42.182824,-83.095512,338
167556,42.183598,-83.094858,339
167556,42.184121,-83.094409,340
167556,42.185258,-83.093443,341
167556,42.185558,-83.093185,342
167556,42.185725,-83.093042,343
167556,42.185873,-83.092913,344
167556,42.185971,-83.092828,345
167556,42.186119,-83.092699,346
167556,42.186253,-83.092589,347
167556,42.186418,-83.092455,348
167556,42.186587,-83.092334,349
167556,42.186733,-83.092256,350
167556,42.186895,-83.092187,351
167556,42.187034,-83.092157,352
167556,42.187273,-83.092117,353
167556,42.187429,-83.092105,354
167556,42.187569,-83.092108,355
167556,42.187726,-83.092119,356
167556,42.187902,-83.092153,357
167556,42.188084,-83.0922,358
167556,42.188339,-83.092287,359
167556,42.190129,-83.092873,360
167556,42.190449,-83.092977,361
167556,42.194301,-83.094081,362
167556,42.19877,-83.09533,363
167556,42.199466,-83.095525,364
167556,42.203033,-83.096522,365
167556,42.207091,-83.097656,366
167556,42.209116,-83.098249,367
167556,42.209983,-83.098537,368
167556,42.211724,-83.099114,369
167556,42.211799,-83.099141,370
167556,42.212493,-83.099387,371
167556,42.21331,-83.099687,372
167556,42.214896,-83.100239,373
167556,42.215224,-83.100363,374
167556,42.215778,-83.10053,375
167556,42.217377,-83.101018,376
167556,42.217804,-83.10115,377
167556,42.21802,-83.101189,378
167556,42.218235,-83.101209,379
167556,42.219279,-83.101121,380
167556,42.21937,-83.101111,381
167556,42.219848,-83.101127,382
167556,42.22093,-83.101219,383
167556,42.221841,-83.101322,384
167556,42.222211,-83.101352,385
167556,42.223311,-83.101488,386
167556,42.223525,-83.101514,387
167556,42.22512,-83.101711,388
167556,42.225335,-83.101736,389
167556,42.225554,-83.101761,390
167556,42.226017,-83.101812,391
167556,42.226613,-83.101879,392
167556,42.22731,-83.101956,393
167556,42.227784,-83.102017,394
167556,42.228166,-83.102172,395
167556,42.228476,-83.102351,396
167556,42.228577,-83.102416,397
167556,42.228946,-83.102651,398
167556,42.229118,-83.10277,399
167556,42.229392,-83.102961,400
167556,42.229434,-83.102994,401
167556,42.229724,-83.103151,402
167556,42.229934,-83.103231,403
167556,42.230203,-83.103274,404
167556,42.230474,-83.10329,405
167556,42.231942,-83.103097,406
167556,42.232242,-83.103057,407
167556,42.233009,-83.102957,408
167556,42.233486,-83.102897,409
167556,42.233814,-83.102851,410
167556,42.234713,-83.102725,411
167556,42.234876,-83.102683,412
167556,42.235584,-83.102551,413
167556,42.236499,-83.102388,414
167556,42.236714,-83.10235,415
167556,42.236703,-83.102242,416
167556,42.236703,-83.102242,417
167556,42.236703,-83.102242,418
167556,42.236953,-83.102307,419
167556,42.237274,-83.10225,420
167556,42.238023,-83.102105,421
167556,42.238443,-83.102009,422
167556,42.238482,-83.102001,423
167556,42.238755,-83.101938,424
167556,42.23954,-83.101767,425
167556,42.24032,-83.101604,426
167556,42.240751,-83.101524,427
167556,42.241197,-83.101441,428
167556,42.241365,-83.10141,429
167556,42.241562,-83.101379,430
167556,42.242056,-83.101299,431
167556,42.242355,-83.101245,432
167556,42.242712,-83.10118,433
167556,42.24287,-83.101152,434
167556,42.243867,-83.101019,435
167556,42.244118,-83.100988,436
167556,42.244366,-83.100979,437
167556,42.24469,-83.101031,438
167556,42.245285,-83.101164,439
167556,42.245355,-83.101182,440
167556,42.245473,-83.1012,441
167556,42.245558,-83.101184,442
167556,42.245652,-83.101161,443
167556,42.245762,-83.101089,444
167556,42.245835,-83.101018,445
167556,42.245899,-83.100911,446
167556,42.245959,-83.100771,447
167556,42.246024,-83.100538,448
167556,42.246153,-83.099903,449
167556,42.246171,-83.09966,450
167556,42.246149,-83.099426,451
167556,42.246046,-83.099006,452
167556,42.246011,-83.098864,453
167556,42.245976,-83.098725,454
167556,42.24553,-83.096916,455
167556,42.245495,-83.096536,456
167556,42.245495,-83.096133,457
167556,42.24557,-83.09569,458
167556,42.245691,-83.095292,459
167556,42.245835,-83.09499,460
167556,42.246006,-83.094722,461
167556,42.246108,-83.094559,462
167556,42.246188,-83.094451,463
167556,42.246822,-83.093437,464
167556,42.248093,-83.091405,465
167556,42.2483,-83.091047,466
167556,42.248418,-83.090901,467
167556,42.248554,-83.0908,468
167556,42.249348,-83.090405,469
167556,42.249734,-83.090229,470
167556,42.256253,-83.087303,471
167556,42.256814,-83.087054,472
167556,42.257207,-83.086861,473
167556,42.258173,-83.086409,474
167556,42.258904,-83.086079,475
167556,42.259047,-83.086014,476
167556,42.259207,-83.085942,477
167556,42.259761,-83.085696,478
167556,42.259628,-83.085181,479
167556,42.25947,-83.084569,480
167556,42.2590587653384,-83.084726035595,481
167556,42.259012,-83.084786,482
167556,42.259012,-83.084786,483
167556,42.258824,-83.084784,484
167556,42.258464,-83.084903,485
167556,42.258153,-83.085023,486
167556,42.258112,-83.08502,487
167556,42.257848,-83.084997,488
167556,42.257632,-83.084937,489
167556,42.2574335812112,-83.0849218377534,490
167556,42.257098,-83.085066,491
167556,42.2568618443993,-83.0851221080229,492
167556,42.256793,-83.085203,493
167556,42.25689,-83.08552,494
167556,42.256952,-83.085666,495
167556,42.257016,-83.085802,496
167556,42.257176,-83.086212,497
167556,42.257238,-83.086337,498
167556,42.257304,-83.086428,499
167556,42.257465344175,-83.0865097054903,500
167556,42.25759,-83.086551,501
167556,42.257694,-83.086537,502
167556,42.258173,-83.086409,503
167556,42.258904,-83.086079,504
167556,42.259047,-83.086014,505
167556,42.259207,-83.085942,506
167556,42.259761,-83.085696,507
167556,42.260587,-83.085316,508
167556,42.261641,-83.08483,509
167556,42.261739,-83.084787,510
167556,42.263886,-83.083835,511
167556,42.267221,-83.082333,512
167556,42.26808,-83.081954,513
167556,42.269501,-83.081328,514
167556,42.270924,-83.080693,515
167556,42.271068,-83.080628,516
167556,42.271804,-83.08031,517
167556,42.272145,-83.080158,518
167556,42.272325,-83.08009,519
167556,42.272699,-83.079904,520
167556,42.272921,-83.079766,521
167556,42.273221,-83.079559,522
167556,42.273526,-83.079295,523
167556,42.273707,-83.079119,524
167556,42.273866,-83.078949,525
167556,42.274008,-83.078776,526
167556,42.274123,-83.078613,527
167556,42.274187,-83.078497,528
167556,42.274303,-83.07862,529
167556,42.274427,-83.078785,530
167556,42.274613,-83.079078,531
167556,42.274995,-83.079593,532
167556,42.275248,-83.079918,533
167556,42.275393,-83.080076,534
167556,42.275556,-83.080256,535
167556,42.275734,-83.080426,536
167556,42.27601,-83.080665,537
167556,42.276407,-83.080972,538
167556,42.277379,-83.081716,539
167556,42.277961,-83.082131,540
167556,42.278127,-83.08226,541
167556,42.279021,-83.082923,542
167556,42.279818,-83.08352,543
167556,42.280248,-83.083841,544
167556,42.280552,-83.084069,545
167556,42.280602,-83.084107,546
167556,42.281426,-83.084724,547
167556,42.282254,-83.085345,548
167556,42.282723,-83.08569,549
167556,42.282873,-83.085801,550
167556,42.283,-83.085896,551
167556,42.283084,-83.085952,552
167556,42.283165,-83.086004,553
167556,42.283241,-83.086043,554
167556,42.283324,-83.086083,555
167556,42.2834,-83.086115,556
167556,42.283477,-83.086143,557
167556,42.283543,-83.086164,558
167556,42.283631,-83.08619,559
167556,42.283717,-83.086208,560
167556,42.283783,-83.086218,561
167556,42.283837,-83.086226,562
167556,42.283717,-83.086208,563
167556,42.283837,-83.086226,564
167556,42.2840350811389,-83.086231425802,565
167556,42.2842622885872,-83.0862117532953,566
167556,42.284539,-83.086159,567
167556,42.284628,-83.086128,568
167556,42.284704,-83.086101,569
167556,42.284752,-83.086083,570
167556,42.284828,-83.086104,571
167556,42.28498,-83.086025,572
167556,42.285085,-83.085967,573
167556,42.285745,-83.085576,574
167556,42.286809,-83.084941,575
167556,42.287399,-83.084596,576
167556,42.287925,-83.084287,577
167556,42.288583,-83.083887,578
167556,42.290832,-83.082492,579
167556,42.291546,-83.082068,580
167556,42.291382,-83.081469,581
167556,42.291087,-83.080388,582
167556,42.290934,-83.079837,583
167556,42.290774,-83.079259,584
167556,42.290629,-83.078709,585
167556,42.290487,-83.078174,586
167556,42.290343,-83.077618,587
167556,42.290188,-83.07702,588
167556,42.289949,-83.076097,589
167556,42.289755,-83.07537,590
167556,42.289404,-83.073946,591
167556,42.289171,-83.073028,592
167556,42.288911,-83.071991,593
167556,42.288877,-83.071855,594
167556,42.28859,-83.070709,595
167556,42.288342,-83.06971,596
167556,42.288093,-83.068714,597
167556,42.287844,-83.06772,598
167556,42.287609,-83.066641,599
167556,42.287512,-83.066303,600
167556,42.28731,-83.065598,601
167556,42.287062,-83.064616,602
167556,42.286991,-83.064308,603
167556,42.2869186036637,-83.064065873732,604
167556,42.2865978146066,-83.0642232298851,605
167556,42.286447671549,-83.0643984676499,606
167556,42.2863749148073,-83.0644816158582,607
167556,42.286305,-83.064542,608
167559,42.315997,-82.936179,1
167559,42.315997,-82.936179,2
167559,42.316012,-82.936198,3
167559,42.315998,-82.936219,4
167559,42.3160901723825,-82.936031222348,5
167559,42.3162566488367,-82.9360097646759,6
167559,42.3166694870552,-82.9361909627187,7
167559,42.316643,-82.93645,8
167559,42.316605,-82.936676,9
167559,42.316571,-82.936875,10
167559,42.316535,-82.93708,11
167559,42.316525,-82.93714,12
167559,42.3164350159777,-82.9372113943145,13
167559,42.316131,-82.937155,14
167559,42.316098,-82.937144,15
167559,42.315833,-82.93706,16
167559,42.315782,-82.937335,17
167559,42.3157,-82.937747,18
167559,42.31563,-82.93797,19
167559,42.315497,-82.938005,20
167559,42.315281,-82.937944,21
167559,42.315052,-82.937874,22
167559,42.315046,-82.938238,23
167559,42.315053,-82.938599,24
167559,42.314975,-82.939091,25
167559,42.314959,-82.939285,26
167559,42.31408,-82.938929,27
167559,42.313052,-82.938334,28
167559,42.313017,-82.938514,29
167559,42.312797,-82.939635,30
167559,42.312755,-82.939847,31
167559,42.312679,-82.940273,32
167559,42.312485,-82.94137,33
167559,42.31239098438,-82.9419480434292,34
167559,42.312435,-82.942045,35
167559,42.312435,-82.942045,36
167559,42.312435,-82.942045,37
167559,42.312351,-82.942066,38
167559,42.312168,-82.943108,39
167559,42.31214,-82.943285,40
167559,42.312037,-82.943822,41
167559,42.311889,-82.944594,42
167559,42.311787,-82.945123,43
167559,42.311721,-82.945465,44
167559,42.311686,-82.945646,45
167559,42.311467,-82.946787,46
167559,42.311177,-82.948404,47
167559,42.310997,-82.94941,48
167559,42.310777,-82.950263,49
167559,42.310713,-82.950544,50
167559,42.31054,-82.951442,51
167559,42.310506,-82.951622,52
167559,42.310469,-82.951815,53
167559,42.310443,-82.951956,54
167559,42.310409,-82.95213,55
167559,42.310231,-82.953052,56
167559,42.310187,-82.9531,57
167559,42.310129,-82.953141,58
167559,42.310022,-82.953724,59
167559,42.309937,-82.954183,60
167559,42.309891,-82.954434,61
167559,42.309638,-82.955807,62
167559,42.309513,-82.956487,63
167559,42.30938,-82.957207,64
167559,42.309193,-82.958228,65
167559,42.309006,-82.95923,66
167559,42.308971,-82.959417,67
167559,42.3089562629951,-82.9596214007015,68
167559,42.30901138,-82.95975658,69
167559,42.30901138,-82.95975658,70
167559,42.30901138,-82.95975658,71
167559,42.308914,-82.959724,72
167559,42.308886,-82.959873,73
167559,42.308851,-82.960064,74
167559,42.308829,-82.960183,75
167559,42.308751,-82.960602,76
167559,42.308727,-82.960732,77
167559,42.308588,-82.961464,78
167559,42.308506,-82.961899,79
167559,42.308258,-82.963217,80
167559,42.308147,-82.963805,81
167559,42.308112,-82.963989,82
167559,42.30806,-82.964267,83
167559,42.308038,-82.964384,84
167559,42.307944,-82.964886,85
167559,42.307928,-82.96497,86
167559,42.307737,-82.96598,87
167559,42.307532,-82.967065,88
167559,42.307385,-82.967843,89
167559,42.30750934,-82.96788556,90
167559,42.30750934,-82.96788556,91
167559,42.30750934,-82.96788556,92
167559,42.307385,-82.967843,93
167559,42.30738,-82.967871,94
167559,42.307348,-82.968044,95
167559,42.30733,-82.968135,96
167559,42.307161,-82.96906,97
167559,42.306956,-82.970118,98
167559,42.306918,-82.970322,99
167559,42.306807,-82.970909,100
167559,42.306775,-82.971096,101
167559,42.306725,-82.971347,102
167559,42.306599,-82.972047,103
167559,42.306533,-82.972362,104
167559,42.306502,-82.972529,105
167559,42.306407,-82.97303,106
167559,42.306385,-82.973148,107
167559,42.30637,-82.973226,108
167559,42.306296,-82.973619,109
167559,42.306272,-82.973742,110
167559,42.306182,-82.974223,111
167559,42.306061,-82.974872,112
167559,42.305995,-82.975217,113
167559,42.30598,-82.975297,114
167559,42.305897,-82.975735,115
167559,42.305865,-82.975905,116
167559,42.305795,-82.976271,117
167559,42.305626,-82.977156,118
167559,42.305569,-82.977455,119
167559,42.305381,-82.978438,120
167559,42.305293,-82.978899,121
167559,42.305212,-82.979327,122
167559,42.305197,-82.979405,123
167559,42.305049,-82.980181,124
167559,42.305015,-82.980346,125
167559,42.304991,-82.980483,126
167559,42.304951,-82.980693,127
167559,42.304927,-82.980821,128
167559,42.305034,-82.980858,129
167559,42.305034,-82.980858,130
167559,42.305034,-82.980858,131
167559,42.304927,-82.980821,132
167559,42.304826,-82.981348,133
167559,42.304725,-82.981877,134
167559,42.304626,-82.982396,135
167559,42.304427,-82.983441,136
167559,42.304229,-82.984476,137
167559,42.304031,-82.985511,138
167559,42.303851,-82.98656,139
167559,42.303656,-82.987542,140
167559,42.303465,-82.988537,141
167559,42.303317,-82.989267,142
167559,42.30345492,-82.98931823,143
167559,42.30345492,-82.98931823,144
167559,42.30345492,-82.98931823,145
167559,42.303317,-82.989267,146
167559,42.303282,-82.989439,147
167559,42.303097,-82.990487,148
167559,42.302899,-82.991561,149
167559,42.30271,-82.992454,150
167559,42.302633,-82.992815,151
167559,42.302533,-82.993285,152
167559,42.302476,-82.993558,153
167559,42.302506,-82.993732,154
167559,42.302384,-82.994421,155
167559,42.302366,-82.994523,156
167559,42.302356,-82.99458,157
167559,42.302307,-82.994857,158
167559,42.302213,-82.99539,159
167559,42.30225697,-82.99540401,160
167559,42.30225697,-82.99540401,161
167559,42.30225697,-82.99540401,162
167559,42.302213,-82.99539,163
167559,42.302207,-82.995421,164
167559,42.302115,-82.995488,165
167559,42.302106,-82.995542,166
167559,42.301908,-82.996611,167
167559,42.301628,-82.998041,168
167559,42.301378,-82.999383,169
167559,42.301354,-82.999513,170
167559,42.301193,-83.000426,171
167559,42.301031,-83.001427,172
167559,42.300788,-83.002455,173
167559,42.300721,-83.002807,174
167559,42.300816,-83.00284,175
167559,42.300816,-83.00284,176
167559,42.300816,-83.00284,177
167559,42.3007146256951,-83.0028377473218,178
167559,42.30057,-83.003607,179
167559,42.30035,-83.004748,180
167559,42.2993494102473,-83.0100041627918,181
167559,42.2991166361623,-83.0111753941674,182
167559,42.298885,-83.012498,183
167559,42.298836,-83.012748,184
167559,42.298716,-83.013374,185
167559,42.298678,-83.013572,186
167559,42.298421,-83.014938,187
167559,42.298278,-83.015698,188
167559,42.2981319661942,-83.0165684223175,189
167559,42.29818962,-83.01681739,190
167559,42.29818962,-83.01681739,191
167559,42.29818962,-83.01681739,192
167559,42.2980900274373,-83.0169227720217,193
167559,42.297941,-83.017493,194
167559,42.297871,-83.017847,195
167559,42.297826,-83.018074,196
167559,42.297588,-83.019258,197
167559,42.297471,-83.019849,198
167559,42.297282,-83.020817,199
167559,42.297139,-83.021563,200
167559,42.29702,-83.022151,201
167559,42.29694,-83.022562,202
167559,42.296792,-83.023372,203
167559,42.2967482691512,-83.0236788093589,204
167559,42.296799,-83.023758,205
167559,42.296799,-83.023758,206
167559,42.296799,-83.023758,207
167559,42.296723,-83.023731,208
167559,42.296636,-83.024186,209
167559,42.296662,-83.024363,210
167559,42.296638,-83.024474,211
167559,42.296492,-83.025274,212
167559,42.296467,-83.025408,213
167559,42.296433,-83.025572,214
167559,42.296408,-83.025706,215
167559,42.296381,-83.025849,216
167559,42.296328,-83.025925,217
167559,42.296239,-83.026424,218
167559,42.296037,-83.027507,219
167559,42.295908,-83.02814,220
167559,42.29581,-83.028616,221
167559,42.295737,-83.029024,222
167559,42.295628,-83.029627,223
167559,42.295514,-83.030222,224
167559,42.295578,-83.030244,225
167559,42.295578,-83.030244,226
167559,42.295578,-83.030244,227
167559,42.295514,-83.030222,228
167559,42.29549,-83.030347,229
167559,42.295387,-83.030879,230
167559,42.295322,-83.031215,231
167559,42.295277,-83.031449,232
167559,42.295253,-83.031576,233
167559,42.295062,-83.032581,234
167559,42.295032,-83.03275,235
167559,42.294956,-83.033155,236
167559,42.294814,-83.033907,237
167559,42.294739,-83.034279,238
167559,42.294785,-83.034296,239
167559,42.294785,-83.034296,240
167559,42.294785,-83.034296,241
167559,42.294739,-83.034279,242
167559,42.294525,-83.035342,243
167559,42.294364,-83.036097,244
167559,42.294327,-83.036279,245
167559,42.294305,-83.03642,246
167559,42.294294,-83.036546,247
167559,42.294298,-83.036706,248
167559,42.294347,-83.03683,249
167559,42.294399,-83.036887,250
167559,42.294468,-83.036949,251
167559,42.297384,-83.038769,252
167559,42.297687,-83.039163,253
167559,42.297828,-83.039256,254
167559,42.298093,-83.039752,255
167559,42.298222,-83.039679,256
167559,42.298496,-83.039568,257
167559,42.298556,-83.039588,258
167559,42.29857335,-83.0394963,259
167559,42.29857335,-83.0394963,260
167559,42.29857335,-83.0394963,261
167559,42.298556,-83.039588,262
167559,42.298646,-83.039618,263
167559,42.29872,-83.03964,264
167559,42.299103,-83.039878,265
167559,42.299508,-83.040145,266
167559,42.301616,-83.041499,267
167559,42.302655,-83.042161,268
167559,42.304059,-83.043057,269
167559,42.305341,-83.043849,270
167559,42.306777,-83.044751,271
167559,42.306561,-83.045379,272
167559,42.306542,-83.045433,273
167559,42.3066,-83.045469,274
167559,42.30658933,-83.04549141,275
167559,42.3066,-83.045469,276
167559,42.306542,-83.045433,277
167559,42.306385,-83.045892,278
167559,42.306204,-83.046374,279
167559,42.30604,-83.046867,280
167559,42.30582,-83.047494,281
167559,42.305519,-83.048357,282
167559,42.305373,-83.048756,283
167559,42.305251,-83.049092,284
167559,42.304957,-83.049983,285
167559,42.304776,-83.050506,286
167559,42.304615,-83.050979,287
167559,42.304446,-83.051465,288
167559,42.304276,-83.051925,289
167559,42.303819,-83.053224,290
167559,42.303645,-83.053735,291
167559,42.303454,-83.054219,292
167559,42.30354,-83.0542809,293
167559,42.30353779,-83.05428085,294
167559,42.30353779,-83.05428085,295
167559,42.303454,-83.05422,296
167559,42.303259,-83.054713,297
167559,42.30293,-83.055634,298
167559,42.302537,-83.056501,299
167559,42.302484,-83.056609,300
167559,42.302267,-83.057079,301
167559,42.301569,-83.058586,302
167559,42.301545,-83.058634,303
167559,42.301177,-83.059393,304
167559,42.300803,-83.0602,305
167559,42.30059,-83.06066,306
167559,42.300561,-83.060723,307
167559,42.300371,-83.06113,308
167559,42.300295,-83.061292,309
167559,42.30034192,-83.06133167,310
167559,42.30034192,-83.06133167,311
167559,42.30034192,-83.06133167,312
167559,42.300295,-83.061292,313
167559,42.300257,-83.061374,314
167559,42.300148,-83.06161,315
167559,42.299964,-83.062017,316
167559,42.2993,-83.063458,317
167559,42.299262,-83.063541,318
167559,42.298996,-83.063997,319
167559,42.298963,-83.06416,320
167559,42.298927,-83.06431,321
167559,42.298888,-83.064442,322
167559,42.29887,-83.0645,323
167559,42.298858,-83.064563,324
167559,42.298853,-83.064618,325
167559,42.298854,-83.064677,326
167559,42.298865,-83.064744,327
167559,42.29888,-83.064799,328
167559,42.298904,-83.064851,329
167559,42.298953,-83.064927,330
167559,42.299103,-83.065085,331
167559,42.29923,-83.06509,332
167559,42.299292,-83.065085,333
167559,42.299363,-83.065006,334
167559,42.299567,-83.064897,335
167559,42.299746,-83.064754,336
167559,42.300006,-83.064389,337
167559,42.300213,-83.064085,338
167559,42.300257,-83.064027,339
167559,42.300315,-83.06396,340
167559,42.300374,-83.063901,341
167559,42.300433,-83.063855,342
167559,42.300496,-83.063812,343
167559,42.300564,-83.063779,344
167559,42.300631,-83.063753,345
167559,42.300701,-83.063734,346
167559,42.300761,-83.063724,347
167559,42.300825,-83.063719,348
167559,42.300892,-83.063722,349
167559,42.300961,-83.063733,350
167559,42.30103,-83.06375,351
167559,42.301091,-83.063768,352
167559,42.301305,-83.063869,353
167559,42.301573,-83.064025,354
167559,42.301948,-83.064216,355
167559,42.302124,-83.064328,356
167559,42.302842,-83.064829,357
167559,42.303069,-83.064975,358
167559,42.304221,-83.065714,359
167559,42.304194,-83.065804,360
167559,42.304052,-83.066275,361
167559,42.303933,-83.066667,362
167559,42.303804,-83.067072,363
167559,42.303756,-83.06723,364
167559,42.303721,-83.067341,365
167559,42.3038001,-83.06738736,366
167559,42.3038001,-83.06738736,367
167559,42.3038001,-83.06738736,368
167559,42.303721,-83.067341,369
167559,42.30365,-83.067562,370
167559,42.303509,-83.067992,371
167559,42.303455,-83.068121,372
167559,42.303383,-83.06825,373
167559,42.303179,-83.0686,374
167559,42.303111,-83.068734,375
167559,42.303045,-83.068869,376
167559,42.302891,-83.06919,377
167559,42.302592,-83.069848,378
167559,42.302522,-83.069982,379
167559,42.302477,-83.070058,380
167559,42.302414,-83.070121,381
167559,42.301826,-83.070475,382
167559,42.301248,-83.070808,383
167559,42.300891,-83.071021,384
167559,42.30054,-83.071231,385
167559,42.300759,-83.071868,386
167559,42.30080438,-83.07184025,387
167559,42.30080438,-83.07184025,388
167559,42.30080438,-83.07184025,389
167559,42.300759,-83.071868,390
167559,42.300893,-83.07226,391
167559,42.301031,-83.072669,392
167559,42.301179,-83.073111,393
167559,42.301475,-83.074,394
167559,42.301841,-83.075066,395
167559,42.302033,-83.075623,396
167559,42.301639,-83.075865,397
167559,42.301186,-83.076142,398
167559,42.300981,-83.076267,399
167559,42.300881,-83.076328,400
167559,42.300833,-83.076358,401
167559,42.30046,-83.076586,402
167559,42.300115,-83.076798,403
167559,42.299789,-83.076997,404
167559,42.29955,-83.077147,405
167559,42.299578,-83.077229,406
167559,42.299578,-83.077229,407
167559,42.299578,-83.077229,408
167559,42.29955,-83.077147,409
167559,42.298611,-83.077736,410
167559,42.298326,-83.077915,411
167559,42.297551,-83.078373,412
167559,42.297271,-83.078546,413
167559,42.296766,-83.078858,414
167559,42.296216,-83.079199,415
167559,42.295328,-83.079748,416
167559,42.294944,-83.079985,417
167559,42.29496706,-83.08005297,418
167559,42.29496706,-83.08005297,419
167559,42.29496706,-83.08005297,420
167559,42.294944,-83.079985,421
167559,42.294218,-83.080432,422
167559,42.29411,-83.080498,423
167559,42.293423,-83.080906,424
167559,42.293079,-83.081111,425
167559,42.292392,-83.08154,426
167559,42.291546,-83.082068,427
167559,42.291382,-83.081469,428
167559,42.291087,-83.080388,429
167559,42.290934,-83.079837,430
167559,42.290774,-83.079259,431
167559,42.290629,-83.078709,432
167559,42.290487,-83.078174,433
167559,42.290343,-83.077618,434
167559,42.290188,-83.07702,435
167559,42.289949,-83.076097,436
167559,42.28982,-83.075613,437
167559,42.289758,-83.075643,438
167559,42.289758,-83.075643,439
167559,42.289758,-83.075643,440
167559,42.2898113704289,-83.0755832790783,441
167559,42.289755,-83.07537,442
167559,42.289404,-83.073946,443
167559,42.289171,-83.073028,444
167559,42.288911,-83.071991,445
167559,42.288877,-83.071855,446
167559,42.28859,-83.070709,447
167559,42.288342,-83.06971,448
167559,42.288093,-83.068714,449
167559,42.287844,-83.06772,450
167559,42.287609,-83.066641,451
167559,42.287512,-83.066303,452
167559,42.28731,-83.065598,453
167559,42.287062,-83.064616,454
167559,42.286991,-83.064308,455
167559,42.28691,-83.063988,456
167559,42.286406,-83.064207,457
167559,42.2863754937403,-83.0643022060758,458
167559,42.2861456218106,-83.0645152927173,459
167559,42.2862219138163,-83.0648067593211,460
167559,42.286364616674,-83.0646917224476,461
167559,42.286447,-83.064606,462
167559,42.286447,-83.064606,463
167558,42.286447,-83.064606,1
167558,42.286447,-83.064606,2
167558,42.2865643605802,-83.0646443367005,3
167558,42.2867749047738,-83.0645793677832,4
167558,42.2868965110181,-83.0646044022115,5
167558,42.287062,-83.064616,6
167558,42.28731,-83.065598,7
167558,42.287512,-83.066303,8
167558,42.287609,-83.066641,9
167558,42.287844,-83.06772,10
167558,42.288093,-83.068714,11
167558,42.288342,-83.06971,12
167558,42.28859,-83.070709,13
167558,42.288877,-83.071855,14
167558,42.288911,-83.071991,15
167558,42.289171,-83.073028,16
167558,42.289404,-83.073946,17
167558,42.289755,-83.07537,18
167558,42.2898400122888,-83.0755832790783,19
167558,42.289898,-83.075598,20
167558,42.289898,-83.075598,21
167558,42.289898,-83.075598,22
167558,42.289825,-83.075633,23
167558,42.289949,-83.076097,24
167558,42.290188,-83.07702,25
167558,42.290343,-83.077618,26
167558,42.290487,-83.078174,27
167558,42.290629,-83.078709,28
167558,42.290774,-83.079259,29
167558,42.290934,-83.079837,30
167558,42.291087,-83.080388,31
167558,42.291382,-83.081469,32
167558,42.291546,-83.082068,33
167558,42.292392,-83.08154,34
167558,42.293079,-83.081111,35
167558,42.293423,-83.080906,36
167558,42.29411,-83.080498,37
167558,42.294218,-83.080432,38
167558,42.295328,-83.079748,39
167558,42.295533,-83.079621,40
167558,42.29550235,-83.07952763,41
167558,42.29550235,-83.07952763,42
167558,42.29550235,-83.07952763,43
167558,42.2955611047679,-83.079602569328,44
167558,42.296216,-83.079199,45
167558,42.296766,-83.078858,46
167558,42.297271,-83.078546,47
167558,42.297551,-83.078373,48
167558,42.298326,-83.077915,49
167558,42.298611,-83.077736,50
167558,42.299789,-83.076997,51
167558,42.3000411142947,-83.076836764867,52
167558,42.30003416,-83.07674037,53
167558,42.30003416,-83.07674037,54
167558,42.30003416,-83.07674037,55
167558,42.3000887265302,-83.076817989363,56
167558,42.3020130242187,-83.0756351352284,57
167558,42.301841,-83.075066,58
167558,42.301475,-83.074,59
167558,42.301179,-83.073111,60
167558,42.301031,-83.072669,61
167558,42.300893,-83.07226,62
167558,42.30053,-83.07124,63
167558,42.3007870351509,-83.0710709095001,64
167558,42.30079002,-83.07097849,65
167558,42.30079002,-83.07097849,66
167558,42.30079002,-83.07097849,67
167558,42.300818,-83.071064,68
167558,42.300891,-83.071021,69
167558,42.301248,-83.070808,70
167558,42.301826,-83.070475,71
167558,42.302414,-83.070121,72
167558,42.302477,-83.070058,73
167558,42.302522,-83.069982,74
167558,42.302592,-83.069848,75
167558,42.302891,-83.06919,76
167558,42.303045,-83.068869,77
167558,42.303111,-83.068734,78
167558,42.303179,-83.0686,79
167558,42.303383,-83.06825,80
167558,42.303455,-83.068121,81
167558,42.303509,-83.067992,82
167558,42.30365,-83.067562,83
167558,42.303756,-83.06723,84
167558,42.303804,-83.067072,85
167558,42.303933,-83.066667,86
167558,42.304052,-83.066275,87
167558,42.304194,-83.065804,88
167558,42.304221,-83.065714,89
167558,42.304567,-83.064623,90
167558,42.304593,-83.064543,91
167558,42.304617,-83.064468,92
167558,42.304711,-83.064176,93
167558,42.30465851,-83.06414547,94
167558,42.304659,-83.064145,95
167558,42.304659,-83.064145,96
167558,42.304711,-83.064176,97
167558,42.304736,-83.064098,98
167558,42.304836,-83.063796,99
167558,42.304942,-83.063453,100
167558,42.304719,-83.063316,101
167558,42.303735,-83.062685,102
167558,42.303518,-83.062546,103
167558,42.302644,-83.061982,104
167558,42.301955,-83.061537,105
167558,42.301122,-83.061001,106
167558,42.30059,-83.06066,107
167558,42.300803,-83.0602,108
167558,42.300966,-83.059848,109
167558,42.300924,-83.05981257,110
167558,42.300924,-83.05981257,111
167558,42.300924,-83.05981257,112
167558,42.300966,-83.059848,113
167558,42.301177,-83.059393,114
167558,42.301545,-83.058634,115
167558,42.301569,-83.058586,116
167558,42.302267,-83.057079,117
167558,42.302484,-83.056609,118
167558,42.302537,-83.056501,119
167558,42.30293,-83.055634,120
167558,42.303259,-83.054713,121
167558,42.303645,-83.053735,122
167558,42.303754,-83.053415,123
167558,42.30369221,-83.05337601,124
167558,42.30369221,-83.05337601,125
167558,42.30369,-83.053376,126
167558,42.303754,-83.053416,127
167558,42.303819,-83.053224,128
167558,42.304276,-83.051925,129
167558,42.304446,-83.051465,130
167558,42.304615,-83.050979,131
167558,42.304776,-83.050506,132
167558,42.304957,-83.049983,133
167558,42.305251,-83.049092,134
167558,42.305373,-83.048756,135
167558,42.305519,-83.048357,136
167558,42.30582,-83.047494,137
167558,42.30604,-83.046867,138
167558,42.306204,-83.046374,139
167558,42.306385,-83.045892,140
167558,42.306561,-83.045379,141
167558,42.306777,-83.044751,142
167558,42.306458,-83.04455,143
167558,42.306437,-83.044611,144
167558,42.306437,-83.044611,145
167558,42.306437,-83.044611,146
167558,42.306458,-83.04455,147
167558,42.305341,-83.043849,148
167558,42.304059,-83.043057,149
167558,42.302655,-83.042161,150
167558,42.301616,-83.041499,151
167558,42.299508,-83.040145,152
167558,42.299103,-83.039878,153
167558,42.298854,-83.039723,154
167558,42.298833,-83.039785,155
167558,42.298833,-83.039785,156
167558,42.298833,-83.039785,157
167558,42.298854,-83.039723,158
167558,42.29872,-83.03964,159
167558,42.298646,-83.039618,160
167558,42.298512,-83.03968,161
167558,42.29835,-83.039744,162
167558,42.298147,-83.039888,163
167558,42.298051,-83.039947,164
167558,42.298003,-83.039823,165
167558,42.297823,-83.039453,166
167558,42.297771,-83.039367,167
167558,42.297687,-83.039163,168
167558,42.297384,-83.038769,169
167558,42.294468,-83.036949,170
167558,42.294399,-83.036887,171
167558,42.294347,-83.03683,172
167558,42.294298,-83.036706,173
167558,42.294294,-83.036546,174
167558,42.294305,-83.03642,175
167558,42.294327,-83.036279,176
167558,42.294364,-83.036097,177
167558,42.294525,-83.035342,178
167558,42.294729,-83.034328,179
167558,42.29459584,-83.03427911,180
167558,42.29459584,-83.03427911,181
167558,42.29459584,-83.03427911,182
167558,42.294729,-83.034328,183
167558,42.294814,-83.033907,184
167558,42.294956,-83.033155,185
167558,42.295032,-83.03275,186
167558,42.295062,-83.032581,187
167558,42.295253,-83.031576,188
167558,42.295277,-83.031449,189
167558,42.295322,-83.031215,190
167558,42.295387,-83.030879,191
167558,42.29549,-83.030347,192
167558,42.295628,-83.029627,193
167558,42.295737,-83.029024,194
167558,42.295778,-83.028795,195
167558,42.29567821,-83.02876177,196
167558,42.29567821,-83.02876177,197
167558,42.29568,-83.0287618,198
167558,42.295778,-83.028794,199
167558,42.29581,-83.028616,200
167558,42.295908,-83.02814,201
167558,42.296037,-83.027507,202
167558,42.296239,-83.026424,203
167558,42.296328,-83.025925,204
167558,42.296287,-83.025833,205
167558,42.296323,-83.02563,206
167558,42.296343,-83.025514,207
167558,42.296373,-83.025349,208
167558,42.296398,-83.025214,209
167558,42.296568,-83.024283,210
167558,42.296636,-83.024186,211
167558,42.296654,-83.02409,212
167558,42.29655312,-83.02405541,213
167558,42.29655312,-83.02405541,214
167558,42.29655312,-83.02405541,215
167558,42.2966674973811,-83.024028539644,216
167558,42.296792,-83.023372,217
167558,42.29694,-83.022562,218
167558,42.29702,-83.022151,219
167558,42.297139,-83.021563,220
167558,42.297282,-83.020817,221
167558,42.297471,-83.019849,222
167558,42.297588,-83.019258,223
167558,42.2978581869015,-83.0176788568497,224
167558,42.29781129,-83.01749535,225
167558,42.29781129,-83.01749535,226
167558,42.29781129,-83.01749535,227
167558,42.297941,-83.017493,228
167558,42.298015,-83.017117,229
167558,42.298141,-83.016433,230
167558,42.298178,-83.016231,231
167558,42.298209,-83.016063,232
167558,42.298278,-83.015698,233
167558,42.298421,-83.014938,234
167558,42.298678,-83.013572,235
167558,42.298716,-83.013374,236
167558,42.298836,-83.012748,237
167558,42.298885,-83.012498,238
167558,42.298983,-83.011887,239
167558,42.299111,-83.011211,240
167558,42.299252,-83.010463,241
167558,42.299383,-83.009803,242
167558,42.299487,-83.009257,243
167558,42.299524,-83.009033,244
167558,42.299635,-83.008439,245
167558,42.299709,-83.00806,246
167558,42.299895,-83.007135,247
167558,42.299923,-83.006975,248
167558,42.300124,-83.005921,249
167558,42.30035,-83.004748,250
167558,42.30057,-83.003607,251
167558,42.300788,-83.002455,252
167558,42.3008434638215,-83.002163760218,253
167558,42.30076576,-83.00206576,254
167558,42.30076576,-83.00206576,255
167558,42.30076576,-83.00206576,256
167558,42.300869,-83.002111,257
167558,42.301031,-83.001427,258
167558,42.301193,-83.000426,259
167558,42.301354,-82.999513,260
167558,42.301378,-82.999383,261
167558,42.301628,-82.998041,262
167558,42.301908,-82.996611,263
167558,42.302106,-82.995542,264
167558,42.302115,-82.995488,265
167558,42.302088,-82.995395,266
167558,42.302189,-82.994812,267
167558,42.302242,-82.994504,268
167558,42.302251,-82.99445,269
167558,42.30227,-82.994355,270
167558,42.302316,-82.994118,271
167558,42.302401,-82.993688,272
167558,42.302476,-82.993558,273
167558,42.302533,-82.993285,274
167558,42.302589,-82.993024,275
167558,42.302507,-82.992992,276
167558,42.302507,-82.992992,277
167558,42.302507,-82.992992,278
167558,42.3026015705059,-82.9927778162486,279
167558,42.3035130810982,-82.9880397744921,280
167558,42.30354288,-82.98765519,281
167558,42.30354288,-82.98765519,282
167558,42.30354288,-82.98765519,283
167558,42.303629,-82.987685,284
167558,42.303656,-82.987542,285
167558,42.303851,-82.98656,286
167558,42.304031,-82.985511,287
167558,42.304229,-82.984476,288
167558,42.304427,-82.983441,289
167558,42.304626,-82.982396,290
167558,42.304725,-82.981877,291
167558,42.304826,-82.981348,292
167558,42.304951,-82.980693,293
167558,42.304991,-82.980483,294
167558,42.305015,-82.980346,295
167558,42.305049,-82.980181,296
167558,42.305155,-82.979625,297
167558,42.30507589,-82.97959726,298
167558,42.30507589,-82.97959726,299
167558,42.30507589,-82.97959726,300
167558,42.305155,-82.979625,301
167558,42.305197,-82.979405,302
167558,42.305212,-82.979327,303
167558,42.305293,-82.978899,304
167558,42.305381,-82.978438,305
167558,42.305569,-82.977455,306
167558,42.305626,-82.977156,307
167558,42.305795,-82.976271,308
167558,42.305865,-82.975905,309
167558,42.305897,-82.975735,310
167558,42.30598,-82.975297,311
167558,42.305995,-82.975217,312
167558,42.306061,-82.974872,313
167558,42.306182,-82.974223,314
167558,42.306272,-82.973742,315
167558,42.306296,-82.973619,316
167558,42.30637,-82.973226,317
167558,42.306385,-82.973148,318
167558,42.306407,-82.97303,319
167558,42.306502,-82.972529,320
167558,42.306533,-82.972362,321
167558,42.306599,-82.972047,322
167558,42.306725,-82.971347,323
167558,42.306775,-82.971096,324
167558,42.306807,-82.970909,325
167558,42.306918,-82.970322,326
167558,42.306956,-82.970118,327
167558,42.307161,-82.96906,328
167558,42.30733,-82.968135,329
167558,42.307348,-82.968044,330
167558,42.30738,-82.967871,331
167558,42.307455,-82.967472,332
167558,42.3073933,-82.9674514,333
167558,42.3073933,-82.9674514,334
167558,42.3073933,-82.9674514,335
167558,42.3074584900934,-82.9674303594322,336
167558,42.307532,-82.967065,337
167558,42.307737,-82.96598,338
167558,42.307928,-82.96497,339
167558,42.307944,-82.964886,340
167558,42.308038,-82.964384,341
167558,42.30806,-82.964267,342
167558,42.308112,-82.963989,343
167558,42.308147,-82.963805,344
167558,42.308258,-82.963217,345
167558,42.308506,-82.961899,346
167558,42.308588,-82.961464,347
167558,42.308727,-82.960732,348
167558,42.308751,-82.960602,349
167558,42.30877845866,-82.9603737317052,350
167558,42.30871488,-82.96023813,351
167558,42.30871488,-82.96023813,352
167558,42.30871488,-82.96023813,353
167558,42.308829,-82.960183,354
167558,42.308851,-82.960064,355
167558,42.308886,-82.959873,356
167558,42.308971,-82.959417,357
167558,42.309006,-82.95923,358
167558,42.309193,-82.958228,359
167558,42.30938,-82.957207,360
167558,42.309513,-82.956487,361
167558,42.309638,-82.955807,362
167558,42.309891,-82.954434,363
167558,42.309937,-82.954183,364
167558,42.310022,-82.953724,365
167558,42.310129,-82.953141,366
167558,42.310091,-82.952968,367
167558,42.310149,-82.952629,368
167558,42.310248,-82.952037,369
167558,42.310277,-82.95186,370
167558,42.310309,-82.951703,371
167558,42.310347,-82.951507,372
167558,42.310553,-82.950445,373
167558,42.31061,-82.950189,374
167558,42.310829,-82.949343,375
167558,42.311003,-82.94835,376
167558,42.311286,-82.946729,377
167558,42.311498,-82.94565,378
167558,42.311614,-82.945058,379
167558,42.311709,-82.944572,380
167558,42.311718,-82.944526,381
167558,42.311843,-82.943888,382
167558,42.311867,-82.943761,383
167558,42.31197,-82.943231,384
167558,42.311997,-82.943058,385
167558,42.312019,-82.942944,386
167558,42.3120607618666,-82.9426407815481,387
167558,42.312026,-82.942525,388
167558,42.312026,-82.942525,389
167558,42.3121069619552,-82.9424401558923,390
167558,42.3130254997865,-82.9380963865075,391
167558,42.3136463364877,-82.9384099269478,392
167558,42.3149792103304,-82.9390375669351,393
167558,42.3150506134896,-82.9383723758374,394
167558,42.3150426798093,-82.9378359314038,395
167558,42.3156059686294,-82.9379968647339,396
167558,42.3157248072468,-82.9379271269576,397
167558,42.315997,-82.936179,398
167561,42.286305,-83.064542,1
167561,42.286305,-83.064542,2
167561,42.286291,-83.064486,3
167561,42.286317,-83.064474,4
167561,42.286264,-83.064269,5
167561,42.286406,-83.064207,6
167561,42.28691,-83.063988,7
167561,42.286448,-83.062095,8
167561,42.286373,-83.061767,9
167561,42.286268,-83.061355,10
167561,42.286212,-83.061381,11
167561,42.286212,-83.061381,12
167561,42.286212,-83.061381,13
167561,42.286268,-83.061355,14
167561,42.286222,-83.061176,15
167561,42.28599,-83.060197,16
167561,42.285961,-83.0601,17
167561,42.285738,-83.059226,18
167561,42.285675,-83.058963,19
167561,42.285619,-83.058988,20
167561,42.285619,-83.058988,21
167561,42.285619,-83.058988,22
167561,42.285675,-83.058963,23
167561,42.285591,-83.058609,24
167561,42.285475,-83.058113,25
167561,42.285455,-83.057907,26
167561,42.285467,-83.057776,27
167561,42.285495,-83.057657,28
167561,42.285599,-83.057385,29
167561,42.285695,-83.057107,30
167561,42.285753,-83.056931,31
167561,42.285909,-83.056453,32
167561,42.28587,-83.05643,33
167561,42.28587,-83.05643,34
167561,42.28587,-83.05643,35
167561,42.285909,-83.056453,36
167561,42.285984,-83.056224,37
167561,42.286061,-83.055999,38
167561,42.285811,-83.055834,39
167561,42.285319,-83.055526,40
167561,42.284901,-83.055264,41
167561,42.2848,-83.055201,42
167561,42.284357,-83.054923,43
167561,42.283905,-83.05464,44
167561,42.283546,-83.054416,45
167561,42.283359,-83.054292,46
167561,42.283008,-83.054047,47
167561,42.282739,-83.053874,48
167561,42.282535,-83.053753,49
167561,42.282522,-83.053745,50
167561,42.2825,-83.053807,51
167561,42.2825,-83.053807,52
167561,42.2825,-83.053807,53
167561,42.282522,-83.053745,54
167561,42.282362,-83.053642,55
167561,42.281747,-83.053253,56
167561,42.281377,-83.053005,57
167561,42.28135,-83.053078,58
167561,42.28135,-83.053078,59
167561,42.28135,-83.053078,60
167561,42.281377,-83.053005,61
167561,42.281306,-83.052957,62
167561,42.279637,-83.051928,63
167561,42.2796,-83.051904,64
167561,42.27946,-83.051813,65
167561,42.278888,-83.051443,66
167561,42.278124,-83.050947,67
167561,42.278098,-83.05102,68
167561,42.278098,-83.05102,69
167561,42.278098,-83.05102,70
167561,42.278124,-83.050947,71
167561,42.278022,-83.050881,72
167561,42.277502,-83.050543,73
167561,42.276772,-83.050069,74
167561,42.27617,-83.049679,75
167561,42.276145,-83.049662,76
167561,42.275994,-83.049566,77
167561,42.275963,-83.049655,78
167561,42.275963,-83.049655,79
167561,42.275963,-83.049655,80
167561,42.275994,-83.049566,81
167561,42.275701,-83.049379,82
167561,42.276054,-83.048418,83
167561,42.276134,-83.048091,84
167561,42.276167,-83.047767,85
167561,42.276117,-83.047484,86
167561,42.275992,-83.047229,87
167561,42.275866,-83.047071,88
167561,42.27482,-83.046387,89
167561,42.274482,-83.046175,90
167561,42.274461,-83.046237,91
167561,42.274461,-83.046237,92
167561,42.274461,-83.046237,93
167561,42.274482,-83.046175,94
167561,42.273639,-83.045644,95
167561,42.272915,-83.045155,96
167561,42.272839,-83.045104,97
167561,42.27275,-83.044936,98
167561,42.272712,-83.044863,99
167561,42.272661,-83.044709,100
167561,42.272629,-83.044529,101
167561,42.272616,-83.044297,102
167561,42.272642,-83.044108,103
167561,42.272712,-83.043919,104
167561,42.272835,-83.043559,105
167561,42.272813,-83.043545,106
167561,42.272813,-83.043545,107
167561,42.272813,-83.043545,108
167561,42.272835,-83.043559,109
167561,42.273045,-83.042948,110
167561,42.273391,-83.042027,111
167561,42.273713,-83.041084,112
167561,42.273823,-83.040768,113
167561,42.273797,-83.040751,114
167561,42.273797,-83.040751,115
167561,42.273797,-83.040751,116
167561,42.273823,-83.040768,117
167561,42.274044,-83.040137,118
167561,42.274372,-83.039227,119
167561,42.274487,-83.038907,120
167561,42.274459,-83.038888,121
167561,42.274459,-83.038888,122
167561,42.274459,-83.038888,123
167561,42.274487,-83.038907,124
167561,42.275227,-83.036848,125
167561,42.27519,-83.036824,126
167561,42.27519,-83.036824,127
167561,42.27519,-83.036824,128
167561,42.275227,-83.036848,129
167561,42.275394,-83.036384,130
167561,42.27571,-83.035417,131
167561,42.276083,-83.034474,132
167561,42.276215,-83.034109,133
167561,42.276168,-83.034078,134
167561,42.276168,-83.034078,135
167561,42.276168,-83.034078,136
167561,42.276215,-83.034109,137
167561,42.276353,-83.033728,138
167561,42.276444,-83.033474,139
167561,42.276791,-83.03247,140
167561,42.276912,-83.032106,141
167561,42.276954,-83.031999,142
167561,42.276874,-83.031942,143
167561,42.276874,-83.031942,144
167561,42.276874,-83.031942,145
167561,42.276954,-83.031999,146
167561,42.276982,-83.031928,147
167561,42.277143,-83.031464,148
167561,42.274856,-83.030003,149
167561,42.274817,-83.030113,150
167561,42.274817,-83.030113,151
167561,42.274817,-83.030113,152
167561,42.274856,-83.030003,153
167561,42.274562,-83.029815,154
167561,42.274417,-83.029723,155
167561,42.273633,-83.029223,156
167561,42.273427,-83.029092,157
167561,42.273384,-83.029216,158
167561,42.273384,-83.029216,159
167561,42.273384,-83.029216,160
167561,42.273427,-83.029092,161
167561,42.272626,-83.028581,162
167561,42.271094,-83.02759,163
167561,42.270744,-83.028618,164
167561,42.270572,-83.029125,165
167561,42.27065,-83.029173,166
167561,42.27065,-83.029173,167
167561,42.27065,-83.029173,168
167561,42.270572,-83.029125,169
167561,42.270407,-83.029611,170
167561,42.270075,-83.030587,171
167561,42.269966,-83.030898,172
167561,42.270025,-83.030936,173
167561,42.270025,-83.030936,174
167561,42.270025,-83.030936,175
167561,42.269966,-83.030898,176
167561,42.269736,-83.031552,177
167561,42.2694,-83.032507,178
167561,42.26919,-83.033105,179
167561,42.26909,-83.033389,180
167561,42.269068,-83.033452,181
167561,42.268906,-83.033917,182
167561,42.268957,-83.03395,183
167561,42.268957,-83.03395,184
167561,42.268957,-83.03395,185
167561,42.268906,-83.033917,186
167561,42.268815,-83.034178,187
167561,42.268741,-83.034391,188
167561,42.268402,-83.035301,189
167561,42.268077,-83.036278,190
167561,42.267939,-83.036736,191
167561,42.267969,-83.036752,192
167561,42.267969,-83.036752,193
167561,42.267969,-83.036752,194
167561,42.267939,-83.036736,195
167561,42.267785,-83.037248,196
167561,42.267411,-83.038127,197
167561,42.267243,-83.038596,198
167561,42.267304,-83.038636,199
167561,42.267304,-83.038636,200
167561,42.267304,-83.038636,201
167561,42.267243,-83.038596,202
167561,42.267066,-83.039092,203
167561,42.266981,-83.039334,204
167561,42.266896,-83.039573,205
167561,42.266548,-83.040549,206
167561,42.266443,-83.040849,207
167561,42.266406,-83.04097,208
167561,42.266377,-83.041095,209
167561,42.266359,-83.041209,210
167561,42.266404,-83.041222,211
167561,42.266404,-83.041222,212
167561,42.266404,-83.041222,213
167561,42.266359,-83.041209,214
167561,42.266356,-83.041226,215
167561,42.266345,-83.04134,216
167561,42.266341,-83.041461,217
167561,42.266344,-83.041581,218
167561,42.266352,-83.041679,219
167561,42.266364,-83.041761,220
167561,42.266379,-83.04184,221
167561,42.266412,-83.041971,222
167561,42.266452,-83.04211,223
167561,42.266655,-83.042739,224
167561,42.266685,-83.04285,225
167561,42.266709,-83.04295,226
167561,42.266725,-83.043053,227
167561,42.266726,-83.04306,228
167561,42.266736,-83.043147,229
167561,42.266738,-83.043167,230
167561,42.266789,-83.043159,231
167561,42.266789,-83.043159,232
167561,42.266789,-83.043159,233
167561,42.266738,-83.043167,234
167561,42.266744,-83.043243,235
167561,42.266746,-83.043326,236
167561,42.266742,-83.043413,237
167561,42.26674,-83.043449,238
167561,42.266728,-83.043563,239
167561,42.266703,-83.043701,240
167561,42.266673,-83.043825,241
167561,42.266638,-83.043929,242
167561,42.266465,-83.04443,243
167561,42.266388,-83.044652,244
167561,42.266297,-83.044906,245
167561,42.266273,-83.045017,246
167561,42.266247,-83.045178,247
167561,42.266221,-83.045361,248
167561,42.266211,-83.045554,249
167561,42.266209,-83.045696,250
167561,42.266209,-83.045982,251
167561,42.266066,-83.045995,252
167561,42.266007,-83.045993,253
167561,42.265871,-83.045981,254
167561,42.265739,-83.045963,255
167561,42.26561,-83.045937,256
167561,42.265477,-83.045896,257
167561,42.26535,-83.045848,258
167561,42.265217,-83.045787,259
167561,42.265103,-83.045722,260
167561,42.264976,-83.045642,261
167561,42.264844,-83.04554,262
167561,42.264753,-83.045461,263
167561,42.264653,-83.045366,264
167561,42.264532,-83.045236,265
167561,42.264342,-83.044945,266
167561,42.264223,-83.044747,267
167561,42.264112,-83.044531,268
167561,42.263919,-83.044103,269
167561,42.263768,-83.043753,270
167561,42.263609,-83.043362,271
167561,42.263517,-83.043151,272
167561,42.263439,-83.042995,273
167561,42.263361,-83.042856,274
167561,42.26328,-83.042719,275
167561,42.263196,-83.042593,276
167561,42.263143,-83.042522,277
167561,42.263038,-83.04239,278
167561,42.262905,-83.042251,279
167561,42.262776,-83.042134,280
167561,42.26264,-83.04203,281
167561,42.262476,-83.041914,282
167561,42.262175,-83.041717,283
167561,42.262014,-83.041645,284
167561,42.261862,-83.041542,285
167561,42.261205,-83.041118,286
167561,42.260608,-83.040717,287
167561,42.260238,-83.040468,288
167561,42.259068,-83.039734,289
167561,42.258488,-83.039353,290
167561,42.258129,-83.03912,291
167561,42.257385,-83.038674,292
167561,42.257432,-83.038539,293
167561,42.257913,-83.037226,294
167561,42.257857,-83.037189,295
167561,42.257857,-83.037189,296
167561,42.257857,-83.037189,297
167561,42.257913,-83.037226,298
167561,42.257947,-83.037133,299
167561,42.258069,-83.0368,300
167561,42.258191,-83.036451,301
167561,42.258584,-83.035328,302
167561,42.258636,-83.035179,303
167561,42.258655,-83.035123,304
167561,42.258738,-83.034901,305
167561,42.258976,-83.034165,306
167561,42.259006,-83.034106,307
167561,42.259033,-83.034066,308
167561,42.259066,-83.034044,309
167561,42.259104,-83.034032,310
167561,42.259155,-83.034034,311
167561,42.259207,-83.034046,312
167561,42.259258,-83.034075,313
167561,42.26069,-83.03498,314
167561,42.260855,-83.035086,315
167561,42.260873,-83.035036,316
167561,42.260873,-83.035036,317
167561,42.260873,-83.035036,318
167561,42.260855,-83.035086,319
167561,42.262614,-83.036216,320
167561,42.263561,-83.036826,321
167561,42.263582,-83.036766,322
167561,42.263582,-83.036766,323
167561,42.263582,-83.036766,324
167561,42.263561,-83.036826,325
167561,42.263732,-83.036936,326
167561,42.264043,-83.035985,327
167561,42.264411,-83.035105,328
167561,42.264626,-83.03408,329
167561,42.264887,-83.033095,330
167561,42.264796,-83.033039,331
167561,42.264572,-83.0329,332
167561,42.264549,-83.032968,333
167561,42.264549,-83.032968,334
167561,42.264549,-83.032968,335
167561,42.264572,-83.0329,336
167561,42.264307,-83.032736,337
167561,42.264236,-83.032619,338
167561,42.26413,-83.03255,339
167561,42.263999,-83.03246,340
167561,42.263783,-83.032314,341
167561,42.263752,-83.032294,342
167561,42.26357,-83.032183,343
167561,42.263462,-83.032193,344
167561,42.26217,-83.031385,345
167561,42.262009,-83.031203,346
167561,42.262338,-83.030242,347
167561,42.2623086695718,-83.0302237055545,348
167561,42.2623086695718,-83.0302237055545,349
167561,42.2623086695718,-83.0302237055545,350
167561,42.262338,-83.030242,351
167561,42.262518,-83.029717,352
167561,42.262709,-83.029182,353
167561,42.262997,-83.028379,354
167561,42.263329,-83.027451,355
167561,42.263427,-83.027177,356
167561,42.263393254856,-83.0271554704993,357
167561,42.263393254856,-83.0271554704993,358
167561,42.263393254856,-83.0271554704993,359
167561,42.263427,-83.027177,360
167561,42.263672,-83.02649,361
167561,42.261852,-83.025321,362
167561,42.260257,-83.024257,363
167561,42.260106,-83.024158,364
167561,42.2600659921428,-83.0242714237806,365
167561,42.2600659921428,-83.0242714237806,366
167561,42.2600659921428,-83.0242714237806,367
167561,42.260106,-83.024158,368
167561,42.259851,-83.023991,369
167561,42.258828,-83.023355,370
167561,42.258339,-83.023066,371
167561,42.258148,-83.023671,372
167561,42.258039,-83.024049,373
167561,42.257951,-83.024287,374
167561,42.2580112689972,-83.0243266618249,375
167561,42.2580112689972,-83.0243266618249,376
167561,42.2580112689972,-83.0243266618249,377
167561,42.257951,-83.024287,378
167561,42.257854,-83.024549,379
167561,42.257151,-83.024042,380
167561,42.256808,-83.023835,381
167561,42.256528,-83.02365,382
167561,42.255868,-83.023233,383
167561,42.255846,-83.023309,384
167561,42.255846,-83.023309,385
167561,42.255846,-83.023309,386
167561,42.255868,-83.023233,387
167561,42.2552,-83.022809,388
167561,42.254545,-83.022377,389
167561,42.254382,-83.022267,390
167561,42.254351,-83.022247,391
167561,42.254315,-83.022235,392
167561,42.25416,-83.022196,393
167561,42.254148,-83.022279,394
167561,42.254148,-83.022279,395
167561,42.254148,-83.022279,396
167561,42.25416,-83.022196,397
167561,42.253991,-83.022153,398
167561,42.253848,-83.022128,399
167561,42.253722,-83.022082,400
167561,42.252978,-83.021617,401
167561,42.252867,-83.02157,402
167561,42.252793,-83.02156,403
167561,42.252699,-83.02156,404
167561,42.252639,-83.021567,405
167561,42.252458,-83.021621,406
167561,42.252374,-83.021625,407
167561,42.252265,-83.021618,408
167561,42.252163,-83.021588,409
167561,42.252085,-83.02155,410
167561,42.251784,-83.021365,411
167561,42.250957,-83.020839,412
167561,42.250868,-83.020784,413
167561,42.250834,-83.020779,414
167561,42.250791,-83.020765,415
167561,42.250755,-83.020753,416
167561,42.250722,-83.020752,417
167561,42.250687,-83.020752,418
167561,42.250665,-83.020749,419
167561,42.250639,-83.020744,420
167561,42.250618,-83.020738,421
167561,42.250601,-83.020743,422
167561,42.250587,-83.020744,423
167561,42.250573,-83.020743,424
167561,42.250559,-83.020739,425
167561,42.250546,-83.020733,426
167561,42.250533,-83.020724,427
167561,42.250522,-83.020713,428
167561,42.250512,-83.0207,429
167561,42.250503,-83.020685,430
167561,42.250495,-83.020669,431
167561,42.250489,-83.020652,432
167561,42.250485,-83.020633,433
167561,42.250478,-83.020626,434
167561,42.250455,-83.020605,435
167561,42.250433,-83.020583,436
167561,42.250404,-83.020556,437
167561,42.250297,-83.020472,438
167561,42.250236,-83.020454,439
167561,42.250183,-83.020452,440
167561,42.25013,-83.020461,441
167561,42.249232,-83.020743,442
167561,42.24924,-83.020788,443
167561,42.24924,-83.020788,444
167561,42.248672604441,-83.0209497608434,445
167561,42.2486690385157,-83.0214152631009,446
167561,42.2484645357882,-83.0220874009875,447
167561,42.2481548020098,-83.0228519418897,448
167561,42.2480118474453,-83.0229377850788,449
167561,42.2471150648531,-83.0223476129905,450
167561,42.2453889706342,-83.0212504298946,451
167561,42.2447793992761,-83.0196274571021,452
167561,42.2453214613927,-83.0180583402179,453
167561,42.2455041332912,-83.0178330018468,454
167561,42.2458138800841,-83.017393055503,455
167561,42.2459588251764,-83.0172857515168,456
167561,42.246054131357,-83.0173635469068,457
167561,42.246121897492,-83.0175057254895,458
167561,42.2461099842401,-83.0176291250737,459
167561,42.246094,-83.017841,460
167560,42.246094,-83.017841,1
167560,42.2460395707402,-83.0178979000136,2
167560,42.245955,-83.018044,3
167560,42.24593,-83.018101,4
167560,42.245917,-83.018122,5
167560,42.245904,-83.018138,6
167560,42.245892,-83.018148,7
167560,42.245876,-83.018155,8
167560,42.245863,-83.018157,9
167560,42.245847,-83.018157,10
167560,42.245814,-83.018142,11
167560,42.245436,-83.017901,12
167560,42.245354,-83.018012,13
167560,42.245327,-83.018056,14
167560,42.245308,-83.018097,15
167560,42.244839,-83.01943,16
167560,42.24483,-83.019449,17
167560,42.24474,-83.01964,18
167560,42.24483,-83.019871,19
167560,42.2452,-83.020849,20
167560,42.245314,-83.021143,21
167560,42.245332,-83.021185,22
167560,42.24535,-83.021218,23
167560,42.245366,-83.021245,24
167560,42.24538,-83.021261,25
167560,42.245401,-83.021277,26
167560,42.24543,-83.021299,27
167560,42.245633,-83.021432,28
167560,42.247569,-83.022667,29
167560,42.247609,-83.022693,30
167560,42.247953,-83.022912,31
167560,42.247969,-83.022919,32
167560,42.24799,-83.022923,33
167560,42.248014,-83.022926,34
167560,42.248042,-83.022925,35
167560,42.248068,-83.022919,36
167560,42.24809,-83.022907,37
167560,42.248111,-83.022893,38
167560,42.248136,-83.022873,39
167560,42.248155,-83.022856,40
167560,42.248179,-83.022823,41
167560,42.248199,-83.022791,42
167560,42.248218,-83.022754,43
167560,42.248228,-83.02273,44
167560,42.248369,-83.022343,45
167560,42.248444,-83.022137,46
167560,42.248623,-83.021615,47
167560,42.248631,-83.021591,48
167560,42.248639,-83.021568,49
167560,42.248651,-83.021534,50
167560,42.248661,-83.021499,51
167560,42.248672,-83.021463,52
167560,42.24868,-83.021431,53
167560,42.248685,-83.021402,54
167560,42.24869,-83.021379,55
167560,42.248692,-83.021341,56
167560,42.24869,-83.021296,57
167560,42.248686,-83.021241,58
167560,42.24858743,-83.02115608,59
167560,42.24858743,-83.02115608,60
167560,42.248666,-83.02113,61
167560,42.248662,-83.021105,62
167560,42.248653,-83.021069,63
167560,42.248624,-83.020948,64
167560,42.248784,-83.020887,65
167560,42.249151,-83.020769,66
167560,42.25013,-83.020461,67
167560,42.250183,-83.020452,68
167560,42.250236,-83.020454,69
167560,42.250297,-83.020472,70
167560,42.250427,-83.020468,71
167560,42.250463,-83.020466,72
167560,42.250498,-83.020465,73
167560,42.250533,-83.020467,74
167560,42.250562,-83.020467,75
167560,42.250579,-83.020463,76
167560,42.250596,-83.020463,77
167560,42.250613,-83.020467,78
167560,42.250629,-83.020474,79
167560,42.250644,-83.020485,80
167560,42.250657,-83.020499,81
167560,42.250669,-83.020515,82
167560,42.250678,-83.020534,83
167560,42.250685,-83.020555,84
167560,42.250701,-83.020579,85
167560,42.250715,-83.020601,86
167560,42.250735,-83.020637,87
167560,42.250751,-83.020661,88
167560,42.250781,-83.020696,89
167560,42.250803,-83.020715,90
167560,42.250835,-83.020735,91
167560,42.250858,-83.020756,92
167560,42.250868,-83.020784,93
167560,42.250957,-83.020839,94
167560,42.251784,-83.021365,95
167560,42.252085,-83.02155,96
167560,42.252163,-83.021588,97
167560,42.252265,-83.021618,98
167560,42.252374,-83.021625,99
167560,42.252458,-83.021621,100
167560,42.252639,-83.021567,101
167560,42.252699,-83.02156,102
167560,42.252793,-83.02156,103
167560,42.252867,-83.02157,104
167560,42.252978,-83.021617,105
167560,42.253722,-83.022082,106
167560,42.253848,-83.022128,107
167560,42.253991,-83.022153,108
167560,42.254315,-83.022235,109
167560,42.254351,-83.022247,110
167560,42.254382,-83.022267,111
167560,42.254545,-83.022377,112
167560,42.254722,-83.022494,113
167560,42.25475,-83.022416,114
167560,42.25475,-83.022416,115
167560,42.25475,-83.022416,116
167560,42.254722,-83.022494,117
167560,42.2552,-83.022809,118
167560,42.255868,-83.023233,119
167560,42.256196,-83.02344,120
167560,42.256207,-83.023407,121
167560,42.256207,-83.023407,122
167560,42.256207,-83.023407,123
167560,42.256196,-83.02344,124
167560,42.256528,-83.02365,125
167560,42.256808,-83.023835,126
167560,42.257151,-83.024042,127
167560,42.257854,-83.024549,128
167560,42.257757,-83.024878,129
167560,42.257809,-83.024906,130
167560,42.257809,-83.024906,131
167560,42.257809,-83.024906,132
167560,42.257757,-83.024878,133
167560,42.257725,-83.024986,134
167560,42.257554,-83.025467,135
167560,42.257412,-83.025931,136
167560,42.257218,-83.026456,137
167560,42.257105,-83.026876,138
167560,42.25693,-83.027348,139
167560,42.25683,-83.027658,140
167560,42.256873,-83.027683,141
167560,42.256873,-83.027683,142
167560,42.256873,-83.027683,143
167560,42.2568004526526,-83.0278347987766,144
167560,42.256898342175,-83.0278987719142,145
167560,42.2587794680148,-83.0291046736107,146
167560,42.25887017,-83.02911769,147
167560,42.25887017,-83.02911769,148
167560,42.25887017,-83.02911769,149
167560,42.25885,-83.029173,150
167560,42.261841,-83.031095,151
167560,42.261873,-83.031005,152
167560,42.261873,-83.031005,153
167560,42.261873,-83.031005,154
167560,42.261841,-83.031095,155
167560,42.262009,-83.031203,156
167560,42.262222,-83.031264,157
167560,42.263499,-83.032075,158
167560,42.26357,-83.032183,159
167560,42.263752,-83.032294,160
167560,42.263783,-83.032314,161
167560,42.263999,-83.03246,162
167560,42.26413,-83.03255,163
167560,42.264236,-83.032619,164
167560,42.264332,-83.032627,165
167560,42.264568,-83.032775,166
167560,42.264591,-83.032707,167
167560,42.264591,-83.032707,168
167560,42.264591,-83.032707,169
167560,42.264568,-83.032775,170
167560,42.264822,-83.032934,171
167560,42.264918,-83.03299,172
167560,42.264887,-83.033095,173
167560,42.264626,-83.03408,174
167560,42.264411,-83.035105,175
167560,42.264043,-83.035985,176
167560,42.263824,-83.036655,177
167560,42.26387,-83.036682,178
167560,42.26387,-83.036682,179
167560,42.26387,-83.036682,180
167560,42.263824,-83.036655,181
167560,42.263732,-83.036936,182
167560,42.262614,-83.036216,183
167560,42.260896,-83.035112,184
167560,42.26087,-83.035186,185
167560,42.26087,-83.035186,186
167560,42.26087,-83.035186,187
167560,42.260896,-83.035112,188
167560,42.26069,-83.03498,189
167560,42.259258,-83.034075,190
167560,42.259207,-83.034046,191
167560,42.259155,-83.034034,192
167560,42.259104,-83.034032,193
167560,42.259066,-83.034044,194
167560,42.259033,-83.034066,195
167560,42.259006,-83.034106,196
167560,42.258976,-83.034165,197
167560,42.258738,-83.034901,198
167560,42.258655,-83.035123,199
167560,42.258636,-83.035179,200
167560,42.258584,-83.035328,201
167560,42.258191,-83.036451,202
167560,42.258116,-83.036667,203
167560,42.258179,-83.036707,204
167560,42.258179,-83.036707,205
167560,42.258179,-83.036707,206
167560,42.258116,-83.036667,207
167560,42.258069,-83.0368,208
167560,42.257947,-83.037133,209
167560,42.257432,-83.038539,210
167560,42.260249,-83.040359,211
167560,42.260677,-83.040621,212
167560,42.261905,-83.041425,213
167560,42.262063,-83.041511,214
167560,42.262218,-83.041601,215
167560,42.262701,-83.041918,216
167560,42.262901,-83.04206,217
167560,42.26303,-83.042159,218
167560,42.263221,-83.042318,219
167560,42.263544,-83.042592,220
167560,42.263859,-83.042857,221
167560,42.264036,-83.042996,222
167560,42.264301,-83.043199,223
167560,42.264575,-83.043395,224
167560,42.264757,-83.043521,225
167560,42.265148,-83.043778,226
167560,42.265353,-83.04399,227
167560,42.266273,-83.044579,228
167560,42.266388,-83.044652,229
167560,42.266465,-83.04443,230
167560,42.266638,-83.043929,231
167560,42.266673,-83.043825,232
167560,42.266703,-83.043701,233
167560,42.266728,-83.043563,234
167560,42.266733,-83.043517,235
167560,42.266668,-83.043505,236
167560,42.266668,-83.043505,237
167560,42.266668,-83.043505,238
167560,42.266733,-83.043517,239
167560,42.26674,-83.043449,240
167560,42.266742,-83.043413,241
167560,42.266746,-83.043326,242
167560,42.266744,-83.043243,243
167560,42.266736,-83.043147,244
167560,42.266726,-83.04306,245
167560,42.266725,-83.043053,246
167560,42.266709,-83.04295,247
167560,42.266685,-83.04285,248
167560,42.266655,-83.042739,249
167560,42.266452,-83.04211,250
167560,42.266412,-83.041971,251
167560,42.266379,-83.04184,252
167560,42.266364,-83.041761,253
167560,42.266352,-83.041679,254
167560,42.266344,-83.041581,255
167560,42.266341,-83.041461,256
167560,42.266345,-83.04134,257
167560,42.266356,-83.041226,258
167560,42.266377,-83.041095,259
167560,42.266406,-83.04097,260
167560,42.266443,-83.040849,261
167560,42.266505,-83.040673,262
167560,42.266448,-83.040637,263
167560,42.266448,-83.040637,264
167560,42.266448,-83.040637,265
167560,42.266505,-83.040673,266
167560,42.266548,-83.040549,267
167560,42.266896,-83.039573,268
167560,42.266981,-83.039334,269
167560,42.267066,-83.039092,270
167560,42.267168,-83.038807,271
167560,42.267108,-83.038768,272
167560,42.267108,-83.038768,273
167560,42.267108,-83.038768,274
167560,42.2672222439562,-83.0386053619366,275
167560,42.2677763566113,-83.0370785717583,276
167560,42.267796,-83.036877,277
167560,42.267796,-83.036877,278
167560,42.267796,-83.036877,279
167560,42.267882,-83.036924,280
167560,42.268077,-83.036278,281
167560,42.268402,-83.035301,282
167560,42.268741,-83.034391,283
167560,42.268815,-83.034178,284
167560,42.268999,-83.03365,285
167560,42.268947,-83.033617,286
167560,42.268947,-83.033617,287
167560,42.268947,-83.033617,288
167560,42.268999,-83.03365,289
167560,42.269068,-83.033452,290
167560,42.26909,-83.033389,291
167560,42.26919,-83.033105,292
167560,42.2694,-83.032507,293
167560,42.269736,-83.031552,294
167560,42.270075,-83.030587,295
167560,42.270177,-83.030287,296
167560,42.270125,-83.030255,297
167560,42.270125,-83.030269,298
167560,42.270125,-83.030269,299
167560,42.270173,-83.030299,300
167560,42.270407,-83.029611,301
167560,42.270744,-83.028618,302
167560,42.270995,-83.027881,303
167560,42.270984,-83.027874,304
167560,42.270984,-83.027874,305
167560,42.270984,-83.027874,306
167560,42.270995,-83.027881,307
167560,42.271094,-83.02759,308
167560,42.272626,-83.028581,309
167560,42.273186,-83.028938,310
167560,42.273232,-83.028807,311
167560,42.273232,-83.028807,312
167560,42.273232,-83.028807,313
167560,42.273186,-83.028938,314
167560,42.273633,-83.029223,315
167560,42.274417,-83.029723,316
167560,42.274562,-83.029815,317
167560,42.274921,-83.030044,318
167560,42.274961,-83.029929,319
167560,42.274961,-83.029929,320
167560,42.274961,-83.029929,321
167560,42.274921,-83.030044,322
167560,42.277143,-83.031464,323
167560,42.276982,-83.031928,324
167560,42.276912,-83.032106,325
167560,42.276791,-83.03247,326
167560,42.276444,-83.033474,327
167560,42.276385,-83.033639,328
167560,42.276428,-83.033667,329
167560,42.276428,-83.033667,330
167560,42.276428,-83.033667,331
167560,42.276385,-83.033639,332
167560,42.276353,-83.033728,333
167560,42.276083,-83.034474,334
167560,42.27571,-83.035417,335
167560,42.275394,-83.036384,336
167560,42.275227,-83.036849,337
167560,42.275297,-83.036895,338
167560,42.275297,-83.036895,339
167560,42.275297,-83.036895,340
167560,42.275227,-83.036849,341
167560,42.274372,-83.039227,342
167560,42.274201,-83.039702,343
167560,42.274272,-83.039749,344
167560,42.274272,-83.039749,345
167560,42.274272,-83.039749,346
167560,42.274201,-83.039702,347
167560,42.274044,-83.040137,348
167560,42.273713,-83.041084,349
167560,42.273617,-83.041365,350
167560,42.273688,-83.041409,351
167560,42.273688,-83.041409,352
167560,42.273688,-83.041409,353
167560,42.273617,-83.041365,354
167560,42.273391,-83.042027,355
167560,42.273045,-83.042948,356
167560,42.272956,-83.043207,357
167560,42.273033,-83.043255,358
167560,42.273033,-83.043255,359
167560,42.273033,-83.043255,360
167560,42.272956,-83.043207,361
167560,42.272712,-83.043919,362
167560,42.272642,-83.044108,363
167560,42.272616,-83.044297,364
167560,42.272629,-83.044529,365
167560,42.272661,-83.044709,366
167560,42.272712,-83.044863,367
167560,42.27275,-83.044936,368
167560,42.272839,-83.045104,369
167560,42.272915,-83.045155,370
167560,42.273639,-83.045644,371
167560,42.274592,-83.046243,372
167560,42.274616,-83.046173,373
167560,42.274616,-83.046173,374
167560,42.274616,-83.046173,375
167560,42.274592,-83.046243,376
167560,42.27482,-83.046387,377
167560,42.275866,-83.047071,378
167560,42.275992,-83.047229,379
167560,42.276117,-83.047484,380
167560,42.276167,-83.047767,381
167560,42.276134,-83.048091,382
167560,42.276054,-83.048418,383
167560,42.275818,-83.04906,384
167560,42.275878,-83.0491,385
167560,42.275878,-83.0491,386
167560,42.275878,-83.0491,387
167560,42.275818,-83.04906,388
167560,42.275701,-83.049379,389
167560,42.276145,-83.049662,390
167560,42.27617,-83.049679,391
167560,42.276772,-83.050069,392
167560,42.277502,-83.050543,393
167560,42.278022,-83.050881,394
167560,42.278888,-83.051443,395
167560,42.27909,-83.051574,396
167560,42.279122,-83.051483,397
167560,42.279122,-83.051483,398
167560,42.279122,-83.051483,399
167560,42.27909,-83.051574,400
167560,42.27946,-83.051813,401
167560,42.2796,-83.051904,402
167560,42.279637,-83.051928,403
167560,42.281221,-83.052905,404
167560,42.28124,-83.052849,405
167560,42.28124,-83.052849,406
167560,42.28124,-83.052849,407
167560,42.281221,-83.052905,408
167560,42.281306,-83.052957,409
167560,42.281747,-83.053253,410
167560,42.282362,-83.053642,411
167560,42.282535,-83.053753,412
167560,42.282739,-83.053874,413
167560,42.283008,-83.054047,414
167560,42.283359,-83.054292,415
167560,42.283534,-83.054408,416
167560,42.28355971,-83.05433847,417
167560,42.28355971,-83.05433847,418
167560,42.28356,-83.054338,419
167560,42.2837406813798,-83.0545184183159,420
167560,42.28581,-83.05582,421
167560,42.285897,-83.055819,422
167560,42.285897,-83.055819,423
167560,42.285897,-83.055819,424
167560,42.285876,-83.055877,425
167560,42.286061,-83.055999,426
167560,42.285984,-83.056224,427
167560,42.285753,-83.056931,428
167560,42.285695,-83.057107,429
167560,42.285599,-83.057385,430
167560,42.285495,-83.057657,431
167560,42.285467,-83.057776,432
167560,42.285455,-83.057907,433
167560,42.285475,-83.058113,434
167560,42.285541,-83.058396,435
167560,42.285608,-83.058367,436
167560,42.285608,-83.058367,437
167560,42.285608,-83.058367,438
167560,42.285541,-83.058396,439
167560,42.285591,-83.058609,440
167560,42.285738,-83.059226,441
167560,42.285961,-83.0601,442
167560,42.28599,-83.060197,443
167560,42.286222,-83.061176,444
167560,42.286308,-83.061511,445
167560,42.286375,-83.06148,446
167560,42.286375,-83.06148,447
167560,42.286375,-83.06148,448
167560,42.286308,-83.061511,449
167560,42.286373,-83.061767,450
167560,42.286448,-83.062095,451
167560,42.28691,-83.063988,452
167560,42.286406,-83.064207,453
167560,42.286264,-83.064269,454
167560,42.286317,-83.064474,455
167560,42.286291,-83.064486,456
167560,42.286305,-83.064542,457
167560,42.286305,-83.064542,458
167562,42.273538,-82.99953,1
167562,42.273538,-82.99953,2
167562,42.273592,-82.999567,3
167562,42.273634,-82.999454,4
167562,42.27371,-82.999193,5
167562,42.2726334201197,-82.9984876334866,6
167562,42.272801,-82.997949,7
167562,42.2731245766563,-82.9971897759528,8
167562,42.273564,-82.997436,9
167562,42.2741910132081,-82.9978108677959,10
167562,42.274259,-82.997827,11
167562,42.274259,-82.997827,12
167562,42.274259,-82.997827,13
167562,42.27539,-82.998625,14
167562,42.2777908430632,-83.0001352903519,15
167562,42.278129,-83.000255,16
167562,42.278129,-83.000255,17
167562,42.278129,-83.000255,18
167562,42.27908,-83.00097,19
167562,42.27915,-83.00094,20
167562,42.27927,-83.00074,21
167562,42.27947,-83.00022,22
167562,42.27961,-82.99974,23
167562,42.2798536463173,-82.9987604090538,24
167562,42.279825,-82.998423,25
167562,42.279825,-82.998423,26
167562,42.279825,-82.998423,27
167562,42.2800110220391,-82.9980380330658,28
167562,42.2806064827138,-82.9948696392453,29
167562,42.2808852021903,-82.9933710282764,30
167562,42.280867,-82.993013,31
167562,42.280867,-82.993013,32
167562,42.280867,-82.993013,33
167562,42.280942,-82.993036,34
167562,42.280982,-82.992802,35
167562,42.281072,-82.992833,36
167562,42.281231,-82.992888,37
167562,42.281582,-82.99301,38
167562,42.281857,-82.99309,39
167562,42.28209,-82.991951,40
167562,42.28201717,-82.99192403,41
167562,42.28201717,-82.99192403,42
167562,42.28201717,-82.99192403,43
167562,42.28209,-82.991951,44
167562,42.282212,-82.991355,45
167562,42.28265,-82.989169,46
167562,42.28255835,-82.9891348,47
167562,42.28255835,-82.9891348,48
167562,42.28255835,-82.9891348,49
167562,42.28265,-82.989169,50
167562,42.282692,-82.988959,51
167562,42.283033,-82.987182,52
167562,42.283098,-82.986896,53
167562,42.28302577,-82.98686591,54
167562,42.28302577,-82.98686591,55
167562,42.28302577,-82.98686591,56
167562,42.283098,-82.986896,57
167562,42.283321,-82.985922,58
167562,42.283543,-82.984952,59
167562,42.28346296,-82.98491791,60
167562,42.28346296,-82.98491791,61
167562,42.28346296,-82.98491791,62
167562,42.283543,-82.984952,63
167562,42.283569,-82.984839,64
167562,42.283657,-82.98442,65
167562,42.283708,-82.984191,66
167562,42.283826,-82.984049,67
167562,42.284002,-82.984086,68
167562,42.284207,-82.984219,69
167562,42.284249,-82.984245,70
167562,42.285184,-82.98482,71
167562,42.285266,-82.984881,72
167562,42.285408,-82.984939,73
167562,42.285492,-82.98489,74
167562,42.285596,-82.984683,75
167562,42.285751,-82.984273,76
167562,42.28581,-82.984079,77
167562,42.285884,-82.983842,78
167562,42.285901,-82.983781,79
167562,42.285715,-82.983668,80
167562,42.285646,-82.983558,81
167562,42.285507,-82.98348,82
167562,42.285467,-82.983609,83
167562,42.285467,-82.983609,84
167562,42.285467,-82.983609,85
167562,42.285507,-82.98348,86
167562,42.284972,-82.983181,87
167562,42.28444,-82.982971,88
167562,42.283798,-82.982587,89
167562,42.283028,-82.98211,90
167562,42.282962,-82.982062,91
167562,42.28292,-82.982031,92
167562,42.282711,-82.981878,93
167562,42.28265941,-82.98200893,94
167562,42.28265941,-82.98200893,95
167562,42.28265941,-82.98200893,96
167562,42.282711,-82.981878,97
167562,42.282549,-82.98176,98
167562,42.282265,-82.981552,99
167562,42.281888,-82.981226,100
167562,42.281522,-82.980984,101
167562,42.280908,-82.980579,102
167562,42.280823,-82.980598,103
167562,42.28056,-82.980447,104
167562,42.280341,-82.980314,105
167562,42.280227,-82.980179,106
167562,42.280134,-82.980119,107
167562,42.280093,-82.980236,108
167562,42.280093,-82.980236,109
167562,42.280093,-82.980236,110
167562,42.280175,-82.980103,111
167562,42.27838,-82.97899,112
167562,42.278062,-82.978785,113
167562,42.27797932,-82.97891394,114
167562,42.27797932,-82.97891394,115
167562,42.27797932,-82.97891394,116
167562,42.278028,-82.97877,117
167562,42.277866,-82.97867,118
167562,42.277335,-82.978328,119
167562,42.277133,-82.978198,120
167562,42.27683,-82.978003,121
167562,42.276674,-82.977902,122
167562,42.276532,-82.977888,123
167562,42.276254,-82.97771,124
167562,42.276294,-82.977589,125
167562,42.276418,-82.977211,126
167562,42.276564,-82.976751,127
167562,42.2765320070831,-82.9767330456324,128
167562,42.2765320070831,-82.9767330456324,129
167562,42.2765320070831,-82.9767330456324,130
167562,42.276564,-82.976751,131
167562,42.276598,-82.976644,132
167562,42.276625,-82.97659,133
167562,42.27678,-82.976276,134
167562,42.27689,-82.976087,135
167562,42.276967,-82.975956,136
167562,42.277282,-82.975802,137
167562,42.277659,-82.975831,138
167562,42.277863,-82.97578,139
167562,42.278019,-82.975689,140
167562,42.278233,-82.9754,141
167562,42.278293,-82.975228,142
167562,42.278398,-82.974955,143
167562,42.278557,-82.974542,144
167562,42.278769,-82.974034,145
167562,42.27870392,-82.97398391,146
167562,42.27870392,-82.97398391,147
167562,42.27870392,-82.97398391,148
167562,42.278769,-82.974034,149
167562,42.278909,-82.973699,150
167562,42.279088,-82.973511,151
167562,42.279114,-82.973602,152
167562,42.279215,-82.973782,153
167562,42.279393,-82.973937,154
167562,42.279545,-82.974003,155
167562,42.279984,-82.974194,156
167562,42.28009,-82.974243,157
167562,42.280646,-82.974491,158
167562,42.280771,-82.974546,159
167562,42.281267,-82.974783,160
167562,42.281872,-82.975072,161
167562,42.282163,-82.975211,162
167562,42.282181,-82.975033,163
167562,42.282238,-82.97422,164
167562,42.282242,-82.974198,165
167562,42.28225,-82.974125,166
167562,42.28224783,-82.97412453,167
167562,42.28224783,-82.97412453,168
167562,42.28224783,-82.97412453,169
167562,42.28225,-82.974125,170
167562,42.28231,-82.973581,171
167562,42.282333,-82.973379,172
167562,42.282344,-82.973176,173
167562,42.282349,-82.973097,174
167562,42.282359,-82.972907,175
167562,42.282359,-82.972555,176
167562,42.28235,-82.972507,177
167562,42.282302,-82.972237,178
167562,42.282196,-82.971882,179
167562,42.282187,-82.971851,180
167562,42.282177,-82.97182,181
167562,42.28206,-82.971465,182
167562,42.282022,-82.971322,183
167562,42.281933,-82.970993,184
167562,42.281889,-82.970632,185
167562,42.281876,-82.970482,186
167562,42.281863,-82.970334,187
167562,42.28181845,-82.97034122,188
167562,42.28181845,-82.97034122,189
167562,42.28181845,-82.97034122,190
167562,42.281863,-82.970334,191
167562,42.281857,-82.970272,192
167562,42.281863,-82.970049,193
167562,42.281862,-82.970046,194
167562,42.281921,-82.969671,195
167562,42.281945,-82.969591,196
167562,42.28201,-82.969379,197
167562,42.282026,-82.969329,198
167562,42.282124,-82.969036,199
167562,42.28219,-82.96893,200
167562,42.282222,-82.968846,201
167562,42.282172,-82.968811,202
167562,42.282172,-82.968811,203
167562,42.2821991945472,-82.9688020648722,204
167562,42.2822180468667,-82.9687081870963,205
167562,42.2822150701851,-82.9685740759879,206
167562,42.2820662359233,-82.9683487693258,207
167562,42.2818541539074,-82.9680527290756,208
167562,42.2816616604262,-82.967498377618,209
167562,42.2816160175557,-82.9670303298497,210
167562,42.2816428079402,-82.9666467720796,211
167562,42.2817182178502,-82.9663074709754,212
167562,42.28180758,-82.96600987,213
167562,42.28180758,-82.96600987,214
167562,42.281853,-82.966045,215
167562,42.281874,-82.965995,216
167562,42.281978,-82.9658,217
167562,42.282189,-82.96556,218
167562,42.282648,-82.965148,219
167562,42.283058,-82.964656,220
167562,42.283238,-82.964389,221
167562,42.283365,-82.964201,222
167562,42.283505,-82.963864,223
167562,42.28349,-82.963842,224
167562,42.28349,-82.963842,225
167562,42.28349,-82.963842,226
167562,42.283508,-82.963857,227
167562,42.283858,-82.96308,228
167562,42.2842,-82.961595,229
167562,42.284219,-82.961498,230
167562,42.284266,-82.961253,231
167562,42.2843226939938,-82.9609268901179,232
167562,42.28424755,-82.96079932,233
167562,42.28424755,-82.96079932,234
167562,42.2843158133219,-82.9607636327192,235
167562,42.2845459995684,-82.9595673616323,236
167562,42.2847166543462,-82.9586741816503,237
167562,42.2849766043404,-82.9578534216669,238
167562,42.2852484592937,-82.9572794261229,239
167562,42.285226,-82.957217,240
167562,42.285226,-82.957217,241
167562,42.2853684675315,-82.9570868253612,242
167562,42.2854518083329,-82.9569501645222,243
167562,42.2864102196243,-82.955578214611,244
167562,42.286505,-82.955361,245
167562,42.286505,-82.955361,246
167562,42.286767844389,-82.9550742364921,247
167562,42.2871647053548,-82.9543661298398,248
167562,42.2874425065432,-82.9533683431933,249
167562,42.2881409726905,-82.949709792156,250
167562,42.288577993722,-82.9468380975166,251
167562,42.28857272,-82.94664458,252
167562,42.28857272,-82.94664458,253
167562,42.288616,-82.946652,254
167562,42.288631,-82.946496,255
167562,42.288624,-82.945565,256
167562,42.288614,-82.944259,257
167562,42.288612,-82.944025,258
167562,42.28857389,-82.94402589,259
167562,42.28857389,-82.94402589,260
167562,42.28857389,-82.94402589,261
167562,42.288612,-82.944025,262
167562,42.288601,-82.94251,263
167562,42.2886,-82.942435,264
167562,42.288584,-82.941526,265
167562,42.288483,-82.940772,266
167562,42.288422,-82.940447,267
167562,42.28834288,-82.94047433,268
167562,42.28834288,-82.94047433,269
167562,42.28834288,-82.94047433,270
167562,42.288422,-82.940447,271
167562,42.288365,-82.940142,272
167562,42.288248,-82.939404,273
167562,42.288245,-82.939383,274
167562,42.288219,-82.938203,275
167562,42.288212,-82.937888,276
167562,42.288593,-82.938117,277
167562,42.288622,-82.938027,278
167562,42.288622,-82.938027,279
167562,42.288622,-82.938027,280
167562,42.288593,-82.938117,281
167562,42.289336,-82.938563,282
167562,42.289372,-82.938584,283
167562,42.289581,-82.938706,284
167562,42.289817,-82.93886,285
167562,42.29002,-82.938946,286
167562,42.290379,-82.939165,287
167562,42.290596,-82.939278,288
167562,42.290829,-82.939427,289
167562,42.290834,-82.93954,290
167562,42.290837,-82.939605,291
167562,42.290833,-82.939659,292
167562,42.290804,-82.939747,293
167562,42.290543,-82.940495,294
167562,42.290412,-82.940915,295
167562,42.290066,-82.942227,296
167562,42.289942,-82.942716,297
167562,42.28983,-82.943201,298
167562,42.289645,-82.943911,299
167562,42.289395,-82.945195,300
167562,42.28933,-82.945574,301
167562,42.28771,-82.955046,302
167562,42.286268,-82.962655,303
167562,42.285826,-82.965112,304
167562,42.285779,-82.965372,305
167562,42.285612,-82.966637,306
167562,42.285484,-82.968078,307
167562,42.285366,-82.969673,308
167562,42.285318,-82.970028,309
167562,42.285281,-82.9703,310
167562,42.286013,-82.970796,311
167562,42.2867,-82.971238,312
167562,42.286822,-82.971316,313
167562,42.287467,-82.971697,314
167562,42.287607,-82.971258,315
167562,42.28765,-82.970976,316
167562,42.287586,-82.970634,317
167562,42.287504,-82.970385,318
167562,42.287415,-82.970231,319
167562,42.287294,-82.970068,320
167562,42.287104,-82.969941,321
167562,42.286922,-82.969821,322
167562,42.28689755,-82.96988819,323
167562,42.28689755,-82.96988819,324
167562,42.28689755,-82.96988819,325
167562,42.286922,-82.969821,326
167562,42.286727,-82.969691,327
167562,42.28652,-82.969553,328
167562,42.286005,-82.969149,329
167562,42.285829,-82.968845,330
167562,42.285717,-82.968554,331
167562,42.285653,-82.968248,332
167562,42.285654,-82.967888,333
167562,42.285804,-82.967017,334
167562,42.285871,-82.966632,335
167562,42.2858454,-82.96662448,336
167562,42.2858454,-82.96662448,337
167562,42.2858454,-82.96662448,338
167562,42.285871,-82.966632,339
167562,42.285882,-82.966566,340
167562,42.286068,-82.965716,341
167562,42.28624,-82.964705,342
167562,42.286411,-82.963818,343
167562,42.286673,-82.962463,344
167562,42.28675,-82.962027,345
167562,42.286841,-82.96151,346
167562,42.287183,-82.959562,347
167562,42.287599,-82.95746,348
167562,42.28774,-82.956687,349
167562,42.28793,-82.95571,350
167562,42.28803,-82.955171,351
167562,42.28797834,-82.95515293,352
167562,42.28797834,-82.95515293,353
167562,42.28797834,-82.95515293,354
167562,42.28803,-82.955171,355
167562,42.288085,-82.954877,356
167562,42.289002,-82.949614,357
167562,42.289435,-82.947564,358
167562,42.289462,-82.947425,359
167562,42.289503,-82.947208,360
167562,42.289547,-82.946972,361
167562,42.289807,-82.945595,362
167562,42.28975036,-82.94557548,363
167562,42.28975036,-82.94557548,364
167562,42.28975036,-82.94557548,365
167562,42.289807,-82.945595,366
167562,42.289833,-82.94546,367
167562,42.290297,-82.942916,368
167562,42.29023611,-82.94289517,369
167562,42.29023611,-82.94289517,370
167562,42.29023611,-82.94289517,371
167562,42.290297,-82.942916,372
167562,42.290435,-82.942162,373
167562,42.29057,-82.941514,374
167562,42.290621,-82.941385,375
167562,42.29071,-82.941256,376
167562,42.290824,-82.94117,377
167562,42.290996,-82.941145,378
167562,42.291136,-82.941186,379
167562,42.292425,-82.941975,380
167562,42.29271,-82.942147,381
167562,42.292783,-82.942147,382
167562,42.292875,-82.942147,383
167562,42.29292,-82.942128,384
167562,42.292996,-82.942096,385
167562,42.293061,-82.94204,386
167562,42.293115,-82.941994,387
167562,42.293238,-82.94174,388
167562,42.293242,-82.941637,389
167562,42.293383,-82.941173,390
167562,42.293322,-82.941136,391
167562,42.293019,-82.940949,392
167562,42.292939,-82.940896,393
167562,42.292844,-82.940834,394
167562,42.292827,-82.940726,395
167562,42.292608,-82.940598,396
167562,42.292559,-82.940752,397
167562,42.29263519,-82.94079653,398
167562,42.29263519,-82.94079653,399
167562,42.29263519,-82.94079653,400
167562,42.292559,-82.940752,401
167562,42.292608,-82.940598,402
167562,42.292521,-82.940547,403
167562,42.292355,-82.94045,404
167562,42.292222,-82.940372,405
167562,42.291971,-82.940215,406
167562,42.291571,-82.939959,407
167562,42.291545,-82.93995,408
167562,42.291356,-82.939832,409
167562,42.291227,-82.939752,410
167562,42.291041,-82.939672,411
167562,42.290834,-82.93954,412
167562,42.290224,-82.939161,413
167562,42.290007,-82.939019,414
167562,42.289817,-82.93886,415
167562,42.289581,-82.938706,416
167562,42.289569,-82.938346,417
167562,42.28954,-82.936995,418
167562,42.289542,-82.93685,419
167562,42.289556,-82.936712,420
167562,42.289587,-82.936558,421
167562,42.289632,-82.936425,422
167562,42.289664,-82.936359,423
167562,42.289776,-82.936217,424
167562,42.289878,-82.936096,425
167562,42.289971,-82.936009,426
167562,42.290099,-82.935901,427
167562,42.290419,-82.935635,428
167562,42.290517,-82.93554,429
167562,42.290583,-82.93545,430
167562,42.29065,-82.935322,431
167562,42.290704,-82.935201,432
167562,42.29074,-82.935069,433
167562,42.290901,-82.934199,434
167562,42.29147,-82.931056,435
167562,42.291507,-82.930865,436
167562,42.29143199,-82.93083899,437
167562,42.29143199,-82.93083899,438
167562,42.29143199,-82.93083899,439
167562,42.291507,-82.930865,440
167562,42.291772,-82.929485,441
167562,42.292265,-82.927474,442
167562,42.292365,-82.926863,443
167562,42.292316,-82.926392,444
167562,42.292159,-82.926018,445
167562,42.291935,-82.925732,446
167562,42.291681,-82.92556,447
167562,42.291028,-82.925402,448
167562,42.290604,-82.925298,449
167562,42.290373,-82.925134,450
167562,42.290261,-82.924986,451
167562,42.290174,-82.924817,452
167562,42.290112,-82.924573,453
167562,42.290097,-82.92428,454
167562,42.290136,-82.924047,455
167562,42.290132,-82.92392,456
167562,42.290285,-82.923457,457
167562,42.290335,-82.923295,458
167562,42.290562,-82.922631,459
167562,42.29068,-82.922425,460
167562,42.291376,-82.920346,461
167562,42.291533,-82.919913,462
167562,42.29148658,-82.91988157,463
167562,42.29148658,-82.91988157,464
167562,42.29148658,-82.91988157,465
167562,42.291533,-82.919913,466
167562,42.291548,-82.919872,467
167562,42.291644,-82.919558,468
167562,42.291818,-82.919076,469
167562,42.291926,-82.918769,470
167562,42.292033,-82.918461,471
167562,42.292177,-82.918048,472
167562,42.292272,-82.917622,473
167562,42.29221219,-82.91759789,474
167562,42.29221219,-82.91759789,475
167562,42.29221219,-82.91759789,476
167562,42.292272,-82.917622,477
167562,42.292292,-82.91753,478
167562,42.292344,-82.917297,479
167562,42.292344,-82.91724,480
167562,42.292407,-82.916963,481
167562,42.292563,-82.916271,482
167562,42.292623,-82.916006,483
167562,42.292643,-82.915918,484
167562,42.292654,-82.915845,485
167562,42.29273,-82.915382,486
167562,42.29268361,-82.91536781,487
167562,42.29268361,-82.91536781,488
167562,42.29268361,-82.91536781,489
167562,42.29273,-82.915382,490
167562,42.292755,-82.915231,491
167562,42.292834,-82.914744,492
167562,42.292898,-82.914148,493
167562,42.292916,-82.913976,494
167562,42.292982,-82.913361,495
167562,42.293013,-82.912989,496
167562,42.293028,-82.912812,497
167562,42.293055,-82.912491,498
167562,42.293073,-82.911566,499
167562,42.293066,-82.911345,500
167562,42.293044,-82.910623,501
167562,42.29297966,-82.91061977,502
167562,42.29297966,-82.91061977,503
167562,42.29297966,-82.91061977,504
167562,42.293044,-82.910623,505
167562,42.293066,-82.911345,506
167562,42.293073,-82.911566,507
167562,42.293061,-82.912197,508
167562,42.29310908,-82.91219902,509
167562,42.29310908,-82.91219902,510
167562,42.29310908,-82.91219902,511
167562,42.293061,-82.912197,512
167562,42.293055,-82.912491,513
167562,42.293028,-82.912812,514
167562,42.293013,-82.912989,515
167562,42.292982,-82.913361,516
167562,42.292916,-82.913976,517
167562,42.292898,-82.914148,518
167562,42.292834,-82.914744,519
167562,42.292765,-82.91517,520
167562,42.29284047,-82.91519178,521
167562,42.29284047,-82.91519178,522
167562,42.29284047,-82.91519178,523
167562,42.292765,-82.91517,524
167562,42.292755,-82.915231,525
167562,42.292654,-82.915845,526
167562,42.292643,-82.915918,527
167562,42.292623,-82.916006,528
167562,42.292563,-82.916271,529
167562,42.292407,-82.916963,530
167562,42.292344,-82.91724,531
167562,42.292344,-82.917297,532
167562,42.292292,-82.91753,533
167562,42.292268,-82.917637,534
167562,42.29232269,-82.9176589,535
167562,42.29232269,-82.9176589,536
167562,42.2922747335049,-82.9177108410119,537
167562,42.2921660092052,-82.9181131723291,538
167562,42.2917548479766,-82.9192477467073,539
167562,42.2908919796358,-82.9218291103374,540
167562,42.2907072597825,-82.9223698380037,541
167562,42.2906616076899,-82.9225790502886,542
167562,42.2905730545884,-82.9229107498216,543
167562,42.2904266631155,-82.9233479499004,544
167562,42.2907925578132,-82.9236331584221,545
167562,42.2909233689932,-82.9237231612029,546
167562,42.2913888338328,-82.923908829689,547
167562,42.2915386154429,-82.9239335658287,548
167562,42.2917212426843,-82.9238861798887,549
167562,42.2918542052734,-82.9238021375985,550
167562,42.292062493233,-82.9235970973769,551
167562,42.2924487194991,-82.9232347012073,552
167562,42.2926873432044,-82.9230886700367,553
167562,42.2928957930881,-82.9230165482604,554
167562,42.2931893057084,-82.9230028393513,555
167562,42.2937040706371,-82.9229325056076,556
167562,42.2939962999895,-82.9227149487272,557
167562,42.2942480211794,-82.9222398994539,558
167562,42.2945258494292,-82.9213997723261,559
167562,42.294628982492,-82.9210069774875,560
167562,42.2949360303246,-82.9196700456128,561
167562,42.2951818783216,-82.9184511302886,562
167562,42.2955191000038,-82.9167354109285,563
167562,42.2957775097858,-82.9154133798953,564
167562,42.2962864475172,-82.9124975229959,565
167562,42.2965834428123,-82.9108008744857,566
167562,42.2968656055108,-82.9091268778952,567
167562,42.29729631174,-82.906743884129,568
167562,42.2976102144155,-82.9051411152663,569
167562,42.2980093870635,-82.9039907455374,570
167562,42.2985691044839,-82.9030019045936,571
167562,42.3003990256757,-82.9002174737738,572
167562,42.3009695145814,-82.8993320464124,573
167562,42.3009780308611,-82.8991848233294,574
167562,42.3009442935159,-82.8990480306816,575
167562,42.3008629269031,-82.8989407423304,576
167562,42.3007226095612,-82.898888590511,577
167562,42.2997981902235,-82.898645996826,578
167562,42.2985029502586,-82.8983396297528,579
167562,42.2960794574921,-82.8977507355703,580
167562,42.2950240066906,-82.8974843023747,581
167562,42.2947647731139,-82.8995609280527,582
167562,42.2943875635927,-82.8994896435119,583
167562,42.2943875635927,-82.8994896435119,584
167562,42.2939147422749,-82.8993487375805,585
167562,42.2941230871083,-82.8972649571453,586
167562,42.295339,-82.897559,587
167562,42.297208,-82.898007,588
167562,42.298578,-82.898345,589
167562,42.299507,-82.898556,590
167562,42.300841,-82.898917,591
167562,42.301204,-82.899009,592
167562,42.301402,-82.899079,593
167562,42.301996,-82.899209,594
167562,42.302394,-82.899289,595
167562,42.30254,-82.899312,596
167562,42.302641,-82.899314,597
167562,42.302764,-82.899302,598
167562,42.303,-82.89926,599
167562,42.303683,-82.899069,600
167562,42.304066,-82.898955,601
167562,42.304205,-82.898955,602
167562,42.304329,-82.898941,603
167562,42.304768,-82.898961,604
167562,42.305007,-82.898959,605
167562,42.305124,-82.898972,606
167562,42.305279,-82.899008,607
167562,42.305435,-82.899063,608
167562,42.305728,-82.899187,609
167562,42.305786,-82.899197,610
167562,42.305848,-82.899189,611
167562,42.305928,-82.89917,612
167562,42.305974,-82.89911,613
167562,42.306032,-82.899073,614
167562,42.306095,-82.899063,615
167562,42.306157,-82.899082,616
167562,42.306212,-82.899126,617
167562,42.306299,-82.899219,618
167562,42.306373,-82.899275,619
167562,42.306448,-82.899313,620
167562,42.306901,-82.899498,621
167562,42.306917,-82.899429,622
167562,42.306917,-82.899429,623
167562,42.306917,-82.899429,624
167562,42.306896,-82.899602,625
167562,42.30913,-82.900086,626
167562,42.309144,-82.899971,627
167562,42.309144,-82.899971,628
167562,42.310719,-82.900344,629
167562,42.310719,-82.900344,630
167562,42.310698,-82.900491,631
167562,42.310841,-82.900529,632
167562,42.311298,-82.90065,633
167562,42.311759,-82.900783,634
167562,42.31186,-82.900754,635
167562,42.312411,-82.900872,636
167562,42.312566,-82.900906,637
167562,42.312583,-82.901057,638
167562,42.312607,-82.901268,639
167562,42.312633,-82.901498,640
167562,42.312651,-82.901654,641
167562,42.312617,-82.901783,642
167562,42.312622,-82.901829,643
167562,42.312642,-82.901979,644
167562,42.312669,-82.902189,645
167562,42.312706,-82.902476,646
167562,42.312728,-82.902647,647
167562,42.312742,-82.902755,648
167562,42.312789,-82.90312,649
167562,42.312817,-82.903337,650
167562,42.312828,-82.90342,651
167562,42.312915,-82.903437,652
167562,42.31292276,-82.90336442,653
167562,42.31292276,-82.90336442,654
167562,42.31292276,-82.90336442,655
167562,42.312915,-82.903437,656
167562,42.312828,-82.90342,657
167562,42.312897,-82.903955,658
167562,42.312915,-82.904136,659
167562,42.312972,-82.904534,660
167562,42.313078,-82.905358,661
167562,42.313207,-82.906355,662
167562,42.313247,-82.906749,663
167562,42.31331355,-82.90673708,664
167562,42.31331355,-82.90673708,665
167562,42.31331355,-82.90673708,666
167562,42.313247,-82.906749,667
167562,42.313432,-82.908562,668
167562,42.313629,-82.910499,669
167562,42.313718,-82.911714,670
167562,42.31381404,-82.91170131,671
167562,42.31381404,-82.91170131,672
167562,42.31381404,-82.91170131,673
167562,42.313718,-82.911714,674
167562,42.313733,-82.911925,675
167562,42.313799,-82.912824,676
167562,42.313838,-82.913357,677
167562,42.313874,-82.91398,678
167562,42.313889,-82.91424,679
167562,42.313927,-82.914888,680
167562,42.31407866,-82.91517939,681
167562,42.31407866,-82.91517939,682
167562,42.31407866,-82.91517939,683
167562,42.3139547088412,-82.9151776434194,684
167562,42.313979,-82.915768,685
167562,42.314046,-82.9169,686
167562,42.314063,-82.917376,687
167562,42.314071,-82.917599,688
167562,42.314082,-82.917886,689
167562,42.314092,-82.918157,690
167562,42.314095,-82.918232,691
167562,42.314195,-82.918225,692
167562,42.314195,-82.918225,693
167562,42.314195,-82.918225,694
167562,42.3141723041721,-82.9184651053143,695
167562,42.314285192597,-82.9210363372513,696
167562,42.314338,-82.921315,697
167562,42.314338,-82.921315,698
167562,42.314338,-82.921315,699
167562,42.3143074295524,-82.9215841567422,700
167562,42.3143659396588,-82.9230540072823,701
167562,42.3143867652768,-82.9244259571935,702
167562,42.31443015,-82.92475582,703
167562,42.31443015,-82.92475582,704
167562,42.31443015,-82.92475582,705
167562,42.3143926782322,-82.9250093065587,706
167562,42.31437086092,-82.9262417816011,707
167562,42.3143391266343,-82.9273656271783,708
167562,42.314310367424,-82.9287831746427,709
167562,42.3143341681507,-82.9291761182634,710
167562,42.314371,-82.929422,711
167562,42.314371,-82.929422,712
167562,42.314371,-82.929422,713
167562,42.3143468350747,-82.9296609150773,714
167562,42.3143478267712,-82.9311884331112,715
167562,42.314368,-82.931415,716
167562,42.314368,-82.931415,717
167562,42.314368,-82.931415,718
167562,42.314318987985,-82.9316969015538,719
167562,42.314259486137,-82.9322440721929,720
167562,42.3142138467102,-82.9325175605967,721
167562,42.3138085458373,-82.9346867634807,722
167562,42.31379379,-82.93499073,723
167562,42.313802,-82.934995,724
167562,42.31379379,-82.93499073,725
167562,42.3137086368188,-82.9352091415847,726
167562,42.3132445164118,-82.9376177652801,727
167562,42.31323058,-82.93787641,728
167562,42.31323058,-82.93787641,729
167562,42.3131958577389,-82.9380704249357,730
167562,42.3132489046136,-82.9381653582225,731
167562,42.3139867536382,-82.9386374293241,732
167562,42.3148753345301,-82.9390129404276,733
167562,42.3149626051911,-82.9386588871015,734
167562,42.3150383749938,-82.9380424821528,735
167562,42.3150681709745,-82.9378587499343,736
167562,42.3153751557686,-82.9379507804491,737
167562,42.3156409802204,-82.9379591812425,738
167562,42.3157639028763,-82.9376611004549,739
167562,42.315867039461,-82.937167571576,740
167562,42.31647873797,-82.9372561682871,741
167562,42.3165303831456,-82.9369879460703,742
167562,42.3166694276385,-82.9362369238632,743
167562,42.3163039385996,-82.9360920838661,744
167562,42.316205801317,-82.9361170374829,745
167562,42.3161609205718,-82.9362154660859,746
167562,42.316078,-82.93662,747
167563,42.316078,-82.93662,1
167563,42.316078,-82.93662,2
167563,42.316001,-82.936591,3
167563,42.315991,-82.93664,4
167563,42.315915,-82.937082,5
167563,42.315726,-82.938075,6
167563,42.31551,-82.938006,7
167563,42.315281,-82.937944,8
167563,42.315052,-82.937874,9
167563,42.315046,-82.938238,10
167563,42.315053,-82.938599,11
167563,42.314991,-82.938988,12
167563,42.314975,-82.939091,13
167563,42.314959,-82.939285,14
167563,42.314798,-82.93922,15
167563,42.31408,-82.938929,16
167563,42.313138,-82.938383,17
167563,42.313052,-82.938334,18
167563,42.312911,-82.938242,19
167563,42.312948,-82.93803,20
167563,42.312988,-82.937818,21
167563,42.313039,-82.937546,22
167563,42.313053,-82.937475,23
167563,42.313071,-82.937378,24
167563,42.313131,-82.937082,25
167563,42.31308,-82.937049,26
167563,42.313069,-82.93708,27
167563,42.313069,-82.93708,28
167563,42.313069,-82.93708,29
167563,42.3131499626677,-82.9369204989676,30
167563,42.313685259633,-82.9341231792985,31
167563,42.31369,-82.933899,32
167563,42.31369,-82.933899,33
167563,42.31369,-82.933899,34
167563,42.3138123871854,-82.9336675725956,35
167563,42.3141356821785,-82.9318383060474,36
167563,42.3141693999656,-82.9311462961216,37
167563,42.314074,-82.930852,38
167563,42.314074,-82.930852,39
167563,42.314074,-82.930852,40
167563,42.3141522589824,-82.9304514277515,41
167563,42.3142216779179,-82.928367351347,42
167563,42.314157,-82.928231,43
167563,42.314157,-82.928231,44
167563,42.314157,-82.928231,45
167563,42.3142506693396,-82.9278411812286,46
167563,42.3143168726304,-82.924688247516,47
167563,42.31423314,-82.92433752,48
167563,42.31423314,-82.92433752,49
167563,42.31423314,-82.92433752,50
167563,42.3142827096586,-82.9239470182988,51
167563,42.314247008536,-82.9224771677586,52
167563,42.31417556,-82.92218859,53
167563,42.31417556,-82.92218859,54
167563,42.31417556,-82.92218859,55
167563,42.3142242549562,-82.9218932628538,56
167563,42.3141151680277,-82.919401490679,57
167563,42.314037,-82.919125,58
167563,42.314037,-82.919125,59
167563,42.314037,-82.919125,60
167563,42.314042,-82.918986,61
167563,42.314136,-82.918992,62
167563,42.314104,-82.918462,63
167563,42.314092,-82.918157,64
167563,42.314082,-82.917886,65
167563,42.314071,-82.917599,66
167563,42.314063,-82.917376,67
167563,42.314046,-82.9169,68
167563,42.314005,-82.916212,69
167563,42.3139252,-82.91622148,70
167563,42.3139252,-82.91622148,71
167563,42.3139252,-82.91622148,72
167563,42.314005,-82.916212,73
167563,42.313979,-82.915768,74
167563,42.313927,-82.914888,75
167563,42.313889,-82.91424,76
167563,42.313874,-82.91398,77
167563,42.313838,-82.913357,78
167563,42.313799,-82.912824,79
167563,42.313733,-82.911925,80
167563,42.313629,-82.910499,81
167563,42.313579,-82.910011,82
167563,42.31344936,-82.91003491,83
167563,42.31344936,-82.91003491,84
167563,42.31344936,-82.91003491,85
167563,42.313579,-82.910011,86
167563,42.313432,-82.908562,87
167563,42.313207,-82.906355,88
167563,42.313136,-82.905807,89
167563,42.31301173,-82.90583606,90
167563,42.31301173,-82.90583606,91
167563,42.31301173,-82.90583606,92
167563,42.313136,-82.905807,93
167563,42.313078,-82.905358,94
167563,42.312972,-82.904534,95
167563,42.312915,-82.904136,96
167563,42.312897,-82.903955,97
167563,42.312828,-82.90342,98
167563,42.312817,-82.903337,99
167563,42.312789,-82.90312,100
167563,42.312742,-82.902755,101
167563,42.312728,-82.902647,102
167563,42.312706,-82.902476,103
167563,42.312669,-82.902189,104
167563,42.312642,-82.901979,105
167563,42.312622,-82.901829,106
167563,42.312617,-82.901783,107
167563,42.312526,-82.901705,108
167563,42.312468,-82.901282,109
167563,42.31238087,-82.90130441,110
167563,42.31238087,-82.90130441,111
167563,42.31238087,-82.90130441,112
167563,42.312468,-82.901282,113
167563,42.312462,-82.901238,114
167563,42.312432,-82.901019,115
167563,42.311846,-82.900866,116
167563,42.311759,-82.900783,117
167563,42.311298,-82.90065,118
167563,42.310841,-82.900529,119
167563,42.310652,-82.900479,120
167563,42.310623,-82.900496,121
167563,42.31066179,-82.90061656,122
167563,42.31066179,-82.90061656,123
167563,42.31066179,-82.90061656,124
167563,42.310623,-82.900496,125
167563,42.310562,-82.900532,126
167563,42.310343,-82.900479,127
167563,42.309243,-82.900214,128
167563,42.308753,-82.900095,129
167563,42.30874548,-82.90015643,130
167563,42.30874548,-82.90015643,131
167563,42.30874548,-82.90015643,132
167563,42.308753,-82.900095,133
167563,42.308549,-82.900046,134
167563,42.307651,-82.899811,135
167563,42.307482,-82.89978,136
167563,42.307278,-82.899754,137
167563,42.307155,-82.899732,138
167563,42.307037,-82.899702,139
167563,42.306911,-82.899655,140
167563,42.306698,-82.899563,141
167563,42.30668599,-82.89961583,142
167563,42.30668599,-82.89961583,143
167563,42.30668599,-82.89961583,144
167563,42.306698,-82.899563,145
167563,42.30655,-82.899499,146
167563,42.30647,-82.899471,147
167563,42.306411,-82.899457,148
167563,42.306352,-82.89946,149
167563,42.306276,-82.899482,150
167563,42.306221,-82.899512,151
167563,42.306168,-82.899562,152
167563,42.306107,-82.899586,153
167563,42.306043,-82.899581,154
167563,42.305984,-82.899549,155
167563,42.305935,-82.899492,156
167563,42.305861,-82.899421,157
167563,42.305792,-82.899376,158
167563,42.305309,-82.899164,159
167563,42.305209,-82.899126,160
167563,42.305119,-82.899104,161
167563,42.305013,-82.89909,162
167563,42.304821,-82.899065,163
167563,42.30433,-82.898995,164
167563,42.304205,-82.898955,165
167563,42.304066,-82.898955,166
167563,42.303683,-82.899069,167
167563,42.303,-82.89926,168
167563,42.302764,-82.899302,169
167563,42.302641,-82.899314,170
167563,42.30254,-82.899312,171
167563,42.302394,-82.899289,172
167563,42.301996,-82.899209,173
167563,42.301402,-82.899079,174
167563,42.301204,-82.899009,175
167563,42.300841,-82.898917,176
167563,42.299507,-82.898556,177
167563,42.298578,-82.898345,178
167563,42.297208,-82.898007,179
167563,42.295339,-82.897559,180
167563,42.2952325257118,-82.8985297679901,181
167563,42.295084382518,-82.8996372217059,182
167563,42.2943875635927,-82.8994896435119,183
167563,42.2943875635927,-82.8994896435119,184
167563,42.29397302379,-82.8993660213211,185
167563,42.2942749222108,-82.8973132380902,186
167563,42.2951456725104,-82.8975188724939,187
167563,42.2965185596676,-82.8977727925992,188
167563,42.301411032664,-82.8990799194315,189
167563,42.3008510068896,-82.8999137881956,190
167563,42.299957069497,-82.9012864831906,191
167563,42.2984251611474,-82.9036378868752,192
167563,42.2981790665903,-82.9041689642139,193
167563,42.2976556918489,-82.9057621964674,194
167563,42.2971674650974,-82.9085838801051,195
167563,42.2965146456106,-82.9124504327821,196
167563,42.2960047747267,-82.9153054957888,197
167563,42.2954652866102,-82.9180574423779,198
167563,42.29510766803,-82.9196017983397,199
167563,42.2947948877547,-82.9210668806302,200
167563,42.2941100757656,-82.9237413409527,201
167563,42.2936366708047,-82.9253935836121,202
167563,42.293446131583,-82.9264450094543,203
167563,42.293414813852,-82.9268723722341,204
167563,42.2935280514485,-82.9272711279929,205
167563,42.293692683496,-82.9274302716606,206
167563,42.2938435265035,-82.9275161023416,207
167563,42.2939789340399,-82.9274940516929,208
167563,42.2941491809638,-82.9273980851552,209
167563,42.2942171059622,-82.9273009326607,210
167563,42.2943000228781,-82.9270976777717,211
167563,42.2943251915889,-82.9268413786594,212
167563,42.2942321563756,-82.9265505076208,213
167563,42.2940209639659,-82.9263323548377,214
167563,42.2926769116115,-82.9253697423384,215
167563,42.292281073582,-82.9250979431325,216
167563,42.2919079257005,-82.9248136290017,217
167563,42.2902939243169,-82.9234504699,218
167563,42.2915112822605,-82.9199630036126,219
167563,42.29148658,-82.91988157,220
167563,42.29148658,-82.91988157,221
167563,42.291533,-82.919913,222
167563,42.291548,-82.919872,223
167563,42.291644,-82.919558,224
167563,42.291818,-82.919076,225
167563,42.291926,-82.918769,226
167563,42.292033,-82.918461,227
167563,42.292177,-82.918048,228
167563,42.292272,-82.917622,229
167563,42.29221219,-82.91759789,230
167563,42.29221219,-82.91759789,231
167563,42.29221219,-82.91759789,232
167563,42.292272,-82.917622,233
167563,42.292292,-82.91753,234
167563,42.292344,-82.917297,235
167563,42.292344,-82.91724,236
167563,42.292407,-82.916963,237
167563,42.292563,-82.916271,238
167563,42.292623,-82.916006,239
167563,42.292643,-82.915918,240
167563,42.292654,-82.915845,241
167563,42.29273,-82.915382,242
167563,42.29268361,-82.91536781,243
167563,42.29268361,-82.91536781,244
167563,42.29268361,-82.91536781,245
167563,42.29273,-82.915382,246
167563,42.292755,-82.915231,247
167563,42.292834,-82.914744,248
167563,42.292898,-82.914148,249
167563,42.292916,-82.913976,250
167563,42.292982,-82.913361,251
167563,42.293013,-82.912989,252
167563,42.293028,-82.912812,253
167563,42.293055,-82.912491,254
167563,42.293073,-82.911566,255
167563,42.293066,-82.911345,256
167563,42.293044,-82.910623,257
167563,42.29297966,-82.91061977,258
167563,42.29297966,-82.91061977,259
167563,42.29297966,-82.91061977,260
167563,42.293044,-82.910623,261
167563,42.293066,-82.911345,262
167563,42.293073,-82.911566,263
167563,42.293061,-82.912197,264
167563,42.29310908,-82.91219902,265
167563,42.29310908,-82.91219902,266
167563,42.29310908,-82.91219902,267
167563,42.293061,-82.912197,268
167563,42.293055,-82.912491,269
167563,42.293028,-82.912812,270
167563,42.293013,-82.912989,271
167563,42.292982,-82.913361,272
167563,42.292916,-82.913976,273
167563,42.292898,-82.914148,274
167563,42.292834,-82.914744,275
167563,42.292765,-82.91517,276
167563,42.29284047,-82.91519178,277
167563,42.29284047,-82.91519178,278
167563,42.29284047,-82.91519178,279
167563,42.292765,-82.91517,280
167563,42.292755,-82.915231,281
167563,42.292654,-82.915845,282
167563,42.292643,-82.915918,283
167563,42.292623,-82.916006,284
167563,42.292563,-82.916271,285
167563,42.292407,-82.916963,286
167563,42.292344,-82.91724,287
167563,42.292344,-82.917297,288
167563,42.292292,-82.91753,289
167563,42.292268,-82.917637,290
167563,42.29232269,-82.9176589,291
167563,42.29232269,-82.9176589,292
167563,42.29232269,-82.9176589,293
167563,42.292268,-82.917637,294
167563,42.292177,-82.918048,295
167563,42.292033,-82.918461,296
167563,42.291926,-82.918769,297
167563,42.291818,-82.919076,298
167563,42.291644,-82.919558,299
167563,42.291548,-82.919872,300
167563,42.291376,-82.920346,301
167563,42.29068,-82.922425,302
167563,42.290645,-82.922679,303
167563,42.290409,-82.923353,304
167563,42.290353,-82.923511,305
167563,42.290189,-82.923952,306
167563,42.290136,-82.924047,307
167563,42.290097,-82.92428,308
167563,42.290112,-82.924573,309
167563,42.290174,-82.924817,310
167563,42.290261,-82.924986,311
167563,42.290373,-82.925134,312
167563,42.290604,-82.925298,313
167563,42.291028,-82.925402,314
167563,42.291681,-82.92556,315
167563,42.291935,-82.925732,316
167563,42.292159,-82.926018,317
167563,42.292316,-82.926392,318
167563,42.292365,-82.926863,319
167563,42.292265,-82.927474,320
167563,42.291772,-82.929485,321
167563,42.29147,-82.931056,322
167563,42.291373,-82.931594,323
167563,42.29140883,-82.93160564,324
167563,42.29140883,-82.93160564,325
167563,42.29140883,-82.93160564,326
167563,42.291373,-82.931594,327
167563,42.290901,-82.934199,328
167563,42.29074,-82.935069,329
167563,42.290704,-82.935201,330
167563,42.29065,-82.935322,331
167563,42.290583,-82.93545,332
167563,42.290517,-82.93554,333
167563,42.290419,-82.935635,334
167563,42.290099,-82.935901,335
167563,42.289971,-82.936009,336
167563,42.289878,-82.936096,337
167563,42.289776,-82.936217,338
167563,42.289693,-82.936396,339
167563,42.289651,-82.936515,340
167563,42.289623,-82.93661,341
167563,42.289605,-82.93669,342
167563,42.289598,-82.936761,343
167563,42.289607,-82.936974,344
167563,42.289628,-82.937809,345
167563,42.289612,-82.937996,346
167563,42.289613,-82.938342,347
167563,42.289581,-82.938706,348
167563,42.289372,-82.938584,349
167563,42.289336,-82.938563,350
167563,42.288212,-82.937888,351
167563,42.288219,-82.938203,352
167563,42.288245,-82.939383,353
167563,42.288248,-82.939404,354
167563,42.288354,-82.940072,355
167563,42.28841728,-82.94005418,356
167563,42.28841728,-82.94005418,357
167563,42.28841728,-82.94005418,358
167563,42.288354,-82.940072,359
167563,42.288365,-82.940142,360
167563,42.288483,-82.940772,361
167563,42.288584,-82.941526,362
167563,42.288596,-82.942234,363
167563,42.28868038,-82.94223067,364
167563,42.28868038,-82.94223067,365
167563,42.28868038,-82.94223067,366
167563,42.288596,-82.942234,367
167563,42.2886,-82.942435,368
167563,42.288601,-82.94251,369
167563,42.288614,-82.944259,370
167563,42.288616,-82.944551,371
167563,42.28869928,-82.94454954,372
167563,42.28869928,-82.94454954,373
167563,42.28869928,-82.94454954,374
167563,42.288616,-82.944551,375
167563,42.288624,-82.945565,376
167563,42.288631,-82.946496,377
167563,42.288618,-82.946638,378
167563,42.28869739,-82.94665188,379
167563,42.28869739,-82.94665188,380
167563,42.28869739,-82.94665188,381
167563,42.288618,-82.946638,382
167563,42.288583,-82.947008,383
167563,42.288553,-82.947184,384
167563,42.287797,-82.951588,385
167563,42.287333,-82.953998,386
167563,42.286992,-82.954787,387
167563,42.286889,-82.954924,388
167563,42.286809,-82.955028,389
167563,42.286544,-82.955394,390
167563,42.2865921,-82.9554569,391
167563,42.2865921,-82.9554569,392
167563,42.2865921,-82.9554569,393
167563,42.286544,-82.955394,394
167563,42.286458,-82.955514,395
167563,42.286443,-82.955536,396
167563,42.286375,-82.955629,397
167563,42.286151,-82.955942,398
167563,42.285775,-82.956465,399
167563,42.285599,-82.956711,400
167563,42.285503,-82.95687,401
167563,42.285338,-82.957144,402
167563,42.28537339,-82.95718208,403
167563,42.28537339,-82.95718208,404
167563,42.28537339,-82.95718208,405
167563,42.285338,-82.957144,406
167563,42.285271,-82.957256,407
167563,42.285144,-82.957533,408
167563,42.28513,-82.957564,409
167563,42.285076,-82.957653,410
167563,42.28484,-82.958335,411
167563,42.284826,-82.958384,412
167563,42.284775,-82.958564,413
167563,42.284727,-82.958827,414
167563,42.284681,-82.959083,415
167563,42.2847299,-82.95909893,416
167563,42.2847299,-82.95909893,417
167563,42.2847299,-82.95909893,418
167563,42.284681,-82.959083,419
167563,42.284655,-82.959231,420
167563,42.28462,-82.959423,421
167563,42.284607,-82.959491,422
167563,42.284479,-82.960155,423
167563,42.284366,-82.960737,424
167563,42.284266,-82.961253,425
167563,42.284219,-82.961498,426
167563,42.2842,-82.961595,427
167563,42.283923,-82.9628,428
167563,42.2839967,-82.96283125,429
167563,42.2839967,-82.96283125,430
167563,42.2839967,-82.96283125,431
167563,42.283923,-82.9628,432
167563,42.283858,-82.96308,433
167563,42.283581,-82.963703,434
167563,42.283505,-82.963864,435
167563,42.283365,-82.964201,436
167563,42.283334,-82.964256,437
167563,42.283238,-82.964389,438
167563,42.283058,-82.964656,439
167563,42.282822,-82.964939,440
167563,42.28287285,-82.96501591,441
167563,42.28287285,-82.96501591,442
167563,42.28287285,-82.96501591,443
167563,42.282822,-82.964939,444
167563,42.282648,-82.965148,445
167563,42.282454,-82.965321,446
167563,42.282189,-82.96556,447
167563,42.281978,-82.9658,448
167563,42.281874,-82.965995,449
167563,42.281733,-82.96633,450
167563,42.281715,-82.96637,451
167563,42.281662,-82.966711,452
167563,42.281633,-82.966896,453
167563,42.281659,-82.967291,454
167563,42.281743,-82.967655,455
167563,42.281854,-82.967967,456
167563,42.282172,-82.968396,457
167563,42.282334,-82.968553,458
167563,42.282682,-82.968766,459
167563,42.283382,-82.969182,460
167563,42.283651,-82.969352,461
167563,42.283772,-82.969372,462
167563,42.284433,-82.969797,463
167563,42.284454,-82.969607,464
167563,42.284475,-82.969421,465
167563,42.284599,-82.968808,466
167563,42.284778,-82.96816,467
167563,42.284999,-82.967413,468
167563,42.285155,-82.966862,469
167563,42.285258,-82.966448,470
167563,42.285369,-82.965976,471
167563,42.285559,-82.965226,472
167563,42.286302,-82.96142,473
167563,42.288261,-82.950707,474
167563,42.289218,-82.94513,475
167563,42.289905,-82.94148,476
167563,42.290284,-82.939458,477
167563,42.290398,-82.938857,478
167563,42.290484,-82.9384,479
167563,42.290521,-82.937863,480
167563,42.290564,-82.937448,481
167563,42.290596,-82.937042,482
167563,42.2906,-82.936903,483
167563,42.290593,-82.936786,484
167563,42.290582,-82.936705,485
167563,42.290563,-82.936619,486
167563,42.290542,-82.936547,487
167563,42.290511,-82.936472,488
167563,42.290468,-82.936403,489
167563,42.290429,-82.936353,490
167563,42.29038,-82.936314,491
167563,42.290319,-82.93628,492
167563,42.290258,-82.936247,493
167563,42.29018,-82.936227,494
167563,42.290105,-82.936227,495
167563,42.290021,-82.93624,496
167563,42.289944,-82.936272,497
167563,42.289879,-82.936315,498
167563,42.289835,-82.936354,499
167563,42.289777,-82.936421,500
167563,42.289734,-82.936491,501
167563,42.289691,-82.936583,502
167563,42.289659,-82.936681,503
167563,42.289639,-82.936768,504
167563,42.289607,-82.936974,505
167563,42.289628,-82.937809,506
167563,42.289612,-82.937996,507
167563,42.289613,-82.938342,508
167563,42.289581,-82.938706,509
167563,42.289817,-82.93886,510
167563,42.29002,-82.938946,511
167563,42.290379,-82.939165,512
167563,42.290596,-82.939278,513
167563,42.290829,-82.939427,514
167563,42.29106,-82.939587,515
167563,42.291227,-82.939752,516
167563,42.291356,-82.939832,517
167563,42.291545,-82.93995,518
167563,42.291571,-82.939959,519
167563,42.291721,-82.940055,520
167563,42.291766,-82.939928,521
167563,42.291766,-82.939928,522
167563,42.2934777996748,-82.9411181343935,523
167563,42.2932595513111,-82.9417350454921,524
167563,42.293282,-82.941831,525
167563,42.2930428498228,-82.9421561855038,526
167563,42.2928206302126,-82.9422151943915,527
167563,42.2926261874106,-82.9421830077255,528
167563,42.2922373000057,-82.9419308788417,529
167563,42.291046813432,-82.941201314412,530
167563,42.2908404601378,-82.9412120433007,531
167563,42.2906777580254,-82.9413676121864,532
167563,42.290531,-82.941929,533
167563,42.290531,-82.941929,534
167563,42.29039,-82.94218,535
167563,42.28966472,-82.94669497,536
167563,42.28966472,-82.94669497,537
167563,42.28966472,-82.94669497,538
167563,42.2895637822813,-82.9470200167432,539
167563,42.2882046543134,-82.954294432558,540
167563,42.28819085,-82.95460484,541
167563,42.28819085,-82.95460484,542
167563,42.28809,-82.954586,543
167563,42.28787,-82.95577,544
167563,42.28757,-82.957397,545
167563,42.287691,-82.95742,546
167563,42.28757,-82.957397,547
167563,42.28714,-82.95974,548
167563,42.286581,-82.962598,549
167563,42.286717,-82.962625,550
167563,42.2866762258725,-82.9626431816898,551
167563,42.286632571344,-82.9628658061298,552
167563,42.2862833340267,-82.9648023705351,553
167563,42.2856751200798,-82.9678139090538,554
167563,42.2857147886043,-82.9684871435166,555
167563,42.285902266013,-82.9689766466618,556
167563,42.2863943731607,-82.9694058001041,557
167563,42.2871613580871,-82.9699623584747,558
167563,42.2876444667741,-82.9682739078999,559
167563,42.286005,-82.96724,560
167563,42.286005,-82.96724,561
167563,42.286037,-82.96718,562
167563,42.285805,-82.967054,563
167563,42.285696,-82.967636,564
167563,42.285668,-82.968386,565
167563,42.285895,-82.968989,566
167563,42.286168,-82.969292,567
167563,42.287172,-82.969974,568
167563,42.287557,-82.970408,569
167563,42.287655,-82.970947,570
167563,42.287443,-82.971944,571
167563,42.286942,-82.971601,572
167563,42.28689508,-82.97167152,573
167563,42.286895,-82.971672,574
167563,42.286895,-82.971672,575
167563,42.286928,-82.97158,576
167563,42.286915,-82.971571,577
167563,42.286249,-82.971123,578
167563,42.285608,-82.970702,579
167563,42.285256,-82.970477,580
167563,42.285087,-82.970369,581
167563,42.284649,-82.970105,582
167563,42.284423,-82.969962,583
167563,42.284056,-82.969728,584
167563,42.283711,-82.969495,585
167563,42.283651,-82.969352,586
167563,42.283382,-82.969182,587
167563,42.282682,-82.968766,588
167563,42.282621,-82.968755,589
167563,42.28261129,-82.96884997,590
167563,42.28261129,-82.96884997,591
167563,42.28261129,-82.96884997,592
167563,42.282621,-82.968755,593
167563,42.282543,-82.96874,594
167563,42.282443,-82.968762,595
167563,42.282347,-82.968797,596
167563,42.282285,-82.96884,597
167563,42.28219,-82.96893,598
167563,42.282124,-82.969036,599
167563,42.282026,-82.969329,600
167563,42.28201,-82.969379,601
167563,42.281945,-82.969591,602
167563,42.281921,-82.969671,603
167563,42.281862,-82.970046,604
167563,42.281863,-82.970049,605
167563,42.281857,-82.970272,606
167563,42.281876,-82.970482,607
167563,42.281889,-82.970632,608
167563,42.281929,-82.97096,609
167563,42.28199531,-82.97094505,610
167563,42.28199531,-82.97094505,611
167563,42.28199531,-82.97094505,612
167563,42.281929,-82.97096,613
167563,42.281933,-82.970993,614
167563,42.282022,-82.971322,615
167563,42.28206,-82.971465,616
167563,42.282177,-82.97182,617
167563,42.282187,-82.971851,618
167563,42.282196,-82.971882,619
167563,42.282302,-82.972237,620
167563,42.28235,-82.972507,621
167563,42.282359,-82.972555,622
167563,42.282359,-82.972907,623
167563,42.282349,-82.973097,624
167563,42.282344,-82.973176,625
167563,42.282333,-82.973379,626
167563,42.28231,-82.973581,627
167563,42.282256,-82.974071,628
167563,42.28235247,-82.97409028,629
167563,42.28235247,-82.97409028,630
167563,42.28235247,-82.97409028,631
167563,42.282256,-82.974071,632
167563,42.282242,-82.974198,633
167563,42.282238,-82.97422,634
167563,42.282181,-82.975033,635
167563,42.282163,-82.975211,636
167563,42.281872,-82.975072,637
167563,42.281267,-82.974783,638
167563,42.280771,-82.974546,639
167563,42.280646,-82.974491,640
167563,42.28009,-82.974243,641
167563,42.279984,-82.974194,642
167563,42.279545,-82.974003,643
167563,42.279393,-82.973937,644
167563,42.279215,-82.973782,645
167563,42.279114,-82.973602,646
167563,42.279088,-82.973511,647
167563,42.278909,-82.973699,648
167563,42.27867,-82.97427,649
167563,42.27871258,-82.97430327,650
167563,42.27871258,-82.97430327,651
167563,42.27871258,-82.97430327,652
167563,42.27867,-82.97427,653
167563,42.278557,-82.974542,654
167563,42.278398,-82.974955,655
167563,42.278293,-82.975228,656
167563,42.278233,-82.9754,657
167563,42.278019,-82.975689,658
167563,42.277863,-82.97578,659
167563,42.277659,-82.975831,660
167563,42.277282,-82.975802,661
167563,42.276967,-82.975956,662
167563,42.27689,-82.976087,663
167563,42.27678,-82.976276,664
167563,42.276625,-82.97659,665
167563,42.276598,-82.976644,666
167563,42.276418,-82.977211,667
167563,42.276294,-82.977589,668
167563,42.276568,-82.977766,669
167563,42.276674,-82.977902,670
167563,42.27683,-82.978003,671
167563,42.276871,-82.977881,672
167563,42.276932,-82.977918,673
167563,42.276932,-82.977918,674
167563,42.276932,-82.977918,675
167563,42.27723,-82.97825,676
167563,42.27838,-82.97899,677
167563,42.27926199,-82.97941074,678
167563,42.27926199,-82.97941074,679
167563,42.27926199,-82.97941074,680
167563,42.279426263637,-82.9795499386578,681
167563,42.2807998320145,-82.9804064085636,682
167563,42.280967,-82.980472,683
167563,42.280967,-82.980472,684
167563,42.280967,-82.980472,685
167563,42.280888,-82.980525,686
167563,42.280908,-82.980579,687
167563,42.281522,-82.980984,688
167563,42.281888,-82.981226,689
167563,42.28192,-82.98124,690
167563,42.282554,-82.981605,691
167563,42.282631,-82.981649,692
167563,42.282836,-82.981767,693
167563,42.282966,-82.981841,694
167563,42.283064,-82.981896,695
167563,42.283133,-82.981938,696
167563,42.283576,-82.982214,697
167563,42.283667,-82.982272,698
167563,42.283839,-82.982383,699
167563,42.284087,-82.982552,700
167563,42.284187,-82.982617,701
167563,42.284552,-82.982879,702
167563,42.284862,-82.983102,703
167563,42.284972,-82.983181,704
167563,42.285646,-82.983558,705
167563,42.285768,-82.983546,706
167563,42.285939,-82.983655,707
167563,42.285901,-82.983781,708
167563,42.285884,-82.983842,709
167563,42.28581,-82.984079,710
167563,42.285751,-82.984273,711
167563,42.285596,-82.984683,712
167563,42.285492,-82.98489,713
167563,42.285408,-82.984939,714
167563,42.285266,-82.984881,715
167563,42.285184,-82.98482,716
167563,42.284249,-82.984245,717
167563,42.284207,-82.984219,718
167563,42.284002,-82.984086,719
167563,42.283826,-82.984049,720
167563,42.283708,-82.984191,721
167563,42.283657,-82.98442,722
167563,42.283569,-82.984839,723
167563,42.283469,-82.985276,724
167563,42.28351559,-82.98529559,725
167563,42.28351559,-82.98529559,726
167563,42.28351559,-82.98529559,727
167563,42.283469,-82.985276,728
167563,42.283321,-82.985922,729
167563,42.283033,-82.987182,730
167563,42.282934,-82.9877,731
167563,42.28296072,-82.98770958,732
167563,42.28296072,-82.98770958,733
167563,42.28296072,-82.98770958,734
167563,42.282934,-82.9877,735
167563,42.282692,-82.988959,736
167563,42.282628,-82.989278,737
167563,42.28264107,-82.98928296,738
167563,42.28264107,-82.98928296,739
167563,42.28264107,-82.98928296,740
167563,42.282628,-82.989278,741
167563,42.282212,-82.991355,742
167563,42.281989,-82.992445,743
167563,42.2820295,-82.99246028,744
167563,42.2820295,-82.99246028,745
167563,42.2820295,-82.99246028,746
167563,42.281989,-82.992445,747
167563,42.281857,-82.99309,748
167563,42.281582,-82.99301,749
167563,42.281231,-82.992888,750
167563,42.281128,-82.992852,751
167563,42.281107,-82.992965,752
167563,42.281107,-82.992965,753
167563,42.281107,-82.992965,754
167563,42.281135,-82.992885,755
167563,42.28095,-82.99282,756
167563,42.28059,-82.99478,757
167563,42.280475,-82.995368,758
167563,42.280572,-82.995387,759
167563,42.280572,-82.995387,760
167563,42.280572,-82.995387,761
167563,42.2804879356445,-82.9956582895145,762
167563,42.2800690684934,-82.9978792134571,763
167563,42.280042,-82.998255,764
167563,42.280042,-82.998255,765
167563,42.2797629953898,-82.9994956537948,766
167563,42.2792549532244,-83.0009547826542,767
167563,42.2791914476657,-83.0010406137636,768
167563,42.2790009306056,-83.0009547826542,769
167563,42.27823198,-83.00055425,770
167563,42.27823198,-83.00055425,771
167563,42.2781013582557,-83.0003729153442,772
167563,42.27539,-82.998624,773
167563,42.274569232389,-82.998116854002,774
167563,42.274422,-82.998101,775
167563,42.274422,-82.998101,776
167563,42.274422,-82.998101,777
167563,42.2742936829191,-82.9979314490738,778
167563,42.273184096809,-82.9972318773155,779
167563,42.2729635619082,-82.9977577379447,780
167563,42.2725174739944,-82.9989682233829,781
167563,42.272444,-82.999317,782
167563,42.272444,-82.999317,783
167563,42.272444,-82.999317,784
167563,42.2723347688889,-82.9993030547963,785
167563,42.272261,-82.999477,786
167563,42.272141,-82.999717,787
167563,42.271899,-82.999992,788
167563,42.271563,-83.000335,789
167563,42.271693,-83.000542,790
167563,42.271909,-83.000791,791
167563,42.2720921425232,-83.0009013023248,792
167563,42.271953,-83.001296,793
167563,42.27189,-83.001475,794
167563,42.272083,-83.001601,795
167563,42.272215,-83.001686,796
167563,42.272365,-83.001784,797
167563,42.272504,-83.001874,798
167563,42.2728304556087,-83.0020797945617,799
167563,42.2728654253458,-83.0020954834006,800
167563,42.272897,-83.001908,801
167563,42.272905,-83.001847,802
167563,42.272943,-83.00171,803
167563,42.272998,-83.001508,804
167563,42.273052,-83.00131,805
167563,42.273065,-83.001266,806
167563,42.273108,-83.001115,807
167563,42.273169,-83.000917,808
167563,42.273214,-83.000773,809
167563,42.273227,-83.000732,810
167563,42.273295,-83.000519,811
167563,42.27336,-83.000302,812
167563,42.273389,-83.000223,813
167563,42.2734320680708,-83.0000631149846,814
167563,42.2735389898728,-82.9996872447704,815
167563,42.273538,-82.99953,816
167563,42.273538,-82.99953,817