route_id,service_id,trip_id,trip_headsign,trip_short_name,direction_id,block_id,shape_id,wheelchair_accessible,bikes_allowed
16,1286,1295289,Transway1A,Tri1879522,1,130025,172927,0,0
16,1286,1295547,Transway1A,Tri874011,0,758,172918,0,0
16,1286,1295548,Transway1A,Tri519507,0,763,172918,0,0
16,1286,1295550,Transway1A,Tri1629122,0,130025,172918,0,0
16,1286,1295551,Transway1A,Tri874012,0,758,172918,0,0
16,1286,1295552,Transway1A,Tri519508,0,763,172918,0,0
16,1286,1295553,Transway1A,Tri519511,0,130025,172918,0,0
16,1286,1295554,Transway1A,Tri874013,0,758,172918,0,0
16,1286,1295555,Transway1A,Tri519509,0,763,172918,0,0
16,1286,1295556,Transway1A,Tri874014,0,758,172918,0,0
16,1286,1295557,Transway1A,Tri519510,0,763,172918,0,0
16,1286,1295536,Transway1A,Tri519501,0,763,172918,0,0
16,1286,1295537,Transway1A,Tri873998,0,758,172918,0,0
16,1286,1295538,Transway1A,Tri519502,0,763,172918,0,0
16,1286,1295539,Transway1A,Tri874007,0,758,172918,0,0
16,1286,1295540,Transway1A,Tri519503,0,763,172918,0,0
16,1286,1295541,Transway1A,Tri874008,0,758,172918,0,0
16,1286,1295542,Transway1A,Tri519504,0,763,172918,0,0
16,1286,1295543,Transway1A,Tri874009,0,758,172918,0,0
16,1286,1295544,Transway1A,Tri519505,0,763,172918,0,0
16,1286,1295545,Transway1A,Tri874010,0,758,172918,0,0
16,1286,1295546,Transway1A,Tri519506,0,763,172918,0,0
16,1286,1295732,Transway1A,Tri519491,1,763,172927,0,0
16,1286,1295733,Transway1A,Tri873997,1,758,172927,0,0
16,1286,1295734,Transway1A,Tri519492,1,763,172927,0,0
16,1286,1295735,Transway1A,Tri873999,1,758,172927,0,0
16,1286,1295736,Transway1A,Tri519493,1,763,172927,0,0
16,1286,1295737,Transway1A,Tri874000,1,758,172927,0,0
16,1286,1295738,Transway1A,Tri519494,1,763,172927,0,0
16,1286,1295739,Transway1A,Tri874001,1,758,172927,0,0
16,1286,1295740,Transway1A,Tri519495,1,763,172927,0,0
16,1286,1295741,Transway1A,Tri874002,1,758,172927,0,0
16,1286,1295742,Transway1A,Tri519496,1,763,172927,0,0
16,1286,1295743,Transway1A,Tri874003,1,758,172927,0,0
16,1286,1295744,Transway1A,Tri519497,1,763,172927,0,0
16,1286,1295745,Transway1A,Tri874004,1,758,172927,0,0
16,1286,1295746,Transway1A,Tri519498,1,763,172927,0,0
16,1286,1295747,Transway1A,Tri874005,1,758,172927,0,0
16,1286,1295748,Transway1A,Tri519499,1,763,172927,0,0
16,1286,1295749,Transway1A,Tri874006,1,758,172927,0,0
16,1286,1295750,Transway1A,Tri519500,1,763,172927,0,0
16,1288,1297092,Transway1A,Tri519444,0,1031,172918,0,0
16,1289,1297093,Transway1A,Tri519444,0,1178,172918,0,0
16,1290,1297094,Transway1A,Tri519444,0,1327,172918,0,0
16,1291,1297095,Transway1A,Tri519444,0,1477,172918,0,0
16,1292,1297096,Transway1A,Tri519444,0,1626,172918,0,0
16,1288,1297097,Transway1A,Tri519446,0,1031,172918,0,0
16,1289,1297098,Transway1A,Tri519446,0,1178,172918,0,0
16,1290,1297099,Transway1A,Tri519446,0,1327,172918,0,0
16,1291,1297100,Transway1A,Tri519446,0,1477,172918,0,0
16,1292,1297101,Transway1A,Tri519446,0,1626,172918,0,0
16,1288,1297102,Transway1A,Tri519447,0,1032,172918,0,0
16,1289,1297103,Transway1A,Tri519447,0,1179,172918,0,0
16,1290,1297104,Transway1A,Tri519447,0,1328,172918,0,0
16,1291,1297105,Transway1A,Tri519447,0,1478,172918,0,0
16,1292,1297106,Transway1A,Tri519447,0,1627,172918,0,0
16,1288,1297107,Transway1A,Tri519448,0,1033,172918,0,0
16,1289,1297108,Transway1A,Tri519448,0,1180,172918,0,0
16,1290,1297109,Transway1A,Tri519448,0,1329,172918,0,0
16,1291,1297110,Transway1A,Tri519448,0,1479,172918,0,0
16,1292,1297111,Transway1A,Tri519448,0,1628,172918,0,0
16,1288,1297112,Transway1A,Tri519449,0,1031,172918,0,0
16,1289,1297113,Transway1A,Tri519449,0,1178,172918,0,0
16,1290,1297114,Transway1A,Tri519449,0,1327,172918,0,0
16,1291,1297115,Transway1A,Tri519449,0,1477,172918,0,0
16,1292,1297116,Transway1A,Tri519449,0,1626,172918,0,0
16,1288,1297117,Transway1A,Tri519450,0,1032,172918,0,0
16,1289,1297118,Transway1A,Tri519450,0,1179,172918,0,0
16,1290,1297119,Transway1A,Tri519450,0,1328,172918,0,0
16,1291,1297120,Transway1A,Tri519450,0,1478,172918,0,0
16,1292,1297121,Transway1A,Tri519450,0,1627,172918,0,0
16,1288,1297122,Transway1A,Tri519451,0,1033,172918,0,0
16,1289,1297123,Transway1A,Tri519451,0,1180,172918,0,0
16,1290,1297124,Transway1A,Tri519451,0,1329,172918,0,0
16,1291,1297125,Transway1A,Tri519451,0,1479,172918,0,0
16,1292,1297126,Transway1A,Tri519451,0,1628,172918,0,0
16,1288,1297127,Transway1A,Tri519452,0,1031,172918,0,0
16,1289,1297128,Transway1A,Tri519452,0,1178,172918,0,0
16,1290,1297129,Transway1A,Tri519452,0,1327,172918,0,0
16,1291,1297130,Transway1A,Tri519452,0,1477,172918,0,0
16,1292,1297131,Transway1A,Tri519452,0,1626,172918,0,0
16,1288,1297132,Transway1A,Tri519453,0,1032,172918,0,0
16,1289,1297133,Transway1A,Tri519453,0,1179,172918,0,0
16,1290,1297134,Transway1A,Tri519453,0,1328,172918,0,0
16,1291,1297135,Transway1A,Tri519453,0,1478,172918,0,0
16,1292,1297136,Transway1A,Tri519453,0,1627,172918,0,0
16,1288,1297137,Transway1A,Tri519454,0,1033,172918,0,0
16,1289,1297138,Transway1A,Tri519454,0,1180,172918,0,0
16,1290,1297139,Transway1A,Tri519454,0,1329,172918,0,0
16,1291,1297140,Transway1A,Tri519454,0,1479,172918,0,0
16,1292,1297141,Transway1A,Tri519454,0,1628,172918,0,0
16,1288,1297142,Transway1A,Tri519455,0,1031,172918,0,0
16,1289,1297143,Transway1A,Tri519455,0,1178,172918,0,0
16,1290,1297144,Transway1A,Tri519455,0,1327,172918,0,0
16,1291,1297145,Transway1A,Tri519455,0,1477,172918,0,0
16,1292,1297146,Transway1A,Tri519455,0,1626,172918,0,0
16,1288,1297147,Transway1A,Tri519456,0,1032,172918,0,0
16,1289,1297148,Transway1A,Tri519456,0,1179,172918,0,0
16,1290,1297149,Transway1A,Tri519456,0,1328,172918,0,0
16,1291,1297150,Transway1A,Tri519456,0,1478,172918,0,0
16,1292,1297151,Transway1A,Tri519456,0,1627,172918,0,0
16,1288,1297152,Transway1A,Tri519457,0,1033,172918,0,0
16,1289,1297153,Transway1A,Tri519457,0,1180,172918,0,0
16,1290,1297154,Transway1A,Tri519457,0,1329,172918,0,0
16,1291,1297155,Transway1A,Tri519457,0,1479,172918,0,0
16,1292,1297156,Transway1A,Tri519457,0,1628,172918,0,0
16,1288,1297157,Transway1A,Tri519458,0,1031,172918,0,0
16,1289,1297158,Transway1A,Tri519458,0,1178,172918,0,0
16,1290,1297159,Transway1A,Tri519458,0,1327,172918,0,0
16,1291,1297160,Transway1A,Tri519458,0,1477,172918,0,0
16,1292,1297161,Transway1A,Tri519458,0,1626,172918,0,0
16,1288,1297162,Transway1A,Tri519459,0,1032,172918,0,0
16,1289,1297163,Transway1A,Tri519459,0,1179,172918,0,0
16,1290,1297164,Transway1A,Tri519459,0,1328,172918,0,0
16,1291,1297165,Transway1A,Tri519459,0,1478,172918,0,0
16,1292,1297166,Transway1A,Tri519459,0,1627,172918,0,0
16,1288,1297167,Transway1A,Tri519460,0,1033,172918,0,0
16,1289,1297168,Transway1A,Tri519460,0,1180,172918,0,0
16,1290,1297169,Transway1A,Tri519460,0,1329,172918,0,0
16,1291,1297170,Transway1A,Tri519460,0,1479,172918,0,0
16,1292,1297171,Transway1A,Tri519460,0,1628,172918,0,0
16,1288,1297172,Transway1A,Tri519461,0,1031,172918,0,0
16,1289,1297173,Transway1A,Tri519461,0,1178,172918,0,0
16,1290,1297174,Transway1A,Tri519461,0,1327,172918,0,0
16,1291,1297175,Transway1A,Tri519461,0,1477,172918,0,0
16,1292,1297176,Transway1A,Tri519461,0,1626,172918,0,0
16,1288,1297177,Transway1A,Tri519462,0,1032,172918,0,0
16,1289,1297178,Transway1A,Tri519462,0,1179,172918,0,0
16,1290,1297179,Transway1A,Tri519462,0,1328,172918,0,0
16,1291,1297180,Transway1A,Tri519462,0,1478,172918,0,0
16,1292,1297181,Transway1A,Tri519462,0,1627,172918,0,0
16,1288,1297182,Transway1A,Tri519463,0,1033,172918,0,0
16,1289,1297183,Transway1A,Tri519463,0,1180,172918,0,0
16,1290,1297184,Transway1A,Tri519463,0,1329,172918,0,0
16,1291,1297185,Transway1A,Tri519463,0,1479,172918,0,0
16,1292,1297186,Transway1A,Tri519463,0,1628,172918,0,0
16,1288,1297187,Transway1A,Tri519464,0,1031,172918,0,0
16,1289,1297188,Transway1A,Tri519464,0,1178,172918,0,0
16,1290,1297189,Transway1A,Tri519464,0,1327,172918,0,0
16,1291,1297190,Transway1A,Tri519464,0,1477,172918,0,0
16,1292,1297191,Transway1A,Tri519464,0,1626,172918,0,0
16,1288,1297192,Transway1A,Tri519465,0,1032,172918,0,0
16,1289,1297193,Transway1A,Tri519465,0,1179,172918,0,0
16,1290,1297194,Transway1A,Tri519465,0,1328,172918,0,0
16,1291,1297195,Transway1A,Tri519465,0,1478,172918,0,0
16,1292,1297196,Transway1A,Tri519465,0,1627,172918,0,0
16,1288,1297197,Transway1A,Tri519466,0,1033,172918,0,0
16,1289,1297198,Transway1A,Tri519466,0,1180,172918,0,0
16,1290,1297199,Transway1A,Tri519466,0,1329,172918,0,0
16,1291,1297200,Transway1A,Tri519466,0,1479,172918,0,0
16,1292,1297201,Transway1A,Tri519466,0,1628,172918,0,0
16,1288,1297202,Transway1A,Tri519467,0,1031,172918,0,0
16,1289,1297203,Transway1A,Tri519467,0,1178,172918,0,0
16,1290,1297204,Transway1A,Tri519467,0,1327,172918,0,0
16,1291,1297205,Transway1A,Tri519467,0,1477,172918,0,0
16,1292,1297206,Transway1A,Tri519467,0,1626,172918,0,0
16,1288,1297207,Transway1A,Tri519468,0,1032,172918,0,0
16,1289,1297208,Transway1A,Tri519468,0,1179,172918,0,0
16,1290,1297209,Transway1A,Tri519468,0,1328,172918,0,0
16,1291,1297210,Transway1A,Tri519468,0,1478,172918,0,0
16,1292,1297211,Transway1A,Tri519468,0,1627,172918,0,0
16,1288,1297212,Transway1A,Tri519469,0,1033,172918,0,0
16,1289,1297213,Transway1A,Tri519469,0,1180,172918,0,0
16,1290,1297214,Transway1A,Tri519469,0,1329,172918,0,0
16,1291,1297215,Transway1A,Tri519469,0,1479,172918,0,0
16,1292,1297216,Transway1A,Tri519469,0,1628,172918,0,0
16,1288,1297217,Transway1A,Tri519470,0,1031,172918,0,0
16,1289,1297218,Transway1A,Tri519470,0,1178,172918,0,0
16,1290,1297219,Transway1A,Tri519470,0,1327,172918,0,0
16,1291,1297220,Transway1A,Tri519470,0,1477,172918,0,0
16,1292,1297221,Transway1A,Tri519470,0,1626,172918,0,0
16,1288,1297222,Transway1A,Tri519471,0,1032,172918,0,0
16,1289,1297223,Transway1A,Tri519471,0,1179,172918,0,0
16,1290,1297224,Transway1A,Tri519471,0,1328,172918,0,0
16,1291,1297225,Transway1A,Tri519471,0,1478,172918,0,0
16,1292,1297226,Transway1A,Tri519471,0,1627,172918,0,0
16,1288,1297227,Transway1A,Tri519472,0,1033,172918,0,0
16,1289,1297228,Transway1A,Tri519472,0,1180,172918,0,0
16,1290,1297229,Transway1A,Tri519472,0,1329,172918,0,0
16,1291,1297230,Transway1A,Tri519472,0,1479,172918,0,0
16,1292,1297231,Transway1A,Tri519472,0,1628,172918,0,0
16,1288,1297232,Transway1A,Tri519473,0,1031,172918,0,0
16,1289,1297233,Transway1A,Tri519473,0,1178,172918,0,0
16,1290,1297234,Transway1A,Tri519473,0,1327,172918,0,0
16,1291,1297235,Transway1A,Tri519473,0,1477,172918,0,0
16,1292,1297236,Transway1A,Tri519473,0,1626,172918,0,0
16,1288,1297237,Transway1A,Tri519474,0,1032,172918,0,0
16,1289,1297238,Transway1A,Tri519474,0,1179,172918,0,0
16,1290,1297239,Transway1A,Tri519474,0,1328,172918,0,0
16,1291,1297240,Transway1A,Tri519474,0,1478,172918,0,0
16,1292,1297241,Transway1A,Tri519474,0,1627,172918,0,0
16,1288,1297242,Transway1A,Tri519475,0,1033,172918,0,0
16,1289,1297243,Transway1A,Tri519475,0,1180,172918,0,0
16,1290,1297244,Transway1A,Tri519475,0,1329,172918,0,0
16,1291,1297245,Transway1A,Tri519475,0,1479,172918,0,0
16,1292,1297246,Transway1A,Tri519475,0,1628,172918,0,0
16,1288,1297247,Transway1A,Tri519476,0,1031,172918,0,0
16,1289,1297248,Transway1A,Tri519476,0,1178,172918,0,0
16,1290,1297249,Transway1A,Tri519476,0,1327,172918,0,0
16,1291,1297250,Transway1A,Tri519476,0,1477,172918,0,0
16,1292,1297251,Transway1A,Tri519476,0,1626,172918,0,0
16,1288,1297252,Transway1A,Tri519477,0,1032,172918,0,0
16,1289,1297253,Transway1A,Tri519477,0,1179,172918,0,0
16,1290,1297254,Transway1A,Tri519477,0,1328,172918,0,0
16,1291,1297255,Transway1A,Tri519477,0,1478,172918,0,0
16,1292,1297256,Transway1A,Tri519477,0,1627,172918,0,0
16,1288,1297257,Transway1A,Tri519478,0,1033,172918,0,0
16,1289,1297258,Transway1A,Tri519478,0,1180,172918,0,0
16,1290,1297259,Transway1A,Tri519478,0,1329,172918,0,0
16,1291,1297260,Transway1A,Tri519478,0,1479,172918,0,0
16,1292,1297261,Transway1A,Tri519478,0,1628,172918,0,0
16,1288,1297262,Transway1A,Tri519479,0,1031,172918,0,0
16,1289,1297263,Transway1A,Tri519479,0,1178,172918,0,0
16,1290,1297264,Transway1A,Tri519479,0,1327,172918,0,0
16,1291,1297265,Transway1A,Tri519479,0,1477,172918,0,0
16,1292,1297266,Transway1A,Tri519479,0,1626,172918,0,0
16,1288,1297267,Transway1A,Tri519480,0,1032,172918,0,0
16,1289,1297268,Transway1A,Tri519480,0,1179,172918,0,0
16,1290,1297269,Transway1A,Tri519480,0,1328,172918,0,0
16,1291,1297270,Transway1A,Tri519480,0,1478,172918,0,0
16,1292,1297271,Transway1A,Tri519480,0,1627,172918,0,0
16,1288,1297272,Transway1A,Tri519481,0,1033,172918,0,0
16,1289,1297273,Transway1A,Tri519481,0,1180,172918,0,0
16,1290,1297274,Transway1A,Tri519481,0,1329,172918,0,0
16,1291,1297275,Transway1A,Tri519481,0,1479,172918,0,0
16,1292,1297276,Transway1A,Tri519481,0,1628,172918,0,0
16,1288,1297277,Transway1A,Tri519482,0,1032,172918,0,0
16,1289,1297278,Transway1A,Tri519482,0,1179,172918,0,0
16,1290,1297279,Transway1A,Tri519482,0,1328,172918,0,0
16,1291,1297280,Transway1A,Tri519482,0,1478,172918,0,0
16,1292,1297281,Transway1A,Tri519482,0,1627,172918,0,0
16,1288,1297282,Transway1A,Tri519483,0,1033,172918,0,0
16,1289,1297283,Transway1A,Tri519483,0,1180,172918,0,0
16,1290,1297284,Transway1A,Tri519483,0,1329,172918,0,0
16,1291,1297285,Transway1A,Tri519483,0,1479,172918,0,0
16,1292,1297286,Transway1A,Tri519483,0,1628,172918,0,0
16,1288,1297287,Transway1A,Tri519484,0,1032,172918,0,0
16,1289,1297288,Transway1A,Tri519484,0,1179,172918,0,0
16,1290,1297289,Transway1A,Tri519484,0,1328,172918,0,0
16,1291,1297290,Transway1A,Tri519484,0,1478,172918,0,0
16,1292,1297291,Transway1A,Tri519484,0,1627,172918,0,0
16,1288,1297292,Transway1A,Tri519485,0,1033,172918,0,0
16,1289,1297293,Transway1A,Tri519485,0,1180,172918,0,0
16,1290,1297294,Transway1A,Tri519485,0,1329,172918,0,0
16,1291,1297295,Transway1A,Tri519485,0,1479,172918,0,0
16,1292,1297296,Transway1A,Tri519485,0,1628,172918,0,0
16,1288,1297297,Transway1A,Tri519486,0,1032,172918,0,0
16,1289,1297298,Transway1A,Tri519486,0,1179,172918,0,0
16,1290,1297299,Transway1A,Tri519486,0,1328,172918,0,0
16,1291,1297300,Transway1A,Tri519486,0,1478,172918,0,0
16,1292,1297301,Transway1A,Tri519486,0,1627,172918,0,0
16,1288,1297302,Transway1A,Tri519488,0,1032,172918,0,0
16,1289,1297303,Transway1A,Tri519488,0,1179,172918,0,0
16,1290,1297304,Transway1A,Tri519488,0,1328,172918,0,0
16,1291,1297305,Transway1A,Tri519488,0,1478,172918,0,0
16,1292,1297306,Transway1A,Tri519488,0,1627,172918,0,0
16,1288,1299862,Transway1A,Tri519445,0,1032,172918,0,0
16,1289,1299863,Transway1A,Tri519445,0,1179,172918,0,0
16,1290,1299864,Transway1A,Tri519445,0,1328,172918,0,0
16,1291,1299865,Transway1A,Tri519445,0,1478,172918,0,0
16,1292,1299866,Transway1A,Tri519445,0,1627,172918,0,0
16,1288,1299867,Transway1A,Tri1590322,1,1031,172927,0,0
16,1289,1299868,Transway1A,Tri1590322,1,1178,172927,0,0
16,1290,1299869,Transway1A,Tri1590322,1,1327,172927,0,0
16,1291,1299870,Transway1A,Tri1590322,1,1477,172927,0,0
16,1292,1299871,Transway1A,Tri1590322,1,1626,172927,0,0
16,1288,1299872,Transway1A,Tri1590323,1,1032,172927,0,0
16,1289,1299873,Transway1A,Tri1590323,1,1179,172927,0,0
16,1290,1299874,Transway1A,Tri1590323,1,1328,172927,0,0
16,1291,1299875,Transway1A,Tri1590323,1,1478,172927,0,0
16,1292,1299876,Transway1A,Tri1590323,1,1627,172927,0,0
16,1288,1299877,Transway1A,Tri1590324,1,1031,172927,0,0
16,1289,1299878,Transway1A,Tri1590324,1,1178,172927,0,0
16,1290,1299879,Transway1A,Tri1590324,1,1327,172927,0,0
16,1291,1299880,Transway1A,Tri1590324,1,1477,172927,0,0
16,1292,1299881,Transway1A,Tri1590324,1,1626,172927,0,0
16,1288,1299882,Transway1A,Tri519400,1,1032,172927,0,0
16,1289,1299883,Transway1A,Tri519400,1,1179,172927,0,0
16,1290,1299884,Transway1A,Tri519400,1,1328,172927,0,0
16,1291,1299885,Transway1A,Tri519400,1,1478,172927,0,0
16,1292,1299886,Transway1A,Tri519400,1,1627,172927,0,0
16,1288,1299887,Transway1A,Tri519401,1,1033,172927,0,0
16,1289,1299888,Transway1A,Tri519401,1,1180,172927,0,0
16,1290,1299889,Transway1A,Tri519401,1,1329,172927,0,0
16,1291,1299890,Transway1A,Tri519401,1,1479,172927,0,0
16,1292,1299891,Transway1A,Tri519401,1,1628,172927,0,0
16,1288,1299892,Transway1A,Tri519402,1,1031,172927,0,0
16,1289,1299893,Transway1A,Tri519402,1,1178,172927,0,0
16,1290,1299894,Transway1A,Tri519402,1,1327,172927,0,0
16,1291,1299895,Transway1A,Tri519402,1,1477,172927,0,0
16,1292,1299896,Transway1A,Tri519402,1,1626,172927,0,0
16,1288,1299897,Transway1A,Tri519403,1,1032,172927,0,0
16,1289,1299898,Transway1A,Tri519403,1,1179,172927,0,0
16,1290,1299899,Transway1A,Tri519403,1,1328,172927,0,0
16,1291,1299900,Transway1A,Tri519403,1,1478,172927,0,0
16,1292,1299901,Transway1A,Tri519403,1,1627,172927,0,0
16,1288,1299902,Transway1A,Tri519404,1,1033,172927,0,0
16,1289,1299903,Transway1A,Tri519404,1,1180,172927,0,0
16,1290,1299904,Transway1A,Tri519404,1,1329,172927,0,0
16,1291,1299905,Transway1A,Tri519404,1,1479,172927,0,0
16,1292,1299906,Transway1A,Tri519404,1,1628,172927,0,0
16,1288,1299907,Transway1A,Tri519405,1,1031,172927,0,0
16,1289,1299908,Transway1A,Tri519405,1,1178,172927,0,0
16,1290,1299909,Transway1A,Tri519405,1,1327,172927,0,0
16,1291,1299910,Transway1A,Tri519405,1,1477,172927,0,0
16,1292,1299911,Transway1A,Tri519405,1,1626,172927,0,0
16,1288,1299912,Transway1A,Tri519406,1,1032,172927,0,0
16,1289,1299913,Transway1A,Tri519406,1,1179,172927,0,0
16,1290,1299914,Transway1A,Tri519406,1,1328,172927,0,0
16,1291,1299915,Transway1A,Tri519406,1,1478,172927,0,0
16,1292,1299916,Transway1A,Tri519406,1,1627,172927,0,0
16,1288,1299917,Transway1A,Tri519407,1,1033,172927,0,0
16,1289,1299918,Transway1A,Tri519407,1,1180,172927,0,0
16,1290,1299919,Transway1A,Tri519407,1,1329,172927,0,0
16,1291,1299920,Transway1A,Tri519407,1,1479,172927,0,0
16,1292,1299921,Transway1A,Tri519407,1,1628,172927,0,0
16,1288,1299922,Transway1A,Tri519408,1,1031,172927,0,0
16,1289,1299923,Transway1A,Tri519408,1,1178,172927,0,0
16,1290,1299924,Transway1A,Tri519408,1,1327,172927,0,0
16,1291,1299925,Transway1A,Tri519408,1,1477,172927,0,0
16,1292,1299926,Transway1A,Tri519408,1,1626,172927,0,0
16,1288,1299927,Transway1A,Tri519409,1,1032,172927,0,0
16,1289,1299928,Transway1A,Tri519409,1,1179,172927,0,0
16,1290,1299929,Transway1A,Tri519409,1,1328,172927,0,0
16,1291,1299930,Transway1A,Tri519409,1,1478,172927,0,0
16,1292,1299931,Transway1A,Tri519409,1,1627,172927,0,0
16,1288,1299932,Transway1A,Tri519410,1,1033,172927,0,0
16,1289,1299933,Transway1A,Tri519410,1,1180,172927,0,0
16,1290,1299934,Transway1A,Tri519410,1,1329,172927,0,0
16,1291,1299935,Transway1A,Tri519410,1,1479,172927,0,0
16,1292,1299936,Transway1A,Tri519410,1,1628,172927,0,0
16,1288,1299937,Transway1A,Tri519411,1,1031,172927,0,0
16,1289,1299938,Transway1A,Tri519411,1,1178,172927,0,0
16,1290,1299939,Transway1A,Tri519411,1,1327,172927,0,0
16,1291,1299940,Transway1A,Tri519411,1,1477,172927,0,0
16,1292,1299941,Transway1A,Tri519411,1,1626,172927,0,0
16,1288,1299942,Transway1A,Tri519412,1,1032,172927,0,0
16,1289,1299943,Transway1A,Tri519412,1,1179,172927,0,0
16,1290,1299944,Transway1A,Tri519412,1,1328,172927,0,0
16,1291,1299945,Transway1A,Tri519412,1,1478,172927,0,0
16,1292,1299946,Transway1A,Tri519412,1,1627,172927,0,0
16,1288,1299947,Transway1A,Tri519413,1,1033,172927,0,0
16,1289,1299948,Transway1A,Tri519413,1,1180,172927,0,0
16,1290,1299949,Transway1A,Tri519413,1,1329,172927,0,0
16,1291,1299950,Transway1A,Tri519413,1,1479,172927,0,0
16,1292,1299951,Transway1A,Tri519413,1,1628,172927,0,0
16,1288,1299952,Transway1A,Tri519414,1,1031,172927,0,0
16,1289,1299953,Transway1A,Tri519414,1,1178,172927,0,0
16,1290,1299954,Transway1A,Tri519414,1,1327,172927,0,0
16,1291,1299955,Transway1A,Tri519414,1,1477,172927,0,0
16,1292,1299956,Transway1A,Tri519414,1,1626,172927,0,0
16,1288,1299957,Transway1A,Tri519415,1,1032,172927,0,0
16,1289,1299958,Transway1A,Tri519415,1,1179,172927,0,0
16,1290,1299959,Transway1A,Tri519415,1,1328,172927,0,0
16,1291,1299960,Transway1A,Tri519415,1,1478,172927,0,0
16,1292,1299961,Transway1A,Tri519415,1,1627,172927,0,0
16,1288,1299962,Transway1A,Tri519416,1,1033,172927,0,0
16,1289,1299963,Transway1A,Tri519416,1,1180,172927,0,0
16,1290,1299964,Transway1A,Tri519416,1,1329,172927,0,0
16,1291,1299965,Transway1A,Tri519416,1,1479,172927,0,0
16,1292,1299966,Transway1A,Tri519416,1,1628,172927,0,0
16,1288,1299967,Transway1A,Tri519417,1,1031,172927,0,0
16,1289,1299968,Transway1A,Tri519417,1,1178,172927,0,0
16,1290,1299969,Transway1A,Tri519417,1,1327,172927,0,0
16,1291,1299970,Transway1A,Tri519417,1,1477,172927,0,0
16,1292,1299971,Transway1A,Tri519417,1,1626,172927,0,0
16,1288,1299972,Transway1A,Tri519418,1,1032,172927,0,0
16,1289,1299973,Transway1A,Tri519418,1,1179,172927,0,0
16,1290,1299974,Transway1A,Tri519418,1,1328,172927,0,0
16,1291,1299975,Transway1A,Tri519418,1,1478,172927,0,0
16,1292,1299976,Transway1A,Tri519418,1,1627,172927,0,0
16,1288,1299977,Transway1A,Tri519419,1,1033,172927,0,0
16,1289,1299978,Transway1A,Tri519419,1,1180,172927,0,0
16,1290,1299979,Transway1A,Tri519419,1,1329,172927,0,0
16,1291,1299980,Transway1A,Tri519419,1,1479,172927,0,0
16,1292,1299981,Transway1A,Tri519419,1,1628,172927,0,0
16,1288,1299982,Transway1A,Tri519420,1,1031,172927,0,0
16,1289,1299983,Transway1A,Tri519420,1,1178,172927,0,0
16,1290,1299984,Transway1A,Tri519420,1,1327,172927,0,0
16,1291,1299985,Transway1A,Tri519420,1,1477,172927,0,0
16,1292,1299986,Transway1A,Tri519420,1,1626,172927,0,0
16,1288,1299987,Transway1A,Tri519421,1,1032,172927,0,0
16,1289,1299988,Transway1A,Tri519421,1,1179,172927,0,0
16,1290,1299989,Transway1A,Tri519421,1,1328,172927,0,0
16,1291,1299990,Transway1A,Tri519421,1,1478,172927,0,0
16,1292,1299991,Transway1A,Tri519421,1,1627,172927,0,0
16,1288,1299992,Transway1A,Tri519422,1,1033,172927,0,0
16,1289,1299993,Transway1A,Tri519422,1,1180,172927,0,0
16,1290,1299994,Transway1A,Tri519422,1,1329,172927,0,0
16,1291,1299995,Transway1A,Tri519422,1,1479,172927,0,0
16,1292,1299996,Transway1A,Tri519422,1,1628,172927,0,0
16,1288,1299997,Transway1A,Tri519423,1,1031,172927,0,0
16,1289,1299998,Transway1A,Tri519423,1,1178,172927,0,0
16,1290,1299999,Transway1A,Tri519423,1,1327,172927,0,0
16,1291,1300000,Transway1A,Tri519423,1,1477,172927,0,0
16,1292,1300001,Transway1A,Tri519423,1,1626,172927,0,0
16,1288,1300002,Transway1A,Tri519424,1,1032,172927,0,0
16,1289,1300003,Transway1A,Tri519424,1,1179,172927,0,0
16,1290,1300004,Transway1A,Tri519424,1,1328,172927,0,0
16,1291,1300005,Transway1A,Tri519424,1,1478,172927,0,0
16,1292,1300006,Transway1A,Tri519424,1,1627,172927,0,0
16,1288,1300007,Transway1A,Tri519425,1,1033,172927,0,0
16,1289,1300008,Transway1A,Tri519425,1,1180,172927,0,0
16,1290,1300009,Transway1A,Tri519425,1,1329,172927,0,0
16,1291,1300010,Transway1A,Tri519425,1,1479,172927,0,0
16,1292,1300011,Transway1A,Tri519425,1,1628,172927,0,0
16,1288,1300012,Transway1A,Tri519426,1,1031,172927,0,0
16,1289,1300013,Transway1A,Tri519426,1,1178,172927,0,0
16,1290,1300014,Transway1A,Tri519426,1,1327,172927,0,0
16,1291,1300015,Transway1A,Tri519426,1,1477,172927,0,0
16,1292,1300016,Transway1A,Tri519426,1,1626,172927,0,0
16,1288,1300017,Transway1A,Tri519427,1,1032,172927,0,0
16,1289,1300018,Transway1A,Tri519427,1,1179,172927,0,0
16,1290,1300019,Transway1A,Tri519427,1,1328,172927,0,0
16,1291,1300020,Transway1A,Tri519427,1,1478,172927,0,0
16,1292,1300021,Transway1A,Tri519427,1,1627,172927,0,0
16,1288,1300022,Transway1A,Tri519428,1,1033,172927,0,0
16,1289,1300023,Transway1A,Tri519428,1,1180,172927,0,0
16,1290,1300024,Transway1A,Tri519428,1,1329,172927,0,0
16,1291,1300025,Transway1A,Tri519428,1,1479,172927,0,0
16,1292,1300026,Transway1A,Tri519428,1,1628,172927,0,0
16,1288,1300027,Transway1A,Tri519429,1,1031,172927,0,0
16,1289,1300028,Transway1A,Tri519429,1,1178,172927,0,0
16,1290,1300029,Transway1A,Tri519429,1,1327,172927,0,0
16,1291,1300030,Transway1A,Tri519429,1,1477,172927,0,0
16,1292,1300031,Transway1A,Tri519429,1,1626,172927,0,0
16,1288,1300032,Transway1A,Tri519430,1,1032,172927,0,0
16,1289,1300033,Transway1A,Tri519430,1,1179,172927,0,0
16,1290,1300034,Transway1A,Tri519430,1,1328,172927,0,0
16,1291,1300035,Transway1A,Tri519430,1,1478,172927,0,0
16,1292,1300036,Transway1A,Tri519430,1,1627,172927,0,0
16,1288,1300037,Transway1A,Tri519431,1,1033,172927,0,0
16,1289,1300038,Transway1A,Tri519431,1,1180,172927,0,0
16,1290,1300039,Transway1A,Tri519431,1,1329,172927,0,0
16,1291,1300040,Transway1A,Tri519431,1,1479,172927,0,0
16,1292,1300041,Transway1A,Tri519431,1,1628,172927,0,0
16,1288,1300042,Transway1A,Tri519432,1,1031,172927,0,0
16,1289,1300043,Transway1A,Tri519432,1,1178,172927,0,0
16,1290,1300044,Transway1A,Tri519432,1,1327,172927,0,0
16,1291,1300045,Transway1A,Tri519432,1,1477,172927,0,0
16,1292,1300046,Transway1A,Tri519432,1,1626,172927,0,0
16,1288,1300047,Transway1A,Tri519433,1,1032,172927,0,0
16,1289,1300048,Transway1A,Tri519433,1,1179,172927,0,0
16,1290,1300049,Transway1A,Tri519433,1,1328,172927,0,0
16,1291,1300050,Transway1A,Tri519433,1,1478,172927,0,0
16,1292,1300051,Transway1A,Tri519433,1,1627,172927,0,0
16,1288,1300052,Transway1A,Tri519434,1,1033,172927,0,0
16,1289,1300053,Transway1A,Tri519434,1,1180,172927,0,0
16,1290,1300054,Transway1A,Tri519434,1,1329,172927,0,0
16,1291,1300055,Transway1A,Tri519434,1,1479,172927,0,0
16,1292,1300056,Transway1A,Tri519434,1,1628,172927,0,0
16,1288,1300057,Transway1A,Tri519435,1,1032,172927,0,0
16,1289,1300058,Transway1A,Tri519435,1,1179,172927,0,0
16,1290,1300059,Transway1A,Tri519435,1,1328,172927,0,0
16,1291,1300060,Transway1A,Tri519435,1,1478,172927,0,0
16,1292,1300061,Transway1A,Tri519435,1,1627,172927,0,0
16,1288,1300062,Transway1A,Tri519436,1,1033,172927,0,0
16,1289,1300063,Transway1A,Tri519436,1,1180,172927,0,0
16,1290,1300064,Transway1A,Tri519436,1,1329,172927,0,0
16,1291,1300065,Transway1A,Tri519436,1,1479,172927,0,0
16,1292,1300066,Transway1A,Tri519436,1,1628,172927,0,0
16,1288,1300067,Transway1A,Tri519437,1,1032,172927,0,0
16,1289,1300068,Transway1A,Tri519437,1,1179,172927,0,0
16,1290,1300069,Transway1A,Tri519437,1,1328,172927,0,0
16,1291,1300070,Transway1A,Tri519437,1,1478,172927,0,0
16,1292,1300071,Transway1A,Tri519437,1,1627,172927,0,0
16,1288,1300072,Transway1A,Tri519438,1,1033,172927,0,0
16,1289,1300073,Transway1A,Tri519438,1,1180,172927,0,0
16,1290,1300074,Transway1A,Tri519438,1,1329,172927,0,0
16,1291,1300075,Transway1A,Tri519438,1,1479,172927,0,0
16,1292,1300076,Transway1A,Tri519438,1,1628,172927,0,0
16,1288,1300077,Transway1A,Tri519439,1,1032,172927,0,0
16,1289,1300078,Transway1A,Tri519439,1,1179,172927,0,0
16,1290,1300079,Transway1A,Tri519439,1,1328,172927,0,0
16,1291,1300080,Transway1A,Tri519439,1,1478,172927,0,0
16,1292,1300081,Transway1A,Tri519439,1,1627,172927,0,0
16,1288,1300082,Transway1A,Tri519441,1,1032,172927,0,0
16,1289,1300083,Transway1A,Tri519441,1,1179,172927,0,0
16,1290,1300084,Transway1A,Tri519441,1,1328,172927,0,0
16,1291,1300085,Transway1A,Tri519441,1,1478,172927,0,0
16,1292,1300086,Transway1A,Tri519441,1,1627,172927,0,0
16,1288,1300087,Transway1A,Tri519443,1,1032,172927,0,0
16,1289,1300088,Transway1A,Tri519443,1,1179,172927,0,0
16,1290,1300089,Transway1A,Tri519443,1,1328,172927,0,0
16,1291,1300090,Transway1A,Tri519443,1,1478,172927,0,0
16,1292,1300091,Transway1A,Tri519443,1,1627,172927,0,0
16,1287,1304331,Transway1A,Tri519551,0,792,172918,0,0
16,1287,1304332,Transway1A,Tri519552,0,793,172918,0,0
16,1287,1304333,Transway1A,Tri519553,0,792,172918,0,0
16,1287,1304334,Transway1A,Tri519554,0,793,172918,0,0
16,1287,1304335,Transway1A,Tri519555,0,792,172918,0,0
16,1287,1304336,Transway1A,Tri519556,0,793,172918,0,0
16,1287,1304337,Transway1A,Tri519557,0,792,172918,0,0
16,1287,1304338,Transway1A,Tri519558,0,793,172918,0,0
16,1287,1304339,Transway1A,Tri519588,0,794,172918,0,0
16,1287,1304340,Transway1A,Tri519589,0,792,172918,0,0
16,1287,1304341,Transway1A,Tri519559,0,793,172918,0,0
16,1287,1304342,Transway1A,Tri519560,0,794,172918,0,0
16,1287,1304343,Transway1A,Tri519561,0,792,172918,0,0
16,1287,1304344,Transway1A,Tri519562,0,793,172918,0,0
16,1287,1304345,Transway1A,Tri519563,0,794,172918,0,0
16,1287,1304346,Transway1A,Tri519564,0,792,172918,0,0
16,1287,1304347,Transway1A,Tri519565,0,793,172918,0,0
16,1287,1304348,Transway1A,Tri519566,0,794,172918,0,0
16,1287,1304349,Transway1A,Tri519567,0,792,172918,0,0
16,1287,1304350,Transway1A,Tri519568,0,793,172918,0,0
16,1287,1304351,Transway1A,Tri519569,0,794,172918,0,0
16,1287,1304352,Transway1A,Tri519570,0,792,172918,0,0
16,1287,1304353,Transway1A,Tri519571,0,793,172918,0,0
16,1287,1304354,Transway1A,Tri519572,0,794,172918,0,0
16,1287,1304355,Transway1A,Tri519573,0,792,172918,0,0
16,1287,1304356,Transway1A,Tri519574,0,793,172918,0,0
16,1287,1304357,Transway1A,Tri519575,0,794,172918,0,0
16,1287,1304358,Transway1A,Tri519576,0,792,172918,0,0
16,1287,1304359,Transway1A,Tri519577,0,793,172918,0,0
16,1287,1304360,Transway1A,Tri519578,0,794,172918,0,0
16,1287,1304361,Transway1A,Tri874072,0,830,172918,0,0
16,1287,1304362,Transway1A,Tri519579,0,792,172918,0,0
16,1287,1304363,Transway1A,Tri519580,0,793,172918,0,0
16,1287,1304364,Transway1A,Tri519581,0,830,172918,0,0
16,1287,1304365,Transway1A,Tri519582,0,793,172918,0,0
16,1287,1304366,Transway1A,Tri519583,0,830,172918,0,0
16,1287,1304367,Transway1A,Tri519584,0,793,172918,0,0
16,1287,1304368,Transway1A,Tri519585,0,830,172918,0,0
16,1287,1304369,Transway1A,Tri519586,0,793,172918,0,0
16,1287,1304370,Transway1A,Tri519587,0,793,172918,0,0
16,1287,1304447,Transway1A,Tri519512,1,792,172927,0,0
16,1287,1304448,Transway1A,Tri519513,1,793,172927,0,0
16,1287,1304449,Transway1A,Tri519514,1,792,172927,0,0
16,1287,1304450,Transway1A,Tri519515,1,793,172927,0,0
16,1287,1304451,Transway1A,Tri519516,1,792,172927,0,0
16,1287,1304452,Transway1A,Tri519517,1,793,172927,0,0
16,1287,1304453,Transway1A,Tri519518,1,792,172927,0,0
16,1287,1304454,Transway1A,Tri519519,1,793,172927,0,0
16,1287,1304455,Transway1A,Tri519520,1,794,172927,0,0
16,1287,1304456,Transway1A,Tri519521,1,792,172927,0,0
16,1287,1304457,Transway1A,Tri519522,1,793,172927,0,0
16,1287,1304458,Transway1A,Tri519523,1,794,172927,0,0
16,1287,1304459,Transway1A,Tri519524,1,792,172927,0,0
16,1287,1304460,Transway1A,Tri519525,1,793,172927,0,0
16,1287,1304461,Transway1A,Tri519526,1,794,172927,0,0
16,1287,1304462,Transway1A,Tri519527,1,792,172927,0,0
16,1287,1304463,Transway1A,Tri519528,1,793,172927,0,0
16,1287,1304464,Transway1A,Tri519529,1,794,172927,0,0
16,1287,1304465,Transway1A,Tri519530,1,792,172927,0,0
16,1287,1304466,Transway1A,Tri519531,1,793,172927,0,0
16,1287,1304467,Transway1A,Tri519532,1,794,172927,0,0
16,1287,1304468,Transway1A,Tri519533,1,792,172927,0,0
16,1287,1304469,Transway1A,Tri519534,1,793,172927,0,0
16,1287,1304470,Transway1A,Tri519535,1,794,172927,0,0
16,1287,1304471,Transway1A,Tri519536,1,792,172927,0,0
16,1287,1304472,Transway1A,Tri519537,1,793,172927,0,0
16,1287,1304473,Transway1A,Tri519538,1,794,172927,0,0
16,1287,1304474,Transway1A,Tri519539,1,792,172927,0,0
16,1287,1304475,Transway1A,Tri519540,1,793,172927,0,0
16,1287,1304476,Transway1A,Tri519541,1,794,172927,0,0
16,1287,1304477,Transway1A,Tri519542,1,792,172927,0,0
16,1287,1304478,Transway1A,Tri519543,1,793,172927,0,0
16,1287,1304479,Transway1A,Tri519544,1,830,172927,0,0
16,1287,1304480,Transway1A,Tri519545,1,793,172927,0,0
16,1287,1304481,Transway1A,Tri519546,1,830,172927,0,0
16,1287,1304482,Transway1A,Tri519547,1,793,172927,0,0
16,1287,1304483,Transway1A,Tri519548,1,830,172927,0,0
16,1287,1304484,Transway1A,Tri519549,1,793,172927,0,0
16,1287,1304485,Transway1A,Tri519550,1,793,172927,0,0
16,1293,1305093,Transway1A,Tri573123,0,135868,172918,0,0
16,1293,1305095,Transway1A,Tri573124,0,135869,172918,0,0
16,1295,1305096,Transway1A,Tri573124,0,135870,172918,0,0
16,1293,1305097,Transway1A,Tri573125,0,135866,172918,0,0
16,1293,1305099,Transway1A,Tri573126,0,135867,172918,0,0
16,1295,1305100,Transway1A,Tri573126,0,135872,172918,0,0
16,1293,1305101,Transway1A,Tri573127,0,135868,172918,0,0
16,1293,1305103,Transway1A,Tri573128,0,135869,172918,0,0
16,1293,1305105,Transway1A,Tri573129,0,135866,172918,0,0
16,1295,1305106,Transway1A,Tri573129,0,135871,172918,0,0
16,1293,1305107,Transway1A,Tri573130,0,135867,172918,0,0
16,1295,1305108,Transway1A,Tri573130,0,135872,172918,0,0
16,1293,1305109,Transway1A,Tri573131,0,135868,172918,0,0
16,1293,1305111,Transway1A,Tri573132,0,135869,172918,0,0
16,1295,1305112,Transway1A,Tri573132,0,135870,172918,0,0
16,1293,1305113,Transway1A,Tri573133,0,135866,172918,0,0
16,1293,1305115,Transway1A,Tri573134,0,135867,172918,0,0
16,1293,1305117,Transway1A,Tri573135,0,135868,172918,0,0
16,1293,1305119,Transway1A,Tri573136,0,135869,172918,0,0
16,1293,1305121,Transway1A,Tri573137,0,135866,172918,0,0
16,1293,1305123,Transway1A,Tri573138,0,135867,172918,0,0
16,1293,1305125,Transway1A,Tri573139,0,135868,172918,0,0
16,1293,1305127,Transway1A,Tri573140,0,135869,172918,0,0
16,1295,1305128,Transway1A,Tri573140,0,135870,172918,0,0
16,1293,1305129,Transway1A,Tri573141,0,135866,172918,0,0
16,1295,1305130,Transway1A,Tri573141,0,135871,172918,0,0
16,1293,1305131,Transway1A,Tri573142,0,135867,172918,0,0
16,1295,1305132,Transway1A,Tri573142,0,135872,172918,0,0
16,1293,1305133,Transway1A,Tri573143,0,135868,172918,0,0
16,1295,1305134,Transway1A,Tri573143,0,135873,172918,0,0
16,1293,1305135,Transway1A,Tri573144,0,135869,172918,0,0
16,1295,1305136,Transway1A,Tri573144,0,135870,172918,0,0
16,1293,1305137,Transway1A,Tri573145,0,135866,172918,0,0
16,1293,1305139,Transway1A,Tri573146,0,135867,172918,0,0
16,1295,1305140,Transway1A,Tri573146,0,135872,172918,0,0
16,1293,1305141,Transway1A,Tri573147,0,135868,172918,0,0
16,1295,1305142,Transway1A,Tri573147,0,135873,172918,0,0
16,1293,1305143,Transway1A,Tri573148,0,135869,172918,0,0
16,1295,1305144,Transway1A,Tri573148,0,135870,172918,0,0
16,1293,1305145,Transway1A,Tri573149,0,135866,172918,0,0
16,1295,1305146,Transway1A,Tri573149,0,135871,172918,0,0
16,1293,1305147,Transway1A,Tri573150,0,135867,172918,0,0
16,1293,1305149,Transway1A,Tri573151,0,135868,172918,0,0
16,1295,1305150,Transway1A,Tri573151,0,135873,172918,0,0
16,1293,1305151,Transway1A,Tri573152,0,135869,172918,0,0
16,1295,1305152,Transway1A,Tri573152,0,135870,172918,0,0
16,1293,1305153,Transway1A,Tri573153,0,135866,172918,0,0
16,1293,1305155,Transway1A,Tri573154,0,135867,172918,0,0
16,1293,1305157,Transway1A,Tri573155,0,135868,172918,0,0
16,1295,1305158,Transway1A,Tri573155,0,135873,172918,0,0
16,1293,1305159,Transway1A,Tri573156,0,135869,172918,0,0
16,1293,1305161,Transway1A,Tri573157,0,135866,172918,0,0
16,1293,1305163,Transway1A,Tri573158,0,135867,172918,0,0
16,1293,1305165,Transway1A,Tri573159,0,135868,172918,0,0
16,1293,1305167,Transway1A,Tri573160,0,135869,172918,0,0
16,1295,1305168,Transway1A,Tri573160,0,135870,172918,0,0
16,1293,1305169,Transway1A,Tri573161,0,135866,172918,0,0
16,1293,1305171,Transway1A,Tri573162,0,135867,172918,0,0
16,1295,1305172,Transway1A,Tri573162,0,135872,172918,0,0
16,1293,1305173,Transway1A,Tri573163,0,135868,172918,0,0
16,1295,1305174,Transway1A,Tri573163,0,135873,172918,0,0
16,1293,1305175,Transway1A,Tri573164,0,135869,172918,0,0
16,1293,1305177,Transway1A,Tri573165,0,135866,172918,0,0
16,1293,1305179,Transway1A,Tri573166,0,135867,172918,0,0
16,1295,1305180,Transway1A,Tri573166,0,135872,172918,0,0
16,1293,1305181,Transway1A,Tri573167,0,135868,172918,0,0
16,1293,1305183,Transway1A,Tri573168,0,135869,172918,0,0
16,1293,1305185,Transway1A,Tri573169,0,135866,172918,0,0
16,1295,1305186,Transway1A,Tri573169,0,135871,172918,0,0
16,1293,1305187,Transway1A,Tri573170,0,135867,172918,0,0
16,1295,1305188,Transway1A,Tri573170,0,135872,172918,0,0
16,1293,1305189,Transway1A,Tri573171,0,135868,172918,0,0
16,1295,1305190,Transway1A,Tri573171,0,135873,172918,0,0
16,1293,1305191,Transway1A,Tri573172,0,135869,172918,0,0
16,1293,1305193,Transway1A,Tri573173,0,135866,172918,0,0
16,1293,1305195,Transway1A,Tri573072,1,135868,172927,0,0
16,1293,1305197,Transway1A,Tri573073,1,135869,172927,0,0
16,1293,1305199,Transway1A,Tri573074,1,135866,172927,0,0
16,1295,1305200,Transway1A,Tri573074,1,135871,172927,0,0
16,1293,1305201,Transway1A,Tri573075,1,135867,172927,0,0
16,1295,1305202,Transway1A,Tri573075,1,135872,172927,0,0
16,1293,1305203,Transway1A,Tri573076,1,135868,172927,0,0
16,1293,1305205,Transway1A,Tri573077,1,135869,172927,0,0
16,1293,1305207,Transway1A,Tri573078,1,135866,172927,0,0
16,1295,1305208,Transway1A,Tri573078,1,135871,172927,0,0
16,1293,1305209,Transway1A,Tri573079,1,135867,172927,0,0
16,1295,1305210,Transway1A,Tri573079,1,135872,172927,0,0
16,1293,1305211,Transway1A,Tri573080,1,135868,172927,0,0
16,1293,1305213,Transway1A,Tri573081,1,135869,172927,0,0
16,1293,1305215,Transway1A,Tri573082,1,135866,172927,0,0
16,1295,1305216,Transway1A,Tri573082,1,135871,172927,0,0
16,1293,1305217,Transway1A,Tri573083,1,135867,172927,0,0
16,1295,1305218,Transway1A,Tri573083,1,135872,172927,0,0
16,1293,1305219,Transway1A,Tri573084,1,135868,172927,0,0
16,1293,1305221,Transway1A,Tri573085,1,135869,172927,0,0
16,1293,1305223,Transway1A,Tri573086,1,135866,172927,0,0
16,1295,1305224,Transway1A,Tri573086,1,135871,172927,0,0
16,1293,1305225,Transway1A,Tri573087,1,135867,172927,0,0
16,1295,1305226,Transway1A,Tri573087,1,135872,172927,0,0
16,1293,1305227,Transway1A,Tri573088,1,135868,172927,0,0
16,1293,1305229,Transway1A,Tri573089,1,135869,172927,0,0
16,1295,1305230,Transway1A,Tri573089,1,135870,172927,0,0
16,1293,1305231,Transway1A,Tri573090,1,135866,172927,0,0
16,1295,1305232,Transway1A,Tri573090,1,135871,172927,0,0
16,1293,1305233,Transway1A,Tri573091,1,135867,172927,0,0
16,1293,1305235,Transway1A,Tri573092,1,135868,172927,0,0
16,1293,1305237,Transway1A,Tri573093,1,135869,172927,0,0
16,1293,1305239,Transway1A,Tri573094,1,135866,172927,0,0
16,1295,1305240,Transway1A,Tri573094,1,135871,172927,0,0
16,1293,1305241,Transway1A,Tri573095,1,135867,172927,0,0
16,1293,1305243,Transway1A,Tri573096,1,135868,172927,0,0
16,1295,1305244,Transway1A,Tri573096,1,135873,172927,0,0
16,1293,1305245,Transway1A,Tri573097,1,135869,172927,0,0
16,1295,1305246,Transway1A,Tri573097,1,135870,172927,0,0
16,1293,1305247,Transway1A,Tri573098,1,135866,172927,0,0
16,1295,1305248,Transway1A,Tri573098,1,135871,172927,0,0
16,1293,1305249,Transway1A,Tri573099,1,135867,172927,0,0
16,1295,1305250,Transway1A,Tri573099,1,135872,172927,0,0
16,1293,1305251,Transway1A,Tri573100,1,135868,172927,0,0
16,1293,1305253,Transway1A,Tri573101,1,135869,172927,0,0
16,1293,1305255,Transway1A,Tri573102,1,135866,172927,0,0
16,1295,1305256,Transway1A,Tri573102,1,135871,172927,0,0
16,1293,1305257,Transway1A,Tri573103,1,135867,172927,0,0
16,1295,1305258,Transway1A,Tri573103,1,135872,172927,0,0
16,1293,1305259,Transway1A,Tri573104,1,135868,172927,0,0
16,1293,1305261,Transway1A,Tri573105,1,135869,172927,0,0
16,1295,1305262,Transway1A,Tri573105,1,135870,172927,0,0
16,1293,1305263,Transway1A,Tri573106,1,135866,172927,0,0
16,1293,1305265,Transway1A,Tri573107,1,135867,172927,0,0
16,1293,1305267,Transway1A,Tri573108,1,135868,172927,0,0
16,1293,1305269,Transway1A,Tri573109,1,135869,172927,0,0
16,1293,1305271,Transway1A,Tri573110,1,135866,172927,0,0
16,1293,1305273,Transway1A,Tri573111,1,135867,172927,0,0
16,1295,1305274,Transway1A,Tri573111,1,135872,172927,0,0
16,1293,1305275,Transway1A,Tri573112,1,135868,172927,0,0
16,1293,1305277,Transway1A,Tri573113,1,135869,172927,0,0
16,1293,1305279,Transway1A,Tri573114,1,135866,172927,0,0
16,1293,1305281,Transway1A,Tri573115,1,135867,172927,0,0
16,1295,1305282,Transway1A,Tri573115,1,135872,172927,0,0
16,1293,1305283,Transway1A,Tri573116,1,135868,172927,0,0
16,1293,1305285,Transway1A,Tri573117,1,135869,172927,0,0
16,1293,1305287,Transway1A,Tri573118,1,135866,172927,0,0
16,1295,1305288,Transway1A,Tri573118,1,135871,172927,0,0
16,1293,1305289,Transway1A,Tri573119,1,135867,172927,0,0
16,1295,1305290,Transway1A,Tri573119,1,135872,172927,0,0
16,1293,1305291,Transway1A,Tri573120,1,135868,172927,0,0
16,1293,1305293,Transway1A,Tri573121,1,135869,172927,0,0
16,1295,1305294,Transway1A,Tri573121,1,135870,172927,0,0
16,1293,1305295,Transway1A,Tri573122,1,135866,172927,0,0
16,1293,1305801,Transway1A,Tri1890822,1,135867,172927,0,0
16,1293,1305803,Transway1A,Tri1890823,1,135866,172927,0,0
16,1293,1305805,Transway1A,Tri1890824,0,135866,172918,0,0
16,1293,1305807,Transway1A,Tri1890825,0,135867,172918,0,0
16,1294,1306065,Transway1A,Tri534431,0,1803,172918,0,0
16,1294,1306066,Transway1A,Tri534432,0,1803,172918,0,0
16,1294,1306067,Transway1A,Tri534433,0,1803,172918,0,0
16,1294,1306068,Transway1A,Tri534434,0,1803,172918,0,0
16,1294,1306069,Transway1A,Tri534435,0,1803,172918,0,0
16,1294,1306070,Transway1A,Tri534436,0,1803,172918,0,0
16,1294,1306109,Transway1A,Tri534423,1,1803,172927,0,0
16,1294,1306110,Transway1A,Tri534424,1,1803,172927,0,0
16,1294,1306111,Transway1A,Tri534425,1,1803,172927,0,0
16,1294,1306112,Transway1A,Tri534426,1,1803,172927,0,0
16,1294,1306113,Transway1A,Tri534427,1,1803,172927,0,0
16,1294,1306114,Transway1A,Tri534428,1,1803,172927,0,0
16,1294,1306196,Transway1A,Tri1890935,1,1803,172927,0,0
16,1294,1306197,Transway1A,Tri1890936,0,1803,172918,0,0
16,1294,1306207,Transway1A,Tri1890997,1,1803,172927,0,0
16,1294,1306212,Transway1A,Tri1891002,0,1803,172918,0,0
16,1295,1306270,Transway1A,Tri1889568,1,135870,172927,0,0
16,1295,1306273,Transway1A,Tri1889571,1,135873,172927,0,0
16,1295,1306274,Transway1A,Tri1889572,1,135870,172927,0,0
16,1295,1306277,Transway1A,Tri1889575,1,135873,172927,0,0
16,1295,1306278,Transway1A,Tri1889576,1,135870,172927,0,0
16,1295,1306281,Transway1A,Tri1889579,1,135873,172927,0,0
16,1295,1306284,Transway1A,Tri1889582,1,135872,172927,0,0
16,1295,1306285,Transway1A,Tri1889583,1,135873,172927,0,0
16,1295,1306286,Transway1A,Tri1889584,1,135870,172927,0,0
16,1295,1306288,Transway1A,Tri1889586,1,135872,172927,0,0
16,1295,1306293,Transway1A,Tri1889591,1,135873,172927,0,0
16,1295,1306294,Transway1A,Tri1889592,1,135870,172927,0,0
16,1295,1306297,Transway1A,Tri1889595,1,135873,172927,0,0
16,1295,1306299,Transway1A,Tri1889597,1,135871,172927,0,0
16,1295,1306300,Transway1A,Tri1889598,1,135872,172927,0,0
16,1295,1306301,Transway1A,Tri1889599,1,135873,172927,0,0
16,1295,1306302,Transway1A,Tri1889600,1,135870,172927,0,0
16,1295,1306303,Transway1A,Tri1889601,1,135871,172927,0,0
16,1295,1306305,Transway1A,Tri1889603,1,135873,172927,0,0
16,1295,1306306,Transway1A,Tri1889604,1,135870,172927,0,0
16,1295,1306307,Transway1A,Tri1889605,1,135871,172927,0,0
16,1295,1306309,Transway1A,Tri1889607,1,135873,172927,0,0
16,1295,1306310,Transway1A,Tri1889608,1,135870,172927,0,0
16,1295,1306313,Transway1A,Tri1889611,1,135873,172927,0,0
16,1295,1306315,Transway1A,Tri1889613,1,135871,172927,0,0
16,1295,1306316,Transway1A,Tri1889619,0,135870,172918,0,0
16,1295,1306319,Transway1A,Tri1889622,0,135873,172918,0,0
16,1295,1306321,Transway1A,Tri1889624,0,135871,172918,0,0
16,1295,1306322,Transway1A,Tri1889625,0,135872,172918,0,0
16,1295,1306323,Transway1A,Tri1889626,0,135873,172918,0,0
16,1295,1306324,Transway1A,Tri1889627,0,135870,172918,0,0
16,1295,1306325,Transway1A,Tri1889628,0,135871,172918,0,0
16,1295,1306326,Transway1A,Tri1889629,0,135872,172918,0,0
16,1295,1306327,Transway1A,Tri1889630,0,135873,172918,0,0
16,1295,1306333,Transway1A,Tri1889636,0,135871,172918,0,0
16,1295,1306338,Transway1A,Tri1889641,0,135872,172918,0,0
16,1295,1306341,Transway1A,Tri1889644,0,135871,172918,0,0
16,1295,1306342,Transway1A,Tri1889645,0,135872,172918,0,0
16,1295,1306344,Transway1A,Tri1889647,0,135870,172918,0,0
16,1295,1306345,Transway1A,Tri1889648,0,135871,172918,0,0
16,1295,1306346,Transway1A,Tri1889649,0,135872,172918,0,0
16,1295,1306347,Transway1A,Tri1889650,0,135873,172918,0,0
16,1295,1306349,Transway1A,Tri1889652,0,135871,172918,0,0
16,1295,1306352,Transway1A,Tri1889655,0,135870,172918,0,0
16,1295,1306353,Transway1A,Tri1889656,0,135871,172918,0,0
16,1295,1306355,Transway1A,Tri1889658,0,135873,172918,0,0
16,1295,1306356,Transway1A,Tri1889659,0,135870,172918,0,0
16,1295,1306360,Transway1A,Tri1889663,0,135870,172918,0,0
16,1295,1306361,Transway1A,Tri1889664,0,135871,172918,0,0
16,1295,1306642,Transway1A,Tri1890847,1,135870,172927,0,0
16,1295,1306645,Transway1A,Tri1890850,1,135873,172927,0,0
16,1295,1306647,Transway1A,Tri1890852,0,135871,172918,0,0
16,1295,1306649,Transway1A,Tri1890854,0,135873,172918,0,0
17,1286,1294856,Transway1C,Tri519728,1,764,172944,0,0
17,1295,1294857,Transway1C,Tri519728,1,1837,172944,0,0
17,1293,1294858,Transway1C,Tri519728,1,135760,172944,0,0
17,1286,1294853,Transway1C,Tri519729,1,765,172944,0,0
17,1295,1294854,Transway1C,Tri519729,1,1838,172944,0,0
17,1293,1294855,Transway1C,Tri519729,1,135761,172944,0,0
17,1286,1294850,Transway1C,Tri519730,1,764,172944,0,0
17,1295,1294851,Transway1C,Tri519730,1,1837,172944,0,0
17,1293,1294852,Transway1C,Tri519730,1,135760,172944,0,0
17,1293,1295464,Transway1C,Tri519734,1,135763,172944,0,0
17,1295,1295465,Transway1C,Tri519734,1,135767,172944,0,0
17,1286,1295466,Transway1C,Tri519734,1,759,172944,0,0
17,1293,1295467,Transway1C,Tri519735,1,135761,172944,0,0
17,1295,1295468,Transway1C,Tri519735,1,1838,172944,0,0
17,1286,1295469,Transway1C,Tri519735,1,765,172944,0,0
17,1293,1295470,Transway1C,Tri519736,1,135762,172944,0,0
17,1295,1295471,Transway1C,Tri519736,1,1839,172944,0,0
17,1286,1295472,Transway1C,Tri519736,1,767,172944,0,0
17,1293,1295473,Transway1C,Tri519737,1,135760,172944,0,0
17,1295,1295474,Transway1C,Tri519737,1,1837,172944,0,0
17,1286,1295475,Transway1C,Tri519737,1,764,172944,0,0
17,1293,1295476,Transway1C,Tri519738,1,135763,172944,0,0
17,1295,1295477,Transway1C,Tri519738,1,135767,172944,0,0
17,1286,1295478,Transway1C,Tri519738,1,759,172944,0,0
17,1293,1295479,Transway1C,Tri519739,1,135761,172944,0,0
17,1295,1295480,Transway1C,Tri519739,1,1838,172944,0,0
17,1286,1295481,Transway1C,Tri519739,1,765,172944,0,0
17,1293,1295482,Transway1C,Tri519740,1,135762,172944,0,0
17,1295,1295483,Transway1C,Tri519740,1,1839,172944,0,0
17,1286,1295484,Transway1C,Tri519740,1,767,172944,0,0
17,1293,1295485,Transway1C,Tri519741,1,135760,172944,0,0
17,1295,1295486,Transway1C,Tri519741,1,1837,172944,0,0
17,1286,1295487,Transway1C,Tri519741,1,764,172944,0,0
17,1293,1295488,Transway1C,Tri519742,1,135763,172944,0,0
17,1295,1295489,Transway1C,Tri519742,1,135767,172944,0,0
17,1286,1295490,Transway1C,Tri519742,1,759,172944,0,0
17,1293,1295491,Transway1C,Tri519743,1,135761,172944,0,0
17,1295,1295492,Transway1C,Tri519743,1,1838,172944,0,0
17,1286,1295493,Transway1C,Tri519743,1,765,172944,0,0
17,1293,1295494,Transway1C,Tri519744,1,135762,172944,0,0
17,1295,1295495,Transway1C,Tri519744,1,1839,172944,0,0
17,1286,1295496,Transway1C,Tri519744,1,767,172944,0,0
17,1293,1295497,Transway1C,Tri519745,1,135760,172944,0,0
17,1295,1295498,Transway1C,Tri519745,1,1837,172944,0,0
17,1286,1295499,Transway1C,Tri519745,1,764,172944,0,0
17,1293,1295455,Transway1C,Tri519731,1,135761,172944,0,0
17,1295,1295456,Transway1C,Tri519731,1,1838,172944,0,0
17,1286,1295457,Transway1C,Tri519731,1,765,172944,0,0
17,1293,1295458,Transway1C,Tri519732,1,135762,172944,0,0
17,1295,1295459,Transway1C,Tri519732,1,1839,172944,0,0
17,1286,1295460,Transway1C,Tri519732,1,767,172944,0,0
17,1293,1295461,Transway1C,Tri519733,1,135760,172944,0,0
17,1295,1295462,Transway1C,Tri519733,1,1837,172944,0,0
17,1286,1295463,Transway1C,Tri519733,1,764,172944,0,0
17,1293,1295524,Transway1C,Tri519748,0,135760,172935,0,0
17,1295,1295525,Transway1C,Tri519748,0,1837,172935,0,0
17,1286,1295526,Transway1C,Tri519748,0,764,172935,0,0
17,1293,1295527,Transway1C,Tri519749,0,135761,172935,0,0
17,1295,1295528,Transway1C,Tri519749,0,1838,172935,0,0
17,1286,1295529,Transway1C,Tri519749,0,765,172935,0,0
17,1293,1295530,Transway1C,Tri519750,0,135760,172935,0,0
17,1295,1295531,Transway1C,Tri519750,0,1837,172935,0,0
17,1286,1295532,Transway1C,Tri519750,0,764,172935,0,0
17,1293,1295533,Transway1C,Tri519751,0,135761,172935,0,0
17,1295,1295534,Transway1C,Tri519751,0,1838,172935,0,0
17,1286,1295535,Transway1C,Tri519751,0,765,172935,0,0
17,1293,1295751,NotinService,Tri929423,1,135762,172943,0,0
17,1295,1295752,NotinService,Tri929423,1,1839,172943,0,0
17,1286,1295753,NotinService,Tri929423,1,767,172943,0,0
17,1293,1295754,NotinService,Tri929422,1,135760,172943,0,0
17,1295,1295755,NotinService,Tri929422,1,1837,172943,0,0
17,1286,1295756,NotinService,Tri929422,1,764,172943,0,0
17,1293,1295842,Transway1C,Tri519753,0,135763,172935,0,0
17,1295,1295843,Transway1C,Tri519753,0,135767,172935,0,0
17,1286,1295844,Transway1C,Tri519753,0,759,172935,0,0
17,1293,1295845,Transway1C,Tri519754,0,135761,172935,0,0
17,1295,1295846,Transway1C,Tri519754,0,1838,172935,0,0
17,1286,1295847,Transway1C,Tri519754,0,765,172935,0,0
17,1293,1295848,Transway1C,Tri519755,0,135762,172935,0,0
17,1295,1295849,Transway1C,Tri519755,0,1839,172935,0,0
17,1286,1295850,Transway1C,Tri519755,0,767,172935,0,0
17,1293,1295851,Transway1C,Tri519756,0,135760,172935,0,0
17,1295,1295852,Transway1C,Tri519756,0,1837,172935,0,0
17,1286,1295853,Transway1C,Tri519756,0,764,172935,0,0
17,1293,1295854,Transway1C,Tri519757,0,135763,172935,0,0
17,1295,1295855,Transway1C,Tri519757,0,135767,172935,0,0
17,1286,1295856,Transway1C,Tri519757,0,759,172935,0,0
17,1293,1295857,Transway1C,Tri519758,0,135761,172935,0,0
17,1295,1295858,Transway1C,Tri519758,0,1838,172935,0,0
17,1286,1295859,Transway1C,Tri519758,0,765,172935,0,0
17,1293,1295860,Transway1C,Tri519759,0,135762,172935,0,0
17,1295,1295861,Transway1C,Tri519759,0,1839,172935,0,0
17,1286,1295862,Transway1C,Tri519759,0,767,172935,0,0
17,1293,1295863,Transway1C,Tri519760,0,135760,172935,0,0
17,1295,1295864,Transway1C,Tri519760,0,1837,172935,0,0
17,1286,1295865,Transway1C,Tri519760,0,764,172935,0,0
17,1293,1295866,Transway1C,Tri519761,0,135763,172935,0,0
17,1295,1295867,Transway1C,Tri519761,0,135767,172935,0,0
17,1286,1295868,Transway1C,Tri519761,0,759,172935,0,0
17,1293,1295869,Transway1C,Tri519762,0,135761,172935,0,0
17,1295,1295870,Transway1C,Tri519762,0,1838,172935,0,0
17,1286,1295871,Transway1C,Tri519762,0,765,172935,0,0
17,1293,1295872,Transway1C,Tri519763,0,135762,172935,0,0
17,1295,1295873,Transway1C,Tri519763,0,1839,172935,0,0
17,1286,1295874,Transway1C,Tri519763,0,767,172935,0,0
17,1293,1295875,Transway1C,Tri519764,0,135760,172935,0,0
17,1295,1295876,Transway1C,Tri519764,0,1837,172935,0,0
17,1286,1295877,Transway1C,Tri519764,0,764,172935,0,0
17,1293,1295878,Transway1C,Tri519765,0,135763,172935,0,0
17,1295,1295879,Transway1C,Tri519765,0,135767,172935,0,0
17,1286,1295880,Transway1C,Tri519765,0,759,172935,0,0
17,1293,1295881,Transway1C,Tri519766,0,135761,172935,0,0
17,1295,1295882,Transway1C,Tri519766,0,1838,172935,0,0
17,1286,1295883,Transway1C,Tri519766,0,765,172935,0,0
17,1293,1295839,Transway1C,Tri519752,0,135760,172935,0,0
17,1295,1295840,Transway1C,Tri519752,0,1837,172935,0,0
17,1286,1295841,Transway1C,Tri519752,0,764,172935,0,0
17,1288,1298069,Transway1C,Tri1159960,0,1034,172935,0,0
17,1290,1298071,Transway1C,Tri1159960,0,1330,172935,0,0
17,1291,1298072,Transway1C,Tri1159960,0,1480,172935,0,0
17,1292,1298073,Transway1C,Tri1159960,0,1629,172935,0,0
17,1289,1298070,Transway1C,Tri1159960,0,1181,172935,0,0
17,1288,1300092,Transway1C,Tri1159959,0,1038,172940,0,0
17,1289,1300093,Transway1C,Tri1159959,0,1185,172940,0,0
17,1290,1300094,Transway1C,Tri1159959,0,1334,172940,0,0
17,1291,1300095,Transway1C,Tri1159959,0,1484,172940,0,0
17,1292,1300096,Transway1C,Tri1159959,0,1633,172940,0,0
17,1288,1302113,Transway1C,Tri1160131,1,1035,172944,0,0
17,1289,1302114,Transway1C,Tri1160131,1,1182,172944,0,0
17,1290,1302115,Transway1C,Tri1160131,1,1331,172944,0,0
17,1291,1302116,Transway1C,Tri1160131,1,1481,172944,0,0
17,1292,1302117,Transway1C,Tri1160131,1,1630,172944,0,0
17,1288,1302118,Transway1C,Tri1160132,1,1037,172944,0,0
17,1289,1302119,Transway1C,Tri1160132,1,1184,172944,0,0
17,1290,1302120,Transway1C,Tri1160132,1,1333,172944,0,0
17,1291,1302121,Transway1C,Tri1160132,1,1483,172944,0,0
17,1292,1302122,Transway1C,Tri1160132,1,1632,172944,0,0
17,1288,1302123,Transway1C,Tri1160133,1,1039,172944,0,0
17,1289,1302124,Transway1C,Tri1160133,1,1186,172944,0,0
17,1290,1302125,Transway1C,Tri1160133,1,1335,172944,0,0
17,1291,1302126,Transway1C,Tri1160133,1,1485,172944,0,0
17,1292,1302127,Transway1C,Tri1160133,1,1634,172944,0,0
17,1288,1302128,Transway1C,Tri1160134,1,1034,172944,0,0
17,1289,1302129,Transway1C,Tri1160134,1,1181,172944,0,0
17,1290,1302130,Transway1C,Tri1160134,1,1330,172944,0,0
17,1291,1302131,Transway1C,Tri1160134,1,1480,172944,0,0
17,1292,1302132,Transway1C,Tri1160134,1,1629,172944,0,0
17,1288,1302133,Transway1C,Tri1160135,1,1042,172944,0,0
17,1289,1302134,Transway1C,Tri1160135,1,1189,172944,0,0
17,1290,1302135,Transway1C,Tri1160135,1,1338,172944,0,0
17,1291,1302136,Transway1C,Tri1160135,1,1488,172944,0,0
17,1292,1302137,Transway1C,Tri1160135,1,1637,172944,0,0
17,1288,1302138,Transway1C,Tri1160136,1,1038,172944,0,0
17,1289,1302139,Transway1C,Tri1160136,1,1185,172944,0,0
17,1290,1302140,Transway1C,Tri1160136,1,1334,172944,0,0
17,1291,1302141,Transway1C,Tri1160136,1,1484,172944,0,0
17,1292,1302142,Transway1C,Tri1160136,1,1633,172944,0,0
17,1288,1302143,Transway1C,Tri1160137,1,1036,172944,0,0
17,1289,1302144,Transway1C,Tri1160137,1,1183,172944,0,0
17,1290,1302145,Transway1C,Tri1160137,1,1332,172944,0,0
17,1291,1302146,Transway1C,Tri1160137,1,1482,172944,0,0
17,1292,1302147,Transway1C,Tri1160137,1,1631,172944,0,0
17,1288,1302148,Transway1C,Tri1160138,1,1045,172944,0,0
17,1289,1302149,Transway1C,Tri1160138,1,1192,172944,0,0
17,1290,1302150,Transway1C,Tri1160138,1,1341,172944,0,0
17,1291,1302151,Transway1C,Tri1160138,1,1491,172944,0,0
17,1292,1302152,Transway1C,Tri1160138,1,1640,172944,0,0
17,1288,1302153,Transway1C,Tri1160139,1,1040,172944,0,0
17,1289,1302154,Transway1C,Tri1160139,1,1187,172944,0,0
17,1290,1302155,Transway1C,Tri1160139,1,1336,172944,0,0
17,1291,1302156,Transway1C,Tri1160139,1,1486,172944,0,0
17,1292,1302157,Transway1C,Tri1160139,1,1635,172944,0,0
17,1288,1302158,Transway1C,Tri1160140,1,1041,172944,0,0
17,1289,1302159,Transway1C,Tri1160140,1,1188,172944,0,0
17,1290,1302160,Transway1C,Tri1160140,1,1337,172944,0,0
17,1291,1302161,Transway1C,Tri1160140,1,1487,172944,0,0
17,1292,1302162,Transway1C,Tri1160140,1,1636,172944,0,0
17,1288,1302163,Transway1C,Tri1160141,1,1047,172944,0,0
17,1289,1302164,Transway1C,Tri1160141,1,1194,172944,0,0
17,1290,1302165,Transway1C,Tri1160141,1,1343,172944,0,0
17,1291,1302166,Transway1C,Tri1160141,1,1493,172944,0,0
17,1292,1302167,Transway1C,Tri1160141,1,1642,172944,0,0
17,1288,1302168,Transway1C,Tri1160142,1,1035,172944,0,0
17,1289,1302169,Transway1C,Tri1160142,1,1182,172944,0,0
17,1290,1302170,Transway1C,Tri1160142,1,1331,172944,0,0
17,1291,1302171,Transway1C,Tri1160142,1,1481,172944,0,0
17,1292,1302172,Transway1C,Tri1160142,1,1630,172944,0,0
17,1288,1302173,Transway1C,Tri1160143,1,1043,172944,0,0
17,1289,1302174,Transway1C,Tri1160143,1,1190,172944,0,0
17,1290,1302175,Transway1C,Tri1160143,1,1339,172944,0,0
17,1291,1302176,Transway1C,Tri1160143,1,1489,172944,0,0
17,1292,1302177,Transway1C,Tri1160143,1,1638,172944,0,0
17,1288,1302178,Transway1C,Tri1160144,1,1044,172944,0,0
17,1289,1302179,Transway1C,Tri1160144,1,1191,172944,0,0
17,1290,1302180,Transway1C,Tri1160144,1,1340,172944,0,0
17,1291,1302181,Transway1C,Tri1160144,1,1490,172944,0,0
17,1292,1302182,Transway1C,Tri1160144,1,1639,172944,0,0
17,1288,1302183,Transway1C,Tri1160145,1,1037,172944,0,0
17,1289,1302184,Transway1C,Tri1160145,1,1184,172944,0,0
17,1290,1302185,Transway1C,Tri1160145,1,1333,172944,0,0
17,1291,1302186,Transway1C,Tri1160145,1,1483,172944,0,0
17,1292,1302187,Transway1C,Tri1160145,1,1632,172944,0,0
17,1288,1302188,Transway1C,Tri1160146,1,1039,172944,0,0
17,1289,1302189,Transway1C,Tri1160146,1,1186,172944,0,0
17,1290,1302190,Transway1C,Tri1160146,1,1335,172944,0,0
17,1291,1302191,Transway1C,Tri1160146,1,1485,172944,0,0
17,1292,1302192,Transway1C,Tri1160146,1,1634,172944,0,0
17,1288,1302193,Transway1C,Tri1160147,1,1046,172944,0,0
17,1289,1302194,Transway1C,Tri1160147,1,1193,172944,0,0
17,1290,1302195,Transway1C,Tri1160147,1,1342,172944,0,0
17,1291,1302196,Transway1C,Tri1160147,1,1492,172944,0,0
17,1292,1302197,Transway1C,Tri1160147,1,1641,172944,0,0
17,1288,1302198,Transway1C,Tri1160148,1,1034,172944,0,0
17,1289,1302199,Transway1C,Tri1160148,1,1181,172944,0,0
17,1290,1302200,Transway1C,Tri1160148,1,1330,172944,0,0
17,1291,1302201,Transway1C,Tri1160148,1,1480,172944,0,0
17,1292,1302202,Transway1C,Tri1160148,1,1629,172944,0,0
17,1288,1302203,Transway1C,Tri1160149,1,1042,172944,0,0
17,1289,1302204,Transway1C,Tri1160149,1,1189,172944,0,0
17,1290,1302205,Transway1C,Tri1160149,1,1338,172944,0,0
17,1291,1302206,Transway1C,Tri1160149,1,1488,172944,0,0
17,1292,1302207,Transway1C,Tri1160149,1,1637,172944,0,0
17,1288,1302208,Transway1C,Tri1160150,1,1048,172944,0,0
17,1289,1302209,Transway1C,Tri1160150,1,1195,172944,0,0
17,1290,1302210,Transway1C,Tri1160150,1,1344,172944,0,0
17,1291,1302211,Transway1C,Tri1160150,1,1494,172944,0,0
17,1292,1302212,Transway1C,Tri1160150,1,1643,172944,0,0
17,1288,1302213,Transway1C,Tri1160151,1,1038,172944,0,0
17,1289,1302214,Transway1C,Tri1160151,1,1185,172944,0,0
17,1290,1302215,Transway1C,Tri1160151,1,1334,172944,0,0
17,1291,1302216,Transway1C,Tri1160151,1,1484,172944,0,0
17,1292,1302217,Transway1C,Tri1160151,1,1633,172944,0,0
17,1288,1302218,Transway1C,Tri1160152,1,1036,172944,0,0
17,1289,1302219,Transway1C,Tri1160152,1,1183,172944,0,0
17,1290,1302220,Transway1C,Tri1160152,1,1332,172944,0,0
17,1291,1302221,Transway1C,Tri1160152,1,1482,172944,0,0
17,1292,1302222,Transway1C,Tri1160152,1,1631,172944,0,0
17,1288,1302223,Transway1C,Tri1160153,1,1045,172944,0,0
17,1289,1302224,Transway1C,Tri1160153,1,1192,172944,0,0
17,1290,1302225,Transway1C,Tri1160153,1,1341,172944,0,0
17,1291,1302226,Transway1C,Tri1160153,1,1491,172944,0,0
17,1292,1302227,Transway1C,Tri1160153,1,1640,172944,0,0
17,1288,1302228,Transway1C,Tri1160154,1,1040,172944,0,0
17,1289,1302229,Transway1C,Tri1160154,1,1187,172944,0,0
17,1290,1302230,Transway1C,Tri1160154,1,1336,172944,0,0
17,1291,1302231,Transway1C,Tri1160154,1,1486,172944,0,0
17,1292,1302232,Transway1C,Tri1160154,1,1635,172944,0,0
17,1288,1302233,Transway1C,Tri1160155,1,1041,172944,0,0
17,1289,1302234,Transway1C,Tri1160155,1,1188,172944,0,0
17,1290,1302235,Transway1C,Tri1160155,1,1337,172944,0,0
17,1291,1302236,Transway1C,Tri1160155,1,1487,172944,0,0
17,1292,1302237,Transway1C,Tri1160155,1,1636,172944,0,0
17,1288,1302238,Transway1C,Tri1160156,1,1047,172944,0,0
17,1289,1302239,Transway1C,Tri1160156,1,1194,172944,0,0
17,1290,1302240,Transway1C,Tri1160156,1,1343,172944,0,0
17,1291,1302241,Transway1C,Tri1160156,1,1493,172944,0,0
17,1292,1302242,Transway1C,Tri1160156,1,1642,172944,0,0
17,1288,1302243,Transway1C,Tri1160157,1,1035,172944,0,0
17,1289,1302244,Transway1C,Tri1160157,1,1182,172944,0,0
17,1290,1302245,Transway1C,Tri1160157,1,1331,172944,0,0
17,1291,1302246,Transway1C,Tri1160157,1,1481,172944,0,0
17,1292,1302247,Transway1C,Tri1160157,1,1630,172944,0,0
17,1288,1302248,Transway1C,Tri1160158,1,1043,172944,0,0
17,1289,1302249,Transway1C,Tri1160158,1,1190,172944,0,0
17,1290,1302250,Transway1C,Tri1160158,1,1339,172944,0,0
17,1291,1302251,Transway1C,Tri1160158,1,1489,172944,0,0
17,1292,1302252,Transway1C,Tri1160158,1,1638,172944,0,0
17,1288,1302253,Transway1C,Tri1160159,1,1044,172944,0,0
17,1289,1302254,Transway1C,Tri1160159,1,1191,172944,0,0
17,1290,1302255,Transway1C,Tri1160159,1,1340,172944,0,0
17,1291,1302256,Transway1C,Tri1160159,1,1490,172944,0,0
17,1292,1302257,Transway1C,Tri1160159,1,1639,172944,0,0
17,1288,1302258,Transway1C,Tri1160160,1,1037,172944,0,0
17,1289,1302259,Transway1C,Tri1160160,1,1184,172944,0,0
17,1290,1302260,Transway1C,Tri1160160,1,1333,172944,0,0
17,1291,1302261,Transway1C,Tri1160160,1,1483,172944,0,0
17,1292,1302262,Transway1C,Tri1160160,1,1632,172944,0,0
17,1288,1302263,Transway1C,Tri1160161,1,1039,172944,0,0
17,1289,1302264,Transway1C,Tri1160161,1,1186,172944,0,0
17,1290,1302265,Transway1C,Tri1160161,1,1335,172944,0,0
17,1291,1302266,Transway1C,Tri1160161,1,1485,172944,0,0
17,1292,1302267,Transway1C,Tri1160161,1,1634,172944,0,0
17,1288,1302268,Transway1C,Tri1160162,1,1046,172944,0,0
17,1289,1302269,Transway1C,Tri1160162,1,1193,172944,0,0
17,1290,1302270,Transway1C,Tri1160162,1,1342,172944,0,0
17,1291,1302271,Transway1C,Tri1160162,1,1492,172944,0,0
17,1292,1302272,Transway1C,Tri1160162,1,1641,172944,0,0
17,1288,1302273,Transway1C,Tri1160163,1,1034,172944,0,0
17,1289,1302274,Transway1C,Tri1160163,1,1181,172944,0,0
17,1290,1302275,Transway1C,Tri1160163,1,1330,172944,0,0
17,1291,1302276,Transway1C,Tri1160163,1,1480,172944,0,0
17,1292,1302277,Transway1C,Tri1160163,1,1629,172944,0,0
17,1288,1302278,Transway1C,Tri1160164,1,1042,172944,0,0
17,1289,1302279,Transway1C,Tri1160164,1,1189,172944,0,0
17,1290,1302280,Transway1C,Tri1160164,1,1338,172944,0,0
17,1291,1302281,Transway1C,Tri1160164,1,1488,172944,0,0
17,1292,1302282,Transway1C,Tri1160164,1,1637,172944,0,0
17,1288,1302283,Transway1C,Tri1160165,1,1048,172944,0,0
17,1289,1302284,Transway1C,Tri1160165,1,1195,172944,0,0
17,1290,1302285,Transway1C,Tri1160165,1,1344,172944,0,0
17,1291,1302286,Transway1C,Tri1160165,1,1494,172944,0,0
17,1292,1302287,Transway1C,Tri1160165,1,1643,172944,0,0
17,1288,1302288,Transway1C,Tri1160166,1,1038,172944,0,0
17,1289,1302289,Transway1C,Tri1160166,1,1185,172944,0,0
17,1290,1302290,Transway1C,Tri1160166,1,1334,172944,0,0
17,1291,1302291,Transway1C,Tri1160166,1,1484,172944,0,0
17,1292,1302292,Transway1C,Tri1160166,1,1633,172944,0,0
17,1288,1302293,Transway1C,Tri1160167,1,1036,172944,0,0
17,1289,1302294,Transway1C,Tri1160167,1,1183,172944,0,0
17,1290,1302295,Transway1C,Tri1160167,1,1332,172944,0,0
17,1291,1302296,Transway1C,Tri1160167,1,1482,172944,0,0
17,1292,1302297,Transway1C,Tri1160167,1,1631,172944,0,0
17,1288,1302298,Transway1C,Tri1160168,1,1045,172944,0,0
17,1289,1302299,Transway1C,Tri1160168,1,1192,172944,0,0
17,1290,1302300,Transway1C,Tri1160168,1,1341,172944,0,0
17,1291,1302301,Transway1C,Tri1160168,1,1491,172944,0,0
17,1292,1302302,Transway1C,Tri1160168,1,1640,172944,0,0
17,1288,1302303,Transway1C,Tri1160169,1,1040,172944,0,0
17,1289,1302304,Transway1C,Tri1160169,1,1187,172944,0,0
17,1290,1302305,Transway1C,Tri1160169,1,1336,172944,0,0
17,1291,1302306,Transway1C,Tri1160169,1,1486,172944,0,0
17,1292,1302307,Transway1C,Tri1160169,1,1635,172944,0,0
17,1288,1302308,Transway1C,Tri1160170,1,1041,172944,0,0
17,1289,1302309,Transway1C,Tri1160170,1,1188,172944,0,0
17,1290,1302310,Transway1C,Tri1160170,1,1337,172944,0,0
17,1291,1302311,Transway1C,Tri1160170,1,1487,172944,0,0
17,1292,1302312,Transway1C,Tri1160170,1,1636,172944,0,0
17,1288,1302313,Transway1C,Tri1160171,1,1047,172944,0,0
17,1289,1302314,Transway1C,Tri1160171,1,1194,172944,0,0
17,1290,1302315,Transway1C,Tri1160171,1,1343,172944,0,0
17,1291,1302316,Transway1C,Tri1160171,1,1493,172944,0,0
17,1292,1302317,Transway1C,Tri1160171,1,1642,172944,0,0
17,1288,1302318,Transway1C,Tri1160172,1,1035,172944,0,0
17,1289,1302319,Transway1C,Tri1160172,1,1182,172944,0,0
17,1290,1302320,Transway1C,Tri1160172,1,1331,172944,0,0
17,1291,1302321,Transway1C,Tri1160172,1,1481,172944,0,0
17,1292,1302322,Transway1C,Tri1160172,1,1630,172944,0,0
17,1288,1302323,Transway1C,Tri1160173,1,1043,172944,0,0
17,1289,1302324,Transway1C,Tri1160173,1,1190,172944,0,0
17,1290,1302325,Transway1C,Tri1160173,1,1339,172944,0,0
17,1291,1302326,Transway1C,Tri1160173,1,1489,172944,0,0
17,1292,1302327,Transway1C,Tri1160173,1,1638,172944,0,0
17,1288,1302328,Transway1C,Tri1160174,1,1044,172944,0,0
17,1289,1302329,Transway1C,Tri1160174,1,1191,172944,0,0
17,1290,1302330,Transway1C,Tri1160174,1,1340,172944,0,0
17,1291,1302331,Transway1C,Tri1160174,1,1490,172944,0,0
17,1292,1302332,Transway1C,Tri1160174,1,1639,172944,0,0
17,1288,1302333,Transway1C,Tri1160175,1,1037,172944,0,0
17,1289,1302334,Transway1C,Tri1160175,1,1184,172944,0,0
17,1290,1302335,Transway1C,Tri1160175,1,1333,172944,0,0
17,1291,1302336,Transway1C,Tri1160175,1,1483,172944,0,0
17,1292,1302337,Transway1C,Tri1160175,1,1632,172944,0,0
17,1288,1302338,Transway1C,Tri1160176,1,1039,172944,0,0
17,1289,1302339,Transway1C,Tri1160176,1,1186,172944,0,0
17,1290,1302340,Transway1C,Tri1160176,1,1335,172944,0,0
17,1291,1302341,Transway1C,Tri1160176,1,1485,172944,0,0
17,1292,1302342,Transway1C,Tri1160176,1,1634,172944,0,0
17,1288,1302343,Transway1C,Tri1160177,1,1046,172944,0,0
17,1289,1302344,Transway1C,Tri1160177,1,1193,172944,0,0
17,1290,1302345,Transway1C,Tri1160177,1,1342,172944,0,0
17,1291,1302346,Transway1C,Tri1160177,1,1492,172944,0,0
17,1292,1302347,Transway1C,Tri1160177,1,1641,172944,0,0
17,1288,1302348,Transway1C,Tri1160178,1,1034,172944,0,0
17,1289,1302349,Transway1C,Tri1160178,1,1181,172944,0,0
17,1290,1302350,Transway1C,Tri1160178,1,1330,172944,0,0
17,1291,1302351,Transway1C,Tri1160178,1,1480,172944,0,0
17,1292,1302352,Transway1C,Tri1160178,1,1629,172944,0,0
17,1288,1302353,Transway1C,Tri1160179,1,1042,172944,0,0
17,1289,1302354,Transway1C,Tri1160179,1,1189,172944,0,0
17,1290,1302355,Transway1C,Tri1160179,1,1338,172944,0,0
17,1291,1302356,Transway1C,Tri1160179,1,1488,172944,0,0
17,1292,1302357,Transway1C,Tri1160179,1,1637,172944,0,0
17,1288,1302358,Transway1C,Tri1160180,1,1048,172944,0,0
17,1289,1302359,Transway1C,Tri1160180,1,1195,172944,0,0
17,1290,1302360,Transway1C,Tri1160180,1,1344,172944,0,0
17,1291,1302361,Transway1C,Tri1160180,1,1494,172944,0,0
17,1292,1302362,Transway1C,Tri1160180,1,1643,172944,0,0
17,1288,1302363,Transway1C,Tri1160181,1,1038,172944,0,0
17,1289,1302364,Transway1C,Tri1160181,1,1185,172944,0,0
17,1290,1302365,Transway1C,Tri1160181,1,1334,172944,0,0
17,1291,1302366,Transway1C,Tri1160181,1,1484,172944,0,0
17,1292,1302367,Transway1C,Tri1160181,1,1633,172944,0,0
17,1288,1302368,Transway1C,Tri1160182,1,1036,172944,0,0
17,1289,1302369,Transway1C,Tri1160182,1,1183,172944,0,0
17,1290,1302370,Transway1C,Tri1160182,1,1332,172944,0,0
17,1291,1302371,Transway1C,Tri1160182,1,1482,172944,0,0
17,1292,1302372,Transway1C,Tri1160182,1,1631,172944,0,0
17,1288,1302373,Transway1C,Tri1160183,1,1045,172944,0,0
17,1289,1302374,Transway1C,Tri1160183,1,1192,172944,0,0
17,1290,1302375,Transway1C,Tri1160183,1,1341,172944,0,0
17,1291,1302376,Transway1C,Tri1160183,1,1491,172944,0,0
17,1292,1302377,Transway1C,Tri1160183,1,1640,172944,0,0
17,1288,1302378,Transway1C,Tri1160184,1,1040,172944,0,0
17,1289,1302379,Transway1C,Tri1160184,1,1187,172944,0,0
17,1290,1302380,Transway1C,Tri1160184,1,1336,172944,0,0
17,1291,1302381,Transway1C,Tri1160184,1,1486,172944,0,0
17,1292,1302382,Transway1C,Tri1160184,1,1635,172944,0,0
17,1288,1302383,Transway1C,Tri1160185,1,1041,172944,0,0
17,1289,1302384,Transway1C,Tri1160185,1,1188,172944,0,0
17,1290,1302385,Transway1C,Tri1160185,1,1337,172944,0,0
17,1291,1302386,Transway1C,Tri1160185,1,1487,172944,0,0
17,1292,1302387,Transway1C,Tri1160185,1,1636,172944,0,0
17,1288,1302388,Transway1C,Tri1160186,1,1047,172944,0,0
17,1289,1302389,Transway1C,Tri1160186,1,1194,172944,0,0
17,1290,1302390,Transway1C,Tri1160186,1,1343,172944,0,0
17,1291,1302391,Transway1C,Tri1160186,1,1493,172944,0,0
17,1292,1302392,Transway1C,Tri1160186,1,1642,172944,0,0
17,1288,1302393,Transway1C,Tri1160187,1,1035,172944,0,0
17,1289,1302394,Transway1C,Tri1160187,1,1182,172944,0,0
17,1290,1302395,Transway1C,Tri1160187,1,1331,172944,0,0
17,1291,1302396,Transway1C,Tri1160187,1,1481,172944,0,0
17,1292,1302397,Transway1C,Tri1160187,1,1630,172944,0,0
17,1288,1302398,Transway1C,Tri1160188,1,1043,172944,0,0
17,1289,1302399,Transway1C,Tri1160188,1,1190,172944,0,0
17,1290,1302400,Transway1C,Tri1160188,1,1339,172944,0,0
17,1291,1302401,Transway1C,Tri1160188,1,1489,172944,0,0
17,1292,1302402,Transway1C,Tri1160188,1,1638,172944,0,0
17,1288,1302403,Transway1C,Tri1160189,1,1044,172944,0,0
17,1289,1302404,Transway1C,Tri1160189,1,1191,172944,0,0
17,1290,1302405,Transway1C,Tri1160189,1,1340,172944,0,0
17,1291,1302406,Transway1C,Tri1160189,1,1490,172944,0,0
17,1292,1302407,Transway1C,Tri1160189,1,1639,172944,0,0
17,1288,1302408,Transway1C,Tri1160190,1,1037,172944,0,0
17,1289,1302409,Transway1C,Tri1160190,1,1184,172944,0,0
17,1290,1302410,Transway1C,Tri1160190,1,1333,172944,0,0
17,1291,1302411,Transway1C,Tri1160190,1,1483,172944,0,0
17,1292,1302412,Transway1C,Tri1160190,1,1632,172944,0,0
17,1288,1302413,Transway1C,Tri1160191,1,1039,172944,0,0
17,1289,1302414,Transway1C,Tri1160191,1,1186,172944,0,0
17,1290,1302415,Transway1C,Tri1160191,1,1335,172944,0,0
17,1291,1302416,Transway1C,Tri1160191,1,1485,172944,0,0
17,1292,1302417,Transway1C,Tri1160191,1,1634,172944,0,0
17,1288,1302418,Transway1C,Tri1160192,1,1046,172944,0,0
17,1289,1302419,Transway1C,Tri1160192,1,1193,172944,0,0
17,1290,1302420,Transway1C,Tri1160192,1,1342,172944,0,0
17,1291,1302421,Transway1C,Tri1160192,1,1492,172944,0,0
17,1292,1302422,Transway1C,Tri1160192,1,1641,172944,0,0
17,1288,1302423,Transway1C,Tri1160193,1,1034,172944,0,0
17,1289,1302424,Transway1C,Tri1160193,1,1181,172944,0,0
17,1290,1302425,Transway1C,Tri1160193,1,1330,172944,0,0
17,1291,1302426,Transway1C,Tri1160193,1,1480,172944,0,0
17,1292,1302427,Transway1C,Tri1160193,1,1629,172944,0,0
17,1288,1302428,Transway1C,Tri1160194,1,1042,172944,0,0
17,1289,1302429,Transway1C,Tri1160194,1,1189,172944,0,0
17,1290,1302430,Transway1C,Tri1160194,1,1338,172944,0,0
17,1291,1302431,Transway1C,Tri1160194,1,1488,172944,0,0
17,1292,1302432,Transway1C,Tri1160194,1,1637,172944,0,0
17,1288,1302433,Transway1C,Tri1160195,1,1048,172944,0,0
17,1289,1302434,Transway1C,Tri1160195,1,1195,172944,0,0
17,1290,1302435,Transway1C,Tri1160195,1,1344,172944,0,0
17,1291,1302436,Transway1C,Tri1160195,1,1494,172944,0,0
17,1292,1302437,Transway1C,Tri1160195,1,1643,172944,0,0
17,1288,1302438,Transway1C,Tri1160196,1,1038,172944,0,0
17,1289,1302439,Transway1C,Tri1160196,1,1185,172944,0,0
17,1290,1302440,Transway1C,Tri1160196,1,1334,172944,0,0
17,1291,1302441,Transway1C,Tri1160196,1,1484,172944,0,0
17,1292,1302442,Transway1C,Tri1160196,1,1633,172944,0,0
17,1288,1302443,Transway1C,Tri1160197,1,1036,172944,0,0
17,1289,1302444,Transway1C,Tri1160197,1,1183,172944,0,0
17,1290,1302445,Transway1C,Tri1160197,1,1332,172944,0,0
17,1291,1302446,Transway1C,Tri1160197,1,1482,172944,0,0
17,1292,1302447,Transway1C,Tri1160197,1,1631,172944,0,0
17,1288,1302448,Transway1C,Tri1160198,1,1045,172944,0,0
17,1289,1302449,Transway1C,Tri1160198,1,1192,172944,0,0
17,1290,1302450,Transway1C,Tri1160198,1,1341,172944,0,0
17,1291,1302451,Transway1C,Tri1160198,1,1491,172944,0,0
17,1292,1302452,Transway1C,Tri1160198,1,1640,172944,0,0
17,1288,1302453,Transway1C,Tri1160199,1,1040,172944,0,0
17,1289,1302454,Transway1C,Tri1160199,1,1187,172944,0,0
17,1290,1302455,Transway1C,Tri1160199,1,1336,172944,0,0
17,1291,1302456,Transway1C,Tri1160199,1,1486,172944,0,0
17,1292,1302457,Transway1C,Tri1160199,1,1635,172944,0,0
17,1288,1302458,Transway1C,Tri1160200,1,1041,172944,0,0
17,1289,1302459,Transway1C,Tri1160200,1,1188,172944,0,0
17,1290,1302460,Transway1C,Tri1160200,1,1337,172944,0,0
17,1291,1302461,Transway1C,Tri1160200,1,1487,172944,0,0
17,1292,1302462,Transway1C,Tri1160200,1,1636,172944,0,0
17,1288,1302463,Transway1C,Tri1160201,1,1047,172944,0,0
17,1289,1302464,Transway1C,Tri1160201,1,1194,172944,0,0
17,1290,1302465,Transway1C,Tri1160201,1,1343,172944,0,0
17,1291,1302466,Transway1C,Tri1160201,1,1493,172944,0,0
17,1292,1302467,Transway1C,Tri1160201,1,1642,172944,0,0
17,1288,1302468,Transway1C,Tri1160202,1,1035,172944,0,0
17,1289,1302469,Transway1C,Tri1160202,1,1182,172944,0,0
17,1290,1302470,Transway1C,Tri1160202,1,1331,172944,0,0
17,1291,1302471,Transway1C,Tri1160202,1,1481,172944,0,0
17,1292,1302472,Transway1C,Tri1160202,1,1630,172944,0,0
17,1288,1302473,Transway1C,Tri1160229,1,1043,172944,0,0
17,1289,1302474,Transway1C,Tri1160229,1,1190,172944,0,0
17,1290,1302475,Transway1C,Tri1160229,1,1339,172944,0,0
17,1291,1302476,Transway1C,Tri1160229,1,1489,172944,0,0
17,1292,1302477,Transway1C,Tri1160229,1,1638,172944,0,0
17,1288,1302478,Transway1C,Tri1160230,1,1037,172944,0,0
17,1289,1302479,Transway1C,Tri1160230,1,1184,172944,0,0
17,1290,1302480,Transway1C,Tri1160230,1,1333,172944,0,0
17,1291,1302481,Transway1C,Tri1160230,1,1483,172944,0,0
17,1292,1302482,Transway1C,Tri1160230,1,1632,172944,0,0
17,1288,1302483,Transway1C,Tri1160231,1,1039,172944,0,0
17,1289,1302484,Transway1C,Tri1160231,1,1186,172944,0,0
17,1290,1302485,Transway1C,Tri1160231,1,1335,172944,0,0
17,1291,1302486,Transway1C,Tri1160231,1,1485,172944,0,0
17,1292,1302487,Transway1C,Tri1160231,1,1634,172944,0,0
17,1288,1302488,Transway1C,Tri1160232,1,1034,172944,0,0
17,1289,1302489,Transway1C,Tri1160232,1,1181,172944,0,0
17,1290,1302490,Transway1C,Tri1160232,1,1330,172944,0,0
17,1291,1302491,Transway1C,Tri1160232,1,1480,172944,0,0
17,1292,1302492,Transway1C,Tri1160232,1,1629,172944,0,0
17,1288,1302493,Transway1C,Tri1160233,1,1038,172944,0,0
17,1289,1302494,Transway1C,Tri1160233,1,1185,172944,0,0
17,1290,1302495,Transway1C,Tri1160233,1,1334,172944,0,0
17,1291,1302496,Transway1C,Tri1160233,1,1484,172944,0,0
17,1292,1302497,Transway1C,Tri1160233,1,1633,172944,0,0
17,1288,1302498,Transway1C,Tri1160234,1,1040,172944,0,0
17,1289,1302499,Transway1C,Tri1160234,1,1187,172944,0,0
17,1290,1302500,Transway1C,Tri1160234,1,1336,172944,0,0
17,1291,1302501,Transway1C,Tri1160234,1,1486,172944,0,0
17,1292,1302502,Transway1C,Tri1160234,1,1635,172944,0,0
17,1288,1302503,Transway1C,Tri1160235,1,1035,172944,0,0
17,1289,1302504,Transway1C,Tri1160235,1,1182,172944,0,0
17,1290,1302505,Transway1C,Tri1160235,1,1331,172944,0,0
17,1291,1302506,Transway1C,Tri1160235,1,1481,172944,0,0
17,1292,1302507,Transway1C,Tri1160235,1,1630,172944,0,0
17,1288,1302508,Transway1C,Tri1160236,1,1037,172944,0,0
17,1289,1302509,Transway1C,Tri1160236,1,1184,172944,0,0
17,1290,1302510,Transway1C,Tri1160236,1,1333,172944,0,0
17,1291,1302511,Transway1C,Tri1160236,1,1483,172944,0,0
17,1292,1302512,Transway1C,Tri1160236,1,1632,172944,0,0
17,1288,1302513,Transway1C,Tri1160237,1,1034,172944,0,0
17,1289,1302514,Transway1C,Tri1160237,1,1181,172944,0,0
17,1290,1302515,Transway1C,Tri1160237,1,1330,172944,0,0
17,1291,1302516,Transway1C,Tri1160237,1,1480,172944,0,0
17,1292,1302517,Transway1C,Tri1160237,1,1629,172944,0,0
17,1288,1302518,Transway1C,Tri1160238,1,1038,172944,0,0
17,1289,1302519,Transway1C,Tri1160238,1,1185,172944,0,0
17,1290,1302520,Transway1C,Tri1160238,1,1334,172944,0,0
17,1291,1302521,Transway1C,Tri1160238,1,1484,172944,0,0
17,1292,1302522,Transway1C,Tri1160238,1,1633,172944,0,0
17,1288,1302523,Transway1C,Tri1160239,1,1040,172944,0,0
17,1289,1302524,Transway1C,Tri1160239,1,1187,172944,0,0
17,1290,1302525,Transway1C,Tri1160239,1,1336,172944,0,0
17,1291,1302526,Transway1C,Tri1160239,1,1486,172944,0,0
17,1292,1302527,Transway1C,Tri1160239,1,1635,172944,0,0
17,1288,1302528,Transway1C,Tri1160240,1,1035,172944,0,0
17,1289,1302529,Transway1C,Tri1160240,1,1182,172944,0,0
17,1290,1302530,Transway1C,Tri1160240,1,1331,172944,0,0
17,1291,1302531,Transway1C,Tri1160240,1,1481,172944,0,0
17,1292,1302532,Transway1C,Tri1160240,1,1630,172944,0,0
17,1288,1302533,Transway1C,Tri1160241,1,1037,172944,0,0
17,1289,1302534,Transway1C,Tri1160241,1,1184,172944,0,0
17,1290,1302535,Transway1C,Tri1160241,1,1333,172944,0,0
17,1291,1302536,Transway1C,Tri1160241,1,1483,172944,0,0
17,1292,1302537,Transway1C,Tri1160241,1,1632,172944,0,0
17,1288,1302538,Transway1C,Tri1160242,1,1034,172944,0,0
17,1289,1302539,Transway1C,Tri1160242,1,1181,172944,0,0
17,1290,1302540,Transway1C,Tri1160242,1,1330,172944,0,0
17,1291,1302541,Transway1C,Tri1160242,1,1480,172944,0,0
17,1292,1302542,Transway1C,Tri1160242,1,1629,172944,0,0
17,1288,1302543,Transway1C,Tri1160243,1,1038,172944,0,0
17,1289,1302544,Transway1C,Tri1160243,1,1185,172944,0,0
17,1290,1302545,Transway1C,Tri1160243,1,1334,172944,0,0
17,1291,1302546,Transway1C,Tri1160243,1,1484,172944,0,0
17,1292,1302547,Transway1C,Tri1160243,1,1633,172944,0,0
17,1288,1302709,Transway1C,Tri1160046,0,1036,172935,0,0
17,1289,1302710,Transway1C,Tri1160046,0,1183,172935,0,0
17,1290,1302711,Transway1C,Tri1160046,0,1332,172935,0,0
17,1291,1302712,Transway1C,Tri1160046,0,1482,172935,0,0
17,1292,1302713,Transway1C,Tri1160046,0,1631,172935,0,0
17,1288,1302714,Transway1C,Tri1160047,0,1040,172935,0,0
17,1289,1302715,Transway1C,Tri1160047,0,1187,172935,0,0
17,1290,1302716,Transway1C,Tri1160047,0,1336,172935,0,0
17,1291,1302717,Transway1C,Tri1160047,0,1486,172935,0,0
17,1292,1302718,Transway1C,Tri1160047,0,1635,172935,0,0
17,1288,1302719,Transway1C,Tri1160048,0,1041,172935,0,0
17,1289,1302720,Transway1C,Tri1160048,0,1188,172935,0,0
17,1290,1302721,Transway1C,Tri1160048,0,1337,172935,0,0
17,1291,1302722,Transway1C,Tri1160048,0,1487,172935,0,0
17,1292,1302723,Transway1C,Tri1160048,0,1636,172935,0,0
17,1288,1302724,Transway1C,Tri1160049,0,1035,172935,0,0
17,1289,1302725,Transway1C,Tri1160049,0,1182,172935,0,0
17,1290,1302726,Transway1C,Tri1160049,0,1331,172935,0,0
17,1291,1302727,Transway1C,Tri1160049,0,1481,172935,0,0
17,1292,1302728,Transway1C,Tri1160049,0,1630,172935,0,0
17,1288,1302729,Transway1C,Tri1160050,0,1043,172935,0,0
17,1289,1302730,Transway1C,Tri1160050,0,1190,172935,0,0
17,1290,1302731,Transway1C,Tri1160050,0,1339,172935,0,0
17,1291,1302732,Transway1C,Tri1160050,0,1489,172935,0,0
17,1292,1302733,Transway1C,Tri1160050,0,1638,172935,0,0
17,1288,1302734,Transway1C,Tri1160051,0,1044,172935,0,0
17,1289,1302735,Transway1C,Tri1160051,0,1191,172935,0,0
17,1290,1302736,Transway1C,Tri1160051,0,1340,172935,0,0
17,1291,1302737,Transway1C,Tri1160051,0,1490,172935,0,0
17,1292,1302738,Transway1C,Tri1160051,0,1639,172935,0,0
17,1288,1302739,Transway1C,Tri1160052,0,1037,172935,0,0
17,1289,1302740,Transway1C,Tri1160052,0,1184,172935,0,0
17,1290,1302741,Transway1C,Tri1160052,0,1333,172935,0,0
17,1291,1302742,Transway1C,Tri1160052,0,1483,172935,0,0
17,1292,1302743,Transway1C,Tri1160052,0,1632,172935,0,0
17,1288,1302744,Transway1C,Tri1160053,0,1039,172935,0,0
17,1289,1302745,Transway1C,Tri1160053,0,1186,172935,0,0
17,1290,1302746,Transway1C,Tri1160053,0,1335,172935,0,0
17,1291,1302747,Transway1C,Tri1160053,0,1485,172935,0,0
17,1292,1302748,Transway1C,Tri1160053,0,1634,172935,0,0
17,1288,1302749,Transway1C,Tri1160054,0,1046,172935,0,0
17,1289,1302750,Transway1C,Tri1160054,0,1193,172935,0,0
17,1290,1302751,Transway1C,Tri1160054,0,1342,172935,0,0
17,1291,1302752,Transway1C,Tri1160054,0,1492,172935,0,0
17,1292,1302753,Transway1C,Tri1160054,0,1641,172935,0,0
17,1288,1302754,Transway1C,Tri1160055,0,1034,172935,0,0
17,1289,1302755,Transway1C,Tri1160055,0,1181,172935,0,0
17,1290,1302756,Transway1C,Tri1160055,0,1330,172935,0,0
17,1291,1302757,Transway1C,Tri1160055,0,1480,172935,0,0
17,1292,1302758,Transway1C,Tri1160055,0,1629,172935,0,0
17,1288,1302759,Transway1C,Tri1160056,0,1042,172935,0,0
17,1289,1302760,Transway1C,Tri1160056,0,1189,172935,0,0
17,1290,1302761,Transway1C,Tri1160056,0,1338,172935,0,0
17,1291,1302762,Transway1C,Tri1160056,0,1488,172935,0,0
17,1292,1302763,Transway1C,Tri1160056,0,1637,172935,0,0
17,1288,1302764,Transway1C,Tri1160057,0,1048,172935,0,0
17,1289,1302765,Transway1C,Tri1160057,0,1195,172935,0,0
17,1290,1302766,Transway1C,Tri1160057,0,1344,172935,0,0
17,1291,1302767,Transway1C,Tri1160057,0,1494,172935,0,0
17,1292,1302768,Transway1C,Tri1160057,0,1643,172935,0,0
17,1288,1302769,Transway1C,Tri1160058,0,1038,172935,0,0
17,1289,1302770,Transway1C,Tri1160058,0,1185,172935,0,0
17,1290,1302771,Transway1C,Tri1160058,0,1334,172935,0,0
17,1291,1302772,Transway1C,Tri1160058,0,1484,172935,0,0
17,1292,1302773,Transway1C,Tri1160058,0,1633,172935,0,0
17,1288,1302774,Transway1C,Tri1160059,0,1036,172935,0,0
17,1289,1302775,Transway1C,Tri1160059,0,1183,172935,0,0
17,1290,1302776,Transway1C,Tri1160059,0,1332,172935,0,0
17,1291,1302777,Transway1C,Tri1160059,0,1482,172935,0,0
17,1292,1302778,Transway1C,Tri1160059,0,1631,172935,0,0
17,1288,1302779,Transway1C,Tri1160060,0,1045,172935,0,0
17,1289,1302780,Transway1C,Tri1160060,0,1192,172935,0,0
17,1290,1302781,Transway1C,Tri1160060,0,1341,172935,0,0
17,1291,1302782,Transway1C,Tri1160060,0,1491,172935,0,0
17,1292,1302783,Transway1C,Tri1160060,0,1640,172935,0,0
17,1288,1302784,Transway1C,Tri1160061,0,1040,172935,0,0
17,1289,1302785,Transway1C,Tri1160061,0,1187,172935,0,0
17,1290,1302786,Transway1C,Tri1160061,0,1336,172935,0,0
17,1291,1302787,Transway1C,Tri1160061,0,1486,172935,0,0
17,1292,1302788,Transway1C,Tri1160061,0,1635,172935,0,0
17,1288,1302789,Transway1C,Tri1160062,0,1041,172935,0,0
17,1289,1302790,Transway1C,Tri1160062,0,1188,172935,0,0
17,1290,1302791,Transway1C,Tri1160062,0,1337,172935,0,0
17,1291,1302792,Transway1C,Tri1160062,0,1487,172935,0,0
17,1292,1302793,Transway1C,Tri1160062,0,1636,172935,0,0
17,1288,1302794,Transway1C,Tri1160063,0,1047,172935,0,0
17,1289,1302795,Transway1C,Tri1160063,0,1194,172935,0,0
17,1290,1302796,Transway1C,Tri1160063,0,1343,172935,0,0
17,1291,1302797,Transway1C,Tri1160063,0,1493,172935,0,0
17,1292,1302798,Transway1C,Tri1160063,0,1642,172935,0,0
17,1288,1302799,Transway1C,Tri1160064,0,1035,172935,0,0
17,1289,1302800,Transway1C,Tri1160064,0,1182,172935,0,0
17,1290,1302801,Transway1C,Tri1160064,0,1331,172935,0,0
17,1291,1302802,Transway1C,Tri1160064,0,1481,172935,0,0
17,1292,1302803,Transway1C,Tri1160064,0,1630,172935,0,0
17,1288,1302804,Transway1C,Tri1160065,0,1043,172935,0,0
17,1289,1302805,Transway1C,Tri1160065,0,1190,172935,0,0
17,1290,1302806,Transway1C,Tri1160065,0,1339,172935,0,0
17,1291,1302807,Transway1C,Tri1160065,0,1489,172935,0,0
17,1292,1302808,Transway1C,Tri1160065,0,1638,172935,0,0
17,1288,1302809,Transway1C,Tri1160066,0,1044,172935,0,0
17,1289,1302810,Transway1C,Tri1160066,0,1191,172935,0,0
17,1290,1302811,Transway1C,Tri1160066,0,1340,172935,0,0
17,1291,1302812,Transway1C,Tri1160066,0,1490,172935,0,0
17,1292,1302813,Transway1C,Tri1160066,0,1639,172935,0,0
17,1288,1302814,Transway1C,Tri1160067,0,1037,172935,0,0
17,1289,1302815,Transway1C,Tri1160067,0,1184,172935,0,0
17,1290,1302816,Transway1C,Tri1160067,0,1333,172935,0,0
17,1291,1302817,Transway1C,Tri1160067,0,1483,172935,0,0
17,1292,1302818,Transway1C,Tri1160067,0,1632,172935,0,0
17,1288,1302819,Transway1C,Tri1160068,0,1039,172935,0,0
17,1289,1302820,Transway1C,Tri1160068,0,1186,172935,0,0
17,1290,1302821,Transway1C,Tri1160068,0,1335,172935,0,0
17,1291,1302822,Transway1C,Tri1160068,0,1485,172935,0,0
17,1292,1302823,Transway1C,Tri1160068,0,1634,172935,0,0
17,1288,1302824,Transway1C,Tri1160069,0,1046,172935,0,0
17,1289,1302825,Transway1C,Tri1160069,0,1193,172935,0,0
17,1290,1302826,Transway1C,Tri1160069,0,1342,172935,0,0
17,1291,1302827,Transway1C,Tri1160069,0,1492,172935,0,0
17,1292,1302828,Transway1C,Tri1160069,0,1641,172935,0,0
17,1288,1302829,Transway1C,Tri1160070,0,1034,172935,0,0
17,1289,1302830,Transway1C,Tri1160070,0,1181,172935,0,0
17,1290,1302831,Transway1C,Tri1160070,0,1330,172935,0,0
17,1291,1302832,Transway1C,Tri1160070,0,1480,172935,0,0
17,1292,1302833,Transway1C,Tri1160070,0,1629,172935,0,0
17,1288,1302834,Transway1C,Tri1160071,0,1042,172935,0,0
17,1289,1302835,Transway1C,Tri1160071,0,1189,172935,0,0
17,1290,1302836,Transway1C,Tri1160071,0,1338,172935,0,0
17,1291,1302837,Transway1C,Tri1160071,0,1488,172935,0,0
17,1292,1302838,Transway1C,Tri1160071,0,1637,172935,0,0
17,1288,1302839,Transway1C,Tri1160072,0,1048,172935,0,0
17,1289,1302840,Transway1C,Tri1160072,0,1195,172935,0,0
17,1290,1302841,Transway1C,Tri1160072,0,1344,172935,0,0
17,1291,1302842,Transway1C,Tri1160072,0,1494,172935,0,0
17,1292,1302843,Transway1C,Tri1160072,0,1643,172935,0,0
17,1288,1302844,Transway1C,Tri1160073,0,1038,172935,0,0
17,1289,1302845,Transway1C,Tri1160073,0,1185,172935,0,0
17,1290,1302846,Transway1C,Tri1160073,0,1334,172935,0,0
17,1291,1302847,Transway1C,Tri1160073,0,1484,172935,0,0
17,1292,1302848,Transway1C,Tri1160073,0,1633,172935,0,0
17,1288,1302849,Transway1C,Tri1160074,0,1036,172935,0,0
17,1289,1302850,Transway1C,Tri1160074,0,1183,172935,0,0
17,1290,1302851,Transway1C,Tri1160074,0,1332,172935,0,0
17,1291,1302852,Transway1C,Tri1160074,0,1482,172935,0,0
17,1292,1302853,Transway1C,Tri1160074,0,1631,172935,0,0
17,1288,1302854,Transway1C,Tri1160075,0,1045,172935,0,0
17,1289,1302855,Transway1C,Tri1160075,0,1192,172935,0,0
17,1290,1302856,Transway1C,Tri1160075,0,1341,172935,0,0
17,1291,1302857,Transway1C,Tri1160075,0,1491,172935,0,0
17,1292,1302858,Transway1C,Tri1160075,0,1640,172935,0,0
17,1288,1302859,Transway1C,Tri1160076,0,1040,172935,0,0
17,1289,1302860,Transway1C,Tri1160076,0,1187,172935,0,0
17,1290,1302861,Transway1C,Tri1160076,0,1336,172935,0,0
17,1291,1302862,Transway1C,Tri1160076,0,1486,172935,0,0
17,1292,1302863,Transway1C,Tri1160076,0,1635,172935,0,0
17,1288,1302864,Transway1C,Tri1160077,0,1041,172935,0,0
17,1289,1302865,Transway1C,Tri1160077,0,1188,172935,0,0
17,1290,1302866,Transway1C,Tri1160077,0,1337,172935,0,0
17,1291,1302867,Transway1C,Tri1160077,0,1487,172935,0,0
17,1292,1302868,Transway1C,Tri1160077,0,1636,172935,0,0
17,1288,1302869,Transway1C,Tri1160078,0,1047,172935,0,0
17,1289,1302870,Transway1C,Tri1160078,0,1194,172935,0,0
17,1290,1302871,Transway1C,Tri1160078,0,1343,172935,0,0
17,1291,1302872,Transway1C,Tri1160078,0,1493,172935,0,0
17,1292,1302873,Transway1C,Tri1160078,0,1642,172935,0,0
17,1288,1302874,Transway1C,Tri1160079,0,1035,172935,0,0
17,1289,1302875,Transway1C,Tri1160079,0,1182,172935,0,0
17,1290,1302876,Transway1C,Tri1160079,0,1331,172935,0,0
17,1291,1302877,Transway1C,Tri1160079,0,1481,172935,0,0
17,1292,1302878,Transway1C,Tri1160079,0,1630,172935,0,0
17,1288,1302879,Transway1C,Tri1160080,0,1043,172935,0,0
17,1289,1302880,Transway1C,Tri1160080,0,1190,172935,0,0
17,1290,1302881,Transway1C,Tri1160080,0,1339,172935,0,0
17,1291,1302882,Transway1C,Tri1160080,0,1489,172935,0,0
17,1292,1302883,Transway1C,Tri1160080,0,1638,172935,0,0
17,1288,1302884,Transway1C,Tri1160081,0,1044,172935,0,0
17,1289,1302885,Transway1C,Tri1160081,0,1191,172935,0,0
17,1290,1302886,Transway1C,Tri1160081,0,1340,172935,0,0
17,1291,1302887,Transway1C,Tri1160081,0,1490,172935,0,0
17,1292,1302888,Transway1C,Tri1160081,0,1639,172935,0,0
17,1288,1302889,Transway1C,Tri1160082,0,1037,172935,0,0
17,1289,1302890,Transway1C,Tri1160082,0,1184,172935,0,0
17,1290,1302891,Transway1C,Tri1160082,0,1333,172935,0,0
17,1291,1302892,Transway1C,Tri1160082,0,1483,172935,0,0
17,1292,1302893,Transway1C,Tri1160082,0,1632,172935,0,0
17,1288,1302894,Transway1C,Tri1160083,0,1039,172935,0,0
17,1289,1302895,Transway1C,Tri1160083,0,1186,172935,0,0
17,1290,1302896,Transway1C,Tri1160083,0,1335,172935,0,0
17,1291,1302897,Transway1C,Tri1160083,0,1485,172935,0,0
17,1292,1302898,Transway1C,Tri1160083,0,1634,172935,0,0
17,1288,1302899,Transway1C,Tri1160084,0,1046,172935,0,0
17,1289,1302900,Transway1C,Tri1160084,0,1193,172935,0,0
17,1290,1302901,Transway1C,Tri1160084,0,1342,172935,0,0
17,1291,1302902,Transway1C,Tri1160084,0,1492,172935,0,0
17,1292,1302903,Transway1C,Tri1160084,0,1641,172935,0,0
17,1288,1302904,Transway1C,Tri1160085,0,1034,172935,0,0
17,1289,1302905,Transway1C,Tri1160085,0,1181,172935,0,0
17,1290,1302906,Transway1C,Tri1160085,0,1330,172935,0,0
17,1291,1302907,Transway1C,Tri1160085,0,1480,172935,0,0
17,1292,1302908,Transway1C,Tri1160085,0,1629,172935,0,0
17,1288,1302909,Transway1C,Tri1160086,0,1042,172935,0,0
17,1289,1302910,Transway1C,Tri1160086,0,1189,172935,0,0
17,1290,1302911,Transway1C,Tri1160086,0,1338,172935,0,0
17,1291,1302912,Transway1C,Tri1160086,0,1488,172935,0,0
17,1292,1302913,Transway1C,Tri1160086,0,1637,172935,0,0
17,1288,1302914,Transway1C,Tri1160087,0,1048,172935,0,0
17,1289,1302915,Transway1C,Tri1160087,0,1195,172935,0,0
17,1290,1302916,Transway1C,Tri1160087,0,1344,172935,0,0
17,1291,1302917,Transway1C,Tri1160087,0,1494,172935,0,0
17,1292,1302918,Transway1C,Tri1160087,0,1643,172935,0,0
17,1288,1302919,Transway1C,Tri1160088,0,1038,172935,0,0
17,1289,1302920,Transway1C,Tri1160088,0,1185,172935,0,0
17,1290,1302921,Transway1C,Tri1160088,0,1334,172935,0,0
17,1291,1302922,Transway1C,Tri1160088,0,1484,172935,0,0
17,1292,1302923,Transway1C,Tri1160088,0,1633,172935,0,0
17,1288,1302924,Transway1C,Tri1160089,0,1036,172935,0,0
17,1289,1302925,Transway1C,Tri1160089,0,1183,172935,0,0
17,1290,1302926,Transway1C,Tri1160089,0,1332,172935,0,0
17,1291,1302927,Transway1C,Tri1160089,0,1482,172935,0,0
17,1292,1302928,Transway1C,Tri1160089,0,1631,172935,0,0
17,1288,1302929,Transway1C,Tri1160090,0,1045,172935,0,0
17,1289,1302930,Transway1C,Tri1160090,0,1192,172935,0,0
17,1290,1302931,Transway1C,Tri1160090,0,1341,172935,0,0
17,1291,1302932,Transway1C,Tri1160090,0,1491,172935,0,0
17,1292,1302933,Transway1C,Tri1160090,0,1640,172935,0,0
17,1288,1302934,Transway1C,Tri1160091,0,1040,172935,0,0
17,1289,1302935,Transway1C,Tri1160091,0,1187,172935,0,0
17,1290,1302936,Transway1C,Tri1160091,0,1336,172935,0,0
17,1291,1302937,Transway1C,Tri1160091,0,1486,172935,0,0
17,1292,1302938,Transway1C,Tri1160091,0,1635,172935,0,0
17,1288,1302939,Transway1C,Tri1160092,0,1041,172935,0,0
17,1289,1302940,Transway1C,Tri1160092,0,1188,172935,0,0
17,1290,1302941,Transway1C,Tri1160092,0,1337,172935,0,0
17,1291,1302942,Transway1C,Tri1160092,0,1487,172935,0,0
17,1292,1302943,Transway1C,Tri1160092,0,1636,172935,0,0
17,1288,1302944,Transway1C,Tri1160093,0,1047,172935,0,0
17,1289,1302945,Transway1C,Tri1160093,0,1194,172935,0,0
17,1290,1302946,Transway1C,Tri1160093,0,1343,172935,0,0
17,1291,1302947,Transway1C,Tri1160093,0,1493,172935,0,0
17,1292,1302948,Transway1C,Tri1160093,0,1642,172935,0,0
17,1288,1302949,Transway1C,Tri1160094,0,1035,172935,0,0
17,1289,1302950,Transway1C,Tri1160094,0,1182,172935,0,0
17,1290,1302951,Transway1C,Tri1160094,0,1331,172935,0,0
17,1291,1302952,Transway1C,Tri1160094,0,1481,172935,0,0
17,1292,1302953,Transway1C,Tri1160094,0,1630,172935,0,0
17,1288,1302954,Transway1C,Tri1160095,0,1043,172935,0,0
17,1289,1302955,Transway1C,Tri1160095,0,1190,172935,0,0
17,1290,1302956,Transway1C,Tri1160095,0,1339,172935,0,0
17,1291,1302957,Transway1C,Tri1160095,0,1489,172935,0,0
17,1292,1302958,Transway1C,Tri1160095,0,1638,172935,0,0
17,1288,1302959,Transway1C,Tri1160096,0,1044,172935,0,0
17,1289,1302960,Transway1C,Tri1160096,0,1191,172935,0,0
17,1290,1302961,Transway1C,Tri1160096,0,1340,172935,0,0
17,1291,1302962,Transway1C,Tri1160096,0,1490,172935,0,0
17,1292,1302963,Transway1C,Tri1160096,0,1639,172935,0,0
17,1288,1302964,Transway1C,Tri1160097,0,1037,172935,0,0
17,1289,1302965,Transway1C,Tri1160097,0,1184,172935,0,0
17,1290,1302966,Transway1C,Tri1160097,0,1333,172935,0,0
17,1291,1302967,Transway1C,Tri1160097,0,1483,172935,0,0
17,1292,1302968,Transway1C,Tri1160097,0,1632,172935,0,0
17,1288,1302969,Transway1C,Tri1160098,0,1039,172935,0,0
17,1289,1302970,Transway1C,Tri1160098,0,1186,172935,0,0
17,1290,1302971,Transway1C,Tri1160098,0,1335,172935,0,0
17,1291,1302972,Transway1C,Tri1160098,0,1485,172935,0,0
17,1292,1302973,Transway1C,Tri1160098,0,1634,172935,0,0
17,1288,1302974,Transway1C,Tri1160099,0,1046,172935,0,0
17,1289,1302975,Transway1C,Tri1160099,0,1193,172935,0,0
17,1290,1302976,Transway1C,Tri1160099,0,1342,172935,0,0
17,1291,1302977,Transway1C,Tri1160099,0,1492,172935,0,0
17,1292,1302978,Transway1C,Tri1160099,0,1641,172935,0,0
17,1288,1302979,Transway1C,Tri1160100,0,1034,172935,0,0
17,1289,1302980,Transway1C,Tri1160100,0,1181,172935,0,0
17,1290,1302981,Transway1C,Tri1160100,0,1330,172935,0,0
17,1291,1302982,Transway1C,Tri1160100,0,1480,172935,0,0
17,1292,1302983,Transway1C,Tri1160100,0,1629,172935,0,0
17,1288,1302984,Transway1C,Tri1160101,0,1042,172935,0,0
17,1289,1302985,Transway1C,Tri1160101,0,1189,172935,0,0
17,1290,1302986,Transway1C,Tri1160101,0,1338,172935,0,0
17,1291,1302987,Transway1C,Tri1160101,0,1488,172935,0,0
17,1292,1302988,Transway1C,Tri1160101,0,1637,172935,0,0
17,1288,1302989,Transway1C,Tri1160102,0,1048,172935,0,0
17,1289,1302990,Transway1C,Tri1160102,0,1195,172935,0,0
17,1290,1302991,Transway1C,Tri1160102,0,1344,172935,0,0
17,1291,1302992,Transway1C,Tri1160102,0,1494,172935,0,0
17,1292,1302993,Transway1C,Tri1160102,0,1643,172935,0,0
17,1288,1302994,Transway1C,Tri1160103,0,1038,172935,0,0
17,1289,1302995,Transway1C,Tri1160103,0,1185,172935,0,0
17,1290,1302996,Transway1C,Tri1160103,0,1334,172935,0,0
17,1291,1302997,Transway1C,Tri1160103,0,1484,172935,0,0
17,1292,1302998,Transway1C,Tri1160103,0,1633,172935,0,0
17,1288,1302999,Transway1C,Tri1160104,0,1036,172935,0,0
17,1289,1303000,Transway1C,Tri1160104,0,1183,172935,0,0
17,1290,1303001,Transway1C,Tri1160104,0,1332,172935,0,0
17,1291,1303002,Transway1C,Tri1160104,0,1482,172935,0,0
17,1292,1303003,Transway1C,Tri1160104,0,1631,172935,0,0
17,1288,1303004,Transway1C,Tri1160105,0,1045,172935,0,0
17,1289,1303005,Transway1C,Tri1160105,0,1192,172935,0,0
17,1290,1303006,Transway1C,Tri1160105,0,1341,172935,0,0
17,1291,1303007,Transway1C,Tri1160105,0,1491,172935,0,0
17,1292,1303008,Transway1C,Tri1160105,0,1640,172935,0,0
17,1288,1303009,Transway1C,Tri1160106,0,1040,172935,0,0
17,1289,1303010,Transway1C,Tri1160106,0,1187,172935,0,0
17,1290,1303011,Transway1C,Tri1160106,0,1336,172935,0,0
17,1291,1303012,Transway1C,Tri1160106,0,1486,172935,0,0
17,1292,1303013,Transway1C,Tri1160106,0,1635,172935,0,0
17,1288,1303014,Transway1C,Tri1160107,0,1041,172935,0,0
17,1289,1303015,Transway1C,Tri1160107,0,1188,172935,0,0
17,1290,1303016,Transway1C,Tri1160107,0,1337,172935,0,0
17,1291,1303017,Transway1C,Tri1160107,0,1487,172935,0,0
17,1292,1303018,Transway1C,Tri1160107,0,1636,172935,0,0
17,1288,1303019,Transway1C,Tri1160108,0,1047,172935,0,0
17,1289,1303020,Transway1C,Tri1160108,0,1194,172935,0,0
17,1290,1303021,Transway1C,Tri1160108,0,1343,172935,0,0
17,1291,1303022,Transway1C,Tri1160108,0,1493,172935,0,0
17,1292,1303023,Transway1C,Tri1160108,0,1642,172935,0,0
17,1288,1303024,Transway1C,Tri1160109,0,1035,172935,0,0
17,1289,1303025,Transway1C,Tri1160109,0,1182,172935,0,0
17,1290,1303026,Transway1C,Tri1160109,0,1331,172935,0,0
17,1291,1303027,Transway1C,Tri1160109,0,1481,172935,0,0
17,1292,1303028,Transway1C,Tri1160109,0,1630,172935,0,0
17,1288,1303029,Transway1C,Tri1160110,0,1043,172935,0,0
17,1289,1303030,Transway1C,Tri1160110,0,1190,172935,0,0
17,1290,1303031,Transway1C,Tri1160110,0,1339,172935,0,0
17,1291,1303032,Transway1C,Tri1160110,0,1489,172935,0,0
17,1292,1303033,Transway1C,Tri1160110,0,1638,172935,0,0
17,1288,1303034,Transway1C,Tri1160111,0,1044,172935,0,0
17,1289,1303035,Transway1C,Tri1160111,0,1191,172935,0,0
17,1290,1303036,Transway1C,Tri1160111,0,1340,172935,0,0
17,1291,1303037,Transway1C,Tri1160111,0,1490,172935,0,0
17,1292,1303038,Transway1C,Tri1160111,0,1639,172935,0,0
17,1288,1303039,Transway1C,Tri1160112,0,1037,172935,0,0
17,1289,1303040,Transway1C,Tri1160112,0,1184,172935,0,0
17,1290,1303041,Transway1C,Tri1160112,0,1333,172935,0,0
17,1291,1303042,Transway1C,Tri1160112,0,1483,172935,0,0
17,1292,1303043,Transway1C,Tri1160112,0,1632,172935,0,0
17,1288,1303044,Transway1C,Tri1160113,0,1039,172935,0,0
17,1289,1303045,Transway1C,Tri1160113,0,1186,172935,0,0
17,1290,1303046,Transway1C,Tri1160113,0,1335,172935,0,0
17,1291,1303047,Transway1C,Tri1160113,0,1485,172935,0,0
17,1292,1303048,Transway1C,Tri1160113,0,1634,172935,0,0
17,1288,1303049,Transway1C,Tri1160114,0,1046,172935,0,0
17,1289,1303050,Transway1C,Tri1160114,0,1193,172935,0,0
17,1290,1303051,Transway1C,Tri1160114,0,1342,172935,0,0
17,1291,1303052,Transway1C,Tri1160114,0,1492,172935,0,0
17,1292,1303053,Transway1C,Tri1160114,0,1641,172935,0,0
17,1288,1303054,Transway1C,Tri1160115,0,1034,172935,0,0
17,1289,1303055,Transway1C,Tri1160115,0,1181,172935,0,0
17,1290,1303056,Transway1C,Tri1160115,0,1330,172935,0,0
17,1291,1303057,Transway1C,Tri1160115,0,1480,172935,0,0
17,1292,1303058,Transway1C,Tri1160115,0,1629,172935,0,0
17,1288,1303059,Transway1C,Tri1160116,0,1042,172935,0,0
17,1289,1303060,Transway1C,Tri1160116,0,1189,172935,0,0
17,1290,1303061,Transway1C,Tri1160116,0,1338,172935,0,0
17,1291,1303062,Transway1C,Tri1160116,0,1488,172935,0,0
17,1292,1303063,Transway1C,Tri1160116,0,1637,172935,0,0
17,1288,1303064,Transway1C,Tri1160117,0,1038,172935,0,0
17,1289,1303065,Transway1C,Tri1160117,0,1185,172935,0,0
17,1290,1303066,Transway1C,Tri1160117,0,1334,172935,0,0
17,1291,1303067,Transway1C,Tri1160117,0,1484,172935,0,0
17,1292,1303068,Transway1C,Tri1160117,0,1633,172935,0,0
17,1288,1303069,Transway1C,Tri1160118,0,1036,172935,0,0
17,1289,1303070,Transway1C,Tri1160118,0,1183,172935,0,0
17,1290,1303071,Transway1C,Tri1160118,0,1332,172935,0,0
17,1291,1303072,Transway1C,Tri1160118,0,1482,172935,0,0
17,1292,1303073,Transway1C,Tri1160118,0,1631,172935,0,0
17,1288,1303074,Transway1C,Tri1160119,0,1040,172935,0,0
17,1289,1303075,Transway1C,Tri1160119,0,1187,172935,0,0
17,1290,1303076,Transway1C,Tri1160119,0,1336,172935,0,0
17,1291,1303077,Transway1C,Tri1160119,0,1486,172935,0,0
17,1292,1303078,Transway1C,Tri1160119,0,1635,172935,0,0
17,1288,1303079,Transway1C,Tri1160120,0,1035,172935,0,0
17,1289,1303080,Transway1C,Tri1160120,0,1182,172935,0,0
17,1290,1303081,Transway1C,Tri1160120,0,1331,172935,0,0
17,1291,1303082,Transway1C,Tri1160120,0,1481,172935,0,0
17,1292,1303083,Transway1C,Tri1160120,0,1630,172935,0,0
17,1288,1303084,Transway1C,Tri1160121,0,1037,172935,0,0
17,1289,1303085,Transway1C,Tri1160121,0,1184,172935,0,0
17,1290,1303086,Transway1C,Tri1160121,0,1333,172935,0,0
17,1291,1303087,Transway1C,Tri1160121,0,1483,172935,0,0
17,1292,1303088,Transway1C,Tri1160121,0,1632,172935,0,0
17,1288,1303089,Transway1C,Tri1160122,0,1034,172935,0,0
17,1289,1303090,Transway1C,Tri1160122,0,1181,172935,0,0
17,1290,1303091,Transway1C,Tri1160122,0,1330,172935,0,0
17,1291,1303092,Transway1C,Tri1160122,0,1480,172935,0,0
17,1292,1303093,Transway1C,Tri1160122,0,1629,172935,0,0
17,1288,1303094,Transway1C,Tri1160123,0,1038,172935,0,0
17,1289,1303095,Transway1C,Tri1160123,0,1185,172935,0,0
17,1290,1303096,Transway1C,Tri1160123,0,1334,172935,0,0
17,1291,1303097,Transway1C,Tri1160123,0,1484,172935,0,0
17,1292,1303098,Transway1C,Tri1160123,0,1633,172935,0,0
17,1288,1303099,Transway1C,Tri1160124,0,1040,172935,0,0
17,1289,1303100,Transway1C,Tri1160124,0,1187,172935,0,0
17,1290,1303101,Transway1C,Tri1160124,0,1336,172935,0,0
17,1291,1303102,Transway1C,Tri1160124,0,1486,172935,0,0
17,1292,1303103,Transway1C,Tri1160124,0,1635,172935,0,0
17,1288,1303104,Transway1C,Tri1160125,0,1035,172935,0,0
17,1289,1303105,Transway1C,Tri1160125,0,1182,172935,0,0
17,1290,1303106,Transway1C,Tri1160125,0,1331,172935,0,0
17,1291,1303107,Transway1C,Tri1160125,0,1481,172935,0,0
17,1292,1303108,Transway1C,Tri1160125,0,1630,172935,0,0
17,1288,1303109,Transway1C,Tri1160126,0,1037,172935,0,0
17,1289,1303110,Transway1C,Tri1160126,0,1184,172935,0,0
17,1290,1303111,Transway1C,Tri1160126,0,1333,172935,0,0
17,1291,1303112,Transway1C,Tri1160126,0,1483,172935,0,0
17,1292,1303113,Transway1C,Tri1160126,0,1632,172935,0,0
17,1288,1303114,Transway1C,Tri1160127,0,1034,172935,0,0
17,1289,1303115,Transway1C,Tri1160127,0,1181,172935,0,0
17,1290,1303116,Transway1C,Tri1160127,0,1330,172935,0,0
17,1291,1303117,Transway1C,Tri1160127,0,1480,172935,0,0
17,1292,1303118,Transway1C,Tri1160127,0,1629,172935,0,0
17,1288,1303119,Transway1C,Tri1160128,0,1038,172935,0,0
17,1289,1303120,Transway1C,Tri1160128,0,1185,172935,0,0
17,1290,1303121,Transway1C,Tri1160128,0,1334,172935,0,0
17,1291,1303122,Transway1C,Tri1160128,0,1484,172935,0,0
17,1292,1303123,Transway1C,Tri1160128,0,1633,172935,0,0
17,1288,1303124,Transway1C,Tri1160129,0,1040,172935,0,0
17,1289,1303125,Transway1C,Tri1160129,0,1187,172935,0,0
17,1290,1303126,Transway1C,Tri1160129,0,1336,172935,0,0
17,1291,1303127,Transway1C,Tri1160129,0,1486,172935,0,0
17,1292,1303128,Transway1C,Tri1160129,0,1635,172935,0,0
17,1288,1303129,Transway1C,Tri1160130,0,1035,172935,0,0
17,1289,1303130,Transway1C,Tri1160130,0,1182,172935,0,0
17,1290,1303131,Transway1C,Tri1160130,0,1331,172935,0,0
17,1291,1303132,Transway1C,Tri1160130,0,1481,172935,0,0
17,1292,1303133,Transway1C,Tri1160130,0,1630,172935,0,0
17,1288,1303134,NotinService,Tri1160372,1,1037,172943,0,0
17,1289,1303135,NotinService,Tri1160372,1,1184,172943,0,0
17,1290,1303136,NotinService,Tri1160372,1,1333,172943,0,0
17,1291,1303137,NotinService,Tri1160372,1,1483,172943,0,0
17,1292,1303138,NotinService,Tri1160372,1,1632,172943,0,0
17,1288,1303139,NotinService,Tri1160373,1,1034,172943,0,0
17,1289,1303140,NotinService,Tri1160373,1,1181,172943,0,0
17,1290,1303141,NotinService,Tri1160373,1,1330,172943,0,0
17,1291,1303142,NotinService,Tri1160373,1,1480,172943,0,0
17,1292,1303143,NotinService,Tri1160373,1,1629,172943,0,0
17,1288,1303144,NotinService,Tri1160374,1,1038,172943,0,0
17,1289,1303145,NotinService,Tri1160374,1,1185,172943,0,0
17,1290,1303146,NotinService,Tri1160374,1,1334,172943,0,0
17,1291,1303147,NotinService,Tri1160374,1,1484,172943,0,0
17,1292,1303148,NotinService,Tri1160374,1,1633,172943,0,0
17,1287,1303953,Transway1C,Tri519676,0,818,172935,0,0
17,1287,1303954,Transway1C,Tri519677,0,822,172935,0,0
17,1287,1303955,Transway1C,Tri519678,0,796,172935,0,0
17,1287,1303956,Transway1C,Tri519679,0,821,172935,0,0
17,1287,1303957,Transway1C,Tri519680,0,795,172935,0,0
17,1287,1303958,Transway1C,Tri519681,0,818,172935,0,0
17,1287,1303959,Transway1C,Tri519682,0,822,172935,0,0
17,1287,1303960,Transway1C,Tri519683,0,796,172935,0,0
17,1287,1303961,Transway1C,Tri519684,0,821,172935,0,0
17,1287,1303962,Transway1C,Tri519715,0,795,172935,0,0
17,1287,1303963,Transway1C,Tri519716,0,824,172935,0,0
17,1287,1303964,Transway1C,Tri519717,0,822,172935,0,0
17,1287,1303965,Transway1C,Tri519718,0,823,172935,0,0
17,1287,1303966,Transway1C,Tri519719,0,821,172935,0,0
17,1287,1303967,Transway1C,Tri519720,0,795,172935,0,0
17,1287,1303968,Transway1C,Tri519721,0,824,172935,0,0
17,1287,1303969,Transway1C,Tri519722,0,822,172935,0,0
17,1287,1304073,Transway1C,Tri519598,1,796,172944,0,0
17,1287,1304074,Transway1C,Tri519599,1,821,172944,0,0
17,1287,1304075,Transway1C,Tri519600,1,795,172944,0,0
17,1287,1304076,Transway1C,Tri519601,1,818,172944,0,0
17,1287,1304077,Transway1C,Tri519602,1,822,172944,0,0
17,1287,1304078,Transway1C,Tri519603,1,796,172944,0,0
17,1287,1304079,Transway1C,Tri519604,1,821,172944,0,0
17,1287,1304080,Transway1C,Tri519654,1,795,172944,0,0
17,1287,1304081,Transway1C,Tri519657,1,822,172944,0,0
17,1287,1304082,Transway1C,Tri519658,1,823,172944,0,0
17,1287,1304083,Transway1C,Tri519659,1,821,172944,0,0
17,1287,1304084,Transway1C,Tri519660,1,795,172944,0,0
17,1287,1304085,Transway1C,Tri519661,1,824,172944,0,0
17,1287,1304086,Transway1C,Tri519662,1,822,172944,0,0
17,1287,1304087,Transway1C,Tri519663,1,823,172944,0,0
17,1287,1304088,Transway1C,Tri519664,1,821,172944,0,0
17,1287,1304089,Transway1C,Tri519665,1,795,172944,0,0
17,1287,1304090,Transway1C,Tri519666,1,824,172944,0,0
17,1287,1304091,Transway1C,Tri519667,1,822,172944,0,0
17,1287,1304092,Transway1C,Tri519668,1,823,172944,0,0
17,1287,1304093,Transway1C,Tri519669,1,821,172944,0,0
17,1287,1304094,Transway1C,Tri848699,1,795,172944,0,0
17,1287,1304095,Transway1C,Tri519685,0,795,172935,0,0
17,1287,1304096,Transway1C,Tri519687,0,824,172935,0,0
17,1287,1304097,Transway1C,Tri519688,0,818,172935,0,0
17,1287,1304098,Transway1C,Tri519689,0,822,172935,0,0
17,1287,1304099,Transway1C,Tri519690,0,823,172935,0,0
17,1287,1304100,Transway1C,Tri519691,0,796,172935,0,0
17,1287,1304101,Transway1C,Tri519692,0,821,172935,0,0
17,1287,1304102,Transway1C,Tri519693,0,825,172935,0,0
17,1287,1304103,Transway1C,Tri519694,0,795,172935,0,0
17,1287,1304104,Transway1C,Tri519695,0,824,172935,0,0
17,1287,1304105,Transway1C,Tri519696,0,818,172935,0,0
17,1287,1304106,Transway1C,Tri519697,0,822,172935,0,0
17,1287,1304107,Transway1C,Tri519698,0,823,172935,0,0
17,1287,1304108,Transway1C,Tri519699,0,796,172935,0,0
17,1287,1304109,Transway1C,Tri519700,0,821,172935,0,0
17,1287,1304110,Transway1C,Tri519701,0,825,172935,0,0
17,1287,1304111,Transway1C,Tri519702,0,795,172935,0,0
17,1287,1304112,Transway1C,Tri519703,0,824,172935,0,0
17,1287,1304113,Transway1C,Tri519704,0,818,172935,0,0
17,1287,1304114,Transway1C,Tri519705,0,822,172935,0,0
17,1287,1304115,Transway1C,Tri519706,0,823,172935,0,0
17,1287,1304116,Transway1C,Tri519707,0,796,172935,0,0
17,1287,1304117,Transway1C,Tri519708,0,821,172935,0,0
17,1287,1304118,Transway1C,Tri519709,0,825,172935,0,0
17,1287,1304119,Transway1C,Tri519710,0,795,172935,0,0
17,1287,1304120,Transway1C,Tri519711,0,824,172935,0,0
17,1287,1304121,Transway1C,Tri519712,0,822,172935,0,0
17,1287,1304122,Transway1C,Tri519713,0,823,172935,0,0
17,1287,1304123,Transway1C,Tri519714,0,821,172935,0,0
17,1287,1304129,Transway1C,Tri519675,0,795,172935,0,0
17,1287,1304910,NotinService,Tri926848,1,823,172943,0,0
17,1287,1304911,NotinService,Tri926849,1,821,172943,0,0
17,1287,1304912,NotinService,Tri926850,1,795,172943,0,0
17,1287,1304913,Transway1C,Tri519605,1,795,172944,0,0
17,1287,1304914,Transway1C,Tri519632,1,818,172944,0,0
17,1287,1304915,Transway1C,Tri519633,1,822,172944,0,0
17,1287,1304916,Transway1C,Tri519634,1,823,172944,0,0
17,1287,1304917,Transway1C,Tri519635,1,796,172944,0,0
17,1287,1304918,Transway1C,Tri519636,1,821,172944,0,0
17,1287,1304919,Transway1C,Tri519637,1,825,172944,0,0
17,1287,1304920,Transway1C,Tri519638,1,795,172944,0,0
17,1287,1304921,Transway1C,Tri519639,1,824,172944,0,0
17,1287,1304922,Transway1C,Tri519640,1,818,172944,0,0
17,1287,1304923,Transway1C,Tri519641,1,822,172944,0,0
17,1287,1304924,Transway1C,Tri519642,1,823,172944,0,0
17,1287,1304925,Transway1C,Tri519643,1,796,172944,0,0
17,1287,1304926,Transway1C,Tri519644,1,821,172944,0,0
17,1287,1304927,Transway1C,Tri519645,1,825,172944,0,0
17,1287,1304928,Transway1C,Tri519646,1,795,172944,0,0
17,1287,1304929,Transway1C,Tri519647,1,824,172944,0,0
17,1287,1304930,Transway1C,Tri519648,1,818,172944,0,0
17,1287,1304931,Transway1C,Tri519649,1,822,172944,0,0
17,1287,1304932,Transway1C,Tri519650,1,823,172944,0,0
17,1287,1304933,Transway1C,Tri519651,1,796,172944,0,0
17,1287,1304934,Transway1C,Tri519652,1,821,172944,0,0
17,1287,1304935,Transway1C,Tri519653,1,825,172944,0,0
17,1287,1304936,Transway1C,Tri519655,1,824,172944,0,0
17,1287,1304937,Transway1C,Tri519656,1,818,172944,0,0
17,1294,1306043,Transway1C,Tri534464,1,135793,172944,0,0
17,1294,1306044,Transway1C,Tri534465,1,135813,172944,0,0
17,1294,1306045,Transway1C,Tri534466,1,135793,172944,0,0
17,1294,1306046,Transway1C,Tri534467,1,135813,172944,0,0
17,1294,1306047,Transway1C,Tri534468,1,135793,172944,0,0
17,1294,1306048,Transway1C,Tri534469,1,135813,172944,0,0
17,1294,1306049,Transway1C,Tri534470,1,135793,172944,0,0
17,1294,1306050,Transway1C,Tri534471,1,135813,172944,0,0
17,1294,1306095,Transway1C,Tri534472,0,135813,172935,0,0
17,1294,1306096,Transway1C,Tri534473,0,135793,172935,0,0
17,1294,1306097,Transway1C,Tri534474,0,135813,172935,0,0
17,1294,1306098,Transway1C,Tri534475,0,135793,172935,0,0
17,1294,1306099,Transway1C,Tri534476,0,135813,172935,0,0
17,1294,1306100,Transway1C,Tri534477,0,135793,172935,0,0
17,1294,1306101,Transway1C,Tri534478,0,135813,172935,0,0
17,1294,1306102,Transway1C,Tri534479,0,135793,172935,0,0
18,1293,1295389,Crosstown2,Tri519273,0,135768,172952,0,0
18,1295,1295390,Crosstown2,Tri519273,0,1840,172952,0,0
18,1286,1295391,Crosstown2,Tri519273,0,776,172952,0,0
18,1293,1295392,Crosstown2,Tri519274,0,135770,172952,0,0
18,1295,1295393,Crosstown2,Tri519274,0,1842,172952,0,0
18,1286,1295394,Crosstown2,Tri519274,0,775,172952,0,0
18,1293,1295395,Crosstown2,Tri519275,0,135769,172952,0,0
18,1295,1295396,Crosstown2,Tri519275,0,1841,172952,0,0
18,1286,1295397,Crosstown2,Tri519275,0,769,172952,0,0
18,1293,1295398,Crosstown2,Tri519276,0,135768,172952,0,0
18,1295,1295399,Crosstown2,Tri519276,0,1840,172952,0,0
18,1286,1295400,Crosstown2,Tri519276,0,776,172952,0,0
18,1293,1295380,Crosstown2,Tri519270,0,135768,172952,0,0
18,1295,1295381,Crosstown2,Tri519270,0,1840,172952,0,0
18,1286,1295382,Crosstown2,Tri519270,0,776,172952,0,0
18,1293,1295374,Crosstown2,Tri519268,0,135770,172952,0,0
18,1295,1295375,Crosstown2,Tri519268,0,1842,172952,0,0
18,1286,1295376,Crosstown2,Tri519268,0,775,172952,0,0
18,1293,1295377,Crosstown2,Tri519269,0,135769,172952,0,0
18,1295,1295378,Crosstown2,Tri519269,0,1841,172952,0,0
18,1286,1295379,Crosstown2,Tri519269,0,769,172952,0,0
18,1293,1295383,Crosstown2,Tri519271,0,135770,172952,0,0
18,1295,1295384,Crosstown2,Tri519271,0,1842,172952,0,0
18,1286,1295385,Crosstown2,Tri519271,0,775,172952,0,0
18,1293,1295386,Crosstown2,Tri519272,0,135769,172952,0,0
18,1295,1295387,Crosstown2,Tri519272,0,1841,172952,0,0
18,1286,1295388,Crosstown2,Tri519272,0,769,172952,0,0
18,1293,1295347,Crosstown2,Tri519259,0,135768,172952,0,0
18,1295,1295348,Crosstown2,Tri519259,0,1840,172952,0,0
18,1286,1295349,Crosstown2,Tri519259,0,776,172952,0,0
18,1293,1295350,Crosstown2,Tri519260,0,135769,172952,0,0
18,1295,1295351,Crosstown2,Tri519260,0,1841,172952,0,0
18,1286,1295352,Crosstown2,Tri519260,0,769,172952,0,0
18,1293,1295353,Crosstown2,Tri519261,0,135768,172952,0,0
18,1295,1295354,Crosstown2,Tri519261,0,1840,172952,0,0
18,1286,1295355,Crosstown2,Tri519261,0,776,172952,0,0
18,1293,1295356,Crosstown2,Tri519262,0,135770,172952,0,0
18,1295,1295357,Crosstown2,Tri519262,0,1842,172952,0,0
18,1286,1295358,Crosstown2,Tri519262,0,775,172952,0,0
18,1293,1295359,Crosstown2,Tri519263,0,135769,172952,0,0
18,1295,1295360,Crosstown2,Tri519263,0,1841,172952,0,0
18,1286,1295361,Crosstown2,Tri519263,0,769,172952,0,0
18,1293,1295362,Crosstown2,Tri519264,0,135768,172952,0,0
18,1295,1295363,Crosstown2,Tri519264,0,1840,172952,0,0
18,1286,1295364,Crosstown2,Tri519264,0,776,172952,0,0
18,1293,1295365,Crosstown2,Tri519265,0,135770,172952,0,0
18,1295,1295366,Crosstown2,Tri519265,0,1842,172952,0,0
18,1286,1295367,Crosstown2,Tri519265,0,775,172952,0,0
18,1293,1295368,Crosstown2,Tri519266,0,135769,172952,0,0
18,1295,1295369,Crosstown2,Tri519266,0,1841,172952,0,0
18,1286,1295370,Crosstown2,Tri519266,0,769,172952,0,0
18,1293,1295371,Crosstown2,Tri519267,0,135768,172952,0,0
18,1295,1295372,Crosstown2,Tri519267,0,1840,172952,0,0
18,1286,1295373,Crosstown2,Tri519267,0,776,172952,0,0
18,1293,1295419,Crosstown2,Tri519247,1,135768,172957,0,0
18,1295,1295420,Crosstown2,Tri519247,1,1840,172957,0,0
18,1286,1295421,Crosstown2,Tri519247,1,776,172957,0,0
18,1293,1295422,Crosstown2,Tri519248,1,135770,172957,0,0
18,1295,1295423,Crosstown2,Tri519248,1,1842,172957,0,0
18,1286,1295424,Crosstown2,Tri519248,1,775,172957,0,0
18,1293,1295425,Crosstown2,Tri519249,1,135769,172957,0,0
18,1295,1295426,Crosstown2,Tri519249,1,1841,172957,0,0
18,1286,1295427,Crosstown2,Tri519249,1,769,172957,0,0
18,1293,1295428,Crosstown2,Tri519250,1,135768,172957,0,0
18,1295,1295429,Crosstown2,Tri519250,1,1840,172957,0,0
18,1286,1295430,Crosstown2,Tri519250,1,776,172957,0,0
18,1293,1295431,Crosstown2,Tri519251,1,135770,172957,0,0
18,1295,1295432,Crosstown2,Tri519251,1,1842,172957,0,0
18,1286,1295433,Crosstown2,Tri519251,1,775,172957,0,0
18,1293,1295401,Crosstown2,Tri519241,1,135769,172957,0,0
18,1295,1295402,Crosstown2,Tri519241,1,1841,172957,0,0
18,1286,1295403,Crosstown2,Tri519241,1,769,172957,0,0
18,1293,1295404,Crosstown2,Tri519242,1,135768,172957,0,0
18,1295,1295405,Crosstown2,Tri519242,1,1840,172957,0,0
18,1286,1295406,Crosstown2,Tri519242,1,776,172957,0,0
18,1293,1295407,Crosstown2,Tri519243,1,135769,172957,0,0
18,1295,1295408,Crosstown2,Tri519243,1,1841,172957,0,0
18,1286,1295409,Crosstown2,Tri519243,1,769,172957,0,0
18,1293,1295410,Crosstown2,Tri519244,1,135768,172957,0,0
18,1295,1295411,Crosstown2,Tri519244,1,1840,172957,0,0
18,1286,1295412,Crosstown2,Tri519244,1,776,172957,0,0
18,1293,1295413,Crosstown2,Tri519245,1,135770,172957,0,0
18,1295,1295414,Crosstown2,Tri519245,1,1842,172957,0,0
18,1286,1295415,Crosstown2,Tri519245,1,775,172957,0,0
18,1293,1295416,Crosstown2,Tri519246,1,135769,172957,0,0
18,1295,1295417,Crosstown2,Tri519246,1,1841,172957,0,0
18,1286,1295418,Crosstown2,Tri519246,1,769,172957,0,0
18,1293,1295434,Crosstown2,Tri519252,1,135769,172957,0,0
18,1295,1295435,Crosstown2,Tri519252,1,1841,172957,0,0
18,1286,1295436,Crosstown2,Tri519252,1,769,172957,0,0
18,1293,1295437,Crosstown2,Tri519253,1,135768,172957,0,0
18,1295,1295438,Crosstown2,Tri519253,1,1840,172957,0,0
18,1286,1295439,Crosstown2,Tri519253,1,776,172957,0,0
18,1293,1295440,Crosstown2,Tri519254,1,135770,172957,0,0
18,1295,1295441,Crosstown2,Tri519254,1,1842,172957,0,0
18,1286,1295442,Crosstown2,Tri519254,1,775,172957,0,0
18,1293,1295443,Crosstown2,Tri519255,1,135769,172957,0,0
18,1295,1295444,Crosstown2,Tri519255,1,1841,172957,0,0
18,1286,1295445,Crosstown2,Tri519255,1,769,172957,0,0
18,1293,1295446,Crosstown2,Tri519256,1,135768,172957,0,0
18,1295,1295447,Crosstown2,Tri519256,1,1840,172957,0,0
18,1286,1295448,Crosstown2,Tri519256,1,776,172957,0,0
18,1293,1295449,Crosstown2,Tri519257,1,135770,172957,0,0
18,1295,1295450,Crosstown2,Tri519257,1,1842,172957,0,0
18,1286,1295451,Crosstown2,Tri519257,1,775,172957,0,0
18,1293,1295452,Crosstown2,Tri519258,1,135769,172957,0,0
18,1295,1295453,Crosstown2,Tri519258,1,1841,172957,0,0
18,1286,1295454,Crosstown2,Tri519258,1,769,172957,0,0
18,1288,1297307,Crosstown2,Tri519162,0,130172,172952,0,0
18,1289,1297308,Crosstown2,Tri519162,0,130044,172952,0,0
18,1290,1297309,Crosstown2,Tri519162,0,130076,172952,0,0
18,1291,1297310,Crosstown2,Tri519162,0,130098,172952,0,0
18,1292,1297311,Crosstown2,Tri519162,0,130122,172952,0,0
18,1288,1297312,Crosstown2,Tri519163,0,130173,172952,0,0
18,1289,1297313,Crosstown2,Tri519163,0,130045,172952,0,0
18,1290,1297314,Crosstown2,Tri519163,0,130077,172952,0,0
18,1291,1297315,Crosstown2,Tri519163,0,130099,172952,0,0
18,1292,1297316,Crosstown2,Tri519163,0,130123,172952,0,0
18,1288,1297317,Crosstown2,Tri519164,0,130127,172952,0,0
18,1289,1297318,Crosstown2,Tri519164,0,130154,172952,0,0
18,1290,1297319,Crosstown2,Tri519164,0,130049,172952,0,0
18,1291,1297320,Crosstown2,Tri519164,0,130081,172952,0,0
18,1292,1297321,Crosstown2,Tri519164,0,130103,172952,0,0
18,1288,1297322,Crosstown2,Tri519165,0,130175,172952,0,0
18,1289,1297323,Crosstown2,Tri519165,0,130047,172952,0,0
18,1290,1297324,Crosstown2,Tri519165,0,130079,172952,0,0
18,1291,1297325,Crosstown2,Tri519165,0,130101,172952,0,0
18,1292,1297326,Crosstown2,Tri519165,0,130125,172952,0,0
18,1288,1297327,Crosstown2,Tri519166,0,130171,172952,0,0
18,1289,1297328,Crosstown2,Tri519166,0,130043,172952,0,0
18,1290,1297329,Crosstown2,Tri519166,0,130075,172952,0,0
18,1291,1297330,Crosstown2,Tri519166,0,130097,172952,0,0
18,1292,1297331,Crosstown2,Tri519166,0,130121,172952,0,0
18,1288,1297332,Crosstown2,Tri519167,0,130131,172952,0,0
18,1289,1297333,Crosstown2,Tri519167,0,130035,172952,0,0
18,1290,1297334,Crosstown2,Tri519167,0,130053,172952,0,0
18,1291,1297335,Crosstown2,Tri519167,0,130085,172952,0,0
18,1292,1297336,Crosstown2,Tri519167,0,130107,172952,0,0
18,1288,1297337,Crosstown2,Tri873950,0,130133,172952,0,0
18,1289,1297338,Crosstown2,Tri873950,0,130037,172952,0,0
18,1290,1297339,Crosstown2,Tri873950,0,130069,172952,0,0
18,1291,1297340,Crosstown2,Tri873950,0,130091,172952,0,0
18,1292,1297341,Crosstown2,Tri873950,0,130109,172952,0,0
18,1288,1297342,Crosstown2,Tri519168,0,130174,172952,0,0
18,1289,1297343,Crosstown2,Tri519168,0,130046,172952,0,0
18,1290,1297344,Crosstown2,Tri519168,0,130078,172952,0,0
18,1291,1297345,Crosstown2,Tri519168,0,130100,172952,0,0
18,1292,1297346,Crosstown2,Tri519168,0,130124,172952,0,0
18,1288,1297347,Crosstown2,Tri519169,0,130128,172952,0,0
18,1289,1297348,Crosstown2,Tri519169,0,130310,172952,0,0
18,1290,1297349,Crosstown2,Tri519169,0,130050,172952,0,0
18,1291,1297350,Crosstown2,Tri519169,0,130082,172952,0,0
18,1292,1297351,Crosstown2,Tri519169,0,130104,172952,0,0
18,1288,1297352,Crosstown2,Tri873979,0,130134,172952,0,0
18,1289,1297353,Crosstown2,Tri873979,0,130038,172952,0,0
18,1290,1297354,Crosstown2,Tri873979,0,130070,172952,0,0
18,1291,1297355,Crosstown2,Tri873979,0,130092,172952,0,0
18,1292,1297356,Crosstown2,Tri873979,0,130116,172952,0,0
18,1288,1297357,Crosstown2,Tri519170,0,130132,172952,0,0
18,1289,1297358,Crosstown2,Tri519170,0,130036,172952,0,0
18,1290,1297359,Crosstown2,Tri519170,0,130068,172952,0,0
18,1291,1297360,Crosstown2,Tri519170,0,130086,172952,0,0
18,1292,1297361,Crosstown2,Tri519170,0,130108,172952,0,0
18,1288,1297362,Crosstown2,Tri519208,0,130175,172952,0,0
18,1289,1297363,Crosstown2,Tri519208,0,130047,172952,0,0
18,1290,1297364,Crosstown2,Tri519208,0,130079,172952,0,0
18,1291,1297365,Crosstown2,Tri519208,0,130101,172952,0,0
18,1292,1297366,Crosstown2,Tri519208,0,130125,172952,0,0
18,1288,1297367,Crosstown2,Tri519209,0,130171,172952,0,0
18,1289,1297368,Crosstown2,Tri519209,0,130043,172952,0,0
18,1290,1297369,Crosstown2,Tri519209,0,130075,172952,0,0
18,1291,1297370,Crosstown2,Tri519209,0,130097,172952,0,0
18,1292,1297371,Crosstown2,Tri519209,0,130121,172952,0,0
18,1288,1297372,Crosstown2,Tri519210,0,130133,172952,0,0
18,1289,1297373,Crosstown2,Tri519210,0,130037,172952,0,0
18,1290,1297374,Crosstown2,Tri519210,0,130069,172952,0,0
18,1291,1297375,Crosstown2,Tri519210,0,130091,172952,0,0
18,1292,1297376,Crosstown2,Tri519210,0,130109,172952,0,0
18,1288,1297377,Crosstown2,Tri519240,0,130174,172952,0,0
18,1289,1297378,Crosstown2,Tri519240,0,130046,172952,0,0
18,1290,1297379,Crosstown2,Tri519240,0,130078,172952,0,0
18,1291,1297380,Crosstown2,Tri519240,0,130100,172952,0,0
18,1292,1297381,Crosstown2,Tri519240,0,130124,172952,0,0
18,1288,1297382,Crosstown2,Tri519211,0,130134,172952,0,0
18,1289,1297383,Crosstown2,Tri519211,0,130038,172952,0,0
18,1290,1297384,Crosstown2,Tri519211,0,130070,172952,0,0
18,1291,1297385,Crosstown2,Tri519211,0,130092,172952,0,0
18,1292,1297386,Crosstown2,Tri519211,0,130116,172952,0,0
18,1288,1297387,Crosstown2,Tri519212,0,130172,172952,0,0
18,1289,1297388,Crosstown2,Tri519212,0,130044,172952,0,0
18,1290,1297389,Crosstown2,Tri519212,0,130076,172952,0,0
18,1291,1297390,Crosstown2,Tri519212,0,130098,172952,0,0
18,1292,1297391,Crosstown2,Tri519212,0,130122,172952,0,0
18,1288,1297392,Crosstown2,Tri873951,0,130168,172952,0,0
18,1289,1297393,Crosstown2,Tri873951,0,130040,172952,0,0
18,1290,1297394,Crosstown2,Tri873951,0,130072,172952,0,0
18,1291,1297395,Crosstown2,Tri873951,0,130094,172952,0,0
18,1292,1297396,Crosstown2,Tri873951,0,130118,172952,0,0
18,1288,1297397,Crosstown2,Tri519213,0,130173,172952,0,0
18,1289,1297398,Crosstown2,Tri519213,0,130045,172952,0,0
18,1290,1297399,Crosstown2,Tri519213,0,130077,172952,0,0
18,1291,1297400,Crosstown2,Tri519213,0,130099,172952,0,0
18,1292,1297401,Crosstown2,Tri519213,0,130123,172952,0,0
18,1288,1297402,Crosstown2,Tri519214,0,130127,172952,0,0
18,1289,1297403,Crosstown2,Tri519214,0,130154,172952,0,0
18,1290,1297404,Crosstown2,Tri519214,0,130049,172952,0,0
18,1291,1297405,Crosstown2,Tri519214,0,130081,172952,0,0
18,1292,1297406,Crosstown2,Tri519214,0,130103,172952,0,0
18,1288,1297407,Crosstown2,Tri873952,0,130170,172952,0,0
18,1289,1297408,Crosstown2,Tri873952,0,130042,172952,0,0
18,1290,1297409,Crosstown2,Tri873952,0,130074,172952,0,0
18,1291,1297410,Crosstown2,Tri873952,0,130096,172952,0,0
18,1292,1297411,Crosstown2,Tri873952,0,130120,172952,0,0
18,1288,1297412,Crosstown2,Tri519215,0,130167,172952,0,0
18,1289,1297413,Crosstown2,Tri519215,0,130039,172952,0,0
18,1290,1297414,Crosstown2,Tri519215,0,130071,172952,0,0
18,1291,1297415,Crosstown2,Tri519215,0,130093,172952,0,0
18,1292,1297416,Crosstown2,Tri519215,0,130117,172952,0,0
18,1288,1297417,Crosstown2,Tri519216,0,130175,172952,0,0
18,1289,1297418,Crosstown2,Tri519216,0,130047,172952,0,0
18,1290,1297419,Crosstown2,Tri519216,0,130079,172952,0,0
18,1291,1297420,Crosstown2,Tri519216,0,130101,172952,0,0
18,1292,1297421,Crosstown2,Tri519216,0,130125,172952,0,0
18,1288,1297422,Crosstown2,Tri873953,0,130129,172952,0,0
18,1289,1297423,Crosstown2,Tri873953,0,130311,172952,0,0
18,1290,1297424,Crosstown2,Tri873953,0,130051,172952,0,0
18,1291,1297425,Crosstown2,Tri873953,0,130083,172952,0,0
18,1292,1297426,Crosstown2,Tri873953,0,130105,172952,0,0
18,1288,1297427,Crosstown2,Tri519217,0,130171,172952,0,0
18,1289,1297428,Crosstown2,Tri519217,0,130043,172952,0,0
18,1290,1297429,Crosstown2,Tri519217,0,130075,172952,0,0
18,1291,1297430,Crosstown2,Tri519217,0,130097,172952,0,0
18,1292,1297431,Crosstown2,Tri519217,0,130121,172952,0,0
18,1288,1297432,Crosstown2,Tri519218,0,130133,172952,0,0
18,1289,1297433,Crosstown2,Tri519218,0,130037,172952,0,0
18,1290,1297434,Crosstown2,Tri519218,0,130069,172952,0,0
18,1291,1297435,Crosstown2,Tri519218,0,130091,172952,0,0
18,1292,1297436,Crosstown2,Tri519218,0,130109,172952,0,0
18,1288,1297437,Crosstown2,Tri873954,0,130169,172952,0,0
18,1289,1297438,Crosstown2,Tri873954,0,130041,172952,0,0
18,1290,1297439,Crosstown2,Tri873954,0,130073,172952,0,0
18,1291,1297440,Crosstown2,Tri873954,0,130095,172952,0,0
18,1292,1297441,Crosstown2,Tri873954,0,130119,172952,0,0
18,1288,1297442,Crosstown2,Tri519219,0,130174,172952,0,0
18,1289,1297443,Crosstown2,Tri519219,0,130046,172952,0,0
18,1290,1297444,Crosstown2,Tri519219,0,130078,172952,0,0
18,1291,1297445,Crosstown2,Tri519219,0,130100,172952,0,0
18,1292,1297446,Crosstown2,Tri519219,0,130124,172952,0,0
18,1288,1297447,Crosstown2,Tri519220,0,130134,172952,0,0
18,1289,1297448,Crosstown2,Tri519220,0,130038,172952,0,0
18,1290,1297449,Crosstown2,Tri519220,0,130070,172952,0,0
18,1291,1297450,Crosstown2,Tri519220,0,130092,172952,0,0
18,1292,1297451,Crosstown2,Tri519220,0,130116,172952,0,0
18,1288,1297452,Crosstown2,Tri873955,0,130172,172952,0,0
18,1289,1297453,Crosstown2,Tri873955,0,130044,172952,0,0
18,1290,1297454,Crosstown2,Tri873955,0,130076,172952,0,0
18,1291,1297455,Crosstown2,Tri873955,0,130098,172952,0,0
18,1292,1297456,Crosstown2,Tri873955,0,130122,172952,0,0
18,1288,1297457,Crosstown2,Tri519221,0,130168,172952,0,0
18,1289,1297458,Crosstown2,Tri519221,0,130040,172952,0,0
18,1290,1297459,Crosstown2,Tri519221,0,130072,172952,0,0
18,1291,1297460,Crosstown2,Tri519221,0,130094,172952,0,0
18,1292,1297461,Crosstown2,Tri519221,0,130118,172952,0,0
18,1288,1297462,Crosstown2,Tri519222,0,130173,172952,0,0
18,1289,1297463,Crosstown2,Tri519222,0,130045,172952,0,0
18,1290,1297464,Crosstown2,Tri519222,0,130077,172952,0,0
18,1291,1297465,Crosstown2,Tri519222,0,130099,172952,0,0
18,1292,1297466,Crosstown2,Tri519222,0,130123,172952,0,0
18,1288,1297467,Crosstown2,Tri873956,0,130127,172952,0,0
18,1289,1297468,Crosstown2,Tri873956,0,130154,172952,0,0
18,1290,1297469,Crosstown2,Tri873956,0,130049,172952,0,0
18,1291,1297470,Crosstown2,Tri873956,0,130081,172952,0,0
18,1292,1297471,Crosstown2,Tri873956,0,130103,172952,0,0
18,1288,1297472,Crosstown2,Tri519223,0,130170,172952,0,0
18,1289,1297473,Crosstown2,Tri519223,0,130042,172952,0,0
18,1290,1297474,Crosstown2,Tri519223,0,130074,172952,0,0
18,1291,1297475,Crosstown2,Tri519223,0,130096,172952,0,0
18,1292,1297476,Crosstown2,Tri519223,0,130120,172952,0,0
18,1288,1297477,Crosstown2,Tri519224,0,130175,172952,0,0
18,1289,1297478,Crosstown2,Tri519224,0,130047,172952,0,0
18,1290,1297479,Crosstown2,Tri519224,0,130079,172952,0,0
18,1291,1297480,Crosstown2,Tri519224,0,130101,172952,0,0
18,1292,1297481,Crosstown2,Tri519224,0,130125,172952,0,0
18,1288,1297482,Crosstown2,Tri519225,0,130129,172952,0,0
18,1289,1297483,Crosstown2,Tri519225,0,130311,172952,0,0
18,1290,1297484,Crosstown2,Tri519225,0,130051,172952,0,0
18,1291,1297485,Crosstown2,Tri519225,0,130083,172952,0,0
18,1292,1297486,Crosstown2,Tri519225,0,130105,172952,0,0
18,1288,1300398,Crosstown2,Tri519099,1,130131,172957,0,0
18,1289,1300399,Crosstown2,Tri519099,1,130035,172957,0,0
18,1290,1300400,Crosstown2,Tri519099,1,130053,172957,0,0
18,1291,1300401,Crosstown2,Tri519099,1,130085,172957,0,0
18,1292,1300402,Crosstown2,Tri519099,1,130107,172957,0,0
18,1288,1300403,Crosstown2,Tri519100,1,130174,172957,0,0
18,1289,1300404,Crosstown2,Tri519100,1,130046,172957,0,0
18,1290,1300405,Crosstown2,Tri519100,1,130078,172957,0,0
18,1291,1300406,Crosstown2,Tri519100,1,130100,172957,0,0
18,1292,1300407,Crosstown2,Tri519100,1,130124,172957,0,0
18,1288,1300408,Crosstown2,Tri519101,1,130128,172957,0,0
18,1289,1300409,Crosstown2,Tri519101,1,130310,172957,0,0
18,1290,1300410,Crosstown2,Tri519101,1,130050,172957,0,0
18,1291,1300411,Crosstown2,Tri519101,1,130082,172957,0,0
18,1292,1300412,Crosstown2,Tri519101,1,130104,172957,0,0
18,1288,1300413,Crosstown2,Tri519102,1,130132,172957,0,0
18,1289,1300414,Crosstown2,Tri519102,1,130036,172957,0,0
18,1290,1300415,Crosstown2,Tri519102,1,130068,172957,0,0
18,1291,1300416,Crosstown2,Tri519102,1,130086,172957,0,0
18,1292,1300417,Crosstown2,Tri519102,1,130108,172957,0,0
18,1288,1300418,Crosstown2,Tri519103,1,130172,172957,0,0
18,1289,1300419,Crosstown2,Tri519103,1,130044,172957,0,0
18,1290,1300420,Crosstown2,Tri519103,1,130076,172957,0,0
18,1291,1300421,Crosstown2,Tri519103,1,130098,172957,0,0
18,1292,1300422,Crosstown2,Tri519103,1,130122,172957,0,0
18,1288,1300423,Crosstown2,Tri873947,1,130176,172957,0,0
18,1289,1300424,Crosstown2,Tri873947,1,130048,172957,0,0
18,1290,1300425,Crosstown2,Tri873947,1,130080,172957,0,0
18,1291,1300426,Crosstown2,Tri873947,1,130102,172957,0,0
18,1292,1300427,Crosstown2,Tri873947,1,130126,172957,0,0
18,1288,1300428,Crosstown2,Tri519104,1,130173,172957,0,0
18,1289,1300429,Crosstown2,Tri519104,1,130045,172957,0,0
18,1290,1300430,Crosstown2,Tri519104,1,130077,172957,0,0
18,1291,1300431,Crosstown2,Tri519104,1,130099,172957,0,0
18,1292,1300432,Crosstown2,Tri519104,1,130123,172957,0,0
18,1288,1300433,Crosstown2,Tri519105,1,130127,172957,0,0
18,1289,1300434,Crosstown2,Tri519105,1,130154,172957,0,0
18,1290,1300435,Crosstown2,Tri519105,1,130049,172957,0,0
18,1291,1300436,Crosstown2,Tri519105,1,130081,172957,0,0
18,1292,1300437,Crosstown2,Tri519105,1,130103,172957,0,0
18,1288,1300438,Crosstown2,Tri873948,1,130456,172957,0,0
18,1289,1300439,Crosstown2,Tri873948,1,130452,172957,0,0
18,1290,1300440,Crosstown2,Tri873948,1,130453,172957,0,0
18,1291,1300441,Crosstown2,Tri873948,1,130454,172957,0,0
18,1292,1300442,Crosstown2,Tri873948,1,130455,172957,0,0
18,1288,1300443,Crosstown2,Tri519106,1,130175,172957,0,0
18,1289,1300444,Crosstown2,Tri519106,1,130047,172957,0,0
18,1290,1300445,Crosstown2,Tri519106,1,130079,172957,0,0
18,1291,1300446,Crosstown2,Tri519106,1,130101,172957,0,0
18,1292,1300447,Crosstown2,Tri519106,1,130125,172957,0,0
18,1288,1300448,Crosstown2,Tri519107,1,130171,172957,0,0
18,1289,1300449,Crosstown2,Tri519107,1,130043,172957,0,0
18,1290,1300450,Crosstown2,Tri519107,1,130075,172957,0,0
18,1291,1300451,Crosstown2,Tri519107,1,130097,172957,0,0
18,1292,1300452,Crosstown2,Tri519107,1,130121,172957,0,0
18,1288,1300453,Crosstown2,Tri519108,1,130133,172957,0,0
18,1289,1300454,Crosstown2,Tri519108,1,130037,172957,0,0
18,1290,1300455,Crosstown2,Tri519108,1,130069,172957,0,0
18,1291,1300456,Crosstown2,Tri519108,1,130091,172957,0,0
18,1292,1300457,Crosstown2,Tri519108,1,130109,172957,0,0
18,1288,1300458,Crosstown2,Tri519109,1,130174,172957,0,0
18,1289,1300459,Crosstown2,Tri519109,1,130046,172957,0,0
18,1290,1300460,Crosstown2,Tri519109,1,130078,172957,0,0
18,1291,1300461,Crosstown2,Tri519109,1,130100,172957,0,0
18,1292,1300462,Crosstown2,Tri519109,1,130124,172957,0,0
18,1288,1300463,Crosstown2,Tri519127,1,130172,172957,0,0
18,1289,1300464,Crosstown2,Tri519127,1,130044,172957,0,0
18,1290,1300465,Crosstown2,Tri519127,1,130076,172957,0,0
18,1291,1300466,Crosstown2,Tri519127,1,130098,172957,0,0
18,1292,1300467,Crosstown2,Tri519127,1,130122,172957,0,0
18,1288,1300468,Crosstown2,Tri519128,1,130173,172957,0,0
18,1289,1300469,Crosstown2,Tri519128,1,130045,172957,0,0
18,1290,1300470,Crosstown2,Tri519128,1,130077,172957,0,0
18,1291,1300471,Crosstown2,Tri519128,1,130099,172957,0,0
18,1292,1300472,Crosstown2,Tri519128,1,130123,172957,0,0
18,1288,1300473,Crosstown2,Tri519129,1,130127,172957,0,0
18,1289,1300474,Crosstown2,Tri519129,1,130154,172957,0,0
18,1290,1300475,Crosstown2,Tri519129,1,130049,172957,0,0
18,1291,1300476,Crosstown2,Tri519129,1,130081,172957,0,0
18,1292,1300477,Crosstown2,Tri519129,1,130103,172957,0,0
18,1288,1300478,Crosstown2,Tri519130,1,130167,172957,0,0
18,1289,1300479,Crosstown2,Tri519130,1,130039,172957,0,0
18,1290,1300480,Crosstown2,Tri519130,1,130071,172957,0,0
18,1291,1300481,Crosstown2,Tri519130,1,130093,172957,0,0
18,1292,1300482,Crosstown2,Tri519130,1,130117,172957,0,0
18,1288,1300483,Crosstown2,Tri519131,1,130175,172957,0,0
18,1289,1300484,Crosstown2,Tri519131,1,130047,172957,0,0
18,1290,1300485,Crosstown2,Tri519131,1,130079,172957,0,0
18,1291,1300486,Crosstown2,Tri519131,1,130101,172957,0,0
18,1292,1300487,Crosstown2,Tri519131,1,130125,172957,0,0
18,1288,1300488,Crosstown2,Tri873972,1,130129,172957,0,0
18,1289,1300489,Crosstown2,Tri873972,1,130311,172957,0,0
18,1290,1300490,Crosstown2,Tri873972,1,130051,172957,0,0
18,1291,1300491,Crosstown2,Tri873972,1,130083,172957,0,0
18,1292,1300492,Crosstown2,Tri873972,1,130105,172957,0,0
18,1288,1300493,Crosstown2,Tri519132,1,130171,172957,0,0
18,1289,1300494,Crosstown2,Tri519132,1,130043,172957,0,0
18,1290,1300495,Crosstown2,Tri519132,1,130075,172957,0,0
18,1291,1300496,Crosstown2,Tri519132,1,130097,172957,0,0
18,1292,1300497,Crosstown2,Tri519132,1,130121,172957,0,0
18,1288,1300498,Crosstown2,Tri519133,1,130133,172957,0,0
18,1289,1300499,Crosstown2,Tri519133,1,130037,172957,0,0
18,1290,1300500,Crosstown2,Tri519133,1,130069,172957,0,0
18,1291,1300501,Crosstown2,Tri519133,1,130091,172957,0,0
18,1292,1300502,Crosstown2,Tri519133,1,130109,172957,0,0
18,1288,1300503,Crosstown2,Tri873973,1,130169,172957,0,0
18,1289,1300504,Crosstown2,Tri873973,1,130041,172957,0,0
18,1290,1300505,Crosstown2,Tri873973,1,130073,172957,0,0
18,1291,1300506,Crosstown2,Tri873973,1,130095,172957,0,0
18,1292,1300507,Crosstown2,Tri873973,1,130119,172957,0,0
18,1288,1300508,Crosstown2,Tri519134,1,130174,172957,0,0
18,1289,1300509,Crosstown2,Tri519134,1,130046,172957,0,0
18,1290,1300510,Crosstown2,Tri519134,1,130078,172957,0,0
18,1291,1300511,Crosstown2,Tri519134,1,130100,172957,0,0
18,1292,1300512,Crosstown2,Tri519134,1,130124,172957,0,0
18,1288,1300513,Crosstown2,Tri519135,1,130134,172957,0,0
18,1289,1300514,Crosstown2,Tri519135,1,130038,172957,0,0
18,1290,1300515,Crosstown2,Tri519135,1,130070,172957,0,0
18,1291,1300516,Crosstown2,Tri519135,1,130092,172957,0,0
18,1292,1300517,Crosstown2,Tri519135,1,130116,172957,0,0
18,1288,1300518,Crosstown2,Tri873974,1,130172,172957,0,0
18,1289,1300519,Crosstown2,Tri873974,1,130044,172957,0,0
18,1290,1300520,Crosstown2,Tri873974,1,130076,172957,0,0
18,1291,1300521,Crosstown2,Tri873974,1,130098,172957,0,0
18,1292,1300522,Crosstown2,Tri873974,1,130122,172957,0,0
18,1288,1300523,Crosstown2,Tri519136,1,130168,172957,0,0
18,1289,1300524,Crosstown2,Tri519136,1,130040,172957,0,0
18,1290,1300525,Crosstown2,Tri519136,1,130072,172957,0,0
18,1291,1300526,Crosstown2,Tri519136,1,130094,172957,0,0
18,1292,1300527,Crosstown2,Tri519136,1,130118,172957,0,0
18,1288,1300528,Crosstown2,Tri519137,1,130173,172957,0,0
18,1289,1300529,Crosstown2,Tri519137,1,130045,172957,0,0
18,1290,1300530,Crosstown2,Tri519137,1,130077,172957,0,0
18,1291,1300531,Crosstown2,Tri519137,1,130099,172957,0,0
18,1292,1300532,Crosstown2,Tri519137,1,130123,172957,0,0
18,1288,1300533,Crosstown2,Tri873975,1,130127,172957,0,0
18,1289,1300534,Crosstown2,Tri873975,1,130154,172957,0,0
18,1290,1300535,Crosstown2,Tri873975,1,130049,172957,0,0
18,1291,1300536,Crosstown2,Tri873975,1,130081,172957,0,0
18,1292,1300537,Crosstown2,Tri873975,1,130103,172957,0,0
18,1288,1300538,Crosstown2,Tri519138,1,130170,172957,0,0
18,1289,1300539,Crosstown2,Tri519138,1,130042,172957,0,0
18,1290,1300540,Crosstown2,Tri519138,1,130074,172957,0,0
18,1291,1300541,Crosstown2,Tri519138,1,130096,172957,0,0
18,1292,1300542,Crosstown2,Tri519138,1,130120,172957,0,0
18,1288,1300543,Crosstown2,Tri519139,1,130167,172957,0,0
18,1289,1300544,Crosstown2,Tri519139,1,130039,172957,0,0
18,1290,1300545,Crosstown2,Tri519139,1,130071,172957,0,0
18,1291,1300546,Crosstown2,Tri519139,1,130093,172957,0,0
18,1292,1300547,Crosstown2,Tri519139,1,130117,172957,0,0
18,1288,1300548,Crosstown2,Tri873976,1,130175,172957,0,0
18,1289,1300549,Crosstown2,Tri873976,1,130047,172957,0,0
18,1290,1300550,Crosstown2,Tri873976,1,130079,172957,0,0
18,1291,1300551,Crosstown2,Tri873976,1,130101,172957,0,0
18,1292,1300552,Crosstown2,Tri873976,1,130125,172957,0,0
18,1288,1300553,Crosstown2,Tri519140,1,130129,172957,0,0
18,1289,1300554,Crosstown2,Tri519140,1,130311,172957,0,0
18,1290,1300555,Crosstown2,Tri519140,1,130051,172957,0,0
18,1291,1300556,Crosstown2,Tri519140,1,130083,172957,0,0
18,1292,1300557,Crosstown2,Tri519140,1,130105,172957,0,0
18,1288,1300558,Crosstown2,Tri873977,1,130171,172957,0,0
18,1289,1300559,Crosstown2,Tri873977,1,130043,172957,0,0
18,1290,1300560,Crosstown2,Tri873977,1,130075,172957,0,0
18,1291,1300561,Crosstown2,Tri873977,1,130097,172957,0,0
18,1292,1300562,Crosstown2,Tri873977,1,130121,172957,0,0
18,1288,1300563,Crosstown2,Tri873978,1,130133,172957,0,0
18,1289,1300564,Crosstown2,Tri873978,1,130037,172957,0,0
18,1290,1300565,Crosstown2,Tri873978,1,130069,172957,0,0
18,1291,1300566,Crosstown2,Tri873978,1,130091,172957,0,0
18,1292,1300567,Crosstown2,Tri873978,1,130109,172957,0,0
18,1288,1300568,Crosstown2,Tri519142,1,130169,172957,0,0
18,1289,1300569,Crosstown2,Tri519142,1,130041,172957,0,0
18,1290,1300570,Crosstown2,Tri519142,1,130073,172957,0,0
18,1291,1300571,Crosstown2,Tri519142,1,130095,172957,0,0
18,1292,1300572,Crosstown2,Tri519142,1,130119,172957,0,0
18,1288,1300573,Crosstown2,Tri519143,1,130174,172957,0,0
18,1289,1300574,Crosstown2,Tri519143,1,130046,172957,0,0
18,1290,1300575,Crosstown2,Tri519143,1,130078,172957,0,0
18,1291,1300576,Crosstown2,Tri519143,1,130100,172957,0,0
18,1292,1300577,Crosstown2,Tri519143,1,130124,172957,0,0
18,1288,1300578,Crosstown2,Tri519144,1,130172,172957,0,0
18,1289,1300579,Crosstown2,Tri519144,1,130044,172957,0,0
18,1290,1300580,Crosstown2,Tri519144,1,130076,172957,0,0
18,1291,1300581,Crosstown2,Tri519144,1,130098,172957,0,0
18,1292,1300582,Crosstown2,Tri519144,1,130122,172957,0,0
18,1288,1300583,Crosstown2,Tri519145,1,130168,172957,0,0
18,1289,1300584,Crosstown2,Tri519145,1,130040,172957,0,0
18,1290,1300585,Crosstown2,Tri519145,1,130072,172957,0,0
18,1291,1300586,Crosstown2,Tri519145,1,130094,172957,0,0
18,1292,1300587,Crosstown2,Tri519145,1,130118,172957,0,0
18,1288,1301743,Crosstown2,Tri519097,1,130127,172957,0,0
18,1289,1301744,Crosstown2,Tri519097,1,130154,172957,0,0
18,1290,1301745,Crosstown2,Tri519097,1,130049,172957,0,0
18,1291,1301746,Crosstown2,Tri519097,1,130081,172957,0,0
18,1292,1301747,Crosstown2,Tri519097,1,130103,172957,0,0
18,1288,1301748,Crosstown2,Tri519098,1,130171,172957,0,0
18,1289,1301749,Crosstown2,Tri519098,1,130043,172957,0,0
18,1290,1301750,Crosstown2,Tri519098,1,130075,172957,0,0
18,1291,1301751,Crosstown2,Tri519098,1,130097,172957,0,0
18,1292,1301752,Crosstown2,Tri519098,1,130121,172957,0,0
18,1288,1301753,Crosstown2,Tri519110,1,130134,172957,0,0
18,1289,1301754,Crosstown2,Tri519110,1,130038,172957,0,0
18,1290,1301755,Crosstown2,Tri519110,1,130070,172957,0,0
18,1291,1301756,Crosstown2,Tri519110,1,130092,172957,0,0
18,1292,1301757,Crosstown2,Tri519110,1,130116,172957,0,0
18,1288,1301758,Crosstown2,Tri519111,1,130172,172957,0,0
18,1289,1301759,Crosstown2,Tri519111,1,130044,172957,0,0
18,1290,1301760,Crosstown2,Tri519111,1,130076,172957,0,0
18,1291,1301761,Crosstown2,Tri519111,1,130098,172957,0,0
18,1292,1301762,Crosstown2,Tri519111,1,130122,172957,0,0
18,1288,1301763,Crosstown2,Tri519112,1,130173,172957,0,0
18,1289,1301764,Crosstown2,Tri519112,1,130045,172957,0,0
18,1290,1301765,Crosstown2,Tri519112,1,130077,172957,0,0
18,1291,1301766,Crosstown2,Tri519112,1,130099,172957,0,0
18,1292,1301767,Crosstown2,Tri519112,1,130123,172957,0,0
18,1288,1301768,Crosstown2,Tri519113,1,130127,172957,0,0
18,1289,1301769,Crosstown2,Tri519113,1,130154,172957,0,0
18,1290,1301770,Crosstown2,Tri519113,1,130049,172957,0,0
18,1291,1301771,Crosstown2,Tri519113,1,130081,172957,0,0
18,1292,1301772,Crosstown2,Tri519113,1,130103,172957,0,0
18,1288,1301773,Crosstown2,Tri519114,1,130175,172957,0,0
18,1289,1301774,Crosstown2,Tri519114,1,130047,172957,0,0
18,1290,1301775,Crosstown2,Tri519114,1,130079,172957,0,0
18,1291,1301776,Crosstown2,Tri519114,1,130101,172957,0,0
18,1292,1301777,Crosstown2,Tri519114,1,130125,172957,0,0
18,1288,1301778,Crosstown2,Tri519115,1,130171,172957,0,0
18,1289,1301779,Crosstown2,Tri519115,1,130043,172957,0,0
18,1290,1301780,Crosstown2,Tri519115,1,130075,172957,0,0
18,1291,1301781,Crosstown2,Tri519115,1,130097,172957,0,0
18,1292,1301782,Crosstown2,Tri519115,1,130121,172957,0,0
18,1288,1301783,Crosstown2,Tri519116,1,130133,172957,0,0
18,1289,1301784,Crosstown2,Tri519116,1,130037,172957,0,0
18,1290,1301785,Crosstown2,Tri519116,1,130069,172957,0,0
18,1291,1301786,Crosstown2,Tri519116,1,130091,172957,0,0
18,1292,1301787,Crosstown2,Tri519116,1,130109,172957,0,0
18,1288,1301788,Crosstown2,Tri519117,1,130174,172957,0,0
18,1289,1301789,Crosstown2,Tri519117,1,130046,172957,0,0
18,1290,1301790,Crosstown2,Tri519117,1,130078,172957,0,0
18,1291,1301791,Crosstown2,Tri519117,1,130100,172957,0,0
18,1292,1301792,Crosstown2,Tri519117,1,130124,172957,0,0
18,1288,1301793,Crosstown2,Tri519118,1,130134,172957,0,0
18,1289,1301794,Crosstown2,Tri519118,1,130038,172957,0,0
18,1290,1301795,Crosstown2,Tri519118,1,130070,172957,0,0
18,1291,1301796,Crosstown2,Tri519118,1,130092,172957,0,0
18,1292,1301797,Crosstown2,Tri519118,1,130116,172957,0,0
18,1288,1301798,Crosstown2,Tri519119,1,130172,172957,0,0
18,1289,1301799,Crosstown2,Tri519119,1,130044,172957,0,0
18,1290,1301800,Crosstown2,Tri519119,1,130076,172957,0,0
18,1291,1301801,Crosstown2,Tri519119,1,130098,172957,0,0
18,1292,1301802,Crosstown2,Tri519119,1,130122,172957,0,0
18,1288,1301803,Crosstown2,Tri519120,1,130173,172957,0,0
18,1289,1301804,Crosstown2,Tri519120,1,130045,172957,0,0
18,1290,1301805,Crosstown2,Tri519120,1,130077,172957,0,0
18,1291,1301806,Crosstown2,Tri519120,1,130099,172957,0,0
18,1292,1301807,Crosstown2,Tri519120,1,130123,172957,0,0
18,1288,1301808,Crosstown2,Tri519121,1,130127,172957,0,0
18,1289,1301809,Crosstown2,Tri519121,1,130154,172957,0,0
18,1290,1301810,Crosstown2,Tri519121,1,130049,172957,0,0
18,1291,1301811,Crosstown2,Tri519121,1,130081,172957,0,0
18,1292,1301812,Crosstown2,Tri519121,1,130103,172957,0,0
18,1288,1301813,Crosstown2,Tri519122,1,130175,172957,0,0
18,1289,1301814,Crosstown2,Tri519122,1,130047,172957,0,0
18,1290,1301815,Crosstown2,Tri519122,1,130079,172957,0,0
18,1291,1301816,Crosstown2,Tri519122,1,130101,172957,0,0
18,1292,1301817,Crosstown2,Tri519122,1,130125,172957,0,0
18,1288,1301818,Crosstown2,Tri519123,1,130171,172957,0,0
18,1289,1301819,Crosstown2,Tri519123,1,130043,172957,0,0
18,1290,1301820,Crosstown2,Tri519123,1,130075,172957,0,0
18,1291,1301821,Crosstown2,Tri519123,1,130097,172957,0,0
18,1292,1301822,Crosstown2,Tri519123,1,130121,172957,0,0
18,1288,1301823,Crosstown2,Tri519124,1,130133,172957,0,0
18,1289,1301824,Crosstown2,Tri519124,1,130037,172957,0,0
18,1290,1301825,Crosstown2,Tri519124,1,130069,172957,0,0
18,1291,1301826,Crosstown2,Tri519124,1,130091,172957,0,0
18,1292,1301827,Crosstown2,Tri519124,1,130109,172957,0,0
18,1288,1301828,Crosstown2,Tri519125,1,130174,172957,0,0
18,1289,1301829,Crosstown2,Tri519125,1,130046,172957,0,0
18,1290,1301830,Crosstown2,Tri519125,1,130078,172957,0,0
18,1291,1301831,Crosstown2,Tri519125,1,130100,172957,0,0
18,1292,1301832,Crosstown2,Tri519125,1,130124,172957,0,0
18,1288,1301833,Crosstown2,Tri519126,1,130134,172957,0,0
18,1289,1301834,Crosstown2,Tri519126,1,130038,172957,0,0
18,1290,1301835,Crosstown2,Tri519126,1,130070,172957,0,0
18,1291,1301836,Crosstown2,Tri519126,1,130092,172957,0,0
18,1292,1301837,Crosstown2,Tri519126,1,130116,172957,0,0
18,1288,1301838,Crosstown2,Tri519146,1,130173,172957,0,0
18,1289,1301839,Crosstown2,Tri519146,1,130045,172957,0,0
18,1290,1301840,Crosstown2,Tri519146,1,130077,172957,0,0
18,1291,1301841,Crosstown2,Tri519146,1,130099,172957,0,0
18,1292,1301842,Crosstown2,Tri519146,1,130123,172957,0,0
18,1288,1301843,Crosstown2,Tri519147,1,130175,172957,0,0
18,1289,1301844,Crosstown2,Tri519147,1,130047,172957,0,0
18,1290,1301845,Crosstown2,Tri519147,1,130079,172957,0,0
18,1291,1301846,Crosstown2,Tri519147,1,130101,172957,0,0
18,1292,1301847,Crosstown2,Tri519147,1,130125,172957,0,0
18,1288,1301848,Crosstown2,Tri519148,1,130169,172957,0,0
18,1289,1301849,Crosstown2,Tri519148,1,130041,172957,0,0
18,1290,1301850,Crosstown2,Tri519148,1,130073,172957,0,0
18,1291,1301851,Crosstown2,Tri519148,1,130095,172957,0,0
18,1292,1301852,Crosstown2,Tri519148,1,130119,172957,0,0
18,1288,1301853,Crosstown2,Tri519149,1,130172,172957,0,0
18,1289,1301854,Crosstown2,Tri519149,1,130044,172957,0,0
18,1290,1301855,Crosstown2,Tri519149,1,130076,172957,0,0
18,1291,1301856,Crosstown2,Tri519149,1,130098,172957,0,0
18,1292,1301857,Crosstown2,Tri519149,1,130122,172957,0,0
18,1288,1301858,Crosstown2,Tri519150,1,130173,172957,0,0
18,1289,1301859,Crosstown2,Tri519150,1,130045,172957,0,0
18,1290,1301860,Crosstown2,Tri519150,1,130077,172957,0,0
18,1291,1301861,Crosstown2,Tri519150,1,130099,172957,0,0
18,1292,1301862,Crosstown2,Tri519150,1,130123,172957,0,0
18,1288,1301863,Crosstown2,Tri519151,1,130175,172957,0,0
18,1289,1301864,Crosstown2,Tri519151,1,130047,172957,0,0
18,1290,1301865,Crosstown2,Tri519151,1,130079,172957,0,0
18,1291,1301866,Crosstown2,Tri519151,1,130101,172957,0,0
18,1292,1301867,Crosstown2,Tri519151,1,130125,172957,0,0
18,1288,1301868,Crosstown2,Tri519152,1,130169,172957,0,0
18,1289,1301869,Crosstown2,Tri519152,1,130041,172957,0,0
18,1290,1301870,Crosstown2,Tri519152,1,130073,172957,0,0
18,1291,1301871,Crosstown2,Tri519152,1,130095,172957,0,0
18,1292,1301872,Crosstown2,Tri519152,1,130119,172957,0,0
18,1288,1301873,Crosstown2,Tri519153,1,130172,172957,0,0
18,1289,1301874,Crosstown2,Tri519153,1,130044,172957,0,0
18,1290,1301875,Crosstown2,Tri519153,1,130076,172957,0,0
18,1291,1301876,Crosstown2,Tri519153,1,130098,172957,0,0
18,1292,1301877,Crosstown2,Tri519153,1,130122,172957,0,0
18,1288,1301878,Crosstown2,Tri519154,1,130173,172957,0,0
18,1289,1301879,Crosstown2,Tri519154,1,130045,172957,0,0
18,1290,1301880,Crosstown2,Tri519154,1,130077,172957,0,0
18,1291,1301881,Crosstown2,Tri519154,1,130099,172957,0,0
18,1292,1301882,Crosstown2,Tri519154,1,130123,172957,0,0
18,1288,1301883,Crosstown2,Tri519155,1,130175,172957,0,0
18,1289,1301884,Crosstown2,Tri519155,1,130047,172957,0,0
18,1290,1301885,Crosstown2,Tri519155,1,130079,172957,0,0
18,1291,1301886,Crosstown2,Tri519155,1,130101,172957,0,0
18,1292,1301887,Crosstown2,Tri519155,1,130125,172957,0,0
18,1288,1301888,Crosstown2,Tri519156,1,130169,172957,0,0
18,1289,1301889,Crosstown2,Tri519156,1,130041,172957,0,0
18,1290,1301890,Crosstown2,Tri519156,1,130073,172957,0,0
18,1291,1301891,Crosstown2,Tri519156,1,130095,172957,0,0
18,1292,1301892,Crosstown2,Tri519156,1,130119,172957,0,0
18,1288,1301893,Crosstown2,Tri519157,1,130172,172957,0,0
18,1289,1301894,Crosstown2,Tri519157,1,130044,172957,0,0
18,1290,1301895,Crosstown2,Tri519157,1,130076,172957,0,0
18,1291,1301896,Crosstown2,Tri519157,1,130098,172957,0,0
18,1292,1301897,Crosstown2,Tri519157,1,130122,172957,0,0
18,1288,1301898,Crosstown2,Tri519158,1,130173,172957,0,0
18,1289,1301899,Crosstown2,Tri519158,1,130045,172957,0,0
18,1290,1301900,Crosstown2,Tri519158,1,130077,172957,0,0
18,1291,1301901,Crosstown2,Tri519158,1,130099,172957,0,0
18,1292,1301902,Crosstown2,Tri519158,1,130123,172957,0,0
18,1288,1301903,Crosstown2,Tri848701,1,130175,172957,0,0
18,1289,1301904,Crosstown2,Tri848701,1,130047,172957,0,0
18,1290,1301905,Crosstown2,Tri848701,1,130079,172957,0,0
18,1291,1301906,Crosstown2,Tri848701,1,130101,172957,0,0
18,1292,1301907,Crosstown2,Tri848701,1,130125,172957,0,0
18,1288,1303542,Crosstown2,Tri519160,0,130131,172952,0,0
18,1289,1303543,Crosstown2,Tri519160,0,130035,172952,0,0
18,1290,1303544,Crosstown2,Tri519160,0,130053,172952,0,0
18,1291,1303545,Crosstown2,Tri519160,0,130085,172952,0,0
18,1292,1303546,Crosstown2,Tri519160,0,130107,172952,0,0
18,1288,1303547,Crosstown2,Tri519161,0,130132,172952,0,0
18,1289,1303548,Crosstown2,Tri519161,0,130036,172952,0,0
18,1290,1303549,Crosstown2,Tri519161,0,130068,172952,0,0
18,1291,1303550,Crosstown2,Tri519161,0,130086,172952,0,0
18,1292,1303551,Crosstown2,Tri519161,0,130108,172952,0,0
18,1288,1303552,Crosstown2,Tri519189,0,130172,172952,0,0
18,1289,1303553,Crosstown2,Tri519189,0,130044,172952,0,0
18,1290,1303554,Crosstown2,Tri519189,0,130076,172952,0,0
18,1291,1303555,Crosstown2,Tri519189,0,130098,172952,0,0
18,1292,1303556,Crosstown2,Tri519189,0,130122,172952,0,0
18,1288,1303557,Crosstown2,Tri519190,0,130173,172952,0,0
18,1289,1303558,Crosstown2,Tri519190,0,130045,172952,0,0
18,1290,1303559,Crosstown2,Tri519190,0,130077,172952,0,0
18,1291,1303560,Crosstown2,Tri519190,0,130099,172952,0,0
18,1292,1303561,Crosstown2,Tri519190,0,130123,172952,0,0
18,1288,1303562,Crosstown2,Tri519191,0,130127,172952,0,0
18,1289,1303563,Crosstown2,Tri519191,0,130154,172952,0,0
18,1290,1303564,Crosstown2,Tri519191,0,130049,172952,0,0
18,1291,1303565,Crosstown2,Tri519191,0,130081,172952,0,0
18,1292,1303566,Crosstown2,Tri519191,0,130103,172952,0,0
18,1288,1303567,Crosstown2,Tri519192,0,130175,172952,0,0
18,1289,1303568,Crosstown2,Tri519192,0,130047,172952,0,0
18,1290,1303569,Crosstown2,Tri519192,0,130079,172952,0,0
18,1291,1303570,Crosstown2,Tri519192,0,130101,172952,0,0
18,1292,1303571,Crosstown2,Tri519192,0,130125,172952,0,0
18,1288,1303572,Crosstown2,Tri519193,0,130171,172952,0,0
18,1289,1303573,Crosstown2,Tri519193,0,130043,172952,0,0
18,1290,1303574,Crosstown2,Tri519193,0,130075,172952,0,0
18,1291,1303575,Crosstown2,Tri519193,0,130097,172952,0,0
18,1292,1303576,Crosstown2,Tri519193,0,130121,172952,0,0
18,1288,1303577,Crosstown2,Tri519194,0,130133,172952,0,0
18,1289,1303578,Crosstown2,Tri519194,0,130037,172952,0,0
18,1290,1303579,Crosstown2,Tri519194,0,130069,172952,0,0
18,1291,1303580,Crosstown2,Tri519194,0,130091,172952,0,0
18,1292,1303581,Crosstown2,Tri519194,0,130109,172952,0,0
18,1288,1303582,Crosstown2,Tri519195,0,130174,172952,0,0
18,1289,1303583,Crosstown2,Tri519195,0,130046,172952,0,0
18,1290,1303584,Crosstown2,Tri519195,0,130078,172952,0,0
18,1291,1303585,Crosstown2,Tri519195,0,130100,172952,0,0
18,1292,1303586,Crosstown2,Tri519195,0,130124,172952,0,0
18,1288,1303587,Crosstown2,Tri519196,0,130134,172952,0,0
18,1289,1303588,Crosstown2,Tri519196,0,130038,172952,0,0
18,1290,1303589,Crosstown2,Tri519196,0,130070,172952,0,0
18,1291,1303590,Crosstown2,Tri519196,0,130092,172952,0,0
18,1292,1303591,Crosstown2,Tri519196,0,130116,172952,0,0
18,1288,1303592,Crosstown2,Tri519197,0,130172,172952,0,0
18,1289,1303593,Crosstown2,Tri519197,0,130044,172952,0,0
18,1290,1303594,Crosstown2,Tri519197,0,130076,172952,0,0
18,1291,1303595,Crosstown2,Tri519197,0,130098,172952,0,0
18,1292,1303596,Crosstown2,Tri519197,0,130122,172952,0,0
18,1288,1303597,Crosstown2,Tri519198,0,130173,172952,0,0
18,1289,1303598,Crosstown2,Tri519198,0,130045,172952,0,0
18,1290,1303599,Crosstown2,Tri519198,0,130077,172952,0,0
18,1291,1303600,Crosstown2,Tri519198,0,130099,172952,0,0
18,1292,1303601,Crosstown2,Tri519198,0,130123,172952,0,0
18,1288,1303602,Crosstown2,Tri519199,0,130127,172952,0,0
18,1289,1303603,Crosstown2,Tri519199,0,130154,172952,0,0
18,1290,1303604,Crosstown2,Tri519199,0,130049,172952,0,0
18,1291,1303605,Crosstown2,Tri519199,0,130081,172952,0,0
18,1292,1303606,Crosstown2,Tri519199,0,130103,172952,0,0
18,1288,1303607,Crosstown2,Tri519200,0,130175,172952,0,0
18,1289,1303608,Crosstown2,Tri519200,0,130047,172952,0,0
18,1290,1303609,Crosstown2,Tri519200,0,130079,172952,0,0
18,1291,1303610,Crosstown2,Tri519200,0,130101,172952,0,0
18,1292,1303611,Crosstown2,Tri519200,0,130125,172952,0,0
18,1288,1303612,Crosstown2,Tri519201,0,130171,172952,0,0
18,1289,1303613,Crosstown2,Tri519201,0,130043,172952,0,0
18,1290,1303614,Crosstown2,Tri519201,0,130075,172952,0,0
18,1291,1303615,Crosstown2,Tri519201,0,130097,172952,0,0
18,1292,1303616,Crosstown2,Tri519201,0,130121,172952,0,0
18,1288,1303617,Crosstown2,Tri519202,0,130133,172952,0,0
18,1289,1303618,Crosstown2,Tri519202,0,130037,172952,0,0
18,1290,1303619,Crosstown2,Tri519202,0,130069,172952,0,0
18,1291,1303620,Crosstown2,Tri519202,0,130091,172952,0,0
18,1292,1303621,Crosstown2,Tri519202,0,130109,172952,0,0
18,1288,1303622,Crosstown2,Tri519203,0,130174,172952,0,0
18,1289,1303623,Crosstown2,Tri519203,0,130046,172952,0,0
18,1290,1303624,Crosstown2,Tri519203,0,130078,172952,0,0
18,1291,1303625,Crosstown2,Tri519203,0,130100,172952,0,0
18,1292,1303626,Crosstown2,Tri519203,0,130124,172952,0,0
18,1288,1303627,Crosstown2,Tri519204,0,130134,172952,0,0
18,1289,1303628,Crosstown2,Tri519204,0,130038,172952,0,0
18,1290,1303629,Crosstown2,Tri519204,0,130070,172952,0,0
18,1291,1303630,Crosstown2,Tri519204,0,130092,172952,0,0
18,1292,1303631,Crosstown2,Tri519204,0,130116,172952,0,0
18,1288,1303632,Crosstown2,Tri519205,0,130172,172952,0,0
18,1289,1303633,Crosstown2,Tri519205,0,130044,172952,0,0
18,1290,1303634,Crosstown2,Tri519205,0,130076,172952,0,0
18,1291,1303635,Crosstown2,Tri519205,0,130098,172952,0,0
18,1292,1303636,Crosstown2,Tri519205,0,130122,172952,0,0
18,1288,1303637,Crosstown2,Tri519206,0,130173,172952,0,0
18,1289,1303638,Crosstown2,Tri519206,0,130045,172952,0,0
18,1290,1303639,Crosstown2,Tri519206,0,130077,172952,0,0
18,1291,1303640,Crosstown2,Tri519206,0,130099,172952,0,0
18,1292,1303641,Crosstown2,Tri519206,0,130123,172952,0,0
18,1288,1303642,Crosstown2,Tri519207,0,130127,172952,0,0
18,1289,1303643,Crosstown2,Tri519207,0,130154,172952,0,0
18,1290,1303644,Crosstown2,Tri519207,0,130049,172952,0,0
18,1291,1303645,Crosstown2,Tri519207,0,130081,172952,0,0
18,1292,1303646,Crosstown2,Tri519207,0,130103,172952,0,0
18,1288,1303647,Crosstown2,Tri519226,0,130169,172952,0,0
18,1289,1303648,Crosstown2,Tri519226,0,130041,172952,0,0
18,1290,1303649,Crosstown2,Tri519226,0,130073,172952,0,0
18,1291,1303650,Crosstown2,Tri519226,0,130095,172952,0,0
18,1292,1303651,Crosstown2,Tri519226,0,130119,172952,0,0
18,1288,1303652,Crosstown2,Tri519227,0,130172,172952,0,0
18,1289,1303653,Crosstown2,Tri519227,0,130044,172952,0,0
18,1290,1303654,Crosstown2,Tri519227,0,130076,172952,0,0
18,1291,1303655,Crosstown2,Tri519227,0,130098,172952,0,0
18,1292,1303656,Crosstown2,Tri519227,0,130122,172952,0,0
18,1288,1303657,Crosstown2,Tri519228,0,130173,172952,0,0
18,1289,1303658,Crosstown2,Tri519228,0,130045,172952,0,0
18,1290,1303659,Crosstown2,Tri519228,0,130077,172952,0,0
18,1291,1303660,Crosstown2,Tri519228,0,130099,172952,0,0
18,1292,1303661,Crosstown2,Tri519228,0,130123,172952,0,0
18,1288,1303662,Crosstown2,Tri519229,0,130175,172952,0,0
18,1289,1303663,Crosstown2,Tri519229,0,130047,172952,0,0
18,1290,1303664,Crosstown2,Tri519229,0,130079,172952,0,0
18,1291,1303665,Crosstown2,Tri519229,0,130101,172952,0,0
18,1292,1303666,Crosstown2,Tri519229,0,130125,172952,0,0
18,1288,1303667,Crosstown2,Tri519230,0,130169,172952,0,0
18,1289,1303668,Crosstown2,Tri519230,0,130041,172952,0,0
18,1290,1303669,Crosstown2,Tri519230,0,130073,172952,0,0
18,1291,1303670,Crosstown2,Tri519230,0,130095,172952,0,0
18,1292,1303671,Crosstown2,Tri519230,0,130119,172952,0,0
18,1288,1303672,Crosstown2,Tri519231,0,130172,172952,0,0
18,1289,1303673,Crosstown2,Tri519231,0,130044,172952,0,0
18,1290,1303674,Crosstown2,Tri519231,0,130076,172952,0,0
18,1291,1303675,Crosstown2,Tri519231,0,130098,172952,0,0
18,1292,1303676,Crosstown2,Tri519231,0,130122,172952,0,0
18,1288,1303677,Crosstown2,Tri519232,0,130173,172952,0,0
18,1289,1303678,Crosstown2,Tri519232,0,130045,172952,0,0
18,1290,1303679,Crosstown2,Tri519232,0,130077,172952,0,0
18,1291,1303680,Crosstown2,Tri519232,0,130099,172952,0,0
18,1292,1303681,Crosstown2,Tri519232,0,130123,172952,0,0
18,1288,1303682,Crosstown2,Tri519233,0,130175,172952,0,0
18,1289,1303683,Crosstown2,Tri519233,0,130047,172952,0,0
18,1290,1303684,Crosstown2,Tri519233,0,130079,172952,0,0
18,1291,1303685,Crosstown2,Tri519233,0,130101,172952,0,0
18,1292,1303686,Crosstown2,Tri519233,0,130125,172952,0,0
18,1288,1303687,Crosstown2,Tri519234,0,130169,172952,0,0
18,1289,1303688,Crosstown2,Tri519234,0,130041,172952,0,0
18,1290,1303689,Crosstown2,Tri519234,0,130073,172952,0,0
18,1291,1303690,Crosstown2,Tri519234,0,130095,172952,0,0
18,1292,1303691,Crosstown2,Tri519234,0,130119,172952,0,0
18,1288,1303692,Crosstown2,Tri519235,0,130172,172952,0,0
18,1289,1303693,Crosstown2,Tri519235,0,130044,172952,0,0
18,1290,1303694,Crosstown2,Tri519235,0,130076,172952,0,0
18,1291,1303695,Crosstown2,Tri519235,0,130098,172952,0,0
18,1292,1303696,Crosstown2,Tri519235,0,130122,172952,0,0
18,1288,1303697,Crosstown2,Tri519236,0,130173,172952,0,0
18,1289,1303698,Crosstown2,Tri519236,0,130045,172952,0,0
18,1290,1303699,Crosstown2,Tri519236,0,130077,172952,0,0
18,1291,1303700,Crosstown2,Tri519236,0,130099,172952,0,0
18,1292,1303701,Crosstown2,Tri519236,0,130123,172952,0,0
18,1288,1303702,Crosstown2,Tri519237,0,130175,172952,0,0
18,1289,1303703,Crosstown2,Tri519237,0,130047,172952,0,0
18,1290,1303704,Crosstown2,Tri519237,0,130079,172952,0,0
18,1291,1303705,Crosstown2,Tri519237,0,130101,172952,0,0
18,1292,1303706,Crosstown2,Tri519237,0,130125,172952,0,0
18,1288,1303707,Crosstown2,Tri519238,0,130169,172952,0,0
18,1289,1303708,Crosstown2,Tri519238,0,130041,172952,0,0
18,1290,1303709,Crosstown2,Tri519238,0,130073,172952,0,0
18,1291,1303710,Crosstown2,Tri519238,0,130095,172952,0,0
18,1292,1303711,Crosstown2,Tri519238,0,130119,172952,0,0
18,1288,1303712,Crosstown2,Tri848702,0,130172,172952,0,0
18,1289,1303713,Crosstown2,Tri848702,0,130044,172952,0,0
18,1290,1303714,Crosstown2,Tri848702,0,130076,172952,0,0
18,1291,1303715,Crosstown2,Tri848702,0,130098,172952,0,0
18,1292,1303716,Crosstown2,Tri848702,0,130122,172952,0,0
18,1287,1304816,Crosstown2,Tri519287,1,827,172957,0,0
18,1287,1304817,Crosstown2,Tri519288,1,815,172957,0,0
18,1287,1304818,Crosstown2,Tri519289,1,826,172957,0,0
18,1287,1304819,Crosstown2,Tri519290,1,828,172957,0,0
18,1287,1304820,Crosstown2,Tri519291,1,827,172957,0,0
18,1287,1304821,Crosstown2,Tri519292,1,815,172957,0,0
18,1287,1304822,Crosstown2,Tri519293,1,826,172957,0,0
18,1287,1304823,Crosstown2,Tri519294,1,828,172957,0,0
18,1287,1304824,Crosstown2,Tri519295,1,827,172957,0,0
18,1287,1304825,Crosstown2,Tri519296,1,815,172957,0,0
18,1287,1304826,Crosstown2,Tri519297,1,816,172957,0,0
18,1287,1304827,Crosstown2,Tri519298,1,826,172957,0,0
18,1287,1304828,Crosstown2,Tri519299,1,828,172957,0,0
18,1287,1304829,Crosstown2,Tri519300,1,827,172957,0,0
18,1287,1304830,Crosstown2,Tri519301,1,817,172957,0,0
18,1287,1304831,Crosstown2,Tri519302,1,815,172957,0,0
18,1287,1304832,Crosstown2,Tri519303,1,816,172957,0,0
18,1287,1304833,Crosstown2,Tri519304,1,826,172957,0,0
18,1287,1304834,Crosstown2,Tri519305,1,828,172957,0,0
18,1287,1304835,Crosstown2,Tri519306,1,827,172957,0,0
18,1287,1304836,Crosstown2,Tri519307,1,817,172957,0,0
18,1287,1304837,Crosstown2,Tri519308,1,815,172957,0,0
18,1287,1304838,Crosstown2,Tri519309,1,816,172957,0,0
18,1287,1304839,Crosstown2,Tri519310,1,826,172957,0,0
18,1287,1304840,Crosstown2,Tri519311,1,828,172957,0,0
18,1287,1304841,Crosstown2,Tri519312,1,827,172957,0,0
18,1287,1304842,Crosstown2,Tri519313,1,817,172957,0,0
18,1287,1304843,Crosstown2,Tri519314,1,815,172957,0,0
18,1287,1304844,Crosstown2,Tri519315,1,816,172957,0,0
18,1287,1304845,Crosstown2,Tri519316,1,826,172957,0,0
18,1287,1304846,Crosstown2,Tri519317,1,828,172957,0,0
18,1287,1304847,Crosstown2,Tri519318,1,827,172957,0,0
18,1287,1304848,Crosstown2,Tri519319,1,817,172957,0,0
18,1287,1304849,Crosstown2,Tri519320,1,815,172957,0,0
18,1287,1304850,Crosstown2,Tri519321,1,826,172957,0,0
18,1287,1304851,Crosstown2,Tri519322,1,828,172957,0,0
18,1287,1304852,Crosstown2,Tri519323,1,817,172957,0,0
18,1287,1304853,Crosstown2,Tri519324,1,815,172957,0,0
18,1287,1304854,Crosstown2,Tri519325,1,826,172957,0,0
18,1287,1304855,Crosstown2,Tri519326,1,828,172957,0,0
18,1287,1304856,Crosstown2,Tri519327,1,817,172957,0,0
18,1287,1304857,Crosstown2,Tri519328,1,815,172957,0,0
18,1287,1304858,Crosstown2,Tri519329,1,826,172957,0,0
18,1287,1304859,Crosstown2,Tri519330,1,828,172957,0,0
18,1287,1304860,Crosstown2,Tri519331,1,817,172957,0,0
18,1287,1304861,Crosstown2,Tri519332,1,815,172957,0,0
18,1287,1304862,Crosstown2,Tri848704,1,826,172957,0,0
18,1287,1304863,Crosstown2,Tri519334,0,826,172952,0,0
18,1287,1304864,Crosstown2,Tri519335,0,828,172952,0,0
18,1287,1304865,Crosstown2,Tri519336,0,827,172952,0,0
18,1287,1304866,Crosstown2,Tri519337,0,815,172952,0,0
18,1287,1304867,Crosstown2,Tri519338,0,826,172952,0,0
18,1287,1304868,Crosstown2,Tri519339,0,828,172952,0,0
18,1287,1304869,Crosstown2,Tri519340,0,827,172952,0,0
18,1287,1304870,Crosstown2,Tri519341,0,815,172952,0,0
18,1287,1304871,Crosstown2,Tri519342,0,826,172952,0,0
18,1287,1304872,Crosstown2,Tri519343,0,828,172952,0,0
18,1287,1304873,Crosstown2,Tri519344,0,827,172952,0,0
18,1287,1304874,Crosstown2,Tri519345,0,817,172952,0,0
18,1287,1304875,Crosstown2,Tri519346,0,815,172952,0,0
18,1287,1304876,Crosstown2,Tri519347,0,816,172952,0,0
18,1287,1304877,Crosstown2,Tri519348,0,826,172952,0,0
18,1287,1304878,Crosstown2,Tri519349,0,828,172952,0,0
18,1287,1304879,Crosstown2,Tri519350,0,827,172952,0,0
18,1287,1304880,Crosstown2,Tri519351,0,817,172952,0,0
18,1287,1304881,Crosstown2,Tri519352,0,815,172952,0,0
18,1287,1304882,Crosstown2,Tri519353,0,816,172952,0,0
18,1287,1304883,Crosstown2,Tri519354,0,826,172952,0,0
18,1287,1304884,Crosstown2,Tri519355,0,828,172952,0,0
18,1287,1304885,Crosstown2,Tri519356,0,827,172952,0,0
18,1287,1304886,Crosstown2,Tri519357,0,817,172952,0,0
18,1287,1304887,Crosstown2,Tri519358,0,815,172952,0,0
18,1287,1304888,Crosstown2,Tri519359,0,816,172952,0,0
18,1287,1304889,Crosstown2,Tri519360,0,826,172952,0,0
18,1287,1304890,Crosstown2,Tri519361,0,828,172952,0,0
18,1287,1304891,Crosstown2,Tri519362,0,827,172952,0,0
18,1287,1304892,Crosstown2,Tri519363,0,817,172952,0,0
18,1287,1304893,Crosstown2,Tri519364,0,815,172952,0,0
18,1287,1304894,Crosstown2,Tri519365,0,816,172952,0,0
18,1287,1304895,Crosstown2,Tri519366,0,826,172952,0,0
18,1287,1304896,Crosstown2,Tri519367,0,828,172952,0,0
18,1287,1304897,Crosstown2,Tri519368,0,817,172952,0,0
18,1287,1304898,Crosstown2,Tri519369,0,815,172952,0,0
18,1287,1304899,Crosstown2,Tri519370,0,826,172952,0,0
18,1287,1304900,Crosstown2,Tri519371,0,828,172952,0,0
18,1287,1304901,Crosstown2,Tri519372,0,817,172952,0,0
18,1287,1304902,Crosstown2,Tri519373,0,815,172952,0,0
18,1287,1304903,Crosstown2,Tri519374,0,826,172952,0,0
18,1287,1304904,Crosstown2,Tri519375,0,828,172952,0,0
18,1287,1304905,Crosstown2,Tri519376,0,817,172952,0,0
18,1287,1304906,Crosstown2,Tri519377,0,815,172952,0,0
18,1287,1304907,Crosstown2,Tri519378,0,826,172952,0,0
18,1287,1304908,Crosstown2,Tri519379,0,828,172952,0,0
18,1287,1304909,Crosstown2,Tri848703,0,817,172952,0,0
18,1294,1306057,Crosstown2,Tri534573,0,1812,172952,0,0
18,1294,1306058,Crosstown2,Tri534604,0,1811,172952,0,0
18,1294,1306059,Crosstown2,Tri534605,0,1812,172952,0,0
18,1294,1306060,Crosstown2,Tri534606,0,1811,172952,0,0
18,1294,1306061,Crosstown2,Tri534607,0,1812,172952,0,0
18,1294,1306062,Crosstown2,Tri534608,0,1811,172952,0,0
18,1294,1306063,Crosstown2,Tri534609,0,1812,172952,0,0
18,1294,1306064,Crosstown2,Tri534610,0,1811,172952,0,0
18,1294,1306071,Crosstown2,Tri534572,1,1811,172957,0,0
18,1294,1306072,Crosstown2,Tri534597,1,1812,172957,0,0
18,1294,1306073,Crosstown2,Tri534598,1,1811,172957,0,0
18,1294,1306074,Crosstown2,Tri534599,1,1812,172957,0,0
18,1294,1306075,Crosstown2,Tri534600,1,1811,172957,0,0
18,1294,1306076,Crosstown2,Tri534601,1,1812,172957,0,0
18,1294,1306077,Crosstown2,Tri534602,1,1811,172957,0,0
18,1294,1306078,Crosstown2,Tri534603,1,1812,172957,0,0
18,1288,1306225,Crosstown2,Tri758848,1,130130,172955,0,0
18,1289,1306226,Crosstown2,Tri758848,1,129882,172955,0,0
18,1290,1306227,Crosstown2,Tri758848,1,130052,172955,0,0
18,1291,1306228,Crosstown2,Tri758848,1,130084,172955,0,0
18,1292,1306229,Crosstown2,Tri758848,1,130106,172955,0,0
19,1293,1294753,Central3,Tri1879135,0,135794,172963,0,0
19,1295,1294752,Central3,Tri1879135,0,135796,172963,0,0
19,1293,1294860,Central3,Tri1879136,0,135774,172963,0,0
19,1295,1294861,Central3,Tri1879136,0,135795,172963,0,0
19,1293,1294863,Central3,Tri1879137,0,135794,172963,0,0
19,1295,1294864,Central3,Tri1879137,0,135796,172963,0,0
19,1293,1294866,Central3,Tri1879138,0,135774,172963,0,0
19,1295,1294867,Central3,Tri1879138,0,135795,172963,0,0
19,1293,1294869,Central3,Tri1879139,0,135794,172963,0,0
19,1295,1294870,Central3,Tri1879139,0,135796,172963,0,0
19,1293,1294872,Central3,Tri1879140,0,135774,172963,0,0
19,1295,1294873,Central3,Tri1879140,0,135795,172963,0,0
19,1286,1294874,Central3,Tri1879140,0,129955,172963,0,0
19,1293,1294875,Central3,Tri1879141,0,135794,172963,0,0
19,1295,1294876,Central3,Tri1879141,0,135796,172963,0,0
19,1286,1294877,Central3,Tri1879141,0,129954,172963,0,0
19,1293,1294878,Central3,Tri1879142,0,135774,172963,0,0
19,1295,1294879,Central3,Tri1879142,0,135795,172963,0,0
19,1286,1294880,Central3,Tri1879142,0,129955,172963,0,0
19,1293,1294881,Central3,Tri1879143,0,135794,172963,0,0
19,1295,1294882,Central3,Tri1879143,0,135796,172963,0,0
19,1286,1294883,Central3,Tri1879143,0,129954,172963,0,0
19,1293,1294884,Central3,Tri1879144,0,135774,172963,0,0
19,1295,1294885,Central3,Tri1879144,0,135795,172963,0,0
19,1286,1294886,Central3,Tri1879144,0,129955,172963,0,0
19,1293,1294887,Central3,Tri1879145,0,135794,172963,0,0
19,1295,1294888,Central3,Tri1879145,0,135796,172963,0,0
19,1286,1294889,Central3,Tri1879145,0,129954,172963,0,0
19,1293,1294890,Central3,Tri1879146,0,135774,172963,0,0
19,1286,1294859,Central3,Tri1879135,0,129954,172963,0,0
19,1286,1294862,Central3,Tri1879136,0,129955,172963,0,0
19,1286,1294865,Central3,Tri1879137,0,129954,172963,0,0
19,1286,1294868,Central3,Tri1879138,0,129955,172963,0,0
19,1286,1294871,Central3,Tri1879139,0,129954,172963,0,0
19,1295,1294891,Central3,Tri1879146,0,135795,172963,0,0
19,1286,1294892,Central3,Tri1879146,0,129955,172963,0,0
19,1293,1295618,Central3,Tri1879123,1,135774,172964,0,0
19,1295,1295619,Central3,Tri1879123,1,135795,172964,0,0
19,1286,1295620,Central3,Tri1879123,1,129955,172964,0,0
19,1293,1295621,Central3,Tri1879124,1,135794,172964,0,0
19,1295,1295622,Central3,Tri1879124,1,135796,172964,0,0
19,1286,1295623,Central3,Tri1879124,1,129954,172964,0,0
19,1293,1295633,Central3,Tri1879128,1,135794,172964,0,0
19,1295,1295634,Central3,Tri1879128,1,135796,172964,0,0
19,1286,1295635,Central3,Tri1879128,1,129954,172964,0,0
19,1293,1295636,Central3,Tri1879129,1,135774,172964,0,0
19,1295,1295637,Central3,Tri1879129,1,135795,172964,0,0
19,1286,1295638,Central3,Tri1879129,1,129955,172964,0,0
19,1293,1295639,Central3,Tri1879130,1,135794,172964,0,0
19,1295,1295640,Central3,Tri1879130,1,135796,172964,0,0
19,1286,1295641,Central3,Tri1879130,1,129954,172964,0,0
19,1293,1295642,Central3,Tri1879131,1,135774,172964,0,0
19,1295,1295643,Central3,Tri1879131,1,135795,172964,0,0
19,1286,1295644,Central3,Tri1879131,1,129955,172964,0,0
19,1293,1295645,Central3,Tri1879132,1,135794,172964,0,0
19,1295,1295646,Central3,Tri1879132,1,135796,172964,0,0
19,1286,1295647,Central3,Tri1879132,1,129954,172964,0,0
19,1293,1295648,Central3,Tri1879133,1,135774,172964,0,0
19,1295,1295649,Central3,Tri1879133,1,135795,172964,0,0
19,1286,1295650,Central3,Tri1879133,1,129955,172964,0,0
19,1293,1295651,Central3,Tri1879134,1,135794,172964,0,0
19,1295,1295652,Central3,Tri1879134,1,135796,172964,0,0
19,1286,1295653,Central3,Tri1879134,1,129954,172964,0,0
19,1293,1295624,Central3,Tri1879125,1,135774,172964,0,0
19,1295,1295625,Central3,Tri1879125,1,135795,172964,0,0
19,1286,1295626,Central3,Tri1879125,1,129955,172964,0,0
19,1293,1295627,Central3,Tri1879126,1,135794,172964,0,0
19,1295,1295628,Central3,Tri1879126,1,135796,172964,0,0
19,1286,1295629,Central3,Tri1879126,1,129954,172964,0,0
19,1293,1295630,Central3,Tri1879127,1,135774,172964,0,0
19,1295,1295631,Central3,Tri1879127,1,135795,172964,0,0
19,1286,1295632,Central3,Tri1879127,1,129955,172964,0,0
19,1288,1296450,Central3,Tri1879037,0,130266,172963,0,0
19,1289,1296451,Central3,Tri1879037,0,129938,172963,0,0
19,1291,1296453,Central3,Tri1879037,0,130258,172963,0,0
19,1292,1296454,Central3,Tri1879037,0,130262,172963,0,0
19,1288,1296457,Central3,Tri1879038,0,130269,172963,0,0
19,1289,1296458,Central3,Tri1879038,0,129939,172963,0,0
19,1290,1296459,Central3,Tri1879038,0,130257,172963,0,0
19,1291,1296460,Central3,Tri1879038,0,130261,172963,0,0
19,1292,1296461,Central3,Tri1879038,0,130265,172963,0,0
19,1288,1296464,Central3,Tri1879039,0,130267,172963,0,0
19,1289,1296465,Central3,Tri1879039,0,129940,172963,0,0
19,1291,1296467,Central3,Tri1879039,0,130259,172963,0,0
19,1292,1296468,Central3,Tri1879039,0,130263,172963,0,0
19,1288,1296471,Central3,Tri1879040,0,130268,172963,0,0
19,1289,1296472,Central3,Tri1879040,0,129941,172963,0,0
19,1290,1296473,Central3,Tri1879040,0,130256,172963,0,0
19,1291,1296474,Central3,Tri1879040,0,130260,172963,0,0
19,1292,1296475,Central3,Tri1879040,0,130264,172963,0,0
19,1288,1296478,Central3,Tri1879041,0,130266,172963,0,0
19,1289,1296479,Central3,Tri1879041,0,129938,172963,0,0
19,1291,1296481,Central3,Tri1879041,0,130258,172963,0,0
19,1292,1296482,Central3,Tri1879041,0,130262,172963,0,0
19,1288,1296485,Central3,Tri1879042,0,130269,172963,0,0
19,1289,1296486,Central3,Tri1879042,0,129939,172963,0,0
19,1290,1296487,Central3,Tri1879042,0,130257,172963,0,0
19,1291,1296488,Central3,Tri1879042,0,130261,172963,0,0
19,1292,1296489,Central3,Tri1879042,0,130265,172963,0,0
19,1288,1296492,Central3,Tri1879043,0,130267,172963,0,0
19,1289,1296493,Central3,Tri1879043,0,129940,172963,0,0
19,1291,1296495,Central3,Tri1879043,0,130259,172963,0,0
19,1292,1296496,Central3,Tri1879043,0,130263,172963,0,0
19,1288,1296499,Central3,Tri1879044,0,130268,172963,0,0
19,1289,1296500,Central3,Tri1879044,0,129941,172963,0,0
19,1290,1296501,Central3,Tri1879044,0,130256,172963,0,0
19,1291,1296502,Central3,Tri1879044,0,130260,172963,0,0
19,1292,1296503,Central3,Tri1879044,0,130264,172963,0,0
19,1288,1296506,Central3,Tri1879045,0,130266,172963,0,0
19,1289,1296507,Central3,Tri1879045,0,129938,172963,0,0
19,1291,1296509,Central3,Tri1879045,0,130258,172963,0,0
19,1292,1296510,Central3,Tri1879045,0,130262,172963,0,0
19,1288,1296513,Central3,Tri1879046,0,130269,172963,0,0
19,1289,1296514,Central3,Tri1879046,0,129939,172963,0,0
19,1290,1296515,Central3,Tri1879046,0,130257,172963,0,0
19,1291,1296516,Central3,Tri1879046,0,130261,172963,0,0
19,1292,1296517,Central3,Tri1879046,0,130265,172963,0,0
19,1288,1296520,Central3,Tri1879047,0,130267,172963,0,0
19,1289,1296521,Central3,Tri1879047,0,129940,172963,0,0
19,1291,1296523,Central3,Tri1879047,0,130259,172963,0,0
19,1292,1296524,Central3,Tri1879047,0,130263,172963,0,0
19,1288,1296527,Central3,Tri1879048,0,130268,172963,0,0
19,1289,1296528,Central3,Tri1879048,0,129941,172963,0,0
19,1290,1296529,Central3,Tri1879048,0,130256,172963,0,0
19,1291,1296530,Central3,Tri1879048,0,130260,172963,0,0
19,1292,1296531,Central3,Tri1879048,0,130264,172963,0,0
19,1288,1296534,Central3,Tri1879049,0,130266,172963,0,0
19,1289,1296535,Central3,Tri1879049,0,129938,172963,0,0
19,1291,1296537,Central3,Tri1879049,0,130258,172963,0,0
19,1292,1296538,Central3,Tri1879049,0,130262,172963,0,0
19,1288,1296541,Central3,Tri1879050,0,130269,172963,0,0
19,1289,1296542,Central3,Tri1879050,0,129939,172963,0,0
19,1290,1296543,Central3,Tri1879050,0,130257,172963,0,0
19,1291,1296544,Central3,Tri1879050,0,130261,172963,0,0
19,1292,1296545,Central3,Tri1879050,0,130265,172963,0,0
19,1288,1296548,Central3,Tri1879051,0,130267,172963,0,0
19,1289,1296549,Central3,Tri1879051,0,129940,172963,0,0
19,1291,1296551,Central3,Tri1879051,0,130259,172963,0,0
19,1292,1296552,Central3,Tri1879051,0,130263,172963,0,0
19,1288,1296555,Central3,Tri1879052,0,130268,172963,0,0
19,1289,1296556,Central3,Tri1879052,0,129941,172963,0,0
19,1290,1296557,Central3,Tri1879052,0,130256,172963,0,0
19,1291,1296558,Central3,Tri1879052,0,130260,172963,0,0
19,1292,1296559,Central3,Tri1879052,0,130264,172963,0,0
19,1288,1296562,Central3,Tri1879053,0,130266,172963,0,0
19,1289,1296563,Central3,Tri1879053,0,129938,172963,0,0
19,1290,1296564,Central3,Tri1879053,0,130254,172963,0,0
19,1291,1296565,Central3,Tri1879053,0,130258,172963,0,0
19,1292,1296566,Central3,Tri1879053,0,130262,172963,0,0
19,1288,1296569,Central3,Tri1879054,0,130269,172963,0,0
19,1289,1296570,Central3,Tri1879054,0,129939,172963,0,0
19,1290,1296571,Central3,Tri1879054,0,130257,172963,0,0
19,1291,1296572,Central3,Tri1879054,0,130261,172963,0,0
19,1290,1296550,Central3,Tri1879051,0,130255,172963,0,0
19,1290,1296536,Central3,Tri1879049,0,130254,172963,0,0
19,1290,1296522,Central3,Tri1879047,0,130255,172963,0,0
19,1290,1296508,Central3,Tri1879045,0,130254,172963,0,0
19,1290,1296494,Central3,Tri1879043,0,130255,172963,0,0
19,1290,1296480,Central3,Tri1879041,0,130254,172963,0,0
19,1290,1296466,Central3,Tri1879039,0,130255,172963,0,0
19,1290,1296452,Central3,Tri1879037,0,130254,172963,0,0
19,1292,1296573,Central3,Tri1879054,0,130265,172963,0,0
19,1288,1296576,Central3,Tri1879055,0,130267,172963,0,0
19,1289,1296577,Central3,Tri1879055,0,129940,172963,0,0
19,1290,1296578,Central3,Tri1879055,0,130255,172963,0,0
19,1291,1296579,Central3,Tri1879055,0,130259,172963,0,0
19,1292,1296580,Central3,Tri1879055,0,130263,172963,0,0
19,1288,1296583,Central3,Tri1879056,0,130268,172963,0,0
19,1289,1296584,Central3,Tri1879056,0,129941,172963,0,0
19,1290,1296585,Central3,Tri1879056,0,130256,172963,0,0
19,1291,1296586,Central3,Tri1879056,0,130260,172963,0,0
19,1292,1296587,Central3,Tri1879056,0,130264,172963,0,0
19,1288,1296590,Central3,Tri1879057,0,130266,172963,0,0
19,1289,1296591,Central3,Tri1879057,0,129938,172963,0,0
19,1290,1296592,Central3,Tri1879057,0,130254,172963,0,0
19,1291,1296593,Central3,Tri1879057,0,130258,172963,0,0
19,1292,1296594,Central3,Tri1879057,0,130262,172963,0,0
19,1288,1296597,Central3,Tri1879058,0,130269,172963,0,0
19,1289,1296598,Central3,Tri1879058,0,129939,172963,0,0
19,1290,1296599,Central3,Tri1879058,0,130257,172963,0,0
19,1291,1296600,Central3,Tri1879058,0,130261,172963,0,0
19,1292,1296601,Central3,Tri1879058,0,130265,172963,0,0
19,1288,1296604,Central3,Tri1879059,0,130267,172963,0,0
19,1289,1296605,Central3,Tri1879059,0,129940,172963,0,0
19,1290,1296606,Central3,Tri1879059,0,130255,172963,0,0
19,1291,1296607,Central3,Tri1879059,0,130259,172963,0,0
19,1292,1296608,Central3,Tri1879059,0,130263,172963,0,0
19,1288,1296611,Central3,Tri1879060,0,130268,172963,0,0
19,1289,1296612,Central3,Tri1879060,0,129941,172963,0,0
19,1290,1296613,Central3,Tri1879060,0,130256,172963,0,0
19,1291,1296614,Central3,Tri1879060,0,130260,172963,0,0
19,1292,1296615,Central3,Tri1879060,0,130264,172963,0,0
19,1288,1296618,Central3,Tri1879061,0,130266,172963,0,0
19,1289,1296619,Central3,Tri1879061,0,129938,172963,0,0
19,1290,1296620,Central3,Tri1879061,0,130254,172963,0,0
19,1291,1296621,Central3,Tri1879061,0,130258,172963,0,0
19,1292,1296622,Central3,Tri1879061,0,130262,172963,0,0
19,1288,1296625,Central3,Tri1879062,0,130269,172963,0,0
19,1289,1296626,Central3,Tri1879062,0,129939,172963,0,0
19,1290,1296627,Central3,Tri1879062,0,130257,172963,0,0
19,1291,1296628,Central3,Tri1879062,0,130261,172963,0,0
19,1292,1296629,Central3,Tri1879062,0,130265,172963,0,0
19,1288,1296632,Central3,Tri1879063,0,130267,172963,0,0
19,1289,1296633,Central3,Tri1879063,0,129940,172963,0,0
19,1290,1296634,Central3,Tri1879063,0,130255,172963,0,0
19,1291,1296635,Central3,Tri1879063,0,130259,172963,0,0
19,1292,1296636,Central3,Tri1879063,0,130263,172963,0,0
19,1288,1296639,Central3,Tri1879064,0,130268,172963,0,0
19,1289,1296640,Central3,Tri1879064,0,129941,172963,0,0
19,1290,1296641,Central3,Tri1879064,0,130256,172963,0,0
19,1291,1296642,Central3,Tri1879064,0,130260,172963,0,0
19,1292,1296643,Central3,Tri1879064,0,130264,172963,0,0
19,1288,1296646,Central3,Tri1879065,0,130266,172963,0,0
19,1289,1296647,Central3,Tri1879065,0,129938,172963,0,0
19,1290,1296648,Central3,Tri1879065,0,130254,172963,0,0
19,1291,1296649,Central3,Tri1879065,0,130258,172963,0,0
19,1292,1296650,Central3,Tri1879065,0,130262,172963,0,0
19,1288,1296653,Central3,Tri1879066,0,130269,172963,0,0
19,1289,1296654,Central3,Tri1879066,0,129939,172963,0,0
19,1290,1296655,Central3,Tri1879066,0,130257,172963,0,0
19,1291,1296656,Central3,Tri1879066,0,130261,172963,0,0
19,1292,1296657,Central3,Tri1879066,0,130265,172963,0,0
19,1288,1296660,Central3,Tri1879067,0,130267,172963,0,0
19,1289,1296661,Central3,Tri1879067,0,129940,172963,0,0
19,1290,1296662,Central3,Tri1879067,0,130255,172963,0,0
19,1291,1296663,Central3,Tri1879067,0,130259,172963,0,0
19,1292,1296664,Central3,Tri1879067,0,130263,172963,0,0
19,1288,1296667,Central3,Tri1879068,0,130268,172963,0,0
19,1289,1296668,Central3,Tri1879068,0,129941,172963,0,0
19,1290,1296669,Central3,Tri1879068,0,130256,172963,0,0
19,1291,1296670,Central3,Tri1879068,0,130260,172963,0,0
19,1292,1296671,Central3,Tri1879068,0,130264,172963,0,0
19,1288,1296674,Central3,Tri1879069,0,130269,172963,0,0
19,1289,1296675,Central3,Tri1879069,0,129939,172963,0,0
19,1290,1296676,Central3,Tri1879069,0,130257,172963,0,0
19,1291,1296677,Central3,Tri1879069,0,130261,172963,0,0
19,1292,1296678,Central3,Tri1879069,0,130265,172963,0,0
19,1288,1296681,Central3,Tri1879070,0,130268,172963,0,0
19,1289,1296682,Central3,Tri1879070,0,129941,172963,0,0
19,1290,1296683,Central3,Tri1879070,0,130256,172963,0,0
19,1291,1296684,Central3,Tri1879070,0,130260,172963,0,0
19,1292,1296685,Central3,Tri1879070,0,130264,172963,0,0
19,1288,1301052,Central3,Tri1878972,1,130267,172964,0,0
19,1289,1301053,Central3,Tri1878972,1,129940,172964,0,0
19,1290,1301054,Central3,Tri1878972,1,130255,172964,0,0
19,1291,1301055,Central3,Tri1878972,1,130259,172964,0,0
19,1292,1301056,Central3,Tri1878972,1,130263,172964,0,0
19,1288,1301059,Central3,Tri1878973,1,130268,172964,0,0
19,1289,1301060,Central3,Tri1878973,1,129941,172964,0,0
19,1290,1301061,Central3,Tri1878973,1,130256,172964,0,0
19,1291,1301062,Central3,Tri1878973,1,130260,172964,0,0
19,1292,1301063,Central3,Tri1878973,1,130264,172964,0,0
19,1288,1301066,Central3,Tri1878974,1,130266,172964,0,0
19,1289,1301067,Central3,Tri1878974,1,129938,172964,0,0
19,1290,1301068,Central3,Tri1878974,1,130254,172964,0,0
19,1291,1301069,Central3,Tri1878974,1,130258,172964,0,0
19,1292,1301070,Central3,Tri1878974,1,130262,172964,0,0
19,1288,1301073,Central3,Tri1878975,1,130269,172964,0,0
19,1289,1301074,Central3,Tri1878975,1,129939,172964,0,0
19,1290,1301075,Central3,Tri1878975,1,130257,172964,0,0
19,1291,1301076,Central3,Tri1878975,1,130261,172964,0,0
19,1292,1301077,Central3,Tri1878975,1,130265,172964,0,0
19,1288,1301080,Central3,Tri1878976,1,130267,172964,0,0
19,1289,1301081,Central3,Tri1878976,1,129940,172964,0,0
19,1290,1301082,Central3,Tri1878976,1,130255,172964,0,0
19,1291,1301083,Central3,Tri1878976,1,130259,172964,0,0
19,1292,1301084,Central3,Tri1878976,1,130263,172964,0,0
19,1288,1301087,Central3,Tri1878977,1,130268,172964,0,0
19,1289,1301088,Central3,Tri1878977,1,129941,172964,0,0
19,1290,1301089,Central3,Tri1878977,1,130256,172964,0,0
19,1291,1301090,Central3,Tri1878977,1,130260,172964,0,0
19,1292,1301091,Central3,Tri1878977,1,130264,172964,0,0
19,1288,1301094,Central3,Tri1878978,1,130266,172964,0,0
19,1289,1301095,Central3,Tri1878978,1,129938,172964,0,0
19,1290,1301096,Central3,Tri1878978,1,130254,172964,0,0
19,1291,1301097,Central3,Tri1878978,1,130258,172964,0,0
19,1292,1301098,Central3,Tri1878978,1,130262,172964,0,0
19,1288,1301101,Central3,Tri1878979,1,130269,172964,0,0
19,1289,1301102,Central3,Tri1878979,1,129939,172964,0,0
19,1290,1301103,Central3,Tri1878979,1,130257,172964,0,0
19,1291,1301104,Central3,Tri1878979,1,130261,172964,0,0
19,1292,1301105,Central3,Tri1878979,1,130265,172964,0,0
19,1288,1301108,Central3,Tri1878980,1,130267,172964,0,0
19,1289,1301109,Central3,Tri1878980,1,129940,172964,0,0
19,1290,1301110,Central3,Tri1878980,1,130255,172964,0,0
19,1291,1301111,Central3,Tri1878980,1,130259,172964,0,0
19,1292,1301112,Central3,Tri1878980,1,130263,172964,0,0
19,1288,1301115,Central3,Tri1878981,1,130268,172964,0,0
19,1289,1301116,Central3,Tri1878981,1,129941,172964,0,0
19,1290,1301117,Central3,Tri1878981,1,130256,172964,0,0
19,1291,1301118,Central3,Tri1878981,1,130260,172964,0,0
19,1292,1301119,Central3,Tri1878981,1,130264,172964,0,0
19,1288,1301122,Central3,Tri1878982,1,130266,172964,0,0
19,1289,1301123,Central3,Tri1878982,1,129938,172964,0,0
19,1290,1301124,Central3,Tri1878982,1,130254,172964,0,0
19,1291,1301125,Central3,Tri1878982,1,130258,172964,0,0
19,1292,1301126,Central3,Tri1878982,1,130262,172964,0,0
19,1288,1301129,Central3,Tri1878983,1,130269,172964,0,0
19,1289,1301130,Central3,Tri1878983,1,129939,172964,0,0
19,1290,1301131,Central3,Tri1878983,1,130257,172964,0,0
19,1291,1301132,Central3,Tri1878983,1,130261,172964,0,0
19,1292,1301133,Central3,Tri1878983,1,130265,172964,0,0
19,1288,1301136,Central3,Tri1878984,1,130267,172964,0,0
19,1289,1301137,Central3,Tri1878984,1,129940,172964,0,0
19,1290,1301138,Central3,Tri1878984,1,130255,172964,0,0
19,1291,1301139,Central3,Tri1878984,1,130259,172964,0,0
19,1292,1301140,Central3,Tri1878984,1,130263,172964,0,0
19,1288,1301143,Central3,Tri1878985,1,130268,172964,0,0
19,1289,1301144,Central3,Tri1878985,1,129941,172964,0,0
19,1290,1301145,Central3,Tri1878985,1,130256,172964,0,0
19,1291,1301146,Central3,Tri1878985,1,130260,172964,0,0
19,1292,1301147,Central3,Tri1878985,1,130264,172964,0,0
19,1288,1301150,Central3,Tri1878986,1,130266,172964,0,0
19,1289,1301151,Central3,Tri1878986,1,129938,172964,0,0
19,1290,1301152,Central3,Tri1878986,1,130254,172964,0,0
19,1291,1301153,Central3,Tri1878986,1,130258,172964,0,0
19,1292,1301154,Central3,Tri1878986,1,130262,172964,0,0
19,1288,1301157,Central3,Tri1878987,1,130269,172964,0,0
19,1289,1301158,Central3,Tri1878987,1,129939,172964,0,0
19,1290,1301159,Central3,Tri1878987,1,130257,172964,0,0
19,1291,1301160,Central3,Tri1878987,1,130261,172964,0,0
19,1292,1301161,Central3,Tri1878987,1,130265,172964,0,0
19,1288,1301164,Central3,Tri1878988,1,130267,172964,0,0
19,1289,1301165,Central3,Tri1878988,1,129940,172964,0,0
19,1290,1301166,Central3,Tri1878988,1,130255,172964,0,0
19,1291,1301167,Central3,Tri1878988,1,130259,172964,0,0
19,1292,1301168,Central3,Tri1878988,1,130263,172964,0,0
19,1288,1301171,Central3,Tri1878989,1,130268,172964,0,0
19,1289,1301172,Central3,Tri1878989,1,129941,172964,0,0
19,1290,1301173,Central3,Tri1878989,1,130256,172964,0,0
19,1291,1301174,Central3,Tri1878989,1,130260,172964,0,0
19,1292,1301175,Central3,Tri1878989,1,130264,172964,0,0
19,1288,1301178,Central3,Tri1878990,1,130266,172964,0,0
19,1289,1301179,Central3,Tri1878990,1,129938,172964,0,0
19,1290,1301180,Central3,Tri1878990,1,130254,172964,0,0
19,1291,1301181,Central3,Tri1878990,1,130258,172964,0,0
19,1292,1301182,Central3,Tri1878990,1,130262,172964,0,0
19,1288,1301185,Central3,Tri1878991,1,130269,172964,0,0
19,1289,1301186,Central3,Tri1878991,1,129939,172964,0,0
19,1290,1301187,Central3,Tri1878991,1,130257,172964,0,0
19,1291,1301188,Central3,Tri1878991,1,130261,172964,0,0
19,1292,1301189,Central3,Tri1878991,1,130265,172964,0,0
19,1288,1301192,Central3,Tri1878992,1,130267,172964,0,0
19,1289,1301193,Central3,Tri1878992,1,129940,172964,0,0
19,1290,1301194,Central3,Tri1878992,1,130255,172964,0,0
19,1291,1301195,Central3,Tri1878992,1,130259,172964,0,0
19,1292,1301196,Central3,Tri1878992,1,130263,172964,0,0
19,1288,1301199,Central3,Tri1878993,1,130268,172964,0,0
19,1289,1301200,Central3,Tri1878993,1,129941,172964,0,0
19,1290,1301201,Central3,Tri1878993,1,130256,172964,0,0
19,1291,1301202,Central3,Tri1878993,1,130260,172964,0,0
19,1292,1301203,Central3,Tri1878993,1,130264,172964,0,0
19,1288,1301206,Central3,Tri1878994,1,130266,172964,0,0
19,1289,1301207,Central3,Tri1878994,1,129938,172964,0,0
19,1290,1301208,Central3,Tri1878994,1,130254,172964,0,0
19,1291,1301209,Central3,Tri1878994,1,130258,172964,0,0
19,1292,1301210,Central3,Tri1878994,1,130262,172964,0,0
19,1288,1301213,Central3,Tri1878995,1,130269,172964,0,0
19,1289,1301214,Central3,Tri1878995,1,129939,172964,0,0
19,1290,1301215,Central3,Tri1878995,1,130257,172964,0,0
19,1291,1301216,Central3,Tri1878995,1,130261,172964,0,0
19,1292,1301217,Central3,Tri1878995,1,130265,172964,0,0
19,1288,1301220,Central3,Tri1878996,1,130267,172964,0,0
19,1289,1301221,Central3,Tri1878996,1,129940,172964,0,0
19,1290,1301222,Central3,Tri1878996,1,130255,172964,0,0
19,1291,1301223,Central3,Tri1878996,1,130259,172964,0,0
19,1292,1301224,Central3,Tri1878996,1,130263,172964,0,0
19,1288,1301227,Central3,Tri1878997,1,130268,172964,0,0
19,1289,1301228,Central3,Tri1878997,1,129941,172964,0,0
19,1290,1301229,Central3,Tri1878997,1,130256,172964,0,0
19,1291,1301230,Central3,Tri1878997,1,130260,172964,0,0
19,1292,1301231,Central3,Tri1878997,1,130264,172964,0,0
19,1288,1301234,Central3,Tri1878998,1,130266,172964,0,0
19,1289,1301235,Central3,Tri1878998,1,129938,172964,0,0
19,1290,1301236,Central3,Tri1878998,1,130254,172964,0,0
19,1291,1301237,Central3,Tri1878998,1,130258,172964,0,0
19,1292,1301238,Central3,Tri1878998,1,130262,172964,0,0
19,1288,1301241,Central3,Tri1878999,1,130269,172964,0,0
19,1289,1301242,Central3,Tri1878999,1,129939,172964,0,0
19,1290,1301243,Central3,Tri1878999,1,130257,172964,0,0
19,1291,1301244,Central3,Tri1878999,1,130261,172964,0,0
19,1292,1301245,Central3,Tri1878999,1,130265,172964,0,0
19,1288,1301248,Central3,Tri1879000,1,130267,172964,0,0
19,1289,1301249,Central3,Tri1879000,1,129940,172964,0,0
19,1290,1301250,Central3,Tri1879000,1,130255,172964,0,0
19,1291,1301251,Central3,Tri1879000,1,130259,172964,0,0
19,1292,1301252,Central3,Tri1879000,1,130263,172964,0,0
19,1288,1301255,Central3,Tri1879001,1,130268,172964,0,0
19,1289,1301256,Central3,Tri1879001,1,129941,172964,0,0
19,1290,1301257,Central3,Tri1879001,1,130256,172964,0,0
19,1291,1301258,Central3,Tri1879001,1,130260,172964,0,0
19,1292,1301259,Central3,Tri1879001,1,130264,172964,0,0
19,1288,1301262,Central3,Tri1879002,1,130266,172964,0,0
19,1289,1301263,Central3,Tri1879002,1,129938,172964,0,0
19,1290,1301264,Central3,Tri1879002,1,130254,172964,0,0
19,1291,1301265,Central3,Tri1879002,1,130258,172964,0,0
19,1292,1301266,Central3,Tri1879002,1,130262,172964,0,0
19,1288,1301269,Central3,Tri1879003,1,130269,172964,0,0
19,1289,1301270,Central3,Tri1879003,1,129939,172964,0,0
19,1290,1301271,Central3,Tri1879003,1,130257,172964,0,0
19,1291,1301272,Central3,Tri1879003,1,130261,172964,0,0
19,1292,1301273,Central3,Tri1879003,1,130265,172964,0,0
19,1288,1301276,Central3,Tri1879004,1,130268,172964,0,0
19,1289,1301277,Central3,Tri1879004,1,129941,172964,0,0
19,1290,1301278,Central3,Tri1879004,1,130256,172964,0,0
19,1291,1301279,Central3,Tri1879004,1,130260,172964,0,0
19,1292,1301280,Central3,Tri1879004,1,130264,172964,0,0
19,1288,1301283,Central3,Tri1879005,1,130269,172964,0,0
19,1289,1301284,Central3,Tri1879005,1,129939,172964,0,0
19,1290,1301285,Central3,Tri1879005,1,130257,172964,0,0
19,1291,1301286,Central3,Tri1879005,1,130261,172964,0,0
19,1292,1301287,Central3,Tri1879005,1,130265,172964,0,0
19,1287,1303846,Central3,Tri1879097,0,129942,172963,0,0
19,1287,1303848,Central3,Tri1879098,0,129943,172963,0,0
19,1287,1303850,Central3,Tri1879099,0,129942,172963,0,0
19,1287,1303852,Central3,Tri1879100,0,129952,172963,0,0
19,1287,1303854,Central3,Tri1879101,0,129943,172963,0,0
19,1287,1303856,Central3,Tri1879102,0,129953,172963,0,0
19,1287,1303858,Central3,Tri1879103,0,129942,172963,0,0
19,1287,1303860,Central3,Tri1879104,0,129952,172963,0,0
19,1287,1303862,Central3,Tri1879105,0,129943,172963,0,0
19,1287,1303864,Central3,Tri1879106,0,129953,172963,0,0
19,1287,1303866,Central3,Tri1879107,0,129942,172963,0,0
19,1287,1303868,Central3,Tri1879108,0,129952,172963,0,0
19,1287,1303870,Central3,Tri1879109,0,129943,172963,0,0
19,1287,1303872,Central3,Tri1879110,0,129953,172963,0,0
19,1287,1303874,Central3,Tri1879111,0,129942,172963,0,0
19,1287,1303876,Central3,Tri1879112,0,129952,172963,0,0
19,1287,1303878,Central3,Tri1879113,0,129943,172963,0,0
19,1287,1303880,Central3,Tri1879114,0,129953,172963,0,0
19,1287,1303882,Central3,Tri1879115,0,129942,172963,0,0
19,1287,1303884,Central3,Tri1879116,0,129952,172963,0,0
19,1287,1303886,Central3,Tri1879117,0,129943,172963,0,0
19,1287,1303888,Central3,Tri1879118,0,129953,172963,0,0
19,1287,1303890,Central3,Tri1879119,0,129942,172963,0,0
19,1287,1303892,Central3,Tri1879120,0,129943,172963,0,0
19,1287,1303894,Central3,Tri1879121,0,129942,172963,0,0
19,1287,1303896,Central3,Tri1879122,0,129943,172963,0,0
19,1287,1304651,Central3,Tri1879071,1,129943,172964,0,0
19,1287,1304653,Central3,Tri1879072,1,129942,172964,0,0
19,1287,1304655,Central3,Tri1879073,1,129943,172964,0,0
19,1287,1304657,Central3,Tri1879074,1,129953,172964,0,0
19,1287,1304659,Central3,Tri1879075,1,129942,172964,0,0
19,1287,1304661,Central3,Tri1879076,1,129952,172964,0,0
19,1287,1304663,Central3,Tri1879077,1,129943,172964,0,0
19,1287,1304665,Central3,Tri1879078,1,129953,172964,0,0
19,1287,1304667,Central3,Tri1879079,1,129942,172964,0,0
19,1287,1304669,Central3,Tri1879080,1,129952,172964,0,0
19,1287,1304671,Central3,Tri1879081,1,129943,172964,0,0
19,1287,1304673,Central3,Tri1879082,1,129953,172964,0,0
19,1287,1304675,Central3,Tri1879083,1,129942,172964,0,0
19,1287,1304677,Central3,Tri1879084,1,129952,172964,0,0
19,1287,1304679,Central3,Tri1879085,1,129943,172964,0,0
19,1287,1304681,Central3,Tri1879086,1,129953,172964,0,0
19,1287,1304683,Central3,Tri1879087,1,129942,172964,0,0
19,1287,1304685,Central3,Tri1879088,1,129952,172964,0,0
19,1287,1304687,Central3,Tri1879089,1,129943,172964,0,0
19,1287,1304689,Central3,Tri1879090,1,129953,172964,0,0
19,1287,1304691,Central3,Tri1879091,1,129942,172964,0,0
19,1287,1304693,Central3,Tri1879092,1,129952,172964,0,0
19,1287,1304695,Central3,Tri1879093,1,129943,172964,0,0
19,1287,1304697,Central3,Tri1879094,1,129942,172964,0,0
19,1287,1304699,Central3,Tri1879095,1,129943,172964,0,0
19,1287,1304701,Central3,Tri1879096,1,129942,172964,0,0
19,1294,1306174,Central3,Tri1890860,1,84438,172964,0,0
19,1294,1306175,Central3,Tri1890861,1,84437,172964,0,0
19,1294,1306176,Central3,Tri1890862,1,84438,172964,0,0
19,1294,1306177,Central3,Tri1890863,1,84437,172964,0,0
19,1294,1306178,Central3,Tri1890864,1,84438,172964,0,0
19,1294,1306179,Central3,Tri1890865,1,84437,172964,0,0
19,1294,1306180,Central3,Tri1890866,1,84438,172964,0,0
19,1294,1306181,Central3,Tri1890869,0,84437,172963,0,0
19,1294,1306182,Central3,Tri1890870,0,84438,172963,0,0
19,1294,1306183,Central3,Tri1890871,0,84437,172963,0,0
19,1294,1306184,Central3,Tri1890872,0,84438,172963,0,0
19,1294,1306185,Central3,Tri1890873,0,84437,172963,0,0
19,1294,1306186,Central3,Tri1890874,0,84438,172963,0,0
19,1294,1306198,Central3,Tri1890938,0,84437,172963,0,0
19,1294,1306208,Central3,Tri1890998,1,84437,172964,0,0
19,1294,1306209,Central3,Tri1890999,0,84438,172963,0,0
20,1293,1295025,Ottawa4,Tri1560028,1,84440,172973,0,0
20,1295,1295026,Ottawa4,Tri1560028,1,84470,172973,0,0
20,1286,1295027,Ottawa4,Tri1560028,1,74275,172973,0,0
20,1293,1295028,Ottawa4,Tri1560029,1,84441,172973,0,0
20,1295,1295029,Ottawa4,Tri1560029,1,84471,172973,0,0
20,1286,1295030,Ottawa4,Tri1560029,1,74274,172973,0,0
20,1293,1295031,Ottawa4,Tri1560030,1,84442,172973,0,0
20,1295,1295032,Ottawa4,Tri1560030,1,84472,172973,0,0
20,1286,1295033,Ottawa4,Tri1560030,1,74276,172973,0,0
20,1293,1295034,Ottawa4,Tri1560031,1,84440,172973,0,0
20,1295,1295035,Ottawa4,Tri1560031,1,84470,172973,0,0
20,1286,1295036,Ottawa4,Tri1560031,1,74275,172973,0,0
20,1293,1294992,Ottawa4,Tri1560017,1,84441,172973,0,0
20,1295,1294993,Ottawa4,Tri1560017,1,84471,172973,0,0
20,1286,1294994,Ottawa4,Tri1560017,1,74274,172973,0,0
20,1293,1294995,Ottawa4,Tri1560018,1,84442,172973,0,0
20,1295,1294996,Ottawa4,Tri1560018,1,84472,172973,0,0
20,1286,1294997,Ottawa4,Tri1560018,1,74276,172973,0,0
20,1293,1294998,Ottawa4,Tri1560019,1,84440,172973,0,0
20,1295,1294999,Ottawa4,Tri1560019,1,84470,172973,0,0
20,1286,1295000,Ottawa4,Tri1560019,1,74275,172973,0,0
20,1293,1295001,Ottawa4,Tri1560020,1,84441,172973,0,0
20,1295,1295002,Ottawa4,Tri1560020,1,84471,172973,0,0
20,1286,1295003,Ottawa4,Tri1560020,1,74274,172973,0,0
20,1293,1295004,Ottawa4,Tri1560021,1,84442,172973,0,0
20,1295,1295005,Ottawa4,Tri1560021,1,84472,172973,0,0
20,1286,1295006,Ottawa4,Tri1560021,1,74276,172973,0,0
20,1293,1295007,Ottawa4,Tri1560022,1,84440,172973,0,0
20,1295,1295008,Ottawa4,Tri1560022,1,84470,172973,0,0
20,1286,1295009,Ottawa4,Tri1560022,1,74275,172973,0,0
20,1293,1295010,Ottawa4,Tri1560023,1,84441,172973,0,0
20,1295,1295011,Ottawa4,Tri1560023,1,84471,172973,0,0
20,1286,1295012,Ottawa4,Tri1560023,1,74274,172973,0,0
20,1293,1295013,Ottawa4,Tri1560024,1,84442,172973,0,0
20,1295,1295014,Ottawa4,Tri1560024,1,84472,172973,0,0
20,1286,1295015,Ottawa4,Tri1560024,1,74276,172973,0,0
20,1293,1295016,Ottawa4,Tri1560025,1,84440,172973,0,0
20,1295,1295017,Ottawa4,Tri1560025,1,84470,172973,0,0
20,1286,1295018,Ottawa4,Tri1560025,1,74275,172973,0,0
20,1293,1295019,Ottawa4,Tri1560026,1,84441,172973,0,0
20,1295,1295020,Ottawa4,Tri1560026,1,84471,172973,0,0
20,1286,1295021,Ottawa4,Tri1560026,1,74274,172973,0,0
20,1293,1295022,Ottawa4,Tri1560027,1,84442,172973,0,0
20,1295,1295023,Ottawa4,Tri1560027,1,84472,172973,0,0
20,1286,1295024,Ottawa4,Tri1560027,1,74276,172973,0,0
20,1293,1295040,Ottawa4,Tri1559989,0,84441,172967,0,0
20,1295,1295041,Ottawa4,Tri1559989,0,84471,172967,0,0
20,1286,1295042,Ottawa4,Tri1559989,0,74274,172967,0,0
20,1293,1295043,Ottawa4,Tri1559990,0,84442,172967,0,0
20,1295,1295044,Ottawa4,Tri1559990,0,84472,172967,0,0
20,1286,1295045,Ottawa4,Tri1559990,0,74276,172967,0,0
20,1293,1295046,Ottawa4,Tri1559991,0,84440,172967,0,0
20,1295,1295047,Ottawa4,Tri1559991,0,84470,172967,0,0
20,1286,1295048,Ottawa4,Tri1559991,0,74275,172967,0,0
20,1293,1295049,Ottawa4,Tri1559992,0,84441,172967,0,0
20,1295,1295050,Ottawa4,Tri1559992,0,84471,172967,0,0
20,1286,1295051,Ottawa4,Tri1559992,0,74274,172967,0,0
20,1293,1295037,Ottawa4,Tri1559988,0,84440,172967,0,0
20,1295,1295038,Ottawa4,Tri1559988,0,84470,172967,0,0
20,1286,1295039,Ottawa4,Tri1559988,0,74275,172967,0,0
20,1293,1295052,Ottawa4,Tri1559993,0,84442,172967,0,0
20,1295,1295053,Ottawa4,Tri1559993,0,84472,172967,0,0
20,1286,1295054,Ottawa4,Tri1559993,0,74276,172967,0,0
20,1293,1295055,Ottawa4,Tri1559994,0,84440,172967,0,0
20,1295,1295056,Ottawa4,Tri1559994,0,84470,172967,0,0
20,1286,1295057,Ottawa4,Tri1559994,0,74275,172967,0,0
20,1293,1295058,Ottawa4,Tri1559995,0,84441,172967,0,0
20,1295,1295059,Ottawa4,Tri1559995,0,84471,172967,0,0
20,1286,1295060,Ottawa4,Tri1559995,0,74274,172967,0,0
20,1293,1295061,Ottawa4,Tri1559996,0,84442,172967,0,0
20,1295,1295062,Ottawa4,Tri1559996,0,84472,172967,0,0
20,1286,1295063,Ottawa4,Tri1559996,0,74276,172967,0,0
20,1293,1295064,Ottawa4,Tri1559997,0,84440,172967,0,0
20,1295,1295065,Ottawa4,Tri1559997,0,84470,172967,0,0
20,1286,1295066,Ottawa4,Tri1559997,0,74275,172967,0,0
20,1293,1295067,Ottawa4,Tri1559998,0,84441,172967,0,0
20,1295,1295068,Ottawa4,Tri1559998,0,84471,172967,0,0
20,1286,1295069,Ottawa4,Tri1559998,0,74274,172967,0,0
20,1293,1295070,Ottawa4,Tri1559999,0,84442,172967,0,0
20,1295,1295071,Ottawa4,Tri1559999,0,84472,172967,0,0
20,1286,1295072,Ottawa4,Tri1559999,0,74276,172967,0,0
20,1293,1295073,Ottawa4,Tri1560000,0,84440,172967,0,0
20,1295,1295074,Ottawa4,Tri1560000,0,84470,172967,0,0
20,1286,1295075,Ottawa4,Tri1560000,0,74275,172967,0,0
20,1293,1295076,Ottawa4,Tri1560001,0,84441,172967,0,0
20,1295,1295077,Ottawa4,Tri1560001,0,84471,172967,0,0
20,1286,1295078,Ottawa4,Tri1560001,0,74274,172967,0,0
20,1293,1295079,Ottawa4,Tri1560002,0,84442,172967,0,0
20,1295,1295080,Ottawa4,Tri1560002,0,84472,172967,0,0
20,1286,1295081,Ottawa4,Tri1560002,0,74276,172967,0,0
20,1293,1295112,Ottawa4,Tri1569550,0,84440,172969,0,0
20,1295,1295113,Ottawa4,Tri1569550,0,84470,172969,0,0
20,1286,1295114,Ottawa4,Tri1569550,0,74275,172969,0,0
20,1288,1297487,Ottawa4,Tri1560032,1,1083,172973,0,0
20,1289,1297488,Ottawa4,Tri1560032,1,1229,172973,0,0
20,1290,1297489,Ottawa4,Tri1560032,1,1378,172973,0,0
20,1291,1297490,Ottawa4,Tri1560032,1,1528,172973,0,0
20,1292,1297491,Ottawa4,Tri1560032,1,1678,172973,0,0
20,1288,1297492,Ottawa4,Tri1560033,1,1085,172973,0,0
20,1289,1297493,Ottawa4,Tri1560033,1,1231,172973,0,0
20,1290,1297494,Ottawa4,Tri1560033,1,1380,172973,0,0
20,1291,1297495,Ottawa4,Tri1560033,1,1530,172973,0,0
20,1292,1297496,Ottawa4,Tri1560033,1,1680,172973,0,0
20,1288,1297497,Ottawa4,Tri1560034,1,1087,172973,0,0
20,1289,1297498,Ottawa4,Tri1560034,1,1233,172973,0,0
20,1290,1297499,Ottawa4,Tri1560034,1,1382,172973,0,0
20,1291,1297500,Ottawa4,Tri1560034,1,1532,172973,0,0
20,1292,1297501,Ottawa4,Tri1560034,1,1682,172973,0,0
20,1288,1297502,Ottawa4,Tri1560035,1,1089,172973,0,0
20,1289,1297503,Ottawa4,Tri1560035,1,1235,172973,0,0
20,1290,1297504,Ottawa4,Tri1560035,1,1384,172973,0,0
20,1291,1297505,Ottawa4,Tri1560035,1,1534,172973,0,0
20,1292,1297506,Ottawa4,Tri1560035,1,1684,172973,0,0
20,1288,1297507,Ottawa4,Tri1560036,1,1084,172973,0,0
20,1289,1297508,Ottawa4,Tri1560036,1,1230,172973,0,0
20,1290,1297509,Ottawa4,Tri1560036,1,1379,172973,0,0
20,1291,1297510,Ottawa4,Tri1560036,1,1529,172973,0,0
20,1292,1297511,Ottawa4,Tri1560036,1,1679,172973,0,0
20,1288,1297512,Ottawa4,Tri1560037,1,1086,172973,0,0
20,1289,1297513,Ottawa4,Tri1560037,1,1232,172973,0,0
20,1290,1297514,Ottawa4,Tri1560037,1,1381,172973,0,0
20,1291,1297515,Ottawa4,Tri1560037,1,1531,172973,0,0
20,1292,1297516,Ottawa4,Tri1560037,1,1681,172973,0,0
20,1288,1297517,Ottawa4,Tri1560038,1,1088,172973,0,0
20,1289,1297518,Ottawa4,Tri1560038,1,1234,172973,0,0
20,1290,1297519,Ottawa4,Tri1560038,1,1383,172973,0,0
20,1291,1297520,Ottawa4,Tri1560038,1,1533,172973,0,0
20,1292,1297521,Ottawa4,Tri1560038,1,1683,172973,0,0
20,1288,1297522,Ottawa4,Tri1560039,1,1083,172973,0,0
20,1289,1297523,Ottawa4,Tri1560039,1,1229,172973,0,0
20,1290,1297524,Ottawa4,Tri1560039,1,1378,172973,0,0
20,1291,1297525,Ottawa4,Tri1560039,1,1528,172973,0,0
20,1292,1297526,Ottawa4,Tri1560039,1,1678,172973,0,0
20,1288,1297527,Ottawa4,Tri1560040,1,1085,172973,0,0
20,1289,1297528,Ottawa4,Tri1560040,1,1231,172973,0,0
20,1290,1297529,Ottawa4,Tri1560040,1,1380,172973,0,0
20,1291,1297530,Ottawa4,Tri1560040,1,1530,172973,0,0
20,1292,1297531,Ottawa4,Tri1560040,1,1680,172973,0,0
20,1288,1297532,Ottawa4,Tri1560041,1,1087,172973,0,0
20,1289,1297533,Ottawa4,Tri1560041,1,1233,172973,0,0
20,1290,1297534,Ottawa4,Tri1560041,1,1382,172973,0,0
20,1291,1297535,Ottawa4,Tri1560041,1,1532,172973,0,0
20,1292,1297536,Ottawa4,Tri1560041,1,1682,172973,0,0
20,1288,1297537,Ottawa4,Tri1560042,1,1089,172973,0,0
20,1289,1297538,Ottawa4,Tri1560042,1,1235,172973,0,0
20,1290,1297539,Ottawa4,Tri1560042,1,1384,172973,0,0
20,1291,1297540,Ottawa4,Tri1560042,1,1534,172973,0,0
20,1292,1297541,Ottawa4,Tri1560042,1,1684,172973,0,0
20,1288,1297542,Ottawa4,Tri1560043,1,1084,172973,0,0
20,1289,1297543,Ottawa4,Tri1560043,1,1230,172973,0,0
20,1290,1297544,Ottawa4,Tri1560043,1,1379,172973,0,0
20,1291,1297545,Ottawa4,Tri1560043,1,1529,172973,0,0
20,1292,1297546,Ottawa4,Tri1560043,1,1679,172973,0,0
20,1288,1297547,Ottawa4,Tri1560044,1,1086,172973,0,0
20,1289,1297548,Ottawa4,Tri1560044,1,1232,172973,0,0
20,1290,1297549,Ottawa4,Tri1560044,1,1381,172973,0,0
20,1291,1297550,Ottawa4,Tri1560044,1,1531,172973,0,0
20,1292,1297551,Ottawa4,Tri1560044,1,1681,172973,0,0
20,1288,1297552,Ottawa4,Tri1560045,1,1088,172973,0,0
20,1289,1297553,Ottawa4,Tri1560045,1,1234,172973,0,0
20,1290,1297554,Ottawa4,Tri1560045,1,1383,172973,0,0
20,1291,1297555,Ottawa4,Tri1560045,1,1533,172973,0,0
20,1292,1297556,Ottawa4,Tri1560045,1,1683,172973,0,0
20,1288,1297557,Ottawa4,Tri1560046,1,1083,172973,0,0
20,1289,1297558,Ottawa4,Tri1560046,1,1229,172973,0,0
20,1290,1297559,Ottawa4,Tri1560046,1,1378,172973,0,0
20,1291,1297560,Ottawa4,Tri1560046,1,1528,172973,0,0
20,1292,1297561,Ottawa4,Tri1560046,1,1678,172973,0,0
20,1288,1297562,Ottawa4,Tri1560047,1,1085,172973,0,0
20,1289,1297563,Ottawa4,Tri1560047,1,1231,172973,0,0
20,1290,1297564,Ottawa4,Tri1560047,1,1380,172973,0,0
20,1291,1297565,Ottawa4,Tri1560047,1,1530,172973,0,0
20,1292,1297566,Ottawa4,Tri1560047,1,1680,172973,0,0
20,1288,1297567,Ottawa4,Tri1560048,1,1087,172973,0,0
20,1289,1297568,Ottawa4,Tri1560048,1,1233,172973,0,0
20,1290,1297569,Ottawa4,Tri1560048,1,1382,172973,0,0
20,1291,1297570,Ottawa4,Tri1560048,1,1532,172973,0,0
20,1292,1297571,Ottawa4,Tri1560048,1,1682,172973,0,0
20,1288,1297572,Ottawa4,Tri1560049,1,1089,172973,0,0
20,1289,1297573,Ottawa4,Tri1560049,1,1235,172973,0,0
20,1290,1297574,Ottawa4,Tri1560049,1,1384,172973,0,0
20,1291,1297575,Ottawa4,Tri1560049,1,1534,172973,0,0
20,1292,1297576,Ottawa4,Tri1560049,1,1684,172973,0,0
20,1288,1297577,Ottawa4,Tri1560050,1,1084,172973,0,0
20,1289,1297578,Ottawa4,Tri1560050,1,1230,172973,0,0
20,1290,1297579,Ottawa4,Tri1560050,1,1379,172973,0,0
20,1291,1297580,Ottawa4,Tri1560050,1,1529,172973,0,0
20,1292,1297581,Ottawa4,Tri1560050,1,1679,172973,0,0
20,1288,1297582,Ottawa4,Tri1560051,1,1086,172973,0,0
20,1289,1297583,Ottawa4,Tri1560051,1,1232,172973,0,0
20,1290,1297584,Ottawa4,Tri1560051,1,1381,172973,0,0
20,1291,1297585,Ottawa4,Tri1560051,1,1531,172973,0,0
20,1292,1297586,Ottawa4,Tri1560051,1,1681,172973,0,0
20,1288,1297587,Ottawa4,Tri1560052,1,1088,172973,0,0
20,1289,1297588,Ottawa4,Tri1560052,1,1234,172973,0,0
20,1290,1297589,Ottawa4,Tri1560052,1,1383,172973,0,0
20,1291,1297590,Ottawa4,Tri1560052,1,1533,172973,0,0
20,1292,1297591,Ottawa4,Tri1560052,1,1683,172973,0,0
20,1288,1297592,Ottawa4,Tri1560053,1,1083,172973,0,0
20,1289,1297593,Ottawa4,Tri1560053,1,1229,172973,0,0
20,1290,1297594,Ottawa4,Tri1560053,1,1378,172973,0,0
20,1291,1297595,Ottawa4,Tri1560053,1,1528,172973,0,0
20,1292,1297596,Ottawa4,Tri1560053,1,1678,172973,0,0
20,1288,1297597,Ottawa4,Tri1560054,1,1085,172973,0,0
20,1289,1297598,Ottawa4,Tri1560054,1,1231,172973,0,0
20,1290,1297599,Ottawa4,Tri1560054,1,1380,172973,0,0
20,1291,1297600,Ottawa4,Tri1560054,1,1530,172973,0,0
20,1292,1297601,Ottawa4,Tri1560054,1,1680,172973,0,0
20,1288,1297602,Ottawa4,Tri1560055,1,1087,172973,0,0
20,1289,1297603,Ottawa4,Tri1560055,1,1233,172973,0,0
20,1290,1297604,Ottawa4,Tri1560055,1,1382,172973,0,0
20,1291,1297605,Ottawa4,Tri1560055,1,1532,172973,0,0
20,1292,1297606,Ottawa4,Tri1560055,1,1682,172973,0,0
20,1288,1297607,Ottawa4,Tri1560056,1,1089,172973,0,0
20,1289,1297608,Ottawa4,Tri1560056,1,1235,172973,0,0
20,1290,1297609,Ottawa4,Tri1560056,1,1384,172973,0,0
20,1291,1297610,Ottawa4,Tri1560056,1,1534,172973,0,0
20,1292,1297611,Ottawa4,Tri1560056,1,1684,172973,0,0
20,1288,1297612,Ottawa4,Tri1560057,1,1084,172973,0,0
20,1289,1297613,Ottawa4,Tri1560057,1,1230,172973,0,0
20,1290,1297614,Ottawa4,Tri1560057,1,1379,172973,0,0
20,1291,1297615,Ottawa4,Tri1560057,1,1529,172973,0,0
20,1292,1297616,Ottawa4,Tri1560057,1,1679,172973,0,0
20,1288,1297617,Ottawa4,Tri1560058,1,1086,172973,0,0
20,1289,1297618,Ottawa4,Tri1560058,1,1232,172973,0,0
20,1290,1297619,Ottawa4,Tri1560058,1,1381,172973,0,0
20,1291,1297620,Ottawa4,Tri1560058,1,1531,172973,0,0
20,1292,1297621,Ottawa4,Tri1560058,1,1681,172973,0,0
20,1288,1297622,Ottawa4,Tri1560059,1,1088,172973,0,0
20,1289,1297623,Ottawa4,Tri1560059,1,1234,172973,0,0
20,1290,1297624,Ottawa4,Tri1560059,1,1383,172973,0,0
20,1291,1297625,Ottawa4,Tri1560059,1,1533,172973,0,0
20,1292,1297626,Ottawa4,Tri1560059,1,1683,172973,0,0
20,1288,1297627,Ottawa4,Tri1560060,1,1083,172973,0,0
20,1289,1297628,Ottawa4,Tri1560060,1,1229,172973,0,0
20,1290,1297629,Ottawa4,Tri1560060,1,1378,172973,0,0
20,1291,1297630,Ottawa4,Tri1560060,1,1528,172973,0,0
20,1292,1297631,Ottawa4,Tri1560060,1,1678,172973,0,0
20,1288,1297632,Ottawa4,Tri1560061,1,1085,172973,0,0
20,1289,1297633,Ottawa4,Tri1560061,1,1231,172973,0,0
20,1290,1297634,Ottawa4,Tri1560061,1,1380,172973,0,0
20,1291,1297635,Ottawa4,Tri1560061,1,1530,172973,0,0
20,1292,1297636,Ottawa4,Tri1560061,1,1680,172973,0,0
20,1288,1297637,Ottawa4,Tri1560062,1,1087,172973,0,0
20,1289,1297638,Ottawa4,Tri1560062,1,1233,172973,0,0
20,1290,1297639,Ottawa4,Tri1560062,1,1382,172973,0,0
20,1291,1297640,Ottawa4,Tri1560062,1,1532,172973,0,0
20,1292,1297641,Ottawa4,Tri1560062,1,1682,172973,0,0
20,1288,1297642,Ottawa4,Tri1560063,1,1089,172973,0,0
20,1289,1297643,Ottawa4,Tri1560063,1,1235,172973,0,0
20,1290,1297644,Ottawa4,Tri1560063,1,1384,172973,0,0
20,1291,1297645,Ottawa4,Tri1560063,1,1534,172973,0,0
20,1292,1297646,Ottawa4,Tri1560063,1,1684,172973,0,0
20,1288,1297647,Ottawa4,Tri1560064,1,1084,172973,0,0
20,1289,1297648,Ottawa4,Tri1560064,1,1230,172973,0,0
20,1290,1297649,Ottawa4,Tri1560064,1,1379,172973,0,0
20,1291,1297650,Ottawa4,Tri1560064,1,1529,172973,0,0
20,1292,1297651,Ottawa4,Tri1560064,1,1679,172973,0,0
20,1288,1297652,Ottawa4,Tri1560065,1,1086,172973,0,0
20,1289,1297653,Ottawa4,Tri1560065,1,1232,172973,0,0
20,1290,1297654,Ottawa4,Tri1560065,1,1381,172973,0,0
20,1291,1297655,Ottawa4,Tri1560065,1,1531,172973,0,0
20,1292,1297656,Ottawa4,Tri1560065,1,1681,172973,0,0
20,1288,1297657,Ottawa4,Tri1560066,1,1088,172973,0,0
20,1289,1297658,Ottawa4,Tri1560066,1,1234,172973,0,0
20,1290,1297659,Ottawa4,Tri1560066,1,1383,172973,0,0
20,1291,1297660,Ottawa4,Tri1560066,1,1533,172973,0,0
20,1292,1297661,Ottawa4,Tri1560066,1,1683,172973,0,0
20,1288,1297662,Ottawa4,Tri1560067,1,1083,172973,0,0
20,1289,1297663,Ottawa4,Tri1560067,1,1229,172973,0,0
20,1290,1297664,Ottawa4,Tri1560067,1,1378,172973,0,0
20,1291,1297665,Ottawa4,Tri1560067,1,1528,172973,0,0
20,1292,1297666,Ottawa4,Tri1560067,1,1678,172973,0,0
20,1288,1297667,Ottawa4,Tri1560068,1,1085,172973,0,0
20,1289,1297668,Ottawa4,Tri1560068,1,1231,172973,0,0
20,1290,1297669,Ottawa4,Tri1560068,1,1380,172973,0,0
20,1291,1297670,Ottawa4,Tri1560068,1,1530,172973,0,0
20,1292,1297671,Ottawa4,Tri1560068,1,1680,172973,0,0
20,1288,1297672,Ottawa4,Tri1560069,1,1087,172973,0,0
20,1289,1297673,Ottawa4,Tri1560069,1,1233,172973,0,0
20,1290,1297674,Ottawa4,Tri1560069,1,1382,172973,0,0
20,1291,1297675,Ottawa4,Tri1560069,1,1532,172973,0,0
20,1292,1297676,Ottawa4,Tri1560069,1,1682,172973,0,0
20,1288,1297677,Ottawa4,Tri1560070,1,1084,172973,0,0
20,1289,1297678,Ottawa4,Tri1560070,1,1230,172973,0,0
20,1290,1297679,Ottawa4,Tri1560070,1,1379,172973,0,0
20,1291,1297680,Ottawa4,Tri1560070,1,1529,172973,0,0
20,1292,1297681,Ottawa4,Tri1560070,1,1679,172973,0,0
20,1288,1297682,Ottawa4,Tri1560071,1,1088,172973,0,0
20,1289,1297683,Ottawa4,Tri1560071,1,1234,172973,0,0
20,1290,1297684,Ottawa4,Tri1560071,1,1383,172973,0,0
20,1291,1297685,Ottawa4,Tri1560071,1,1533,172973,0,0
20,1292,1297686,Ottawa4,Tri1560071,1,1683,172973,0,0
20,1288,1297687,Ottawa4,Tri1560072,1,1087,172973,0,0
20,1289,1297688,Ottawa4,Tri1560072,1,1233,172973,0,0
20,1290,1297689,Ottawa4,Tri1560072,1,1382,172973,0,0
20,1291,1297690,Ottawa4,Tri1560072,1,1532,172973,0,0
20,1292,1297691,Ottawa4,Tri1560072,1,1682,172973,0,0
20,1288,1297692,Ottawa4,Tri1560073,1,1084,172973,0,0
20,1289,1297693,Ottawa4,Tri1560073,1,1230,172973,0,0
20,1290,1297694,Ottawa4,Tri1560073,1,1379,172973,0,0
20,1291,1297695,Ottawa4,Tri1560073,1,1529,172973,0,0
20,1292,1297696,Ottawa4,Tri1560073,1,1679,172973,0,0
20,1288,1297697,Ottawa4,Tri1560074,1,1088,172973,0,0
20,1289,1297698,Ottawa4,Tri1560074,1,1234,172973,0,0
20,1290,1297699,Ottawa4,Tri1560074,1,1383,172973,0,0
20,1291,1297700,Ottawa4,Tri1560074,1,1533,172973,0,0
20,1292,1297701,Ottawa4,Tri1560074,1,1683,172973,0,0
20,1288,1297702,Ottawa4,Tri1560075,1,1087,172973,0,0
20,1289,1297703,Ottawa4,Tri1560075,1,1233,172973,0,0
20,1290,1297704,Ottawa4,Tri1560075,1,1382,172973,0,0
20,1291,1297705,Ottawa4,Tri1560075,1,1532,172973,0,0
20,1292,1297706,Ottawa4,Tri1560075,1,1682,172973,0,0
20,1288,1297707,Ottawa4,Tri1560076,1,1084,172973,0,0
20,1289,1297708,Ottawa4,Tri1560076,1,1230,172973,0,0
20,1290,1297709,Ottawa4,Tri1560076,1,1379,172973,0,0
20,1291,1297710,Ottawa4,Tri1560076,1,1529,172973,0,0
20,1292,1297711,Ottawa4,Tri1560076,1,1679,172973,0,0
20,1288,1297712,Ottawa4,Tri1560077,1,1088,172973,0,0
20,1289,1297713,Ottawa4,Tri1560077,1,1234,172973,0,0
20,1290,1297714,Ottawa4,Tri1560077,1,1383,172973,0,0
20,1291,1297715,Ottawa4,Tri1560077,1,1533,172973,0,0
20,1292,1297716,Ottawa4,Tri1560077,1,1683,172973,0,0
20,1288,1297717,Ottawa4,Tri1560078,1,1087,172973,0,0
20,1289,1297718,Ottawa4,Tri1560078,1,1233,172973,0,0
20,1290,1297719,Ottawa4,Tri1560078,1,1382,172973,0,0
20,1291,1297720,Ottawa4,Tri1560078,1,1532,172973,0,0
20,1292,1297721,Ottawa4,Tri1560078,1,1682,172973,0,0
20,1288,1297722,Ottawa4,Tri1560229,0,1083,172967,0,0
20,1289,1297723,Ottawa4,Tri1560229,0,1229,172967,0,0
20,1290,1297724,Ottawa4,Tri1560229,0,1378,172967,0,0
20,1291,1297725,Ottawa4,Tri1560229,0,1528,172967,0,0
20,1292,1297726,Ottawa4,Tri1560229,0,1678,172967,0,0
20,1288,1297727,Ottawa4,Tri1560230,0,1087,172967,0,0
20,1289,1297728,Ottawa4,Tri1560230,0,1233,172967,0,0
20,1290,1297729,Ottawa4,Tri1560230,0,1382,172967,0,0
20,1291,1297730,Ottawa4,Tri1560230,0,1532,172967,0,0
20,1292,1297731,Ottawa4,Tri1560230,0,1682,172967,0,0
20,1288,1297732,Ottawa4,Tri1560231,0,1084,172967,0,0
20,1289,1297733,Ottawa4,Tri1560231,0,1230,172967,0,0
20,1290,1297734,Ottawa4,Tri1560231,0,1379,172967,0,0
20,1291,1297735,Ottawa4,Tri1560231,0,1529,172967,0,0
20,1292,1297736,Ottawa4,Tri1560231,0,1679,172967,0,0
20,1288,1297737,Ottawa4,Tri1560232,0,1088,172967,0,0
20,1289,1297738,Ottawa4,Tri1560232,0,1234,172967,0,0
20,1290,1297739,Ottawa4,Tri1560232,0,1383,172967,0,0
20,1291,1297740,Ottawa4,Tri1560232,0,1533,172967,0,0
20,1292,1297741,Ottawa4,Tri1560232,0,1683,172967,0,0
20,1288,1297742,Ottawa4,Tri1560233,0,1087,172967,0,0
20,1289,1297743,Ottawa4,Tri1560233,0,1233,172967,0,0
20,1290,1297744,Ottawa4,Tri1560233,0,1382,172967,0,0
20,1291,1297745,Ottawa4,Tri1560233,0,1532,172967,0,0
20,1292,1297746,Ottawa4,Tri1560233,0,1682,172967,0,0
20,1288,1297747,Ottawa4,Tri1560234,0,1084,172967,0,0
20,1289,1297748,Ottawa4,Tri1560234,0,1230,172967,0,0
20,1290,1297749,Ottawa4,Tri1560234,0,1379,172967,0,0
20,1291,1297750,Ottawa4,Tri1560234,0,1529,172967,0,0
20,1292,1297751,Ottawa4,Tri1560234,0,1679,172967,0,0
20,1288,1297752,Ottawa4,Tri1560235,0,1088,172967,0,0
20,1289,1297753,Ottawa4,Tri1560235,0,1234,172967,0,0
20,1290,1297754,Ottawa4,Tri1560235,0,1383,172967,0,0
20,1291,1297755,Ottawa4,Tri1560235,0,1533,172967,0,0
20,1292,1297756,Ottawa4,Tri1560235,0,1683,172967,0,0
20,1288,1297757,Ottawa4,Tri1560236,0,1087,172967,0,0
20,1289,1297758,Ottawa4,Tri1560236,0,1233,172967,0,0
20,1290,1297759,Ottawa4,Tri1560236,0,1382,172967,0,0
20,1291,1297760,Ottawa4,Tri1560236,0,1532,172967,0,0
20,1292,1297761,Ottawa4,Tri1560236,0,1682,172967,0,0
20,1288,1297762,Ottawa4,Tri1560237,0,1084,172967,0,0
20,1289,1297763,Ottawa4,Tri1560237,0,1230,172967,0,0
20,1290,1297764,Ottawa4,Tri1560237,0,1379,172967,0,0
20,1291,1297765,Ottawa4,Tri1560237,0,1529,172967,0,0
20,1292,1297766,Ottawa4,Tri1560237,0,1679,172967,0,0
20,1288,1297767,Ottawa4,Tri1560079,0,1084,172966,0,0
20,1289,1297768,Ottawa4,Tri1560079,0,1230,172966,0,0
20,1290,1297769,Ottawa4,Tri1560079,0,1379,172966,0,0
20,1291,1297770,Ottawa4,Tri1560079,0,1529,172966,0,0
20,1292,1297771,Ottawa4,Tri1560079,0,1679,172966,0,0
20,1288,1297772,Ottawa4,Tri1560080,0,1086,172966,0,0
20,1289,1297773,Ottawa4,Tri1560080,0,1232,172966,0,0
20,1290,1297774,Ottawa4,Tri1560080,0,1381,172966,0,0
20,1291,1297775,Ottawa4,Tri1560080,0,1531,172966,0,0
20,1292,1297776,Ottawa4,Tri1560080,0,1681,172966,0,0
20,1288,1297777,Ottawa4,Tri1560081,0,1088,172966,0,0
20,1289,1297778,Ottawa4,Tri1560081,0,1234,172966,0,0
20,1290,1297779,Ottawa4,Tri1560081,0,1383,172966,0,0
20,1291,1297780,Ottawa4,Tri1560081,0,1533,172966,0,0
20,1292,1297781,Ottawa4,Tri1560081,0,1683,172966,0,0
20,1288,1297782,Ottawa4,Tri1560082,0,1083,172966,0,0
20,1289,1297783,Ottawa4,Tri1560082,0,1229,172966,0,0
20,1290,1297784,Ottawa4,Tri1560082,0,1378,172966,0,0
20,1291,1297785,Ottawa4,Tri1560082,0,1528,172966,0,0
20,1292,1297786,Ottawa4,Tri1560082,0,1678,172966,0,0
20,1288,1297787,Ottawa4,Tri1560083,0,1085,172966,0,0
20,1289,1297788,Ottawa4,Tri1560083,0,1231,172966,0,0
20,1290,1297789,Ottawa4,Tri1560083,0,1380,172966,0,0
20,1291,1297790,Ottawa4,Tri1560083,0,1530,172966,0,0
20,1292,1297791,Ottawa4,Tri1560083,0,1680,172966,0,0
20,1288,1297792,Ottawa4,Tri1560084,0,1087,172966,0,0
20,1289,1297793,Ottawa4,Tri1560084,0,1233,172966,0,0
20,1290,1297794,Ottawa4,Tri1560084,0,1382,172966,0,0
20,1291,1297795,Ottawa4,Tri1560084,0,1532,172966,0,0
20,1292,1297796,Ottawa4,Tri1560084,0,1682,172966,0,0
20,1288,1297797,Ottawa4,Tri1560085,0,1089,172966,0,0
20,1289,1297798,Ottawa4,Tri1560085,0,1235,172966,0,0
20,1290,1297799,Ottawa4,Tri1560085,0,1384,172966,0,0
20,1291,1297800,Ottawa4,Tri1560085,0,1534,172966,0,0
20,1292,1297801,Ottawa4,Tri1560085,0,1684,172966,0,0
20,1288,1297802,Ottawa4,Tri1560086,0,1084,172966,0,0
20,1289,1297803,Ottawa4,Tri1560086,0,1230,172966,0,0
20,1290,1297804,Ottawa4,Tri1560086,0,1379,172966,0,0
20,1291,1297805,Ottawa4,Tri1560086,0,1529,172966,0,0
20,1292,1297806,Ottawa4,Tri1560086,0,1679,172966,0,0
20,1288,1297807,Ottawa4,Tri1560087,0,1086,172966,0,0
20,1289,1297808,Ottawa4,Tri1560087,0,1232,172966,0,0
20,1290,1297809,Ottawa4,Tri1560087,0,1381,172966,0,0
20,1291,1297810,Ottawa4,Tri1560087,0,1531,172966,0,0
20,1292,1297811,Ottawa4,Tri1560087,0,1681,172966,0,0
20,1288,1297812,Ottawa4,Tri1560088,0,1088,172966,0,0
20,1289,1297813,Ottawa4,Tri1560088,0,1234,172966,0,0
20,1290,1297814,Ottawa4,Tri1560088,0,1383,172966,0,0
20,1291,1297815,Ottawa4,Tri1560088,0,1533,172966,0,0
20,1292,1297816,Ottawa4,Tri1560088,0,1683,172966,0,0
20,1288,1297937,Ottawa4,Tri1560113,0,1089,172966,0,0
20,1289,1297938,Ottawa4,Tri1560113,0,1235,172966,0,0
20,1290,1297939,Ottawa4,Tri1560113,0,1384,172966,0,0
20,1291,1297940,Ottawa4,Tri1560113,0,1534,172966,0,0
20,1292,1297941,Ottawa4,Tri1560113,0,1684,172966,0,0
20,1288,1297942,Ottawa4,Tri1560114,0,1084,172966,0,0
20,1289,1297943,Ottawa4,Tri1560114,0,1230,172966,0,0
20,1290,1297944,Ottawa4,Tri1560114,0,1379,172966,0,0
20,1291,1297945,Ottawa4,Tri1560114,0,1529,172966,0,0
20,1292,1297946,Ottawa4,Tri1560114,0,1679,172966,0,0
20,1288,1297947,Ottawa4,Tri1560115,0,1086,172966,0,0
20,1289,1297948,Ottawa4,Tri1560115,0,1232,172966,0,0
20,1290,1297949,Ottawa4,Tri1560115,0,1381,172966,0,0
20,1291,1297950,Ottawa4,Tri1560115,0,1531,172966,0,0
20,1292,1297951,Ottawa4,Tri1560115,0,1681,172966,0,0
20,1288,1297952,Ottawa4,Tri1560116,0,1088,172966,0,0
20,1289,1297953,Ottawa4,Tri1560116,0,1234,172966,0,0
20,1290,1297954,Ottawa4,Tri1560116,0,1383,172966,0,0
20,1291,1297955,Ottawa4,Tri1560116,0,1533,172966,0,0
20,1292,1297956,Ottawa4,Tri1560116,0,1683,172966,0,0
20,1288,1297932,Ottawa4,Tri1560112,0,1087,172966,0,0
20,1289,1297933,Ottawa4,Tri1560112,0,1233,172966,0,0
20,1290,1297934,Ottawa4,Tri1560112,0,1382,172966,0,0
20,1291,1297935,Ottawa4,Tri1560112,0,1532,172966,0,0
20,1292,1297936,Ottawa4,Tri1560112,0,1682,172966,0,0
20,1288,1297927,Ottawa4,Tri1560111,0,1085,172966,0,0
20,1289,1297928,Ottawa4,Tri1560111,0,1231,172966,0,0
20,1290,1297929,Ottawa4,Tri1560111,0,1380,172966,0,0
20,1291,1297930,Ottawa4,Tri1560111,0,1530,172966,0,0
20,1292,1297931,Ottawa4,Tri1560111,0,1680,172966,0,0
20,1288,1297922,Ottawa4,Tri1560110,0,1083,172966,0,0
20,1289,1297923,Ottawa4,Tri1560110,0,1229,172966,0,0
20,1290,1297924,Ottawa4,Tri1560110,0,1378,172966,0,0
20,1291,1297925,Ottawa4,Tri1560110,0,1528,172966,0,0
20,1292,1297926,Ottawa4,Tri1560110,0,1678,172966,0,0
20,1288,1297917,Ottawa4,Tri1560109,0,1088,172966,0,0
20,1289,1297918,Ottawa4,Tri1560109,0,1234,172966,0,0
20,1290,1297919,Ottawa4,Tri1560109,0,1383,172966,0,0
20,1291,1297920,Ottawa4,Tri1560109,0,1533,172966,0,0
20,1292,1297921,Ottawa4,Tri1560109,0,1683,172966,0,0
20,1288,1297912,Ottawa4,Tri1560108,0,1086,172966,0,0
20,1289,1297913,Ottawa4,Tri1560108,0,1232,172966,0,0
20,1290,1297914,Ottawa4,Tri1560108,0,1381,172966,0,0
20,1291,1297915,Ottawa4,Tri1560108,0,1531,172966,0,0
20,1292,1297916,Ottawa4,Tri1560108,0,1681,172966,0,0
20,1288,1297907,Ottawa4,Tri1560107,0,1084,172966,0,0
20,1289,1297908,Ottawa4,Tri1560107,0,1230,172966,0,0
20,1290,1297909,Ottawa4,Tri1560107,0,1379,172966,0,0
20,1291,1297910,Ottawa4,Tri1560107,0,1529,172966,0,0
20,1292,1297911,Ottawa4,Tri1560107,0,1679,172966,0,0
20,1288,1297902,Ottawa4,Tri1560106,0,1089,172966,0,0
20,1289,1297903,Ottawa4,Tri1560106,0,1235,172966,0,0
20,1290,1297904,Ottawa4,Tri1560106,0,1384,172966,0,0
20,1291,1297905,Ottawa4,Tri1560106,0,1534,172966,0,0
20,1292,1297906,Ottawa4,Tri1560106,0,1684,172966,0,0
20,1288,1297897,Ottawa4,Tri1560105,0,1087,172966,0,0
20,1289,1297898,Ottawa4,Tri1560105,0,1233,172966,0,0
20,1290,1297899,Ottawa4,Tri1560105,0,1382,172966,0,0
20,1291,1297900,Ottawa4,Tri1560105,0,1532,172966,0,0
20,1292,1297901,Ottawa4,Tri1560105,0,1682,172966,0,0
20,1288,1298239,Ottawa4,Tri1569551,0,1084,172969,0,0
20,1289,1298240,Ottawa4,Tri1569551,0,1230,172969,0,0
20,1290,1298241,Ottawa4,Tri1569551,0,1379,172969,0,0
20,1291,1298242,Ottawa4,Tri1569551,0,1529,172969,0,0
20,1292,1298243,Ottawa4,Tri1569551,0,1679,172969,0,0
20,1288,1297892,Ottawa4,Tri1560104,0,1085,172966,0,0
20,1289,1297893,Ottawa4,Tri1560104,0,1231,172966,0,0
20,1290,1297894,Ottawa4,Tri1560104,0,1380,172966,0,0
20,1291,1297895,Ottawa4,Tri1560104,0,1530,172966,0,0
20,1292,1297896,Ottawa4,Tri1560104,0,1680,172966,0,0
20,1288,1297887,Ottawa4,Tri1560103,0,1083,172966,0,0
20,1289,1297888,Ottawa4,Tri1560103,0,1229,172966,0,0
20,1290,1297889,Ottawa4,Tri1560103,0,1378,172966,0,0
20,1291,1297890,Ottawa4,Tri1560103,0,1528,172966,0,0
20,1292,1297891,Ottawa4,Tri1560103,0,1678,172966,0,0
20,1288,1297882,Ottawa4,Tri1560102,0,1088,172966,0,0
20,1289,1297883,Ottawa4,Tri1560102,0,1234,172966,0,0
20,1290,1297884,Ottawa4,Tri1560102,0,1383,172966,0,0
20,1291,1297885,Ottawa4,Tri1560102,0,1533,172966,0,0
20,1292,1297886,Ottawa4,Tri1560102,0,1683,172966,0,0
20,1288,1297877,Ottawa4,Tri1560101,0,1086,172966,0,0
20,1289,1297878,Ottawa4,Tri1560101,0,1232,172966,0,0
20,1290,1297879,Ottawa4,Tri1560101,0,1381,172966,0,0
20,1291,1297880,Ottawa4,Tri1560101,0,1531,172966,0,0
20,1292,1297881,Ottawa4,Tri1560101,0,1681,172966,0,0
20,1288,1297872,Ottawa4,Tri1560100,0,1084,172966,0,0
20,1289,1297873,Ottawa4,Tri1560100,0,1230,172966,0,0
20,1290,1297874,Ottawa4,Tri1560100,0,1379,172966,0,0
20,1291,1297875,Ottawa4,Tri1560100,0,1529,172966,0,0
20,1292,1297876,Ottawa4,Tri1560100,0,1679,172966,0,0
20,1288,1297867,Ottawa4,Tri1560099,0,1089,172966,0,0
20,1289,1297868,Ottawa4,Tri1560099,0,1235,172966,0,0
20,1290,1297869,Ottawa4,Tri1560099,0,1384,172966,0,0
20,1291,1297870,Ottawa4,Tri1560099,0,1534,172966,0,0
20,1292,1297871,Ottawa4,Tri1560099,0,1684,172966,0,0
20,1288,1297862,Ottawa4,Tri1560098,0,1087,172966,0,0
20,1289,1297863,Ottawa4,Tri1560098,0,1233,172966,0,0
20,1290,1297864,Ottawa4,Tri1560098,0,1382,172966,0,0
20,1291,1297865,Ottawa4,Tri1560098,0,1532,172966,0,0
20,1292,1297866,Ottawa4,Tri1560098,0,1682,172966,0,0
20,1288,1297857,Ottawa4,Tri1560097,0,1085,172966,0,0
20,1289,1297858,Ottawa4,Tri1560097,0,1231,172966,0,0
20,1290,1297859,Ottawa4,Tri1560097,0,1380,172966,0,0
20,1291,1297860,Ottawa4,Tri1560097,0,1530,172966,0,0
20,1292,1297861,Ottawa4,Tri1560097,0,1680,172966,0,0
20,1288,1297852,Ottawa4,Tri1560096,0,1083,172966,0,0
20,1289,1297853,Ottawa4,Tri1560096,0,1229,172966,0,0
20,1290,1297854,Ottawa4,Tri1560096,0,1378,172966,0,0
20,1291,1297855,Ottawa4,Tri1560096,0,1528,172966,0,0
20,1292,1297856,Ottawa4,Tri1560096,0,1678,172966,0,0
20,1288,1297847,Ottawa4,Tri1560095,0,1088,172966,0,0
20,1289,1297848,Ottawa4,Tri1560095,0,1234,172966,0,0
20,1290,1297849,Ottawa4,Tri1560095,0,1383,172966,0,0
20,1291,1297850,Ottawa4,Tri1560095,0,1533,172966,0,0
20,1292,1297851,Ottawa4,Tri1560095,0,1683,172966,0,0
20,1288,1297842,Ottawa4,Tri1560094,0,1086,172966,0,0
20,1289,1297843,Ottawa4,Tri1560094,0,1232,172966,0,0
20,1290,1297844,Ottawa4,Tri1560094,0,1381,172966,0,0
20,1291,1297845,Ottawa4,Tri1560094,0,1531,172966,0,0
20,1292,1297846,Ottawa4,Tri1560094,0,1681,172966,0,0
20,1288,1297837,Ottawa4,Tri1560093,0,1084,172966,0,0
20,1289,1297838,Ottawa4,Tri1560093,0,1230,172966,0,0
20,1290,1297839,Ottawa4,Tri1560093,0,1379,172966,0,0
20,1291,1297840,Ottawa4,Tri1560093,0,1529,172966,0,0
20,1292,1297841,Ottawa4,Tri1560093,0,1679,172966,0,0
20,1288,1297832,Ottawa4,Tri1560092,0,1089,172966,0,0
20,1289,1297833,Ottawa4,Tri1560092,0,1235,172966,0,0
20,1290,1297834,Ottawa4,Tri1560092,0,1384,172966,0,0
20,1291,1297835,Ottawa4,Tri1560092,0,1534,172966,0,0
20,1292,1297836,Ottawa4,Tri1560092,0,1684,172966,0,0
20,1288,1297827,Ottawa4,Tri1560091,0,1087,172966,0,0
20,1289,1297828,Ottawa4,Tri1560091,0,1233,172966,0,0
20,1290,1297829,Ottawa4,Tri1560091,0,1382,172966,0,0
20,1291,1297830,Ottawa4,Tri1560091,0,1532,172966,0,0
20,1292,1297831,Ottawa4,Tri1560091,0,1682,172966,0,0
20,1288,1297822,Ottawa4,Tri1560090,0,1085,172966,0,0
20,1289,1297823,Ottawa4,Tri1560090,0,1231,172966,0,0
20,1290,1297824,Ottawa4,Tri1560090,0,1380,172966,0,0
20,1291,1297825,Ottawa4,Tri1560090,0,1530,172966,0,0
20,1292,1297826,Ottawa4,Tri1560090,0,1680,172966,0,0
20,1288,1297817,Ottawa4,Tri1560089,0,1083,172966,0,0
20,1289,1297818,Ottawa4,Tri1560089,0,1229,172966,0,0
20,1290,1297819,Ottawa4,Tri1560089,0,1378,172966,0,0
20,1291,1297820,Ottawa4,Tri1560089,0,1528,172966,0,0
20,1292,1297821,Ottawa4,Tri1560089,0,1678,172966,0,0
20,1287,1304000,Ottawa4,Tri1559346,1,74277,172973,0,0
20,1287,1304001,Ottawa4,Tri1559347,1,74279,172973,0,0
20,1287,1304002,Ottawa4,Tri1559348,1,129987,172973,0,0
20,1287,1304003,Ottawa4,Tri1559349,1,74277,172973,0,0
20,1287,1304004,Ottawa4,Tri1559940,1,74281,172973,0,0
20,1287,1304005,Ottawa4,Tri1559941,1,74280,172973,0,0
20,1287,1304006,Ottawa4,Tri1559942,1,74277,172973,0,0
20,1287,1304007,Ottawa4,Tri1559943,1,74281,172973,0,0
20,1287,1304008,Ottawa4,Tri1559944,1,74280,172973,0,0
20,1287,1304009,Ottawa4,Tri1559945,1,74277,172973,0,0
20,1287,1304010,Ottawa4,Tri1559946,1,74281,172973,0,0
20,1287,1304011,Ottawa4,Tri1559947,1,74280,172973,0,0
20,1287,1304012,Ottawa4,Tri1559948,1,74277,172973,0,0
20,1287,1304014,Ottawa4,Tri1668672,0,129987,172967,0,0
20,1287,1304016,Ottawa4,Tri1668673,0,74277,172967,0,0
20,1287,1304018,Ottawa4,Tri1668674,0,74279,172967,0,0
20,1287,1304020,Ottawa4,Tri1668675,0,129987,172967,0,0
20,1287,1304022,Ottawa4,Tri1668715,0,74280,172967,0,0
20,1287,1304024,Ottawa4,Tri1668676,0,74277,172967,0,0
20,1287,1304026,Ottawa4,Tri1668685,0,74279,172967,0,0
20,1287,1304028,Ottawa4,Tri1668686,0,74281,172967,0,0
20,1287,1304030,Ottawa4,Tri1668687,0,74280,172967,0,0
20,1287,1304032,Ottawa4,Tri1668689,0,74277,172967,0,0
20,1287,1304034,Ottawa4,Tri1668690,0,74279,172967,0,0
20,1287,1304036,Ottawa4,Tri1668691,0,74281,172967,0,0
20,1287,1304038,Ottawa4,Tri1668692,0,74280,172967,0,0
20,1287,1304040,Ottawa4,Tri1668693,0,74277,172967,0,0
20,1287,1304042,Ottawa4,Tri1668701,0,74279,172967,0,0
20,1287,1304044,Ottawa4,Tri1668698,0,74281,172967,0,0
20,1287,1304046,Ottawa4,Tri1668699,0,74280,172967,0,0
20,1287,1304048,Ottawa4,Tri1668700,0,74277,172967,0,0
20,1287,1304050,Ottawa4,Tri1668702,0,74279,172967,0,0
20,1287,1304052,Ottawa4,Tri1668704,0,74281,172967,0,0
20,1287,1304054,Ottawa4,Tri1668705,0,74280,172967,0,0
20,1287,1304056,Ottawa4,Tri1668706,0,74277,172967,0,0
20,1287,1304058,Ottawa4,Tri1668707,0,74279,172967,0,0
20,1287,1304060,Ottawa4,Tri1668708,0,74281,172967,0,0
20,1287,1304062,Ottawa4,Tri1668709,0,74280,172967,0,0
20,1287,1304064,Ottawa4,Tri1668710,0,74277,172967,0,0
20,1287,1304066,Ottawa4,Tri1668711,0,74281,172967,0,0
20,1287,1304068,Ottawa4,Tri1668712,0,74280,172967,0,0
20,1287,1304070,Ottawa4,Tri1668713,0,74277,172967,0,0
20,1287,1304072,Ottawa4,Tri1668714,0,74281,172967,0,0
20,1287,1304166,Ottawa4,Tri1569549,0,129987,172969,0,0
20,1287,1304238,Ottawa4,Tri1559923,1,74279,172973,0,0
20,1287,1304239,Ottawa4,Tri1559924,1,74281,172973,0,0
20,1287,1304240,Ottawa4,Tri1559925,1,74280,172973,0,0
20,1287,1304241,Ottawa4,Tri1559926,1,74277,172973,0,0
20,1287,1304242,Ottawa4,Tri1559927,1,74279,172973,0,0
20,1287,1304243,Ottawa4,Tri1559928,1,74281,172973,0,0
20,1287,1304244,Ottawa4,Tri1559929,1,74280,172973,0,0
20,1287,1304245,Ottawa4,Tri1559930,1,74277,172973,0,0
20,1287,1304246,Ottawa4,Tri1559931,1,74279,172973,0,0
20,1287,1304247,Ottawa4,Tri1559932,1,74281,172973,0,0
20,1287,1304248,Ottawa4,Tri1559933,1,74280,172973,0,0
20,1287,1304249,Ottawa4,Tri1559934,1,74277,172973,0,0
20,1287,1304250,Ottawa4,Tri1559935,1,74279,172973,0,0
20,1287,1304251,Ottawa4,Tri1559936,1,74281,172973,0,0
20,1287,1304252,Ottawa4,Tri1559937,1,74280,172973,0,0
20,1287,1304253,Ottawa4,Tri1559938,1,74277,172973,0,0
20,1287,1304254,Ottawa4,Tri1559939,1,74279,172973,0,0
20,1294,1306082,Ottawa4,Tri1647196,0,84436,172967,0,0
20,1294,1306083,Ottawa4,Tri1647197,0,84435,172967,0,0
20,1294,1306084,Ottawa4,Tri1647198,0,84436,172967,0,0
20,1294,1306085,Ottawa4,Tri1647199,0,84435,172967,0,0
20,1294,1306086,Ottawa4,Tri1647200,0,84436,172967,0,0
20,1294,1306087,Ottawa4,Tri1647201,0,84435,172967,0,0
20,1294,1306088,Ottawa4,Tri1647202,0,84436,172967,0,0
20,1294,1306103,Ottawa4,Tri1647181,1,84436,172973,0,0
20,1294,1306104,Ottawa4,Tri1647182,1,84435,172973,0,0
20,1294,1306105,Ottawa4,Tri1647183,1,84436,172973,0,0
20,1294,1306106,Ottawa4,Tri1647184,1,84435,172973,0,0
20,1294,1306107,Ottawa4,Tri1647185,1,84436,172973,0,0
20,1294,1306108,Ottawa4,Tri1647186,1,84435,172973,0,0
20,1294,1306199,Ottawa4,Tri1890939,1,84435,172973,0,0
20,1294,1306213,Ottawa4,Tri1891003,1,84436,172973,0,0
20,1294,1306214,Ottawa4,Tri1891004,0,84435,172967,0,0
7212,1295,1294794,205 North,Tri1878488,0,135828,172975,0,0
7212,1293,1294795,205 North,Tri1878488,0,135812,172975,0,0
7212,1295,1294791,205 North,Tri1878489,0,135829,172975,0,0
7212,1293,1294792,205 North,Tri1878489,0,135827,172975,0,0
7212,1295,1294788,205 North,Tri1878490,0,135828,172975,0,0
7212,1293,1294789,205 North,Tri1878490,0,135812,172975,0,0
7212,1295,1294755,205 North,Tri1878501,0,135829,172975,0,0
7212,1293,1294756,205 North,Tri1878501,0,135827,172975,0,0
7212,1295,1294758,205 North,Tri1878500,0,135828,172975,0,0
7212,1293,1294759,205 North,Tri1878500,0,135812,172975,0,0
7212,1295,1294761,205 North,Tri1878499,0,135829,172975,0,0
7212,1293,1294762,205 North,Tri1878499,0,135827,172975,0,0
7212,1295,1294764,205 North,Tri1878498,0,135828,172975,0,0
7212,1293,1294765,205 North,Tri1878498,0,135812,172975,0,0
7212,1295,1294767,205 North,Tri1878497,0,135829,172975,0,0
7212,1293,1294768,205 North,Tri1878497,0,135827,172975,0,0
7212,1295,1294770,205 North,Tri1878496,0,135828,172975,0,0
7212,1293,1294771,205 North,Tri1878496,0,135812,172975,0,0
7212,1295,1294773,205 North,Tri1878495,0,135829,172975,0,0
7212,1293,1294774,205 North,Tri1878495,0,135827,172975,0,0
7212,1295,1294776,205 North,Tri1878494,0,135828,172975,0,0
7212,1293,1294777,205 North,Tri1878494,0,135812,172975,0,0
7212,1286,1294778,205 North,Tri1878493,0,129937,172975,0,0
7212,1295,1294779,205 North,Tri1878493,0,135829,172975,0,0
7212,1293,1294780,205 North,Tri1878493,0,135827,172975,0,0
7212,1286,1294781,205 North,Tri1878492,0,129936,172975,0,0
7212,1295,1294782,205 North,Tri1878492,0,135828,172975,0,0
7212,1293,1294783,205 North,Tri1878492,0,135812,172975,0,0
7212,1286,1294784,205 North,Tri1878491,0,129937,172975,0,0
7212,1295,1294785,205 North,Tri1878491,0,135829,172975,0,0
7212,1293,1294786,205 North,Tri1878491,0,135827,172975,0,0
7212,1286,1294793,205 North,Tri1878488,0,129936,172975,0,0
7212,1286,1294790,205 North,Tri1878489,0,129937,172975,0,0
7212,1286,1294787,205 North,Tri1878490,0,129936,172975,0,0
7212,1286,1294754,205 North,Tri1878501,0,129937,172975,0,0
7212,1286,1294757,205 North,Tri1878500,0,129936,172975,0,0
7212,1286,1294760,205 North,Tri1878499,0,129937,172975,0,0
7212,1286,1294763,205 North,Tri1878498,0,129936,172975,0,0
7212,1286,1294766,205 North,Tri1878497,0,129937,172975,0,0
7212,1286,1294769,205 North,Tri1878496,0,129936,172975,0,0
7212,1286,1294772,205 North,Tri1878495,0,129937,172975,0,0
7212,1286,1294775,205 North,Tri1878494,0,129936,172975,0,0
7212,1293,1295206,205 South,Tri1878483,1,135827,172976,0,0
7212,1295,1295207,205 South,Tri1878483,1,135829,172976,0,0
7212,1286,1295208,205 South,Tri1878483,1,129937,172976,0,0
7212,1293,1295209,205 South,Tri1878484,1,135812,172976,0,0
7212,1295,1295210,205 South,Tri1878484,1,135828,172976,0,0
7212,1286,1295211,205 South,Tri1878484,1,129936,172976,0,0
7212,1293,1295179,205 South,Tri1878474,1,135812,172976,0,0
7212,1295,1295180,205 South,Tri1878474,1,135828,172976,0,0
7212,1286,1295181,205 South,Tri1878474,1,129936,172976,0,0
7212,1293,1295182,205 South,Tri1878475,1,135827,172976,0,0
7212,1295,1295183,205 South,Tri1878475,1,135829,172976,0,0
7212,1286,1295184,205 South,Tri1878475,1,129937,172976,0,0
7212,1293,1295185,205 South,Tri1878476,1,135812,172976,0,0
7212,1295,1295186,205 South,Tri1878476,1,135828,172976,0,0
7212,1286,1295187,205 South,Tri1878476,1,129936,172976,0,0
7212,1293,1295188,205 South,Tri1878477,1,135827,172976,0,0
7212,1295,1295189,205 South,Tri1878477,1,135829,172976,0,0
7212,1286,1295190,205 South,Tri1878477,1,129937,172976,0,0
7212,1293,1295191,205 South,Tri1878478,1,135812,172976,0,0
7212,1295,1295192,205 South,Tri1878478,1,135828,172976,0,0
7212,1286,1295193,205 South,Tri1878478,1,129936,172976,0,0
7212,1293,1295194,205 South,Tri1878479,1,135827,172976,0,0
7212,1295,1295195,205 South,Tri1878479,1,135829,172976,0,0
7212,1286,1295196,205 South,Tri1878479,1,129937,172976,0,0
7212,1293,1295197,205 South,Tri1878480,1,135812,172976,0,0
7212,1295,1295198,205 South,Tri1878480,1,135828,172976,0,0
7212,1286,1295199,205 South,Tri1878480,1,129936,172976,0,0
7212,1293,1295200,205 South,Tri1878481,1,135827,172976,0,0
7212,1295,1295201,205 South,Tri1878481,1,135829,172976,0,0
7212,1286,1295202,205 South,Tri1878481,1,129937,172976,0,0
7212,1293,1295203,205 South,Tri1878482,1,135812,172976,0,0
7212,1295,1295204,205 South,Tri1878482,1,135828,172976,0,0
7212,1286,1295205,205 South,Tri1878482,1,129936,172976,0,0
7212,1293,1295212,205 South,Tri1878485,1,135827,172976,0,0
7212,1295,1295213,205 South,Tri1878485,1,135829,172976,0,0
7212,1286,1295214,205 South,Tri1878485,1,129937,172976,0,0
7212,1293,1295215,205 South,Tri1878486,1,135812,172976,0,0
7212,1295,1295216,205 South,Tri1878486,1,135828,172976,0,0
7212,1286,1295217,205 South,Tri1878486,1,129936,172976,0,0
7212,1293,1295218,205 South,Tri1878487,1,135827,172976,0,0
7212,1295,1295219,205 South,Tri1878487,1,135829,172976,0,0
7212,1286,1295220,205 South,Tri1878487,1,129937,172976,0,0
7212,1288,1296198,205 North,Tri1878382,0,130398,172975,0,0
7212,1289,1296199,205 North,Tri1878382,0,129980,172975,0,0
7212,1290,1296200,205 North,Tri1878382,0,130377,172975,0,0
7212,1291,1296201,205 North,Tri1878382,0,130384,172975,0,0
7212,1292,1296202,205 North,Tri1878382,0,130391,172975,0,0
7212,1288,1296205,205 North,Tri1878383,0,130397,172975,0,0
7212,1289,1296206,205 North,Tri1878383,0,129978,172975,0,0
7212,1290,1296207,205 North,Tri1878383,0,130376,172975,0,0
7212,1291,1296208,205 North,Tri1878383,0,130383,172975,0,0
7212,1292,1296209,205 North,Tri1878383,0,130390,172975,0,0
7212,1288,1296212,205 North,Tri1878384,0,130399,172975,0,0
7212,1289,1296213,205 North,Tri1878384,0,129979,172975,0,0
7212,1290,1296214,205 North,Tri1878384,0,130378,172975,0,0
7212,1291,1296215,205 North,Tri1878384,0,130385,172975,0,0
7212,1292,1296216,205 North,Tri1878384,0,130392,172975,0,0
7212,1288,1296219,205 North,Tri1878385,0,130398,172975,0,0
7212,1289,1296220,205 North,Tri1878385,0,129980,172975,0,0
7212,1290,1296221,205 North,Tri1878385,0,130377,172975,0,0
7212,1291,1296222,205 North,Tri1878385,0,130384,172975,0,0
7212,1292,1296223,205 North,Tri1878385,0,130391,172975,0,0
7212,1288,1296226,205 North,Tri1878386,0,130400,172975,0,0
7212,1289,1296227,205 North,Tri1878386,0,129981,172975,0,0
7212,1290,1296228,205 North,Tri1878386,0,130379,172975,0,0
7212,1291,1296229,205 North,Tri1878386,0,130386,172975,0,0
7212,1292,1296230,205 North,Tri1878386,0,130393,172975,0,0
7212,1288,1296233,205 North,Tri1878387,0,130397,172975,0,0
7212,1289,1296234,205 North,Tri1878387,0,129978,172975,0,0
7212,1290,1296235,205 North,Tri1878387,0,130376,172975,0,0
7212,1291,1296236,205 North,Tri1878387,0,130383,172975,0,0
7212,1292,1296237,205 North,Tri1878387,0,130390,172975,0,0
7212,1288,1296240,205 North,Tri1878388,0,130401,172975,0,0
7212,1289,1296241,205 North,Tri1878388,0,129982,172975,0,0
7212,1290,1296242,205 North,Tri1878388,0,130380,172975,0,0
7212,1291,1296243,205 North,Tri1878388,0,130387,172975,0,0
7212,1292,1296244,205 North,Tri1878388,0,130394,172975,0,0
7212,1288,1296247,205 North,Tri1878389,0,130399,172975,0,0
7212,1289,1296248,205 North,Tri1878389,0,129979,172975,0,0
7212,1290,1296249,205 North,Tri1878389,0,130378,172975,0,0
7212,1291,1296250,205 North,Tri1878389,0,130385,172975,0,0
7212,1292,1296251,205 North,Tri1878389,0,130392,172975,0,0
7212,1288,1296254,205 North,Tri1878390,0,130398,172975,0,0
7212,1289,1296255,205 North,Tri1878390,0,129980,172975,0,0
7212,1290,1296256,205 North,Tri1878390,0,130377,172975,0,0
7212,1291,1296257,205 North,Tri1878390,0,130384,172975,0,0
7212,1292,1296258,205 North,Tri1878390,0,130391,172975,0,0
7212,1288,1296261,205 North,Tri1878391,0,130397,172975,0,0
7212,1289,1296262,205 North,Tri1878391,0,129978,172975,0,0
7212,1290,1296263,205 North,Tri1878391,0,130376,172975,0,0
7212,1291,1296264,205 North,Tri1878391,0,130383,172975,0,0
7212,1292,1296265,205 North,Tri1878391,0,130390,172975,0,0
7212,1288,1296268,205 North,Tri1878392,0,130399,172975,0,0
7212,1289,1296269,205 North,Tri1878392,0,129979,172975,0,0
7212,1290,1296270,205 North,Tri1878392,0,130378,172975,0,0
7212,1291,1296271,205 North,Tri1878392,0,130385,172975,0,0
7212,1292,1296272,205 North,Tri1878392,0,130392,172975,0,0
7212,1288,1296275,205 North,Tri1878393,0,130398,172975,0,0
7212,1289,1296276,205 North,Tri1878393,0,129980,172975,0,0
7212,1290,1296277,205 North,Tri1878393,0,130377,172975,0,0
7212,1291,1296278,205 North,Tri1878393,0,130384,172975,0,0
7212,1292,1296279,205 North,Tri1878393,0,130391,172975,0,0
7212,1288,1296282,205 North,Tri1878394,0,130397,172975,0,0
7212,1289,1296283,205 North,Tri1878394,0,129978,172975,0,0
7212,1290,1296284,205 North,Tri1878394,0,130376,172975,0,0
7212,1291,1296285,205 North,Tri1878394,0,130383,172975,0,0
7212,1292,1296286,205 North,Tri1878394,0,130390,172975,0,0
7212,1288,1296289,205 North,Tri1878395,0,130399,172975,0,0
7212,1289,1296290,205 North,Tri1878395,0,129979,172975,0,0
7212,1290,1296291,205 North,Tri1878395,0,130378,172975,0,0
7212,1291,1296292,205 North,Tri1878395,0,130385,172975,0,0
7212,1292,1296293,205 North,Tri1878395,0,130392,172975,0,0
7212,1288,1296296,205 North,Tri1878396,0,130398,172975,0,0
7212,1289,1296297,205 North,Tri1878396,0,129980,172975,0,0
7212,1290,1296298,205 North,Tri1878396,0,130377,172975,0,0
7212,1291,1296299,205 North,Tri1878396,0,130384,172975,0,0
7212,1292,1296300,205 North,Tri1878396,0,130391,172975,0,0
7212,1288,1296303,205 North,Tri1878397,0,130397,172975,0,0
7212,1289,1296304,205 North,Tri1878397,0,129978,172975,0,0
7212,1290,1296305,205 North,Tri1878397,0,130376,172975,0,0
7212,1291,1296306,205 North,Tri1878397,0,130383,172975,0,0
7212,1292,1296307,205 North,Tri1878397,0,130390,172975,0,0
7212,1288,1296310,205 North,Tri1878398,0,130399,172975,0,0
7212,1289,1296311,205 North,Tri1878398,0,129979,172975,0,0
7212,1290,1296312,205 North,Tri1878398,0,130378,172975,0,0
7212,1291,1296313,205 North,Tri1878398,0,130385,172975,0,0
7212,1292,1296314,205 North,Tri1878398,0,130392,172975,0,0
7212,1288,1296317,205 North,Tri1878399,0,130398,172975,0,0
7212,1289,1296318,205 North,Tri1878399,0,129980,172975,0,0
7212,1290,1296319,205 North,Tri1878399,0,130377,172975,0,0
7212,1291,1296320,205 North,Tri1878399,0,130384,172975,0,0
7212,1292,1296321,205 North,Tri1878399,0,130391,172975,0,0
7212,1288,1296324,205 North,Tri1878400,0,130397,172975,0,0
7212,1289,1296325,205 North,Tri1878400,0,129978,172975,0,0
7212,1290,1296326,205 North,Tri1878400,0,130376,172975,0,0
7212,1291,1296327,205 North,Tri1878400,0,130383,172975,0,0
7212,1292,1296328,205 North,Tri1878400,0,130390,172975,0,0
7212,1288,1296331,205 North,Tri1878401,0,130399,172975,0,0
7212,1289,1296332,205 North,Tri1878401,0,129979,172975,0,0
7212,1290,1296333,205 North,Tri1878401,0,130378,172975,0,0
7212,1291,1296334,205 North,Tri1878401,0,130385,172975,0,0
7212,1292,1296335,205 North,Tri1878401,0,130392,172975,0,0
7212,1288,1296338,205 North,Tri1878402,0,130402,172975,0,0
7212,1289,1296339,205 North,Tri1878402,0,129983,172975,0,0
7212,1290,1296340,205 North,Tri1878402,0,130381,172975,0,0
7212,1291,1296341,205 North,Tri1878402,0,130388,172975,0,0
7212,1292,1296342,205 North,Tri1878402,0,130395,172975,0,0
7212,1288,1296345,205 North,Tri1878403,0,130398,172975,0,0
7212,1289,1296346,205 North,Tri1878403,0,129980,172975,0,0
7212,1290,1296347,205 North,Tri1878403,0,130377,172975,0,0
7212,1291,1296348,205 North,Tri1878403,0,130384,172975,0,0
7212,1292,1296349,205 North,Tri1878403,0,130391,172975,0,0
7212,1288,1296352,205 North,Tri1878404,0,130403,172975,0,0
7212,1289,1296353,205 North,Tri1878404,0,129984,172975,0,0
7212,1290,1296354,205 North,Tri1878404,0,130382,172975,0,0
7212,1291,1296355,205 North,Tri1878404,0,130389,172975,0,0
7212,1292,1296356,205 North,Tri1878404,0,130396,172975,0,0
7212,1288,1296359,205 North,Tri1878405,0,130397,172975,0,0
7212,1289,1296360,205 North,Tri1878405,0,129978,172975,0,0
7212,1290,1296361,205 North,Tri1878405,0,130376,172975,0,0
7212,1291,1296362,205 North,Tri1878405,0,130383,172975,0,0
7212,1292,1296363,205 North,Tri1878405,0,130390,172975,0,0
7212,1288,1296366,205 North,Tri1878406,0,130399,172975,0,0
7212,1289,1296367,205 North,Tri1878406,0,129979,172975,0,0
7212,1290,1296368,205 North,Tri1878406,0,130378,172975,0,0
7212,1291,1296369,205 North,Tri1878406,0,130385,172975,0,0
7212,1292,1296370,205 North,Tri1878406,0,130392,172975,0,0
7212,1288,1296373,205 North,Tri1878407,0,130398,172975,0,0
7212,1289,1296374,205 North,Tri1878407,0,129980,172975,0,0
7212,1290,1296375,205 North,Tri1878407,0,130377,172975,0,0
7212,1291,1296376,205 North,Tri1878407,0,130384,172975,0,0
7212,1292,1296377,205 North,Tri1878407,0,130391,172975,0,0
7212,1288,1296380,205 North,Tri1878408,0,130397,172975,0,0
7212,1289,1296381,205 North,Tri1878408,0,129978,172975,0,0
7212,1290,1296382,205 North,Tri1878408,0,130376,172975,0,0
7212,1291,1296383,205 North,Tri1878408,0,130383,172975,0,0
7212,1292,1296384,205 North,Tri1878408,0,130390,172975,0,0
7212,1288,1296387,205 North,Tri1878409,0,130399,172975,0,0
7212,1289,1296388,205 North,Tri1878409,0,129979,172975,0,0
7212,1290,1296389,205 North,Tri1878409,0,130378,172975,0,0
7212,1291,1296390,205 North,Tri1878409,0,130385,172975,0,0
7212,1292,1296391,205 North,Tri1878409,0,130392,172975,0,0
7212,1288,1296394,205 North,Tri1878410,0,130398,172975,0,0
7212,1289,1296395,205 North,Tri1878410,0,129980,172975,0,0
7212,1290,1296396,205 North,Tri1878410,0,130377,172975,0,0
7212,1291,1296397,205 North,Tri1878410,0,130384,172975,0,0
7212,1292,1296398,205 North,Tri1878410,0,130391,172975,0,0
7212,1288,1296401,205 North,Tri1878411,0,130397,172975,0,0
7212,1289,1296402,205 North,Tri1878411,0,129978,172975,0,0
7212,1290,1296403,205 North,Tri1878411,0,130376,172975,0,0
7212,1291,1296404,205 North,Tri1878411,0,130383,172975,0,0
7212,1292,1296405,205 North,Tri1878411,0,130390,172975,0,0
7212,1288,1296408,205 North,Tri1878412,0,130399,172975,0,0
7212,1289,1296409,205 North,Tri1878412,0,129979,172975,0,0
7212,1290,1296410,205 North,Tri1878412,0,130378,172975,0,0
7212,1291,1296411,205 North,Tri1878412,0,130385,172975,0,0
7212,1292,1296412,205 North,Tri1878412,0,130392,172975,0,0
7212,1288,1296415,205 North,Tri1878413,0,130397,172975,0,0
7212,1289,1296416,205 North,Tri1878413,0,129978,172975,0,0
7212,1290,1296417,205 North,Tri1878413,0,130376,172975,0,0
7212,1291,1296418,205 North,Tri1878413,0,130383,172975,0,0
7212,1292,1296419,205 North,Tri1878413,0,130390,172975,0,0
7212,1288,1296422,205 North,Tri1878414,0,130399,172975,0,0
7212,1289,1296423,205 North,Tri1878414,0,129979,172975,0,0
7212,1290,1296424,205 North,Tri1878414,0,130378,172975,0,0
7212,1291,1296425,205 North,Tri1878414,0,130385,172975,0,0
7212,1292,1296426,205 North,Tri1878414,0,130392,172975,0,0
7212,1288,1296429,205 North,Tri1878415,0,130397,172975,0,0
7212,1289,1296430,205 North,Tri1878415,0,129978,172975,0,0
7212,1290,1296431,205 North,Tri1878415,0,130376,172975,0,0
7212,1291,1296432,205 North,Tri1878415,0,130383,172975,0,0
7212,1292,1296433,205 North,Tri1878415,0,130390,172975,0,0
7212,1288,1296436,205 North,Tri1878416,0,130399,172975,0,0
7212,1289,1296437,205 North,Tri1878416,0,129979,172975,0,0
7212,1290,1296438,205 North,Tri1878416,0,130378,172975,0,0
7212,1291,1296439,205 North,Tri1878416,0,130385,172975,0,0
7212,1292,1296440,205 North,Tri1878416,0,130392,172975,0,0
7212,1288,1296443,205 North,Tri1878417,0,130397,172975,0,0
7212,1289,1296444,205 North,Tri1878417,0,129978,172975,0,0
7212,1290,1296445,205 North,Tri1878417,0,130376,172975,0,0
7212,1291,1296446,205 North,Tri1878417,0,130383,172975,0,0
7212,1292,1296447,205 North,Tri1878417,0,130390,172975,0,0
7212,1288,1298483,205 South,Tri1878347,1,130397,172976,0,0
7212,1289,1298484,205 South,Tri1878347,1,129978,172976,0,0
7212,1290,1298485,205 South,Tri1878347,1,130376,172976,0,0
7212,1291,1298486,205 South,Tri1878347,1,130383,172976,0,0
7212,1292,1298487,205 South,Tri1878347,1,130390,172976,0,0
7212,1288,1298490,205 South,Tri1878348,1,130399,172976,0,0
7212,1289,1298491,205 South,Tri1878348,1,129979,172976,0,0
7212,1290,1298492,205 South,Tri1878348,1,130378,172976,0,0
7212,1291,1298493,205 South,Tri1878348,1,130385,172976,0,0
7212,1292,1298494,205 South,Tri1878348,1,130392,172976,0,0
7212,1288,1298497,205 South,Tri1878349,1,130398,172976,0,0
7212,1289,1298498,205 South,Tri1878349,1,129980,172976,0,0
7212,1290,1298499,205 South,Tri1878349,1,130377,172976,0,0
7212,1291,1298500,205 South,Tri1878349,1,130384,172976,0,0
7212,1292,1298501,205 South,Tri1878349,1,130391,172976,0,0
7212,1288,1298504,205 South,Tri1878350,1,130400,172976,0,0
7212,1289,1298505,205 South,Tri1878350,1,129981,172976,0,0
7212,1290,1298506,205 South,Tri1878350,1,130379,172976,0,0
7212,1291,1298507,205 South,Tri1878350,1,130386,172976,0,0
7212,1292,1298508,205 South,Tri1878350,1,130393,172976,0,0
7212,1288,1298511,205 South,Tri1878351,1,130397,172976,0,0
7212,1289,1298512,205 South,Tri1878351,1,129978,172976,0,0
7212,1290,1298513,205 South,Tri1878351,1,130376,172976,0,0
7212,1291,1298514,205 South,Tri1878351,1,130383,172976,0,0
7212,1292,1298515,205 South,Tri1878351,1,130390,172976,0,0
7212,1288,1298518,205 South,Tri1878352,1,130401,172976,0,0
7212,1289,1298519,205 South,Tri1878352,1,129982,172976,0,0
7212,1290,1298520,205 South,Tri1878352,1,130380,172976,0,0
7212,1291,1298521,205 South,Tri1878352,1,130387,172976,0,0
7212,1292,1298522,205 South,Tri1878352,1,130394,172976,0,0
7212,1288,1298525,205 South,Tri1878353,1,130399,172976,0,0
7212,1289,1298526,205 South,Tri1878353,1,129979,172976,0,0
7212,1290,1298527,205 South,Tri1878353,1,130378,172976,0,0
7212,1291,1298528,205 South,Tri1878353,1,130385,172976,0,0
7212,1292,1298529,205 South,Tri1878353,1,130392,172976,0,0
7212,1288,1298532,205 South,Tri1878354,1,130398,172976,0,0
7212,1289,1298533,205 South,Tri1878354,1,129980,172976,0,0
7212,1290,1298534,205 South,Tri1878354,1,130377,172976,0,0
7212,1291,1298535,205 South,Tri1878354,1,130384,172976,0,0
7212,1292,1298536,205 South,Tri1878354,1,130391,172976,0,0
7212,1288,1298539,205 South,Tri1878355,1,130397,172976,0,0
7212,1289,1298540,205 South,Tri1878355,1,129978,172976,0,0
7212,1290,1298541,205 South,Tri1878355,1,130376,172976,0,0
7212,1291,1298542,205 South,Tri1878355,1,130383,172976,0,0
7212,1292,1298543,205 South,Tri1878355,1,130390,172976,0,0
7212,1288,1298546,205 South,Tri1878356,1,130399,172976,0,0
7212,1289,1298547,205 South,Tri1878356,1,129979,172976,0,0
7212,1290,1298548,205 South,Tri1878356,1,130378,172976,0,0
7212,1291,1298549,205 South,Tri1878356,1,130385,172976,0,0
7212,1292,1298550,205 South,Tri1878356,1,130392,172976,0,0
7212,1288,1298553,205 South,Tri1878357,1,130398,172976,0,0
7212,1289,1298554,205 South,Tri1878357,1,129980,172976,0,0
7212,1290,1298555,205 South,Tri1878357,1,130377,172976,0,0
7212,1291,1298556,205 South,Tri1878357,1,130384,172976,0,0
7212,1292,1298557,205 South,Tri1878357,1,130391,172976,0,0
7212,1288,1298560,205 South,Tri1878358,1,130397,172976,0,0
7212,1289,1298561,205 South,Tri1878358,1,129978,172976,0,0
7212,1290,1298562,205 South,Tri1878358,1,130376,172976,0,0
7212,1291,1298563,205 South,Tri1878358,1,130383,172976,0,0
7212,1292,1298564,205 South,Tri1878358,1,130390,172976,0,0
7212,1288,1298567,205 South,Tri1878359,1,130399,172976,0,0
7212,1289,1298568,205 South,Tri1878359,1,129979,172976,0,0
7212,1290,1298569,205 South,Tri1878359,1,130378,172976,0,0
7212,1291,1298570,205 South,Tri1878359,1,130385,172976,0,0
7212,1292,1298571,205 South,Tri1878359,1,130392,172976,0,0
7212,1288,1298574,205 South,Tri1878360,1,130398,172976,0,0
7212,1289,1298575,205 South,Tri1878360,1,129980,172976,0,0
7212,1290,1298576,205 South,Tri1878360,1,130377,172976,0,0
7212,1291,1298577,205 South,Tri1878360,1,130384,172976,0,0
7212,1292,1298578,205 South,Tri1878360,1,130391,172976,0,0
7212,1288,1298581,205 South,Tri1878361,1,130397,172976,0,0
7212,1289,1298582,205 South,Tri1878361,1,129978,172976,0,0
7212,1290,1298583,205 South,Tri1878361,1,130376,172976,0,0
7212,1291,1298584,205 South,Tri1878361,1,130383,172976,0,0
7212,1292,1298585,205 South,Tri1878361,1,130390,172976,0,0
7212,1288,1298588,205 South,Tri1878362,1,130399,172976,0,0
7212,1289,1298589,205 South,Tri1878362,1,129979,172976,0,0
7212,1290,1298590,205 South,Tri1878362,1,130378,172976,0,0
7212,1291,1298591,205 South,Tri1878362,1,130385,172976,0,0
7212,1292,1298592,205 South,Tri1878362,1,130392,172976,0,0
7212,1288,1298595,205 South,Tri1878363,1,130398,172976,0,0
7212,1289,1298596,205 South,Tri1878363,1,129980,172976,0,0
7212,1290,1298597,205 South,Tri1878363,1,130377,172976,0,0
7212,1291,1298598,205 South,Tri1878363,1,130384,172976,0,0
7212,1292,1298599,205 South,Tri1878363,1,130391,172976,0,0
7212,1288,1298602,205 South,Tri1878364,1,130397,172976,0,0
7212,1289,1298603,205 South,Tri1878364,1,129978,172976,0,0
7212,1290,1298604,205 South,Tri1878364,1,130376,172976,0,0
7212,1291,1298605,205 South,Tri1878364,1,130383,172976,0,0
7212,1292,1298606,205 South,Tri1878364,1,130390,172976,0,0
7212,1288,1298609,205 South,Tri1878365,1,130399,172976,0,0
7212,1289,1298610,205 South,Tri1878365,1,129979,172976,0,0
7212,1290,1298611,205 South,Tri1878365,1,130378,172976,0,0
7212,1291,1298612,205 South,Tri1878365,1,130385,172976,0,0
7212,1292,1298613,205 South,Tri1878365,1,130392,172976,0,0
7212,1288,1298616,205 South,Tri1878366,1,130402,172976,0,0
7212,1289,1298617,205 South,Tri1878366,1,129983,172976,0,0
7212,1290,1298618,205 South,Tri1878366,1,130381,172976,0,0
7212,1291,1298619,205 South,Tri1878366,1,130388,172976,0,0
7212,1292,1298620,205 South,Tri1878366,1,130395,172976,0,0
7212,1288,1298623,205 South,Tri1878367,1,130398,172976,0,0
7212,1289,1298624,205 South,Tri1878367,1,129980,172976,0,0
7212,1290,1298625,205 South,Tri1878367,1,130377,172976,0,0
7212,1291,1298626,205 South,Tri1878367,1,130384,172976,0,0
7212,1292,1298627,205 South,Tri1878367,1,130391,172976,0,0
7212,1288,1298630,205 South,Tri1878368,1,130403,172976,0,0
7212,1289,1298631,205 South,Tri1878368,1,129984,172976,0,0
7212,1290,1298632,205 South,Tri1878368,1,130382,172976,0,0
7212,1291,1298633,205 South,Tri1878368,1,130389,172976,0,0
7212,1292,1298634,205 South,Tri1878368,1,130396,172976,0,0
7212,1288,1298637,205 South,Tri1878369,1,130397,172976,0,0
7212,1289,1298638,205 South,Tri1878369,1,129978,172976,0,0
7212,1290,1298639,205 South,Tri1878369,1,130376,172976,0,0
7212,1291,1298640,205 South,Tri1878369,1,130383,172976,0,0
7212,1292,1298641,205 South,Tri1878369,1,130390,172976,0,0
7212,1288,1298644,205 South,Tri1878370,1,130399,172976,0,0
7212,1289,1298645,205 South,Tri1878370,1,129979,172976,0,0
7212,1290,1298646,205 South,Tri1878370,1,130378,172976,0,0
7212,1291,1298647,205 South,Tri1878370,1,130385,172976,0,0
7212,1292,1298648,205 South,Tri1878370,1,130392,172976,0,0
7212,1288,1298651,205 South,Tri1878371,1,130398,172976,0,0
7212,1289,1298652,205 South,Tri1878371,1,129980,172976,0,0
7212,1290,1298653,205 South,Tri1878371,1,130377,172976,0,0
7212,1291,1298654,205 South,Tri1878371,1,130384,172976,0,0
7212,1292,1298655,205 South,Tri1878371,1,130391,172976,0,0
7212,1288,1298658,205 South,Tri1878372,1,130397,172976,0,0
7212,1289,1298659,205 South,Tri1878372,1,129978,172976,0,0
7212,1290,1298660,205 South,Tri1878372,1,130376,172976,0,0
7212,1291,1298661,205 South,Tri1878372,1,130383,172976,0,0
7212,1292,1298662,205 South,Tri1878372,1,130390,172976,0,0
7212,1288,1298665,205 South,Tri1878373,1,130399,172976,0,0
7212,1289,1298666,205 South,Tri1878373,1,129979,172976,0,0
7212,1290,1298667,205 South,Tri1878373,1,130378,172976,0,0
7212,1291,1298668,205 South,Tri1878373,1,130385,172976,0,0
7212,1292,1298669,205 South,Tri1878373,1,130392,172976,0,0
7212,1288,1298672,205 South,Tri1878374,1,130398,172976,0,0
7212,1289,1298673,205 South,Tri1878374,1,129980,172976,0,0
7212,1290,1298674,205 South,Tri1878374,1,130377,172976,0,0
7212,1291,1298675,205 South,Tri1878374,1,130384,172976,0,0
7212,1292,1298676,205 South,Tri1878374,1,130391,172976,0,0
7212,1288,1298679,205 South,Tri1878375,1,130397,172976,0,0
7212,1289,1298680,205 South,Tri1878375,1,129978,172976,0,0
7212,1290,1298681,205 South,Tri1878375,1,130376,172976,0,0
7212,1291,1298682,205 South,Tri1878375,1,130383,172976,0,0
7212,1292,1298683,205 South,Tri1878375,1,130390,172976,0,0
7212,1288,1298686,205 South,Tri1878376,1,130399,172976,0,0
7212,1289,1298687,205 South,Tri1878376,1,129979,172976,0,0
7212,1290,1298688,205 South,Tri1878376,1,130378,172976,0,0
7212,1291,1298689,205 South,Tri1878376,1,130385,172976,0,0
7212,1292,1298690,205 South,Tri1878376,1,130392,172976,0,0
7212,1288,1298693,205 South,Tri1878377,1,130397,172976,0,0
7212,1289,1298694,205 South,Tri1878377,1,129978,172976,0,0
7212,1290,1298695,205 South,Tri1878377,1,130376,172976,0,0
7212,1291,1298696,205 South,Tri1878377,1,130383,172976,0,0
7212,1292,1298697,205 South,Tri1878377,1,130390,172976,0,0
7212,1288,1298700,205 South,Tri1878378,1,130399,172976,0,0
7212,1289,1298701,205 South,Tri1878378,1,129979,172976,0,0
7212,1290,1298702,205 South,Tri1878378,1,130378,172976,0,0
7212,1291,1298703,205 South,Tri1878378,1,130385,172976,0,0
7212,1292,1298704,205 South,Tri1878378,1,130392,172976,0,0
7212,1288,1298707,205 South,Tri1878379,1,130397,172976,0,0
7212,1289,1298708,205 South,Tri1878379,1,129978,172976,0,0
7212,1290,1298709,205 South,Tri1878379,1,130376,172976,0,0
7212,1291,1298710,205 South,Tri1878379,1,130383,172976,0,0
7212,1292,1298711,205 South,Tri1878379,1,130390,172976,0,0
7212,1288,1298714,205 South,Tri1878380,1,130399,172976,0,0
7212,1289,1298715,205 South,Tri1878380,1,129979,172976,0,0
7212,1290,1298716,205 South,Tri1878380,1,130378,172976,0,0
7212,1291,1298717,205 South,Tri1878380,1,130385,172976,0,0
7212,1292,1298718,205 South,Tri1878380,1,130392,172976,0,0
7212,1288,1298721,205 South,Tri1878381,1,130397,172976,0,0
7212,1289,1298722,205 South,Tri1878381,1,129978,172976,0,0
7212,1290,1298723,205 South,Tri1878381,1,130376,172976,0,0
7212,1291,1298724,205 South,Tri1878381,1,130383,172976,0,0
7212,1292,1298725,205 South,Tri1878381,1,130390,172976,0,0
7212,1287,1303790,205 North,Tri1878446,0,129985,172975,0,0
7212,1287,1303792,205 North,Tri1878447,0,129986,172975,0,0
7212,1287,1303794,205 North,Tri1878448,0,129985,172975,0,0
7212,1287,1303796,205 North,Tri1878449,0,129986,172975,0,0
7212,1287,1303798,205 North,Tri1878450,0,129985,172975,0,0
7212,1287,1303800,205 North,Tri1878451,0,129986,172975,0,0
7212,1287,1303802,205 North,Tri1878452,0,129987,172975,0,0
7212,1287,1303804,205 North,Tri1878453,0,129985,172975,0,0
7212,1287,1303806,205 North,Tri1878454,0,129986,172975,0,0
7212,1287,1303808,205 North,Tri1878455,0,129987,172975,0,0
7212,1287,1303810,205 North,Tri1878456,0,129985,172975,0,0
7212,1287,1303812,205 North,Tri1878457,0,129986,172975,0,0
7212,1287,1303814,205 North,Tri1878458,0,129987,172975,0,0
7212,1287,1303816,205 North,Tri1878459,0,129985,172975,0,0
7212,1287,1303818,205 North,Tri1878460,0,129986,172975,0,0
7212,1287,1303820,205 North,Tri1878461,0,129987,172975,0,0
7212,1287,1303822,205 North,Tri1878462,0,129985,172975,0,0
7212,1287,1303824,205 North,Tri1878463,0,129986,172975,0,0
7212,1287,1303826,205 North,Tri1878464,0,129987,172975,0,0
7212,1287,1303828,205 North,Tri1878465,0,129985,172975,0,0
7212,1287,1303830,205 North,Tri1878466,0,129986,172975,0,0
7212,1287,1303832,205 North,Tri1878467,0,129987,172975,0,0
7212,1287,1303834,205 North,Tri1878468,0,129985,172975,0,0
7212,1287,1303836,205 North,Tri1878469,0,129987,172975,0,0
7212,1287,1303838,205 North,Tri1878470,0,129985,172975,0,0
7212,1287,1303840,205 North,Tri1878471,0,129987,172975,0,0
7212,1287,1303842,205 North,Tri1878472,0,129985,172975,0,0
7212,1287,1303844,205 North,Tri1878473,0,129987,172975,0,0
7212,1287,1304276,205 South,Tri1878418,1,129985,172976,0,0
7212,1287,1304278,205 South,Tri1878419,1,129986,172976,0,0
7212,1287,1304280,205 South,Tri1878420,1,129985,172976,0,0
7212,1287,1304282,205 South,Tri1878421,1,129986,172976,0,0
7212,1287,1304284,205 South,Tri1878422,1,129985,172976,0,0
7212,1287,1304286,205 South,Tri1878423,1,129986,172976,0,0
7212,1287,1304288,205 South,Tri1878424,1,129987,172976,0,0
7212,1287,1304290,205 South,Tri1878425,1,129985,172976,0,0
7212,1287,1304292,205 South,Tri1878426,1,129986,172976,0,0
7212,1287,1304294,205 South,Tri1878427,1,129987,172976,0,0
7212,1287,1304296,205 South,Tri1878428,1,129985,172976,0,0
7212,1287,1304298,205 South,Tri1878429,1,129986,172976,0,0
7212,1287,1304300,205 South,Tri1878430,1,129987,172976,0,0
7212,1287,1304302,205 South,Tri1878431,1,129985,172976,0,0
7212,1287,1304304,205 South,Tri1878432,1,129986,172976,0,0
7212,1287,1304306,205 South,Tri1878433,1,129987,172976,0,0
7212,1287,1304308,205 South,Tri1878434,1,129985,172976,0,0
7212,1287,1304310,205 South,Tri1878435,1,129986,172976,0,0
7212,1287,1304312,205 South,Tri1878436,1,129987,172976,0,0
7212,1287,1304314,205 South,Tri1878437,1,129985,172976,0,0
7212,1287,1304316,205 South,Tri1878438,1,129986,172976,0,0
7212,1287,1304318,205 South,Tri1878439,1,129987,172976,0,0
7212,1287,1304320,205 South,Tri1878440,1,129985,172976,0,0
7212,1287,1304322,205 South,Tri1878441,1,129987,172976,0,0
7212,1287,1304324,205 South,Tri1878442,1,129985,172976,0,0
7212,1287,1304326,205 South,Tri1878443,1,129987,172976,0,0
7212,1287,1304328,205 South,Tri1878444,1,129985,172976,0,0
7212,1287,1304330,205 South,Tri1878445,1,129987,172976,0,0
7212,1294,1306146,205 South,Tri1890343,1,135830,172976,0,0
7212,1294,1306147,205 South,Tri1890344,1,135830,172976,0,0
7212,1294,1306148,205 South,Tri1890345,1,135830,172976,0,0
7212,1294,1306149,205 South,Tri1890346,1,135830,172976,0,0
7212,1294,1306150,205 South,Tri1890347,1,135830,172976,0,0
7212,1294,1306151,205 South,Tri1890348,1,135830,172976,0,0
7212,1294,1306152,205 South,Tri1890349,1,135830,172976,0,0
7212,1294,1306153,205 North,Tri1890351,0,135830,172975,0,0
7212,1294,1306154,205 North,Tri1890352,0,135830,172975,0,0
7212,1294,1306155,205 North,Tri1890353,0,135830,172975,0,0
7212,1294,1306156,205 North,Tri1890354,0,135830,172975,0,0
7212,1294,1306157,205 North,Tri1890355,0,135830,172975,0,0
7212,1294,1306158,205 North,Tri1890356,0,135830,172975,0,0
7212,1294,1306159,205 North,Tri1890357,0,135830,172975,0,0
7212,1294,1306219,205 South,Tri1891024,1,135830,172976,0,0
7212,1294,1306220,205 North,Tri1891025,0,135830,172975,0,0
7213,1295,1294830,135 South,Tri1879338,1,135810,172979,0,0
7213,1293,1294831,135 South,Tri1879338,1,135808,172979,0,0
7213,1286,1294826,135 South,Tri1879339,1,129977,172979,0,0
7213,1295,1294827,135 South,Tri1879339,1,135811,172979,0,0
7213,1293,1294828,135 South,Tri1879339,1,135809,172979,0,0
7213,1286,1294823,135 South,Tri1879340,1,129976,172979,0,0
7213,1295,1294824,135 South,Tri1879340,1,135810,172979,0,0
7213,1293,1294825,135 South,Tri1879340,1,135808,172979,0,0
7213,1286,1294820,135 South,Tri1879341,1,129977,172979,0,0
7213,1295,1294821,135 South,Tri1879341,1,135811,172979,0,0
7213,1293,1294822,135 South,Tri1879341,1,135809,172979,0,0
7213,1286,1294817,135 South,Tri1879342,1,129976,172979,0,0
7213,1295,1294818,135 South,Tri1879342,1,135810,172979,0,0
7213,1293,1294819,135 South,Tri1879342,1,135808,172979,0,0
7213,1286,1294814,135 South,Tri1879343,1,129977,172979,0,0
7213,1295,1294815,135 South,Tri1879343,1,135811,172979,0,0
7213,1286,1294829,135 South,Tri1879338,1,129976,172979,0,0
7213,1293,1294834,135 South,Tri1879337,1,135809,172979,0,0
7213,1295,1294833,135 South,Tri1879337,1,135811,172979,0,0
7213,1286,1294832,135 South,Tri1879337,1,129977,172979,0,0
7213,1293,1294837,135 South,Tri1879336,1,135808,172979,0,0
7213,1295,1294836,135 South,Tri1879336,1,135810,172979,0,0
7213,1286,1294835,135 South,Tri1879336,1,129976,172979,0,0
7213,1293,1294840,135 South,Tri1879335,1,135809,172979,0,0
7213,1295,1294839,135 South,Tri1879335,1,135811,172979,0,0
7213,1286,1294838,135 South,Tri1879335,1,129977,172979,0,0
7213,1293,1294816,135 South,Tri1879343,1,135809,172979,0,0
7213,1286,1294811,135 South,Tri1879344,1,129976,172979,0,0
7213,1295,1294812,135 South,Tri1879344,1,135810,172979,0,0
7213,1293,1294813,135 South,Tri1879344,1,135808,172979,0,0
7213,1286,1294808,135 South,Tri1879345,1,129977,172979,0,0
7213,1295,1294809,135 South,Tri1879345,1,135811,172979,0,0
7213,1293,1294810,135 South,Tri1879345,1,135809,172979,0,0
7213,1293,1294843,135 South,Tri1879334,1,135808,172979,0,0
7213,1295,1294842,135 South,Tri1879334,1,135810,172979,0,0
7213,1286,1294841,135 South,Tri1879334,1,129976,172979,0,0
7213,1293,1294846,135 South,Tri1879333,1,135809,172979,0,0
7213,1295,1294845,135 South,Tri1879333,1,135811,172979,0,0
7213,1286,1294844,135 South,Tri1879333,1,129977,172979,0,0
7213,1293,1294849,135 South,Tri1879332,1,135808,172979,0,0
7213,1295,1294848,135 South,Tri1879332,1,135810,172979,0,0
7213,1286,1294847,135 South,Tri1879332,1,129976,172979,0,0
7213,1286,1294805,135 South,Tri1879346,1,129976,172979,0,0
7213,1295,1294806,135 South,Tri1879346,1,135810,172979,0,0
7213,1293,1294807,135 South,Tri1879346,1,135808,172979,0,0
7213,1286,1294802,135 South,Tri1879347,1,129977,172979,0,0
7213,1295,1294803,135 South,Tri1879347,1,135811,172979,0,0
7213,1293,1294804,135 South,Tri1879347,1,135809,172979,0,0
7213,1286,1294799,135 South,Tri1879348,1,129976,172979,0,0
7213,1295,1294800,135 South,Tri1879348,1,135810,172979,0,0
7213,1293,1294801,135 South,Tri1879348,1,135808,172979,0,0
7213,1286,1294796,135 South,Tri1879349,1,129977,172979,0,0
7213,1295,1294797,135 South,Tri1879349,1,135811,172979,0,0
7213,1293,1294798,135 South,Tri1879349,1,135809,172979,0,0
7213,1293,1295699,135 North,Tri1879357,0,135809,172977,0,0
7213,1295,1295700,135 North,Tri1879357,0,135811,172977,0,0
7213,1286,1295701,135 North,Tri1879357,0,129977,172977,0,0
7213,1293,1295729,135 North,Tri1879367,0,135809,172977,0,0
7213,1295,1295730,135 North,Tri1879367,0,135811,172977,0,0
7213,1286,1295731,135 North,Tri1879367,0,129977,172977,0,0
7213,1293,1295702,135 North,Tri1879358,0,135808,172977,0,0
7213,1295,1295703,135 North,Tri1879358,0,135810,172977,0,0
7213,1286,1295704,135 North,Tri1879358,0,129976,172977,0,0
7213,1293,1295705,135 North,Tri1879359,0,135809,172977,0,0
7213,1295,1295706,135 North,Tri1879359,0,135811,172977,0,0
7213,1286,1295707,135 North,Tri1879359,0,129977,172977,0,0
7213,1293,1295708,135 North,Tri1879360,0,135808,172977,0,0
7213,1295,1295709,135 North,Tri1879360,0,135810,172977,0,0
7213,1286,1295710,135 North,Tri1879360,0,129976,172977,0,0
7213,1293,1295711,135 North,Tri1879361,0,135809,172977,0,0
7213,1295,1295712,135 North,Tri1879361,0,135811,172977,0,0
7213,1286,1295713,135 North,Tri1879361,0,129977,172977,0,0
7213,1293,1295714,135 North,Tri1879362,0,135808,172977,0,0
7213,1295,1295715,135 North,Tri1879362,0,135810,172977,0,0
7213,1286,1295716,135 North,Tri1879362,0,129976,172977,0,0
7213,1293,1295717,135 North,Tri1879363,0,135809,172977,0,0
7213,1295,1295718,135 North,Tri1879363,0,135811,172977,0,0
7213,1286,1295719,135 North,Tri1879363,0,129977,172977,0,0
7213,1293,1295678,135 North,Tri1879350,0,135808,172977,0,0
7213,1295,1295679,135 North,Tri1879350,0,135810,172977,0,0
7213,1286,1295680,135 North,Tri1879350,0,129976,172977,0,0
7213,1293,1295681,135 North,Tri1879351,0,135809,172977,0,0
7213,1295,1295682,135 North,Tri1879351,0,135811,172977,0,0
7213,1286,1295683,135 North,Tri1879351,0,129977,172977,0,0
7213,1293,1295684,135 North,Tri1879352,0,135808,172977,0,0
7213,1295,1295685,135 North,Tri1879352,0,135810,172977,0,0
7213,1286,1295686,135 North,Tri1879352,0,129976,172977,0,0
7213,1293,1295687,135 North,Tri1879353,0,135809,172977,0,0
7213,1295,1295688,135 North,Tri1879353,0,135811,172977,0,0
7213,1286,1295689,135 North,Tri1879353,0,129977,172977,0,0
7213,1293,1295690,135 North,Tri1879354,0,135808,172977,0,0
7213,1295,1295691,135 North,Tri1879354,0,135810,172977,0,0
7213,1286,1295692,135 North,Tri1879354,0,129976,172977,0,0
7213,1293,1295693,135 North,Tri1879355,0,135809,172977,0,0
7213,1295,1295694,135 North,Tri1879355,0,135811,172977,0,0
7213,1286,1295695,135 North,Tri1879355,0,129977,172977,0,0
7213,1293,1295696,135 North,Tri1879356,0,135808,172977,0,0
7213,1295,1295697,135 North,Tri1879356,0,135810,172977,0,0
7213,1286,1295698,135 North,Tri1879356,0,129976,172977,0,0
7213,1293,1295720,135 North,Tri1879364,0,135808,172977,0,0
7213,1295,1295721,135 North,Tri1879364,0,135810,172977,0,0
7213,1286,1295722,135 North,Tri1879364,0,129976,172977,0,0
7213,1293,1295723,135 North,Tri1879365,0,135809,172977,0,0
7213,1295,1295724,135 North,Tri1879365,0,135811,172977,0,0
7213,1286,1295725,135 North,Tri1879365,0,129977,172977,0,0
7213,1293,1295726,135 North,Tri1879366,0,135808,172977,0,0
7213,1295,1295727,135 North,Tri1879366,0,135810,172977,0,0
7213,1286,1295728,135 North,Tri1879366,0,129976,172977,0,0
7213,1288,1295911,135 South,Tri1879147,1,130372,172979,0,0
7213,1289,1295912,135 South,Tri1879147,1,129968,172979,0,0
7213,1290,1295913,135 South,Tri1879147,1,130360,172979,0,0
7213,1291,1295914,135 South,Tri1879147,1,130364,172979,0,0
7213,1292,1295915,135 South,Tri1879147,1,130368,172979,0,0
7213,1288,1295918,135 South,Tri1879148,1,130373,172979,0,0
7213,1289,1295919,135 South,Tri1879148,1,129969,172979,0,0
7213,1290,1295920,135 South,Tri1879148,1,130361,172979,0,0
7213,1291,1295921,135 South,Tri1879148,1,130365,172979,0,0
7213,1292,1295922,135 South,Tri1879148,1,130369,172979,0,0
7213,1288,1295925,135 South,Tri1879149,1,130374,172979,0,0
7213,1289,1295926,135 South,Tri1879149,1,129971,172979,0,0
7213,1290,1295927,135 South,Tri1879149,1,130362,172979,0,0
7213,1291,1295928,135 South,Tri1879149,1,130366,172979,0,0
7213,1292,1295929,135 South,Tri1879149,1,130370,172979,0,0
7213,1288,1295932,135 South,Tri1879150,1,130372,172979,0,0
7213,1289,1295933,135 South,Tri1879150,1,129968,172979,0,0
7213,1290,1295934,135 South,Tri1879150,1,130360,172979,0,0
7213,1291,1295935,135 South,Tri1879150,1,130364,172979,0,0
7213,1292,1295936,135 South,Tri1879150,1,130368,172979,0,0
7213,1288,1295939,135 South,Tri1879151,1,130375,172979,0,0
7213,1289,1295940,135 South,Tri1879151,1,129970,172979,0,0
7213,1290,1295941,135 South,Tri1879151,1,130363,172979,0,0
7213,1291,1295942,135 South,Tri1879151,1,130367,172979,0,0
7213,1292,1295943,135 South,Tri1879151,1,130371,172979,0,0
7213,1288,1295946,135 South,Tri1879152,1,130373,172979,0,0
7213,1289,1295947,135 South,Tri1879152,1,129969,172979,0,0
7213,1290,1295948,135 South,Tri1879152,1,130361,172979,0,0
7213,1291,1295949,135 South,Tri1879152,1,130365,172979,0,0
7213,1292,1295950,135 South,Tri1879152,1,130369,172979,0,0
7213,1288,1295953,135 South,Tri1879153,1,130374,172979,0,0
7213,1289,1295954,135 South,Tri1879153,1,129971,172979,0,0
7213,1290,1295955,135 South,Tri1879153,1,130362,172979,0,0
7213,1291,1295956,135 South,Tri1879153,1,130366,172979,0,0
7213,1292,1295957,135 South,Tri1879153,1,130370,172979,0,0
7213,1288,1295960,135 South,Tri1879154,1,130372,172979,0,0
7213,1289,1295961,135 South,Tri1879154,1,129968,172979,0,0
7213,1290,1295962,135 South,Tri1879154,1,130360,172979,0,0
7213,1291,1295963,135 South,Tri1879154,1,130364,172979,0,0
7213,1292,1295964,135 South,Tri1879154,1,130368,172979,0,0
7213,1288,1295967,135 South,Tri1879155,1,130375,172979,0,0
7213,1289,1295968,135 South,Tri1879155,1,129970,172979,0,0
7213,1290,1295969,135 South,Tri1879155,1,130363,172979,0,0
7213,1291,1295970,135 South,Tri1879155,1,130367,172979,0,0
7213,1292,1295971,135 South,Tri1879155,1,130371,172979,0,0
7213,1288,1295974,135 South,Tri1879156,1,130373,172979,0,0
7213,1289,1295975,135 South,Tri1879156,1,129969,172979,0,0
7213,1290,1295976,135 South,Tri1879156,1,130361,172979,0,0
7213,1291,1295977,135 South,Tri1879156,1,130365,172979,0,0
7213,1292,1295978,135 South,Tri1879156,1,130369,172979,0,0
7213,1288,1295981,135 South,Tri1879157,1,130374,172979,0,0
7213,1289,1295982,135 South,Tri1879157,1,129971,172979,0,0
7213,1290,1295983,135 South,Tri1879157,1,130362,172979,0,0
7213,1291,1295984,135 South,Tri1879157,1,130366,172979,0,0
7213,1292,1295985,135 South,Tri1879157,1,130370,172979,0,0
7213,1288,1295988,135 South,Tri1879158,1,130372,172979,0,0
7213,1289,1295989,135 South,Tri1879158,1,129968,172979,0,0
7213,1290,1295990,135 South,Tri1879158,1,130360,172979,0,0
7213,1291,1295991,135 South,Tri1879158,1,130364,172979,0,0
7213,1292,1295992,135 South,Tri1879158,1,130368,172979,0,0
7213,1288,1295995,135 South,Tri1879159,1,130375,172979,0,0
7213,1289,1295996,135 South,Tri1879159,1,129970,172979,0,0
7213,1290,1295997,135 South,Tri1879159,1,130363,172979,0,0
7213,1291,1295998,135 South,Tri1879159,1,130367,172979,0,0
7213,1292,1295999,135 South,Tri1879159,1,130371,172979,0,0
7213,1288,1296002,135 South,Tri1879160,1,130373,172979,0,0
7213,1289,1296003,135 South,Tri1879160,1,129969,172979,0,0
7213,1290,1296004,135 South,Tri1879160,1,130361,172979,0,0
7213,1291,1296005,135 South,Tri1879160,1,130365,172979,0,0
7213,1292,1296006,135 South,Tri1879160,1,130369,172979,0,0
7213,1288,1296009,135 South,Tri1879161,1,130374,172979,0,0
7213,1289,1296010,135 South,Tri1879161,1,129971,172979,0,0
7213,1290,1296011,135 South,Tri1879161,1,130362,172979,0,0
7213,1291,1296012,135 South,Tri1879161,1,130366,172979,0,0
7213,1292,1296013,135 South,Tri1879161,1,130370,172979,0,0
7213,1288,1296016,135 South,Tri1879162,1,130372,172979,0,0
7213,1289,1296017,135 South,Tri1879162,1,129968,172979,0,0
7213,1290,1296018,135 South,Tri1879162,1,130360,172979,0,0
7213,1291,1296019,135 South,Tri1879162,1,130364,172979,0,0
7213,1292,1296020,135 South,Tri1879162,1,130368,172979,0,0
7213,1288,1296023,135 South,Tri1879163,1,130375,172979,0,0
7213,1289,1296024,135 South,Tri1879163,1,129970,172979,0,0
7213,1290,1296025,135 South,Tri1879163,1,130363,172979,0,0
7213,1291,1296026,135 South,Tri1879163,1,130367,172979,0,0
7213,1292,1296027,135 South,Tri1879163,1,130371,172979,0,0
7213,1288,1296030,135 South,Tri1879164,1,130373,172979,0,0
7213,1289,1296031,135 South,Tri1879164,1,129969,172979,0,0
7213,1290,1296032,135 South,Tri1879164,1,130361,172979,0,0
7213,1291,1296033,135 South,Tri1879164,1,130365,172979,0,0
7213,1292,1296034,135 South,Tri1879164,1,130369,172979,0,0
7213,1288,1296037,135 South,Tri1879165,1,130374,172979,0,0
7213,1289,1296038,135 South,Tri1879165,1,129971,172979,0,0
7213,1290,1296039,135 South,Tri1879165,1,130362,172979,0,0
7213,1291,1296040,135 South,Tri1879165,1,130366,172979,0,0
7213,1292,1296041,135 South,Tri1879165,1,130370,172979,0,0
7213,1288,1296044,135 South,Tri1879166,1,130372,172979,0,0
7213,1289,1296045,135 South,Tri1879166,1,129968,172979,0,0
7213,1290,1296046,135 South,Tri1879166,1,130360,172979,0,0
7213,1291,1296047,135 South,Tri1879166,1,130364,172979,0,0
7213,1292,1296048,135 South,Tri1879166,1,130368,172979,0,0
7213,1288,1296051,135 South,Tri1879167,1,130375,172979,0,0
7213,1289,1296052,135 South,Tri1879167,1,129970,172979,0,0
7213,1290,1296053,135 South,Tri1879167,1,130363,172979,0,0
7213,1291,1296054,135 South,Tri1879167,1,130367,172979,0,0
7213,1292,1296055,135 South,Tri1879167,1,130371,172979,0,0
7213,1288,1296058,135 South,Tri1879168,1,130373,172979,0,0
7213,1289,1296059,135 South,Tri1879168,1,129969,172979,0,0
7213,1290,1296060,135 South,Tri1879168,1,130361,172979,0,0
7213,1291,1296061,135 South,Tri1879168,1,130365,172979,0,0
7213,1292,1296062,135 South,Tri1879168,1,130369,172979,0,0
7213,1288,1296065,135 South,Tri1879169,1,130374,172979,0,0
7213,1289,1296066,135 South,Tri1879169,1,129971,172979,0,0
7213,1290,1296067,135 South,Tri1879169,1,130362,172979,0,0
7213,1291,1296068,135 South,Tri1879169,1,130366,172979,0,0
7213,1292,1296069,135 South,Tri1879169,1,130370,172979,0,0
7213,1288,1296072,135 South,Tri1879170,1,130372,172979,0,0
7213,1289,1296073,135 South,Tri1879170,1,129968,172979,0,0
7213,1290,1296074,135 South,Tri1879170,1,130360,172979,0,0
7213,1291,1296075,135 South,Tri1879170,1,130364,172979,0,0
7213,1292,1296076,135 South,Tri1879170,1,130368,172979,0,0
7213,1288,1296079,135 South,Tri1879171,1,130375,172979,0,0
7213,1289,1296080,135 South,Tri1879171,1,129970,172979,0,0
7213,1290,1296081,135 South,Tri1879171,1,130363,172979,0,0
7213,1291,1296082,135 South,Tri1879171,1,130367,172979,0,0
7213,1292,1296083,135 South,Tri1879171,1,130371,172979,0,0
7213,1288,1296086,135 South,Tri1879172,1,130373,172979,0,0
7213,1289,1296087,135 South,Tri1879172,1,129969,172979,0,0
7213,1290,1296088,135 South,Tri1879172,1,130361,172979,0,0
7213,1291,1296089,135 South,Tri1879172,1,130365,172979,0,0
7213,1292,1296090,135 South,Tri1879172,1,130369,172979,0,0
7213,1288,1296093,135 South,Tri1879173,1,130374,172979,0,0
7213,1289,1296094,135 South,Tri1879173,1,129971,172979,0,0
7213,1290,1296095,135 South,Tri1879173,1,130362,172979,0,0
7213,1291,1296096,135 South,Tri1879173,1,130366,172979,0,0
7213,1292,1296097,135 South,Tri1879173,1,130370,172979,0,0
7213,1288,1296100,135 South,Tri1879174,1,130372,172979,0,0
7213,1289,1296101,135 South,Tri1879174,1,129968,172979,0,0
7213,1290,1296102,135 South,Tri1879174,1,130360,172979,0,0
7213,1291,1296103,135 South,Tri1879174,1,130364,172979,0,0
7213,1292,1296104,135 South,Tri1879174,1,130368,172979,0,0
7213,1288,1296107,135 South,Tri1879175,1,130375,172979,0,0
7213,1289,1296108,135 South,Tri1879175,1,129970,172979,0,0
7213,1290,1296109,135 South,Tri1879175,1,130363,172979,0,0
7213,1291,1296110,135 South,Tri1879175,1,130367,172979,0,0
7213,1292,1296111,135 South,Tri1879175,1,130371,172979,0,0
7213,1288,1296114,135 South,Tri1879176,1,130373,172979,0,0
7213,1289,1296115,135 South,Tri1879176,1,129969,172979,0,0
7213,1290,1296116,135 South,Tri1879176,1,130361,172979,0,0
7213,1291,1296117,135 South,Tri1879176,1,130365,172979,0,0
7213,1292,1296118,135 South,Tri1879176,1,130369,172979,0,0
7213,1288,1296121,135 South,Tri1879178,1,130374,172979,0,0
7213,1289,1296122,135 South,Tri1879178,1,129971,172979,0,0
7213,1290,1296123,135 South,Tri1879178,1,130362,172979,0,0
7213,1291,1296124,135 South,Tri1879178,1,130366,172979,0,0
7213,1292,1296125,135 South,Tri1879178,1,130370,172979,0,0
7213,1288,1296128,135 South,Tri1879180,1,130372,172979,0,0
7213,1289,1296129,135 South,Tri1879180,1,129968,172979,0,0
7213,1290,1296130,135 South,Tri1879180,1,130360,172979,0,0
7213,1291,1296131,135 South,Tri1879180,1,130364,172979,0,0
7213,1292,1296132,135 South,Tri1879180,1,130368,172979,0,0
7213,1288,1296135,135 South,Tri1879181,1,130375,172979,0,0
7213,1289,1296136,135 South,Tri1879181,1,129970,172979,0,0
7213,1290,1296137,135 South,Tri1879181,1,130363,172979,0,0
7213,1291,1296138,135 South,Tri1879181,1,130367,172979,0,0
7213,1292,1296139,135 South,Tri1879181,1,130371,172979,0,0
7213,1288,1296142,135 South,Tri1879182,1,130373,172979,0,0
7213,1289,1296143,135 South,Tri1879182,1,129969,172979,0,0
7213,1290,1296144,135 South,Tri1879182,1,130361,172979,0,0
7213,1291,1296145,135 South,Tri1879182,1,130365,172979,0,0
7213,1292,1296146,135 South,Tri1879182,1,130369,172979,0,0
7213,1288,1296149,135 South,Tri1879183,1,130372,172979,0,0
7213,1289,1296150,135 South,Tri1879183,1,129968,172979,0,0
7213,1290,1296151,135 South,Tri1879183,1,130360,172979,0,0
7213,1291,1296152,135 South,Tri1879183,1,130364,172979,0,0
7213,1292,1296153,135 South,Tri1879183,1,130368,172979,0,0
7213,1288,1296156,135 South,Tri1879184,1,130373,172979,0,0
7213,1289,1296157,135 South,Tri1879184,1,129969,172979,0,0
7213,1290,1296158,135 South,Tri1879184,1,130361,172979,0,0
7213,1291,1296159,135 South,Tri1879184,1,130365,172979,0,0
7213,1292,1296160,135 South,Tri1879184,1,130369,172979,0,0
7213,1288,1296163,135 South,Tri1879185,1,130372,172979,0,0
7213,1289,1296164,135 South,Tri1879185,1,129968,172979,0,0
7213,1290,1296165,135 South,Tri1879185,1,130360,172979,0,0
7213,1291,1296166,135 South,Tri1879185,1,130364,172979,0,0
7213,1292,1296167,135 South,Tri1879185,1,130368,172979,0,0
7213,1288,1296170,135 South,Tri1879186,1,130373,172979,0,0
7213,1289,1296171,135 South,Tri1879186,1,129969,172979,0,0
7213,1290,1296172,135 South,Tri1879186,1,130361,172979,0,0
7213,1291,1296173,135 South,Tri1879186,1,130365,172979,0,0
7213,1292,1296174,135 South,Tri1879186,1,130369,172979,0,0
7213,1288,1296177,135 South,Tri1879187,1,130372,172979,0,0
7213,1289,1296178,135 South,Tri1879187,1,129968,172979,0,0
7213,1290,1296179,135 South,Tri1879187,1,130360,172979,0,0
7213,1291,1296180,135 South,Tri1879187,1,130364,172979,0,0
7213,1292,1296181,135 South,Tri1879187,1,130368,172979,0,0
7213,1288,1296184,135 South,Tri1879188,1,130373,172979,0,0
7213,1289,1296185,135 South,Tri1879188,1,129969,172979,0,0
7213,1290,1296186,135 South,Tri1879188,1,130361,172979,0,0
7213,1291,1296187,135 South,Tri1879188,1,130365,172979,0,0
7213,1292,1296188,135 South,Tri1879188,1,130369,172979,0,0
7213,1288,1296191,135 South,Tri1879189,1,130372,172979,0,0
7213,1289,1296192,135 South,Tri1879189,1,129968,172979,0,0
7213,1290,1296193,135 South,Tri1879189,1,130360,172979,0,0
7213,1291,1296194,135 South,Tri1879189,1,130364,172979,0,0
7213,1292,1296195,135 South,Tri1879189,1,130368,172979,0,0
7213,1288,1301507,135 North,Tri1879190,0,130372,172978,0,0
7213,1289,1301508,135 North,Tri1879190,0,129968,172978,0,0
7213,1290,1301509,135 North,Tri1879190,0,130360,172978,0,0
7213,1291,1301510,135 North,Tri1879190,0,130364,172978,0,0
7213,1292,1301511,135 North,Tri1879190,0,130368,172978,0,0
7213,1288,1301514,135 North,Tri1879191,0,130373,172978,0,0
7213,1289,1301515,135 North,Tri1879191,0,129969,172978,0,0
7213,1290,1301516,135 North,Tri1879191,0,130361,172978,0,0
7213,1291,1301517,135 North,Tri1879191,0,130365,172978,0,0
7213,1292,1301518,135 North,Tri1879191,0,130369,172978,0,0
7213,1288,1301521,135 North,Tri1879192,0,130374,172978,0,0
7213,1289,1301522,135 North,Tri1879192,0,129971,172978,0,0
7213,1290,1301523,135 North,Tri1879192,0,130362,172978,0,0
7213,1291,1301524,135 North,Tri1879192,0,130366,172978,0,0
7213,1292,1301525,135 North,Tri1879192,0,130370,172978,0,0
7213,1288,1301528,135 North,Tri1879193,0,130372,172978,0,0
7213,1289,1301529,135 North,Tri1879193,0,129968,172978,0,0
7213,1290,1301530,135 North,Tri1879193,0,130360,172978,0,0
7213,1291,1301531,135 North,Tri1879193,0,130364,172978,0,0
7213,1292,1301532,135 North,Tri1879193,0,130368,172978,0,0
7213,1288,1301535,135 North,Tri1879194,0,130375,172978,0,0
7213,1289,1301536,135 North,Tri1879194,0,129970,172978,0,0
7213,1290,1301537,135 North,Tri1879194,0,130363,172978,0,0
7213,1291,1301538,135 North,Tri1879194,0,130367,172978,0,0
7213,1292,1301539,135 North,Tri1879194,0,130371,172978,0,0
7213,1288,1301542,135 North,Tri1879195,0,130373,172978,0,0
7213,1289,1301543,135 North,Tri1879195,0,129969,172978,0,0
7213,1290,1301544,135 North,Tri1879195,0,130361,172978,0,0
7213,1291,1301545,135 North,Tri1879195,0,130365,172978,0,0
7213,1292,1301546,135 North,Tri1879195,0,130369,172978,0,0
7213,1288,1301549,135 North,Tri1879196,0,130374,172978,0,0
7213,1289,1301550,135 North,Tri1879196,0,129971,172978,0,0
7213,1290,1301551,135 North,Tri1879196,0,130362,172978,0,0
7213,1291,1301552,135 North,Tri1879196,0,130366,172978,0,0
7213,1292,1301553,135 North,Tri1879196,0,130370,172978,0,0
7213,1288,1301556,135 North,Tri1879197,0,130372,172978,0,0
7213,1289,1301557,135 North,Tri1879197,0,129968,172978,0,0
7213,1290,1301558,135 North,Tri1879197,0,130360,172978,0,0
7213,1291,1301559,135 North,Tri1879197,0,130364,172978,0,0
7213,1292,1301560,135 North,Tri1879197,0,130368,172978,0,0
7213,1288,1301563,135 North,Tri1879198,0,130375,172978,0,0
7213,1289,1301564,135 North,Tri1879198,0,129970,172978,0,0
7213,1290,1301565,135 North,Tri1879198,0,130363,172978,0,0
7213,1291,1301566,135 North,Tri1879198,0,130367,172978,0,0
7213,1292,1301567,135 North,Tri1879198,0,130371,172978,0,0
7213,1288,1301570,135 North,Tri1879199,0,130373,172978,0,0
7213,1289,1301571,135 North,Tri1879199,0,129969,172978,0,0
7213,1290,1301572,135 North,Tri1879199,0,130361,172978,0,0
7213,1291,1301573,135 North,Tri1879199,0,130365,172978,0,0
7213,1292,1301574,135 North,Tri1879199,0,130369,172978,0,0
7213,1288,1301577,135 North,Tri1879200,0,130374,172978,0,0
7213,1289,1301578,135 North,Tri1879200,0,129971,172978,0,0
7213,1290,1301579,135 North,Tri1879200,0,130362,172978,0,0
7213,1291,1301580,135 North,Tri1879200,0,130366,172978,0,0
7213,1292,1301581,135 North,Tri1879200,0,130370,172978,0,0
7213,1288,1301584,135 North,Tri1879201,0,130372,172978,0,0
7213,1289,1301585,135 North,Tri1879201,0,129968,172978,0,0
7213,1290,1301586,135 North,Tri1879201,0,130360,172978,0,0
7213,1291,1301587,135 North,Tri1879201,0,130364,172978,0,0
7213,1292,1301588,135 North,Tri1879201,0,130368,172978,0,0
7213,1288,1301591,135 North,Tri1879202,0,130375,172978,0,0
7213,1289,1301592,135 North,Tri1879202,0,129970,172978,0,0
7213,1290,1301593,135 North,Tri1879202,0,130363,172978,0,0
7213,1291,1301594,135 North,Tri1879202,0,130367,172978,0,0
7213,1292,1301595,135 North,Tri1879202,0,130371,172978,0,0
7213,1288,1301598,135 North,Tri1879203,0,130373,172978,0,0
7213,1289,1301599,135 North,Tri1879203,0,129969,172978,0,0
7213,1290,1301600,135 North,Tri1879203,0,130361,172978,0,0
7213,1291,1301601,135 North,Tri1879203,0,130365,172978,0,0
7213,1292,1301602,135 North,Tri1879203,0,130369,172978,0,0
7213,1288,1301605,135 North,Tri1879204,0,130374,172978,0,0
7213,1289,1301606,135 North,Tri1879204,0,129971,172978,0,0
7213,1290,1301607,135 North,Tri1879204,0,130362,172978,0,0
7213,1291,1301608,135 North,Tri1879204,0,130366,172978,0,0
7213,1292,1301609,135 North,Tri1879204,0,130370,172978,0,0
7213,1288,1301612,135 North,Tri1879205,0,130372,172978,0,0
7213,1289,1301613,135 North,Tri1879205,0,129968,172978,0,0
7213,1290,1301614,135 North,Tri1879205,0,130360,172978,0,0
7213,1291,1301615,135 North,Tri1879205,0,130364,172978,0,0
7213,1292,1301616,135 North,Tri1879205,0,130368,172978,0,0
7213,1288,1301619,135 North,Tri1879206,0,130375,172978,0,0
7213,1289,1301620,135 North,Tri1879206,0,129970,172978,0,0
7213,1290,1301621,135 North,Tri1879206,0,130363,172978,0,0
7213,1291,1301622,135 North,Tri1879206,0,130367,172978,0,0
7213,1292,1301623,135 North,Tri1879206,0,130371,172978,0,0
7213,1288,1301626,135 North,Tri1879207,0,130373,172978,0,0
7213,1289,1301627,135 North,Tri1879207,0,129969,172978,0,0
7213,1290,1301628,135 North,Tri1879207,0,130361,172978,0,0
7213,1291,1301629,135 North,Tri1879207,0,130365,172978,0,0
7213,1292,1301630,135 North,Tri1879207,0,130369,172978,0,0
7213,1288,1301633,135 North,Tri1879208,0,130374,172978,0,0
7213,1289,1301634,135 North,Tri1879208,0,129971,172978,0,0
7213,1290,1301635,135 North,Tri1879208,0,130362,172978,0,0
7213,1291,1301636,135 North,Tri1879208,0,130366,172978,0,0
7213,1292,1301637,135 North,Tri1879208,0,130370,172978,0,0
7213,1288,1301640,135 North,Tri1879209,0,130372,172978,0,0
7213,1289,1301641,135 North,Tri1879209,0,129968,172978,0,0
7213,1290,1301642,135 North,Tri1879209,0,130360,172978,0,0
7213,1291,1301643,135 North,Tri1879209,0,130364,172978,0,0
7213,1292,1301644,135 North,Tri1879209,0,130368,172978,0,0
7213,1288,1301647,135 North,Tri1879210,0,130375,172978,0,0
7213,1289,1301648,135 North,Tri1879210,0,129970,172978,0,0
7213,1290,1301649,135 North,Tri1879210,0,130363,172978,0,0
7213,1291,1301650,135 North,Tri1879210,0,130367,172978,0,0
7213,1292,1301651,135 North,Tri1879210,0,130371,172978,0,0
7213,1288,1301654,135 North,Tri1879211,0,130373,172978,0,0
7213,1289,1301655,135 North,Tri1879211,0,129969,172978,0,0
7213,1290,1301656,135 North,Tri1879211,0,130361,172978,0,0
7213,1291,1301657,135 North,Tri1879211,0,130365,172978,0,0
7213,1292,1301658,135 North,Tri1879211,0,130369,172978,0,0
7213,1288,1301661,135 North,Tri1879212,0,130374,172978,0,0
7213,1289,1301662,135 North,Tri1879212,0,129971,172978,0,0
7213,1290,1301663,135 North,Tri1879212,0,130362,172978,0,0
7213,1291,1301664,135 North,Tri1879212,0,130366,172978,0,0
7213,1292,1301665,135 North,Tri1879212,0,130370,172978,0,0
7213,1288,1301668,135 North,Tri1879213,0,130372,172978,0,0
7213,1289,1301669,135 North,Tri1879213,0,129968,172978,0,0
7213,1290,1301670,135 North,Tri1879213,0,130360,172978,0,0
7213,1291,1301671,135 North,Tri1879213,0,130364,172978,0,0
7213,1292,1301672,135 North,Tri1879213,0,130368,172978,0,0
7213,1288,1301675,135 North,Tri1879214,0,130375,172978,0,0
7213,1289,1301676,135 North,Tri1879214,0,129970,172978,0,0
7213,1290,1301677,135 North,Tri1879214,0,130363,172978,0,0
7213,1291,1301678,135 North,Tri1879214,0,130367,172978,0,0
7213,1292,1301679,135 North,Tri1879214,0,130371,172978,0,0
7213,1288,1301682,135 North,Tri1879215,0,130373,172978,0,0
7213,1289,1301683,135 North,Tri1879215,0,129969,172978,0,0
7213,1290,1301684,135 North,Tri1879215,0,130361,172978,0,0
7213,1291,1301685,135 North,Tri1879215,0,130365,172978,0,0
7213,1292,1301686,135 North,Tri1879215,0,130369,172978,0,0
7213,1288,1301689,135 North,Tri1879216,0,130374,172978,0,0
7213,1289,1301690,135 North,Tri1879216,0,129971,172978,0,0
7213,1290,1301691,135 North,Tri1879216,0,130362,172978,0,0
7213,1291,1301692,135 North,Tri1879216,0,130366,172978,0,0
7213,1292,1301693,135 North,Tri1879216,0,130370,172978,0,0
7213,1288,1301696,135 North,Tri1879217,0,130372,172978,0,0
7213,1289,1301697,135 North,Tri1879217,0,129968,172978,0,0
7213,1290,1301698,135 North,Tri1879217,0,130360,172978,0,0
7213,1291,1301699,135 North,Tri1879217,0,130364,172978,0,0
7213,1292,1301700,135 North,Tri1879217,0,130368,172978,0,0
7213,1288,1301703,135 North,Tri1879218,0,130375,172978,0,0
7213,1289,1301704,135 North,Tri1879218,0,129970,172978,0,0
7213,1290,1301705,135 North,Tri1879218,0,130363,172978,0,0
7213,1291,1301706,135 North,Tri1879218,0,130367,172978,0,0
7213,1292,1301707,135 North,Tri1879218,0,130371,172978,0,0
7213,1288,1301710,135 North,Tri1879219,0,130373,172978,0,0
7213,1289,1301711,135 North,Tri1879219,0,129969,172978,0,0
7213,1290,1301712,135 North,Tri1879219,0,130361,172978,0,0
7213,1291,1301713,135 North,Tri1879219,0,130365,172978,0,0
7213,1292,1301714,135 North,Tri1879219,0,130369,172978,0,0
7213,1288,1301717,135 North,Tri1879220,0,130374,172978,0,0
7213,1289,1301718,135 North,Tri1879220,0,129971,172978,0,0
7213,1290,1301719,135 North,Tri1879220,0,130362,172978,0,0
7213,1291,1301720,135 North,Tri1879220,0,130366,172978,0,0
7213,1292,1301721,135 North,Tri1879220,0,130370,172978,0,0
7213,1288,1301724,135 North,Tri1879221,0,130372,172978,0,0
7213,1289,1301725,135 North,Tri1879221,0,129968,172978,0,0
7213,1290,1301726,135 North,Tri1879221,0,130360,172978,0,0
7213,1291,1301727,135 North,Tri1879221,0,130364,172978,0,0
7213,1292,1301728,135 North,Tri1879221,0,130368,172978,0,0
7213,1288,1301731,135 North,Tri1879222,0,130375,172978,0,0
7213,1289,1301732,135 North,Tri1879222,0,129970,172978,0,0
7213,1290,1301733,135 North,Tri1879222,0,130363,172978,0,0
7213,1291,1301734,135 North,Tri1879222,0,130367,172978,0,0
7213,1292,1301735,135 North,Tri1879222,0,130371,172978,0,0
7213,1288,1301738,135 North,Tri1879223,0,130373,172978,0,0
7213,1289,1301739,135 North,Tri1879223,0,129969,172978,0,0
7213,1290,1301740,135 North,Tri1879223,0,130361,172978,0,0
7213,1291,1301741,135 North,Tri1879223,0,130365,172978,0,0
7213,1292,1301742,135 North,Tri1879223,0,130369,172978,0,0
7213,1288,1301931,135 North,Tri1879224,0,130372,172977,0,0
7213,1289,1301932,135 North,Tri1879224,0,129968,172977,0,0
7213,1290,1301933,135 North,Tri1879224,0,130360,172977,0,0
7213,1291,1301934,135 North,Tri1879224,0,130364,172977,0,0
7213,1292,1301935,135 North,Tri1879224,0,130368,172977,0,0
7213,1288,1301938,135 North,Tri1879225,0,130373,172977,0,0
7213,1289,1301939,135 North,Tri1879225,0,129969,172977,0,0
7213,1290,1301940,135 North,Tri1879225,0,130361,172977,0,0
7213,1291,1301941,135 North,Tri1879225,0,130365,172977,0,0
7213,1292,1301942,135 North,Tri1879225,0,130369,172977,0,0
7213,1288,1301945,135 North,Tri1879226,0,130372,172977,0,0
7213,1289,1301946,135 North,Tri1879226,0,129968,172977,0,0
7213,1290,1301947,135 North,Tri1879226,0,130360,172977,0,0
7213,1291,1301948,135 North,Tri1879226,0,130364,172977,0,0
7213,1292,1301949,135 North,Tri1879226,0,130368,172977,0,0
7213,1288,1301952,135 North,Tri1879227,0,130373,172977,0,0
7213,1289,1301953,135 North,Tri1879227,0,129969,172977,0,0
7213,1290,1301954,135 North,Tri1879227,0,130361,172977,0,0
7213,1291,1301955,135 North,Tri1879227,0,130365,172977,0,0
7213,1292,1301956,135 North,Tri1879227,0,130369,172977,0,0
7213,1288,1301959,135 North,Tri1879228,0,130372,172977,0,0
7213,1289,1301960,135 North,Tri1879228,0,129968,172977,0,0
7213,1290,1301961,135 North,Tri1879228,0,130360,172977,0,0
7213,1291,1301962,135 North,Tri1879228,0,130364,172977,0,0
7213,1292,1301963,135 North,Tri1879228,0,130368,172977,0,0
7213,1288,1301966,135 North,Tri1879229,0,130373,172977,0,0
7213,1289,1301967,135 North,Tri1879229,0,129969,172977,0,0
7213,1290,1301968,135 North,Tri1879229,0,130361,172977,0,0
7213,1291,1301969,135 North,Tri1879229,0,130365,172977,0,0
7213,1292,1301970,135 North,Tri1879229,0,130369,172977,0,0
7213,1288,1301973,135 North,Tri1879230,0,130372,172977,0,0
7213,1289,1301974,135 North,Tri1879230,0,129968,172977,0,0
7213,1290,1301975,135 North,Tri1879230,0,130360,172977,0,0
7213,1291,1301976,135 North,Tri1879230,0,130364,172977,0,0
7213,1292,1301977,135 North,Tri1879230,0,130368,172977,0,0
7213,1287,1303718,135 South,Tri1879231,1,129972,172979,0,0
7213,1287,1303720,135 South,Tri1879232,1,129973,172979,0,0
7213,1287,1303722,135 South,Tri1879233,1,129972,172979,0,0
7213,1287,1303724,135 South,Tri1879234,1,129973,172979,0,0
7213,1287,1303726,135 South,Tri1879235,1,129972,172979,0,0
7213,1287,1303728,135 South,Tri1879236,1,129973,172979,0,0
7213,1287,1303730,135 South,Tri1879237,1,129972,172979,0,0
7213,1287,1303732,135 South,Tri1879238,1,129973,172979,0,0
7213,1287,1303734,135 South,Tri1879239,1,129972,172979,0,0
7213,1287,1303736,135 South,Tri1879240,1,129975,172979,0,0
7213,1287,1303738,135 South,Tri1879241,1,129973,172979,0,0
7213,1287,1303740,135 South,Tri1879242,1,129974,172979,0,0
7213,1287,1303742,135 South,Tri1879243,1,129972,172979,0,0
7213,1287,1303744,135 South,Tri1879244,1,129975,172979,0,0
7213,1287,1303746,135 South,Tri1879245,1,129973,172979,0,0
7213,1287,1303748,135 South,Tri1879246,1,129974,172979,0,0
7213,1287,1303750,135 South,Tri1879247,1,129972,172979,0,0
7213,1287,1303752,135 South,Tri1879248,1,129975,172979,0,0
7213,1287,1303754,135 South,Tri1879249,1,129973,172979,0,0
7213,1287,1303756,135 South,Tri1879250,1,129974,172979,0,0
7213,1287,1303758,135 South,Tri1879251,1,129972,172979,0,0
7213,1287,1303760,135 South,Tri1879252,1,129975,172979,0,0
7213,1287,1303762,135 South,Tri1879253,1,129973,172979,0,0
7213,1287,1303764,135 South,Tri1879254,1,129974,172979,0,0
7213,1287,1303766,135 South,Tri1879255,1,129972,172979,0,0
7213,1287,1303768,135 South,Tri1879256,1,129975,172979,0,0
7213,1287,1303770,135 South,Tri1879257,1,129973,172979,0,0
7213,1287,1303772,135 South,Tri1879258,1,129974,172979,0,0
7213,1287,1303774,135 South,Tri1879288,1,129972,172979,0,0
7213,1287,1303776,135 South,Tri1879289,1,129973,172979,0,0
7213,1287,1303778,135 South,Tri1879290,1,129972,172979,0,0
7213,1287,1303780,135 South,Tri1879291,1,129973,172979,0,0
7213,1287,1303782,135 South,Tri1879292,1,129972,172979,0,0
7213,1287,1303784,135 South,Tri1879293,1,129973,172979,0,0
7213,1287,1303786,135 South,Tri1879294,1,129972,172979,0,0
7213,1287,1303788,135 South,Tri1879295,1,129973,172979,0,0
7213,1287,1304745,135 North,Tri1879296,0,129972,172977,0,0
7213,1287,1304747,135 North,Tri1879297,0,129973,172977,0,0
7213,1287,1304749,135 North,Tri1879298,0,129972,172977,0,0
7213,1287,1304751,135 North,Tri1879299,0,129973,172977,0,0
7213,1287,1304753,135 North,Tri1879300,0,129972,172977,0,0
7213,1287,1304755,135 North,Tri1879301,0,129973,172977,0,0
7213,1287,1304757,135 North,Tri1879302,0,129972,172977,0,0
7213,1287,1304759,135 North,Tri1879303,0,129973,172977,0,0
7213,1287,1304761,135 North,Tri1879305,0,129972,172977,0,0
7213,1287,1304763,135 North,Tri1879306,0,129975,172977,0,0
7213,1287,1304765,135 North,Tri1879307,0,129973,172977,0,0
7213,1287,1304767,135 North,Tri1879308,0,129974,172977,0,0
7213,1287,1304769,135 North,Tri1879309,0,129972,172977,0,0
7213,1287,1304771,135 North,Tri1879310,0,129975,172977,0,0
7213,1287,1304773,135 North,Tri1879311,0,129973,172977,0,0
7213,1287,1304775,135 North,Tri1879312,0,129974,172977,0,0
7213,1287,1304777,135 North,Tri1879313,0,129972,172977,0,0
7213,1287,1304779,135 North,Tri1879314,0,129975,172977,0,0
7213,1287,1304781,135 North,Tri1879315,0,129973,172977,0,0
7213,1287,1304783,135 North,Tri1879316,0,129974,172977,0,0
7213,1287,1304785,135 North,Tri1879317,0,129972,172977,0,0
7213,1287,1304787,135 North,Tri1879318,0,129975,172977,0,0
7213,1287,1304789,135 North,Tri1879319,0,129973,172977,0,0
7213,1287,1304791,135 North,Tri1879320,0,129974,172977,0,0
7213,1287,1304793,135 North,Tri1879321,0,129972,172977,0,0
7213,1287,1304795,135 North,Tri1879322,0,129975,172977,0,0
7213,1287,1304797,135 North,Tri1879323,0,129973,172977,0,0
7213,1287,1304799,135 North,Tri1879597,0,129974,172977,0,0
7213,1287,1304801,135 North,Tri1879324,0,129972,172977,0,0
7213,1287,1304803,135 North,Tri1879325,0,129973,172977,0,0
7213,1287,1304805,135 North,Tri1879326,0,129972,172977,0,0
7213,1287,1304807,135 North,Tri1879327,0,129973,172977,0,0
7213,1287,1304809,135 North,Tri1879328,0,129972,172977,0,0
7213,1287,1304811,135 North,Tri1879329,0,129973,172977,0,0
7213,1287,1304813,135 North,Tri1879330,0,129972,172977,0,0
7213,1287,1304815,135 North,Tri1879331,0,129973,172977,0,0
7213,1294,1306132,135 South,Tri1890271,1,135841,172979,0,0
7213,1294,1306133,135 South,Tri1890272,1,135841,172979,0,0
7213,1294,1306134,135 South,Tri1890273,1,135841,172979,0,0
7213,1294,1306135,135 South,Tri1890274,1,135841,172979,0,0
7213,1294,1306136,135 South,Tri1890275,1,135841,172979,0,0
7213,1294,1306137,135 South,Tri1890276,1,135841,172979,0,0
7213,1294,1306138,135 South,Tri1890277,1,135841,172979,0,0
7213,1294,1306139,135 North,Tri1890278,0,135841,172977,0,0
7213,1294,1306140,135 North,Tri1890279,0,135841,172977,0,0
7213,1294,1306141,135 North,Tri1890280,0,135841,172977,0,0
7213,1294,1306142,135 North,Tri1890281,0,135841,172977,0,0
7213,1294,1306143,135 North,Tri1890282,0,135841,172977,0,0
7213,1294,1306144,135 North,Tri1890283,0,135841,172977,0,0
7213,1294,1306145,135 North,Tri1890284,0,135841,172977,0,0
7213,1294,1306217,135 South,Tri1891022,1,135841,172979,0,0
7213,1294,1306218,135 North,Tri1891023,0,135841,172977,0,0
7214,1286,1295108,315 South,Tri1879453,1,130022,172981,0,0
7214,1286,1295111,315 South,Tri1879454,1,130022,172981,0,0
7214,1286,1295090,315 South,Tri1879447,1,130022,172981,0,0
7214,1286,1295093,315 South,Tri1879448,1,130022,172981,0,0
7214,1286,1295096,315 South,Tri1879449,1,130022,172981,0,0
7214,1286,1295099,315 South,Tri1879450,1,130022,172981,0,0
7214,1286,1295102,315 South,Tri1879451,1,130022,172981,0,0
7214,1286,1295105,315 South,Tri1879452,1,130022,172981,0,0
7214,1286,1295502,315 North,Tri1879455,0,130022,172980,0,0
7214,1286,1295505,315 North,Tri1879456,0,130022,172980,0,0
7214,1286,1295508,315 North,Tri1879457,0,130022,172980,0,0
7214,1286,1295511,315 North,Tri1879458,0,130022,172980,0,0
7214,1286,1295514,315 North,Tri1879459,0,130022,172980,0,0
7214,1286,1295517,315 North,Tri1879460,0,130022,172980,0,0
7214,1286,1295520,315 North,Tri1879461,0,130022,172980,0,0
7214,1286,1295523,315 North,Tri1879462,0,130022,172980,0,0
7214,1288,1298115,315 South,Tri1879374,1,130426,172981,0,0
7214,1289,1298116,315 South,Tri1879374,1,130017,172981,0,0
7214,1290,1298117,315 South,Tri1879374,1,130420,172981,0,0
7214,1291,1298118,315 South,Tri1879374,1,130422,172981,0,0
7214,1292,1298119,315 South,Tri1879374,1,130424,172981,0,0
7214,1288,1298122,315 South,Tri1879375,1,130427,172981,0,0
7214,1289,1298123,315 South,Tri1879375,1,130018,172981,0,0
7214,1290,1298124,315 South,Tri1879375,1,130421,172981,0,0
7214,1291,1298125,315 South,Tri1879375,1,130423,172981,0,0
7214,1292,1298126,315 South,Tri1879375,1,130425,172981,0,0
7214,1288,1298129,315 South,Tri1879376,1,130426,172981,0,0
7214,1289,1298130,315 South,Tri1879376,1,130017,172981,0,0
7214,1290,1298131,315 South,Tri1879376,1,130420,172981,0,0
7214,1291,1298132,315 South,Tri1879376,1,130422,172981,0,0
7214,1292,1298133,315 South,Tri1879376,1,130424,172981,0,0
7214,1288,1298136,315 South,Tri1879377,1,130427,172981,0,0
7214,1289,1298137,315 South,Tri1879377,1,130018,172981,0,0
7214,1290,1298138,315 South,Tri1879377,1,130421,172981,0,0
7214,1291,1298139,315 South,Tri1879377,1,130423,172981,0,0
7214,1292,1298140,315 South,Tri1879377,1,130425,172981,0,0
7214,1288,1298143,315 South,Tri1879378,1,130426,172981,0,0
7214,1289,1298144,315 South,Tri1879378,1,130017,172981,0,0
7214,1290,1298145,315 South,Tri1879378,1,130420,172981,0,0
7214,1291,1298146,315 South,Tri1879378,1,130422,172981,0,0
7214,1292,1298147,315 South,Tri1879378,1,130424,172981,0,0
7214,1288,1298150,315 South,Tri1879379,1,130427,172981,0,0
7214,1289,1298151,315 South,Tri1879379,1,130018,172981,0,0
7214,1290,1298152,315 South,Tri1879379,1,130421,172981,0,0
7214,1291,1298153,315 South,Tri1879379,1,130423,172981,0,0
7214,1292,1298154,315 South,Tri1879379,1,130425,172981,0,0
7214,1288,1298157,315 South,Tri1879380,1,130426,172981,0,0
7214,1289,1298158,315 South,Tri1879380,1,130017,172981,0,0
7214,1290,1298159,315 South,Tri1879380,1,130420,172981,0,0
7214,1291,1298160,315 South,Tri1879380,1,130422,172981,0,0
7214,1292,1298161,315 South,Tri1879380,1,130424,172981,0,0
7214,1288,1298164,315 South,Tri1879381,1,130427,172981,0,0
7214,1289,1298165,315 South,Tri1879381,1,130018,172981,0,0
7214,1290,1298166,315 South,Tri1879381,1,130421,172981,0,0
7214,1291,1298167,315 South,Tri1879381,1,130423,172981,0,0
7214,1292,1298168,315 South,Tri1879381,1,130425,172981,0,0
7214,1288,1298171,315 South,Tri1879382,1,130426,172981,0,0
7214,1289,1298172,315 South,Tri1879382,1,130017,172981,0,0
7214,1290,1298173,315 South,Tri1879382,1,130420,172981,0,0
7214,1291,1298174,315 South,Tri1879382,1,130422,172981,0,0
7214,1292,1298175,315 South,Tri1879382,1,130424,172981,0,0
7214,1288,1298178,315 South,Tri1879383,1,130427,172981,0,0
7214,1289,1298179,315 South,Tri1879383,1,130018,172981,0,0
7214,1290,1298180,315 South,Tri1879383,1,130421,172981,0,0
7214,1291,1298181,315 South,Tri1879383,1,130423,172981,0,0
7214,1292,1298182,315 South,Tri1879383,1,130425,172981,0,0
7214,1288,1298185,315 South,Tri1879384,1,130426,172981,0,0
7214,1289,1298186,315 South,Tri1879384,1,130017,172981,0,0
7214,1290,1298187,315 South,Tri1879384,1,130420,172981,0,0
7214,1291,1298188,315 South,Tri1879384,1,130422,172981,0,0
7214,1292,1298189,315 South,Tri1879384,1,130424,172981,0,0
7214,1288,1298192,315 South,Tri1879385,1,130427,172981,0,0
7214,1289,1298193,315 South,Tri1879385,1,130018,172981,0,0
7214,1290,1298194,315 South,Tri1879385,1,130421,172981,0,0
7214,1291,1298195,315 South,Tri1879385,1,130423,172981,0,0
7214,1292,1298196,315 South,Tri1879385,1,130425,172981,0,0
7214,1288,1298199,315 South,Tri1879386,1,130426,172981,0,0
7214,1289,1298200,315 South,Tri1879386,1,130017,172981,0,0
7214,1290,1298201,315 South,Tri1879386,1,130420,172981,0,0
7214,1291,1298202,315 South,Tri1879386,1,130422,172981,0,0
7214,1292,1298203,315 South,Tri1879386,1,130424,172981,0,0
7214,1288,1298206,315 South,Tri1879387,1,130427,172981,0,0
7214,1289,1298207,315 South,Tri1879387,1,130018,172981,0,0
7214,1290,1298208,315 South,Tri1879387,1,130421,172981,0,0
7214,1291,1298209,315 South,Tri1879387,1,130423,172981,0,0
7214,1292,1298210,315 South,Tri1879387,1,130425,172981,0,0
7214,1288,1298213,315 South,Tri1879388,1,130426,172981,0,0
7214,1289,1298214,315 South,Tri1879388,1,130017,172981,0,0
7214,1290,1298215,315 South,Tri1879388,1,130420,172981,0,0
7214,1291,1298216,315 South,Tri1879388,1,130422,172981,0,0
7214,1292,1298217,315 South,Tri1879388,1,130424,172981,0,0
7214,1288,1298220,315 South,Tri1879389,1,130427,172981,0,0
7214,1289,1298221,315 South,Tri1879389,1,130018,172981,0,0
7214,1290,1298222,315 South,Tri1879389,1,130421,172981,0,0
7214,1291,1298223,315 South,Tri1879389,1,130423,172981,0,0
7214,1292,1298224,315 South,Tri1879389,1,130425,172981,0,0
7214,1288,1298227,315 South,Tri1879390,1,130426,172981,0,0
7214,1289,1298228,315 South,Tri1879390,1,130017,172981,0,0
7214,1290,1298229,315 South,Tri1879390,1,130420,172981,0,0
7214,1291,1298230,315 South,Tri1879390,1,130422,172981,0,0
7214,1292,1298231,315 South,Tri1879390,1,130424,172981,0,0
7214,1288,1298234,315 South,Tri1879391,1,130427,172981,0,0
7214,1289,1298235,315 South,Tri1879391,1,130018,172981,0,0
7214,1290,1298236,315 South,Tri1879391,1,130421,172981,0,0
7214,1291,1298237,315 South,Tri1879391,1,130423,172981,0,0
7214,1292,1298238,315 South,Tri1879391,1,130425,172981,0,0
7214,1288,1298101,315 South,Tri1879372,1,130426,172981,0,0
7214,1289,1298102,315 South,Tri1879372,1,130017,172981,0,0
7214,1290,1298103,315 South,Tri1879372,1,130420,172981,0,0
7214,1291,1298104,315 South,Tri1879372,1,130422,172981,0,0
7214,1292,1298105,315 South,Tri1879372,1,130424,172981,0,0
7214,1288,1298108,315 South,Tri1879373,1,130427,172981,0,0
7214,1289,1298109,315 South,Tri1879373,1,130018,172981,0,0
7214,1290,1298110,315 South,Tri1879373,1,130421,172981,0,0
7214,1291,1298111,315 South,Tri1879373,1,130423,172981,0,0
7214,1292,1298112,315 South,Tri1879373,1,130425,172981,0,0
7214,1288,1300260,315 North,Tri1879392,0,130426,172980,0,0
7214,1289,1300261,315 North,Tri1879392,0,130017,172980,0,0
7214,1290,1300262,315 North,Tri1879392,0,130420,172980,0,0
7214,1291,1300263,315 North,Tri1879392,0,130422,172980,0,0
7214,1292,1300264,315 North,Tri1879392,0,130424,172980,0,0
7214,1288,1300267,315 North,Tri1879393,0,130427,172980,0,0
7214,1289,1300268,315 North,Tri1879393,0,130018,172980,0,0
7214,1290,1300269,315 North,Tri1879393,0,130421,172980,0,0
7214,1291,1300270,315 North,Tri1879393,0,130423,172980,0,0
7214,1292,1300271,315 North,Tri1879393,0,130425,172980,0,0
7214,1288,1300274,315 North,Tri1879394,0,130426,172980,0,0
7214,1289,1300275,315 North,Tri1879394,0,130017,172980,0,0
7214,1290,1300276,315 North,Tri1879394,0,130420,172980,0,0
7214,1291,1300277,315 North,Tri1879394,0,130422,172980,0,0
7214,1292,1300278,315 North,Tri1879394,0,130424,172980,0,0
7214,1288,1300281,315 North,Tri1879395,0,130427,172980,0,0
7214,1289,1300282,315 North,Tri1879395,0,130018,172980,0,0
7214,1290,1300283,315 North,Tri1879395,0,130421,172980,0,0
7214,1291,1300284,315 North,Tri1879395,0,130423,172980,0,0
7214,1292,1300285,315 North,Tri1879395,0,130425,172980,0,0
7214,1288,1300288,315 North,Tri1879396,0,130426,172980,0,0
7214,1289,1300289,315 North,Tri1879396,0,130017,172980,0,0
7214,1290,1300290,315 North,Tri1879396,0,130420,172980,0,0
7214,1291,1300291,315 North,Tri1879396,0,130422,172980,0,0
7214,1292,1300292,315 North,Tri1879396,0,130424,172980,0,0
7214,1288,1300295,315 North,Tri1879397,0,130427,172980,0,0
7214,1289,1300296,315 North,Tri1879397,0,130018,172980,0,0
7214,1290,1300297,315 North,Tri1879397,0,130421,172980,0,0
7214,1291,1300298,315 North,Tri1879397,0,130423,172980,0,0
7214,1292,1300299,315 North,Tri1879397,0,130425,172980,0,0
7214,1288,1300302,315 North,Tri1879398,0,130426,172980,0,0
7214,1289,1300303,315 North,Tri1879398,0,130017,172980,0,0
7214,1290,1300304,315 North,Tri1879398,0,130420,172980,0,0
7214,1291,1300305,315 North,Tri1879398,0,130422,172980,0,0
7214,1292,1300306,315 North,Tri1879398,0,130424,172980,0,0
7214,1288,1300309,315 North,Tri1879399,0,130427,172980,0,0
7214,1289,1300310,315 North,Tri1879399,0,130018,172980,0,0
7214,1290,1300311,315 North,Tri1879399,0,130421,172980,0,0
7214,1291,1300312,315 North,Tri1879399,0,130423,172980,0,0
7214,1292,1300313,315 North,Tri1879399,0,130425,172980,0,0
7214,1288,1300316,315 North,Tri1879400,0,130426,172980,0,0
7214,1289,1300317,315 North,Tri1879400,0,130017,172980,0,0
7214,1290,1300318,315 North,Tri1879400,0,130420,172980,0,0
7214,1291,1300319,315 North,Tri1879400,0,130422,172980,0,0
7214,1292,1300320,315 North,Tri1879400,0,130424,172980,0,0
7214,1288,1300323,315 North,Tri1879401,0,130427,172980,0,0
7214,1289,1300324,315 North,Tri1879401,0,130018,172980,0,0
7214,1290,1300325,315 North,Tri1879401,0,130421,172980,0,0
7214,1291,1300326,315 North,Tri1879401,0,130423,172980,0,0
7214,1292,1300327,315 North,Tri1879401,0,130425,172980,0,0
7214,1288,1300330,315 North,Tri1879402,0,130426,172980,0,0
7214,1289,1300331,315 North,Tri1879402,0,130017,172980,0,0
7214,1290,1300332,315 North,Tri1879402,0,130420,172980,0,0
7214,1291,1300333,315 North,Tri1879402,0,130422,172980,0,0
7214,1292,1300334,315 North,Tri1879402,0,130424,172980,0,0
7214,1288,1300337,315 North,Tri1879403,0,130427,172980,0,0
7214,1289,1300338,315 North,Tri1879403,0,130018,172980,0,0
7214,1290,1300339,315 North,Tri1879403,0,130421,172980,0,0
7214,1291,1300340,315 North,Tri1879403,0,130423,172980,0,0
7214,1292,1300341,315 North,Tri1879403,0,130425,172980,0,0
7214,1288,1300344,315 North,Tri1879404,0,130426,172980,0,0
7214,1289,1300345,315 North,Tri1879404,0,130017,172980,0,0
7214,1290,1300346,315 North,Tri1879404,0,130420,172980,0,0
7214,1291,1300347,315 North,Tri1879404,0,130422,172980,0,0
7214,1292,1300348,315 North,Tri1879404,0,130424,172980,0,0
7214,1288,1300351,315 North,Tri1879405,0,130427,172980,0,0
7214,1289,1300352,315 North,Tri1879405,0,130018,172980,0,0
7214,1290,1300353,315 North,Tri1879405,0,130421,172980,0,0
7214,1291,1300354,315 North,Tri1879405,0,130423,172980,0,0
7214,1292,1300355,315 North,Tri1879405,0,130425,172980,0,0
7214,1288,1300358,315 North,Tri1879406,0,130426,172980,0,0
7214,1289,1300359,315 North,Tri1879406,0,130017,172980,0,0
7214,1290,1300360,315 North,Tri1879406,0,130420,172980,0,0
7214,1291,1300361,315 North,Tri1879406,0,130422,172980,0,0
7214,1292,1300362,315 North,Tri1879406,0,130424,172980,0,0
7214,1288,1300365,315 North,Tri1879407,0,130427,172980,0,0
7214,1289,1300366,315 North,Tri1879407,0,130018,172980,0,0
7214,1290,1300367,315 North,Tri1879407,0,130421,172980,0,0
7214,1291,1300368,315 North,Tri1879407,0,130423,172980,0,0
7214,1292,1300369,315 North,Tri1879407,0,130425,172980,0,0
7214,1288,1300372,315 North,Tri1879408,0,130426,172980,0,0
7214,1289,1300373,315 North,Tri1879408,0,130017,172980,0,0
7214,1290,1300374,315 North,Tri1879408,0,130420,172980,0,0
7214,1291,1300375,315 North,Tri1879408,0,130422,172980,0,0
7214,1292,1300376,315 North,Tri1879408,0,130424,172980,0,0
7214,1288,1300379,315 North,Tri1879409,0,130427,172980,0,0
7214,1289,1300380,315 North,Tri1879409,0,130018,172980,0,0
7214,1290,1300381,315 North,Tri1879409,0,130421,172980,0,0
7214,1291,1300382,315 North,Tri1879409,0,130423,172980,0,0
7214,1292,1300383,315 North,Tri1879409,0,130425,172980,0,0
7214,1288,1300386,315 North,Tri1879410,0,130426,172980,0,0
7214,1289,1300387,315 North,Tri1879410,0,130017,172980,0,0
7214,1290,1300388,315 North,Tri1879410,0,130420,172980,0,0
7214,1291,1300389,315 North,Tri1879410,0,130422,172980,0,0
7214,1292,1300390,315 North,Tri1879410,0,130424,172980,0,0
7214,1288,1300393,315 North,Tri1879411,0,130427,172980,0,0
7214,1289,1300394,315 North,Tri1879411,0,130018,172980,0,0
7214,1290,1300395,315 North,Tri1879411,0,130421,172980,0,0
7214,1291,1300396,315 North,Tri1879411,0,130423,172980,0,0
7214,1292,1300397,315 North,Tri1879411,0,130425,172980,0,0
7214,1287,1304141,315 South,Tri1879412,1,130019,172981,0,0
7214,1293,1304142,315 South,Tri1879413,1,135905,172981,0,0
7214,1287,1304143,315 South,Tri1879413,1,130019,172981,0,0
7214,1287,1304145,315 South,Tri1879414,1,130019,172981,0,0
7214,1287,1304147,315 South,Tri1879415,1,130019,172981,0,0
7214,1287,1304149,315 South,Tri1879416,1,130019,172981,0,0
7214,1287,1304151,315 South,Tri1879417,1,130020,172981,0,0
7214,1287,1304153,315 South,Tri1879418,1,130021,172981,0,0
7214,1287,1304155,315 South,Tri1879419,1,130020,172981,0,0
7214,1287,1304157,315 South,Tri1879420,1,130021,172981,0,0
7214,1287,1304159,315 South,Tri1879421,1,130020,172981,0,0
7214,1287,1304161,315 South,Tri1879422,1,130021,172981,0,0
7214,1287,1304163,315 South,Tri1879423,1,130020,172981,0,0
7214,1287,1304165,315 South,Tri1879424,1,130021,172981,0,0
7214,1287,1304539,315 North,Tri1879425,0,130019,172980,0,0
7214,1293,1304540,315 North,Tri1879426,0,135905,172980,0,0
7214,1287,1304541,315 North,Tri1879426,0,130019,172980,0,0
7214,1287,1304543,315 North,Tri1879427,0,130019,172980,0,0
7214,1293,1304544,315 North,Tri1879428,0,135905,172980,0,0
7214,1287,1304545,315 North,Tri1879428,0,130019,172980,0,0
7214,1287,1304547,315 North,Tri1879438,0,130019,172980,0,0
7214,1287,1304549,315 North,Tri1879439,0,130020,172980,0,0
7214,1287,1304551,315 North,Tri1879440,0,130021,172980,0,0
7214,1287,1304553,315 North,Tri1879441,0,130020,172980,0,0
7214,1287,1304555,315 North,Tri1879442,0,130021,172980,0,0
7214,1287,1304557,315 North,Tri1879443,0,130020,172980,0,0
7214,1287,1304559,315 North,Tri1879444,0,130021,172980,0,0
7214,1293,1304560,315 North,Tri1879445,0,135906,172980,0,0
7214,1287,1304561,315 North,Tri1879445,0,130020,172980,0,0
7214,1287,1304563,315 North,Tri1879446,0,130021,172980,0,0
7214,1293,1305947,315 North,Tri1891293,0,135907,172980,0,0
7214,1295,1305948,315 North,Tri1891293,0,135904,172980,0,0
7214,1293,1305949,315 North,Tri1891294,0,135906,172980,0,0
7214,1295,1305950,315 North,Tri1891294,0,135883,172980,0,0
7214,1293,1305951,315 North,Tri1891295,0,135907,172980,0,0
7214,1293,1305905,315 South,Tri1891272,1,135905,172981,0,0
7214,1295,1305906,315 South,Tri1891272,1,135882,172981,0,0
7214,1293,1305909,315 South,Tri1891274,1,135905,172981,0,0
7214,1295,1305910,315 South,Tri1891274,1,135882,172981,0,0
7214,1293,1305911,315 South,Tri1891275,1,135905,172981,0,0
7214,1295,1305912,315 South,Tri1891275,1,135882,172981,0,0
7214,1293,1305913,315 South,Tri1891276,1,135905,172981,0,0
7214,1295,1305914,315 South,Tri1891276,1,135882,172981,0,0
7214,1293,1305915,315 South,Tri1891277,1,135906,172981,0,0
7214,1293,1305917,315 South,Tri1891278,1,135907,172981,0,0
7214,1295,1305918,315 South,Tri1891278,1,135904,172981,0,0
7214,1293,1305919,315 South,Tri1891279,1,135906,172981,0,0
7214,1293,1305921,315 South,Tri1891280,1,135907,172981,0,0
7214,1295,1305922,315 South,Tri1891280,1,135904,172981,0,0
7214,1293,1305923,315 South,Tri1891281,1,135906,172981,0,0
7214,1293,1305925,315 South,Tri1891282,1,135907,172981,0,0
7214,1295,1305926,315 South,Tri1891282,1,135904,172981,0,0
7214,1293,1305927,315 South,Tri1891283,1,135906,172981,0,0
7214,1295,1305928,315 South,Tri1891283,1,135883,172981,0,0
7214,1293,1305929,315 South,Tri1891284,1,135907,172981,0,0
7214,1295,1305930,315 South,Tri1891284,1,135904,172981,0,0
7214,1293,1305931,315 North,Tri1891285,0,135905,172980,0,0
7214,1295,1305932,315 North,Tri1891285,0,135882,172980,0,0
7214,1293,1305935,315 North,Tri1891287,0,135905,172980,0,0
7214,1293,1305939,315 North,Tri1891289,0,135905,172980,0,0
7214,1293,1305941,315 North,Tri1891290,0,135906,172980,0,0
7214,1295,1305942,315 North,Tri1891290,0,135883,172980,0,0
7214,1293,1305943,315 North,Tri1891291,0,135907,172980,0,0
7214,1293,1305945,315 North,Tri1891292,0,135906,172980,0,0
7214,1295,1305946,315 North,Tri1891292,0,135883,172980,0,0
7214,1293,1305955,315 North,Tri1891297,0,135907,172980,0,0
7214,1295,1305956,315 North,Tri1891297,0,135904,172980,0,0
7214,1293,1305957,315 North,Tri1891298,0,135905,172980,0,0
7214,1293,1305959,315 South,Tri1891299,1,135905,172981,0,0
7214,1294,1306187,315 South,Tri1890922,1,135842,172981,0,0
7214,1294,1306188,315 South,Tri1890923,1,135842,172981,0,0
7214,1294,1306189,315 South,Tri1890924,1,135842,172981,0,0
7214,1294,1306190,315 South,Tri1890925,1,135842,172981,0,0
7214,1294,1306191,315 North,Tri1890929,0,135842,172980,0,0
7214,1294,1306192,315 North,Tri1890930,0,135842,172980,0,0
7214,1294,1306193,315 North,Tri1890931,0,135842,172980,0,0
7214,1294,1306194,315 North,Tri1890932,0,135842,172980,0,0
7214,1294,1306195,315 North,Tri1890933,0,135842,172980,0,0
7214,1294,1306202,315 South,Tri1890949,1,135842,172981,0,0
7214,1294,1306203,315 North,Tri1890950,0,135842,172980,0,0
7214,1294,1306204,315 South,Tri1890973,1,135842,172981,0,0
7214,1294,1306205,315 South,Tri1890975,1,135842,172981,0,0
7214,1294,1306206,315 North,Tri1890976,0,135842,172980,0,0
7214,1294,1306223,315 South,Tri1891028,1,135842,172981,0,0
7214,1294,1306224,315 North,Tri1891029,0,135842,172980,0,0
7214,1295,1306651,315 South,Tri1891089,1,135882,172981,0,0
7214,1295,1306655,315 South,Tri1891093,1,135883,172981,0,0
7214,1295,1306657,315 South,Tri1891095,1,135883,172981,0,0
7214,1295,1306659,315 South,Tri1891097,1,135883,172981,0,0
7214,1295,1306664,315 North,Tri1891102,0,135882,172980,0,0
7214,1295,1306665,315 North,Tri1891103,0,135882,172980,0,0
7214,1295,1306666,315 North,Tri1891104,0,135882,172980,0,0
7214,1295,1306667,315 North,Tri1891105,0,135882,172980,0,0
7214,1295,1306669,315 North,Tri1891107,0,135904,172980,0,0
7214,1295,1306673,315 North,Tri1891111,0,135904,172980,0,0
7214,1295,1306674,315 North,Tri1891112,0,135883,172980,0,0
7215,1286,1295223,240 East,Tri1878734,1,130014,172984,0,0
7215,1286,1295226,240 East,Tri1878735,1,130013,172984,0,0
7215,1286,1295229,240 East,Tri1878736,1,130014,172984,0,0
7215,1286,1295262,240 West,Tri1878747,0,130013,172982,0,0
7215,1286,1295265,240 West,Tri1878748,0,130014,172982,0,0
7215,1286,1295268,240 West,Tri1878749,0,130013,172982,0,0
7215,1286,1295271,240 West,Tri1878750,0,130014,172982,0,0
7215,1286,1295274,240 West,Tri1878751,0,130013,172982,0,0
7215,1286,1295232,240 East,Tri1878737,1,130013,172984,0,0
7215,1286,1295235,240 East,Tri1878738,1,130014,172984,0,0
7215,1286,1295238,240 East,Tri1878739,1,130013,172984,0,0
7215,1286,1295241,240 East,Tri1878740,1,130014,172984,0,0
7215,1286,1295244,240 East,Tri1878741,1,130013,172984,0,0
7215,1286,1295247,240 East,Tri1878742,1,130014,172984,0,0
7215,1286,1295250,240 East,Tri1878743,1,130013,172984,0,0
7215,1286,1295253,240 East,Tri1878744,1,130014,172984,0,0
7215,1286,1295256,240 West,Tri1878745,0,130013,172982,0,0
7215,1286,1295259,240 West,Tri1878746,0,130014,172982,0,0
7215,1295,1295258,240 West,Tri1878746,0,135875,172982,0,0
7215,1295,1295255,240 West,Tri1878745,0,135874,172982,0,0
7215,1295,1295249,240 East,Tri1878743,1,135874,172984,0,0
7215,1295,1295240,240 East,Tri1878740,1,135875,172984,0,0
7215,1286,1295277,240 West,Tri1878752,0,130014,172982,0,0
7215,1286,1295280,240 West,Tri1878753,0,130013,172982,0,0
7215,1295,1295282,240 West,Tri1878754,0,135875,172982,0,0
7215,1286,1295283,240 West,Tri1878754,0,130014,172982,0,0
7215,1295,1295285,240 West,Tri1878755,0,135874,172982,0,0
7215,1286,1295286,240 West,Tri1878755,0,130013,172982,0,0
7215,1288,1298728,240 East,Tri1878640,1,130251,172984,0,0
7215,1289,1298729,240 East,Tri1878640,1,129988,172984,0,0
7215,1290,1298730,240 East,Tri1878640,1,130239,172984,0,0
7215,1291,1298731,240 East,Tri1878640,1,130243,172984,0,0
7215,1292,1298732,240 East,Tri1878640,1,130247,172984,0,0
7215,1288,1298735,240 East,Tri1878641,1,130253,172984,0,0
7215,1289,1298736,240 East,Tri1878641,1,130008,172984,0,0
7215,1290,1298737,240 East,Tri1878641,1,130241,172984,0,0
7215,1291,1298738,240 East,Tri1878641,1,130245,172984,0,0
7215,1292,1298739,240 East,Tri1878641,1,130249,172984,0,0
7215,1288,1298742,240 East,Tri1878642,1,130250,172984,0,0
7215,1289,1298743,240 East,Tri1878642,1,129989,172984,0,0
7215,1290,1298744,240 East,Tri1878642,1,130238,172984,0,0
7215,1291,1298745,240 East,Tri1878642,1,130242,172984,0,0
7215,1292,1298746,240 East,Tri1878642,1,130246,172984,0,0
7215,1288,1298749,240 East,Tri1878643,1,130252,172984,0,0
7215,1289,1298750,240 East,Tri1878643,1,130009,172984,0,0
7215,1290,1298751,240 East,Tri1878643,1,130240,172984,0,0
7215,1291,1298752,240 East,Tri1878643,1,130244,172984,0,0
7215,1292,1298753,240 East,Tri1878643,1,130248,172984,0,0
7215,1295,1298755,240 East,Tri1878644,1,135875,172984,0,0
7215,1288,1298756,240 East,Tri1878644,1,130251,172984,0,0
7215,1289,1298757,240 East,Tri1878644,1,129988,172984,0,0
7215,1290,1298758,240 East,Tri1878644,1,130239,172984,0,0
7215,1291,1298759,240 East,Tri1878644,1,130243,172984,0,0
7215,1292,1298760,240 East,Tri1878644,1,130247,172984,0,0
7215,1288,1298763,240 East,Tri1878645,1,130253,172984,0,0
7215,1289,1298764,240 East,Tri1878645,1,130008,172984,0,0
7215,1290,1298765,240 East,Tri1878645,1,130241,172984,0,0
7215,1291,1298766,240 East,Tri1878645,1,130245,172984,0,0
7215,1292,1298767,240 East,Tri1878645,1,130249,172984,0,0
7215,1295,1298769,240 East,Tri1878646,1,135874,172984,0,0
7215,1288,1298770,240 East,Tri1878646,1,130250,172984,0,0
7215,1289,1298771,240 East,Tri1878646,1,129989,172984,0,0
7215,1290,1298772,240 East,Tri1878646,1,130238,172984,0,0
7215,1291,1298773,240 East,Tri1878646,1,130242,172984,0,0
7215,1292,1298774,240 East,Tri1878646,1,130246,172984,0,0
7215,1288,1298777,240 East,Tri1878647,1,130252,172984,0,0
7215,1289,1298778,240 East,Tri1878647,1,130009,172984,0,0
7215,1290,1298779,240 East,Tri1878647,1,130240,172984,0,0
7215,1291,1298780,240 East,Tri1878647,1,130244,172984,0,0
7215,1292,1298781,240 East,Tri1878647,1,130248,172984,0,0
7215,1288,1298784,240 East,Tri1878648,1,130251,172984,0,0
7215,1289,1298785,240 East,Tri1878648,1,129988,172984,0,0
7215,1290,1298786,240 East,Tri1878648,1,130239,172984,0,0
7215,1291,1298787,240 East,Tri1878648,1,130243,172984,0,0
7215,1292,1298788,240 East,Tri1878648,1,130247,172984,0,0
7215,1288,1298791,240 East,Tri1878649,1,130253,172984,0,0
7215,1289,1298792,240 East,Tri1878649,1,130008,172984,0,0
7215,1290,1298793,240 East,Tri1878649,1,130241,172984,0,0
7215,1291,1298794,240 East,Tri1878649,1,130245,172984,0,0
7215,1292,1298795,240 East,Tri1878649,1,130249,172984,0,0
7215,1288,1298798,240 East,Tri1878650,1,130250,172984,0,0
7215,1289,1298799,240 East,Tri1878650,1,129989,172984,0,0
7215,1290,1298800,240 East,Tri1878650,1,130238,172984,0,0
7215,1291,1298801,240 East,Tri1878650,1,130242,172984,0,0
7215,1292,1298802,240 East,Tri1878650,1,130246,172984,0,0
7215,1288,1298805,240 East,Tri1878651,1,130252,172984,0,0
7215,1289,1298806,240 East,Tri1878651,1,130009,172984,0,0
7215,1290,1298807,240 East,Tri1878651,1,130240,172984,0,0
7215,1291,1298808,240 East,Tri1878651,1,130244,172984,0,0
7215,1292,1298809,240 East,Tri1878651,1,130248,172984,0,0
7215,1288,1298812,240 East,Tri1878652,1,130251,172984,0,0
7215,1289,1298813,240 East,Tri1878652,1,129988,172984,0,0
7215,1290,1298814,240 East,Tri1878652,1,130239,172984,0,0
7215,1291,1298815,240 East,Tri1878652,1,130243,172984,0,0
7215,1292,1298816,240 East,Tri1878652,1,130247,172984,0,0
7215,1295,1298818,240 East,Tri1878653,1,135876,172984,0,0
7215,1288,1298819,240 East,Tri1878653,1,130253,172984,0,0
7215,1289,1298820,240 East,Tri1878653,1,130008,172984,0,0
7215,1290,1298821,240 East,Tri1878653,1,130241,172984,0,0
7215,1291,1298822,240 East,Tri1878653,1,130245,172984,0,0
7215,1292,1298823,240 East,Tri1878653,1,130249,172984,0,0
7215,1295,1298825,240 East,Tri1878654,1,135874,172984,0,0
7215,1288,1298826,240 East,Tri1878654,1,130250,172984,0,0
7215,1289,1298827,240 East,Tri1878654,1,129989,172984,0,0
7215,1290,1298828,240 East,Tri1878654,1,130238,172984,0,0
7215,1291,1298829,240 East,Tri1878654,1,130242,172984,0,0
7215,1292,1298830,240 East,Tri1878654,1,130246,172984,0,0
7215,1288,1298833,240 East,Tri1878655,1,130252,172984,0,0
7215,1289,1298834,240 East,Tri1878655,1,130009,172984,0,0
7215,1290,1298835,240 East,Tri1878655,1,130240,172984,0,0
7215,1291,1298836,240 East,Tri1878655,1,130244,172984,0,0
7215,1292,1298837,240 East,Tri1878655,1,130248,172984,0,0
7215,1288,1298840,240 East,Tri1878656,1,130251,172984,0,0
7215,1289,1298841,240 East,Tri1878656,1,129988,172984,0,0
7215,1290,1298842,240 East,Tri1878656,1,130239,172984,0,0
7215,1291,1298843,240 East,Tri1878656,1,130243,172984,0,0
7215,1292,1298844,240 East,Tri1878656,1,130247,172984,0,0
7215,1288,1298847,240 East,Tri1878657,1,130253,172984,0,0
7215,1289,1298848,240 East,Tri1878657,1,130008,172984,0,0
7215,1290,1298849,240 East,Tri1878657,1,130241,172984,0,0
7215,1291,1298850,240 East,Tri1878657,1,130245,172984,0,0
7215,1292,1298851,240 East,Tri1878657,1,130249,172984,0,0
7215,1288,1298854,240 East,Tri1878658,1,130250,172984,0,0
7215,1289,1298855,240 East,Tri1878658,1,129989,172984,0,0
7215,1290,1298856,240 East,Tri1878658,1,130238,172984,0,0
7215,1291,1298857,240 East,Tri1878658,1,130242,172984,0,0
7215,1292,1298858,240 East,Tri1878658,1,130246,172984,0,0
7215,1288,1298861,240 East,Tri1878659,1,130252,172984,0,0
7215,1289,1298862,240 East,Tri1878659,1,130009,172984,0,0
7215,1290,1298863,240 East,Tri1878659,1,130240,172984,0,0
7215,1291,1298864,240 East,Tri1878659,1,130244,172984,0,0
7215,1292,1298865,240 East,Tri1878659,1,130248,172984,0,0
7215,1295,1298867,240 East,Tri1878660,1,135875,172984,0,0
7215,1288,1298868,240 East,Tri1878660,1,130251,172984,0,0
7215,1289,1298869,240 East,Tri1878660,1,129988,172984,0,0
7215,1290,1298870,240 East,Tri1878660,1,130239,172984,0,0
7215,1291,1298871,240 East,Tri1878660,1,130243,172984,0,0
7215,1292,1298872,240 East,Tri1878660,1,130247,172984,0,0
7215,1295,1298874,240 East,Tri1878661,1,135876,172984,0,0
7215,1288,1298875,240 East,Tri1878661,1,130253,172984,0,0
7215,1289,1298876,240 East,Tri1878661,1,130008,172984,0,0
7215,1290,1298877,240 East,Tri1878661,1,130241,172984,0,0
7215,1291,1298878,240 East,Tri1878661,1,130245,172984,0,0
7215,1292,1298879,240 East,Tri1878661,1,130249,172984,0,0
7215,1288,1298882,240 East,Tri1878662,1,130250,172984,0,0
7215,1289,1298883,240 East,Tri1878662,1,129989,172984,0,0
7215,1290,1298884,240 East,Tri1878662,1,130238,172984,0,0
7215,1291,1298885,240 East,Tri1878662,1,130242,172984,0,0
7215,1292,1298886,240 East,Tri1878662,1,130246,172984,0,0
7215,1288,1298889,240 East,Tri1878663,1,130252,172984,0,0
7215,1289,1298890,240 East,Tri1878663,1,130009,172984,0,0
7215,1290,1298891,240 East,Tri1878663,1,130240,172984,0,0
7215,1291,1298892,240 East,Tri1878663,1,130244,172984,0,0
7215,1292,1298893,240 East,Tri1878663,1,130248,172984,0,0
7215,1288,1298896,240 East,Tri1878664,1,130251,172984,0,0
7215,1289,1298897,240 East,Tri1878664,1,129988,172984,0,0
7215,1290,1298898,240 East,Tri1878664,1,130239,172984,0,0
7215,1291,1298899,240 East,Tri1878664,1,130243,172984,0,0
7215,1292,1298900,240 East,Tri1878664,1,130247,172984,0,0
7215,1288,1298903,240 East,Tri1878665,1,130250,172984,0,0
7215,1289,1298904,240 East,Tri1878665,1,129989,172984,0,0
7215,1290,1298905,240 East,Tri1878665,1,130238,172984,0,0
7215,1291,1298906,240 East,Tri1878665,1,130242,172984,0,0
7215,1292,1298907,240 East,Tri1878665,1,130246,172984,0,0
7215,1288,1298910,240 East,Tri1878666,1,130251,172984,0,0
7215,1289,1298911,240 East,Tri1878666,1,129988,172984,0,0
7215,1290,1298912,240 East,Tri1878666,1,130239,172984,0,0
7215,1291,1298913,240 East,Tri1878666,1,130243,172984,0,0
7215,1292,1298914,240 East,Tri1878666,1,130247,172984,0,0
7215,1288,1298917,240 East,Tri1878667,1,130250,172984,0,0
7215,1289,1298918,240 East,Tri1878667,1,129989,172984,0,0
7215,1290,1298919,240 East,Tri1878667,1,130238,172984,0,0
7215,1291,1298920,240 East,Tri1878667,1,130242,172984,0,0
7215,1292,1298921,240 East,Tri1878667,1,130246,172984,0,0
7215,1295,1298923,240 West,Tri1878668,0,135874,172982,0,0
7215,1288,1298924,240 West,Tri1878668,0,130250,172982,0,0
7215,1289,1298925,240 West,Tri1878668,0,129989,172982,0,0
7215,1290,1298926,240 West,Tri1878668,0,130238,172982,0,0
7215,1291,1298927,240 West,Tri1878668,0,130242,172982,0,0
7215,1292,1298928,240 West,Tri1878668,0,130246,172982,0,0
7215,1288,1298931,240 West,Tri1878669,0,130252,172982,0,0
7215,1289,1298932,240 West,Tri1878669,0,130009,172982,0,0
7215,1290,1298933,240 West,Tri1878669,0,130240,172982,0,0
7215,1291,1298934,240 West,Tri1878669,0,130244,172982,0,0
7215,1292,1298935,240 West,Tri1878669,0,130248,172982,0,0
7215,1288,1298938,240 West,Tri1878670,0,130251,172982,0,0
7215,1289,1298939,240 West,Tri1878670,0,129988,172982,0,0
7215,1290,1298940,240 West,Tri1878670,0,130239,172982,0,0
7215,1291,1298941,240 West,Tri1878670,0,130243,172982,0,0
7215,1292,1298942,240 West,Tri1878670,0,130247,172982,0,0
7215,1288,1298945,240 West,Tri1878671,0,130253,172982,0,0
7215,1289,1298946,240 West,Tri1878671,0,130008,172982,0,0
7215,1290,1298947,240 West,Tri1878671,0,130241,172982,0,0
7215,1291,1298948,240 West,Tri1878671,0,130245,172982,0,0
7215,1292,1298949,240 West,Tri1878671,0,130249,172982,0,0
7215,1288,1298952,240 West,Tri1878672,0,130250,172982,0,0
7215,1289,1298953,240 West,Tri1878672,0,129989,172982,0,0
7215,1290,1298954,240 West,Tri1878672,0,130238,172982,0,0
7215,1291,1298955,240 West,Tri1878672,0,130242,172982,0,0
7215,1292,1298956,240 West,Tri1878672,0,130246,172982,0,0
7215,1288,1298959,240 West,Tri1878673,0,130252,172982,0,0
7215,1289,1298960,240 West,Tri1878673,0,130009,172982,0,0
7215,1290,1298961,240 West,Tri1878673,0,130240,172982,0,0
7215,1291,1298962,240 West,Tri1878673,0,130244,172982,0,0
7215,1292,1298963,240 West,Tri1878673,0,130248,172982,0,0
7215,1288,1298966,240 West,Tri1878674,0,130251,172982,0,0
7215,1289,1298967,240 West,Tri1878674,0,129988,172982,0,0
7215,1290,1298968,240 West,Tri1878674,0,130239,172982,0,0
7215,1291,1298969,240 West,Tri1878674,0,130243,172982,0,0
7215,1292,1298970,240 West,Tri1878674,0,130247,172982,0,0
7215,1288,1298973,240 West,Tri1878675,0,130253,172982,0,0
7215,1289,1298974,240 West,Tri1878675,0,130008,172982,0,0
7215,1290,1298975,240 West,Tri1878675,0,130241,172982,0,0
7215,1291,1298976,240 West,Tri1878675,0,130245,172982,0,0
7215,1292,1298977,240 West,Tri1878675,0,130249,172982,0,0
7215,1295,1298979,240 West,Tri1878676,0,135874,172982,0,0
7215,1288,1298980,240 West,Tri1878676,0,130250,172982,0,0
7215,1289,1298981,240 West,Tri1878676,0,129989,172982,0,0
7215,1290,1298982,240 West,Tri1878676,0,130238,172982,0,0
7215,1291,1298983,240 West,Tri1878676,0,130242,172982,0,0
7215,1292,1298984,240 West,Tri1878676,0,130246,172982,0,0
7215,1288,1298987,240 West,Tri1878677,0,130252,172982,0,0
7215,1289,1298988,240 West,Tri1878677,0,130009,172982,0,0
7215,1290,1298989,240 West,Tri1878677,0,130240,172982,0,0
7215,1291,1298990,240 West,Tri1878677,0,130244,172982,0,0
7215,1292,1298991,240 West,Tri1878677,0,130248,172982,0,0
7215,1288,1298994,240 West,Tri1878678,0,130251,172982,0,0
7215,1289,1298995,240 West,Tri1878678,0,129988,172982,0,0
7215,1290,1298996,240 West,Tri1878678,0,130239,172982,0,0
7215,1291,1298997,240 West,Tri1878678,0,130243,172982,0,0
7215,1292,1298998,240 West,Tri1878678,0,130247,172982,0,0
7215,1288,1299001,240 West,Tri1878679,0,130253,172982,0,0
7215,1289,1299002,240 West,Tri1878679,0,130008,172982,0,0
7215,1290,1299003,240 West,Tri1878679,0,130241,172982,0,0
7215,1291,1299004,240 West,Tri1878679,0,130245,172982,0,0
7215,1292,1299005,240 West,Tri1878679,0,130249,172982,0,0
7215,1288,1299008,240 West,Tri1878680,0,130250,172982,0,0
7215,1289,1299009,240 West,Tri1878680,0,129989,172982,0,0
7215,1290,1299010,240 West,Tri1878680,0,130238,172982,0,0
7215,1291,1299011,240 West,Tri1878680,0,130242,172982,0,0
7215,1292,1299012,240 West,Tri1878680,0,130246,172982,0,0
7215,1288,1299015,240 West,Tri1878681,0,130252,172982,0,0
7215,1289,1299016,240 West,Tri1878681,0,130009,172982,0,0
7215,1290,1299017,240 West,Tri1878681,0,130240,172982,0,0
7215,1291,1299018,240 West,Tri1878681,0,130244,172982,0,0
7215,1292,1299019,240 West,Tri1878681,0,130248,172982,0,0
7215,1288,1299022,240 West,Tri1878682,0,130251,172982,0,0
7215,1289,1299023,240 West,Tri1878682,0,129988,172982,0,0
7215,1290,1299024,240 West,Tri1878682,0,130239,172982,0,0
7215,1291,1299025,240 West,Tri1878682,0,130243,172982,0,0
7215,1292,1299026,240 West,Tri1878682,0,130247,172982,0,0
7215,1288,1299029,240 West,Tri1878683,0,130253,172982,0,0
7215,1289,1299030,240 West,Tri1878683,0,130008,172982,0,0
7215,1290,1299031,240 West,Tri1878683,0,130241,172982,0,0
7215,1291,1299032,240 West,Tri1878683,0,130245,172982,0,0
7215,1292,1299033,240 West,Tri1878683,0,130249,172982,0,0
7215,1288,1299036,240 West,Tri1878684,0,130250,172982,0,0
7215,1289,1299037,240 West,Tri1878684,0,129989,172982,0,0
7215,1290,1299038,240 West,Tri1878684,0,130238,172982,0,0
7215,1291,1299039,240 West,Tri1878684,0,130242,172982,0,0
7215,1292,1299040,240 West,Tri1878684,0,130246,172982,0,0
7215,1288,1299043,240 West,Tri1878685,0,130252,172982,0,0
7215,1289,1299044,240 West,Tri1878685,0,130009,172982,0,0
7215,1290,1299045,240 West,Tri1878685,0,130240,172982,0,0
7215,1291,1299046,240 West,Tri1878685,0,130244,172982,0,0
7215,1292,1299047,240 West,Tri1878685,0,130248,172982,0,0
7215,1288,1299050,240 West,Tri1878686,0,130251,172982,0,0
7215,1289,1299051,240 West,Tri1878686,0,129988,172982,0,0
7215,1290,1299052,240 West,Tri1878686,0,130239,172982,0,0
7215,1291,1299053,240 West,Tri1878686,0,130243,172982,0,0
7215,1292,1299054,240 West,Tri1878686,0,130247,172982,0,0
7215,1295,1299056,240 West,Tri1878687,0,135876,172982,0,0
7215,1288,1299057,240 West,Tri1878687,0,130253,172982,0,0
7215,1289,1299058,240 West,Tri1878687,0,130008,172982,0,0
7215,1290,1299059,240 West,Tri1878687,0,130241,172982,0,0
7215,1291,1299060,240 West,Tri1878687,0,130245,172982,0,0
7215,1292,1299061,240 West,Tri1878687,0,130249,172982,0,0
7215,1288,1299064,240 West,Tri1878688,0,130250,172982,0,0
7215,1289,1299065,240 West,Tri1878688,0,129989,172982,0,0
7215,1290,1299066,240 West,Tri1878688,0,130238,172982,0,0
7215,1291,1299067,240 West,Tri1878688,0,130242,172982,0,0
7215,1292,1299068,240 West,Tri1878688,0,130246,172982,0,0
7215,1288,1299071,240 West,Tri1878689,0,130252,172982,0,0
7215,1289,1299072,240 West,Tri1878689,0,130009,172982,0,0
7215,1290,1299073,240 West,Tri1878689,0,130240,172982,0,0
7215,1291,1299074,240 West,Tri1878689,0,130244,172982,0,0
7215,1292,1299075,240 West,Tri1878689,0,130248,172982,0,0
7215,1288,1299078,240 West,Tri1878690,0,130251,172982,0,0
7215,1289,1299079,240 West,Tri1878690,0,129988,172982,0,0
7215,1290,1299080,240 West,Tri1878690,0,130239,172982,0,0
7215,1291,1299081,240 West,Tri1878690,0,130243,172982,0,0
7215,1292,1299082,240 West,Tri1878690,0,130247,172982,0,0
7215,1288,1299085,240 West,Tri1878691,0,130253,172982,0,0
7215,1289,1299086,240 West,Tri1878691,0,130008,172982,0,0
7215,1290,1299087,240 West,Tri1878691,0,130241,172982,0,0
7215,1291,1299088,240 West,Tri1878691,0,130245,172982,0,0
7215,1292,1299089,240 West,Tri1878691,0,130249,172982,0,0
7215,1288,1299092,240 West,Tri1878692,0,130250,172982,0,0
7215,1289,1299093,240 West,Tri1878692,0,129989,172982,0,0
7215,1290,1299094,240 West,Tri1878692,0,130238,172982,0,0
7215,1291,1299095,240 West,Tri1878692,0,130242,172982,0,0
7215,1292,1299096,240 West,Tri1878692,0,130246,172982,0,0
7215,1293,1299097,240 West,Tri1878693,0,135879,172982,0,0
7215,1288,1299099,240 West,Tri1878693,0,130251,172982,0,0
7215,1289,1299100,240 West,Tri1878693,0,129988,172982,0,0
7215,1290,1299101,240 West,Tri1878693,0,130239,172982,0,0
7215,1291,1299102,240 West,Tri1878693,0,130243,172982,0,0
7215,1292,1299103,240 West,Tri1878693,0,130247,172982,0,0
7215,1288,1299106,240 West,Tri1878694,0,130250,172982,0,0
7215,1289,1299107,240 West,Tri1878694,0,129989,172982,0,0
7215,1290,1299108,240 West,Tri1878694,0,130238,172982,0,0
7215,1291,1299109,240 West,Tri1878694,0,130242,172982,0,0
7215,1292,1299110,240 West,Tri1878694,0,130246,172982,0,0
7215,1288,1299113,240 West,Tri1878695,0,130251,172982,0,0
7215,1289,1299114,240 West,Tri1878695,0,129988,172982,0,0
7215,1290,1299115,240 West,Tri1878695,0,130239,172982,0,0
7215,1291,1299116,240 West,Tri1878695,0,130243,172982,0,0
7215,1292,1299117,240 West,Tri1878695,0,130247,172982,0,0
7215,1288,1299372,240 West,Tri1879572,0,130252,172983,0,0
7215,1289,1299373,240 West,Tri1879572,0,130009,172983,0,0
7215,1290,1299374,240 West,Tri1879572,0,130240,172983,0,0
7215,1291,1299375,240 West,Tri1879572,0,130244,172983,0,0
7215,1292,1299376,240 West,Tri1879572,0,130248,172983,0,0
7215,1293,1304371,240 East,Tri1878696,1,135879,172984,0,0
7215,1287,1304372,240 East,Tri1878696,1,130011,172984,0,0
7215,1293,1304373,240 East,Tri1878697,1,135878,172984,0,0
7215,1287,1304374,240 East,Tri1878697,1,130010,172984,0,0
7215,1293,1304375,240 East,Tri1878698,1,135879,172984,0,0
7215,1287,1304376,240 East,Tri1878698,1,130011,172984,0,0
7215,1293,1304377,240 East,Tri1878699,1,135878,172984,0,0
7215,1287,1304378,240 East,Tri1878699,1,130010,172984,0,0
7215,1293,1304379,240 East,Tri1878700,1,135879,172984,0,0
7215,1287,1304380,240 East,Tri1878700,1,130011,172984,0,0
7215,1293,1304381,240 East,Tri1878701,1,135878,172984,0,0
7215,1287,1304382,240 East,Tri1878701,1,130010,172984,0,0
7215,1293,1304383,240 East,Tri1878702,1,135881,172984,0,0
7215,1287,1304384,240 East,Tri1878702,1,130012,172984,0,0
7215,1293,1304385,240 East,Tri1878703,1,135879,172984,0,0
7215,1287,1304386,240 East,Tri1878703,1,130011,172984,0,0
7215,1293,1304387,240 East,Tri1878704,1,135880,172984,0,0
7215,1287,1304388,240 East,Tri1878704,1,130026,172984,0,0
7215,1293,1304389,240 East,Tri1878705,1,135878,172984,0,0
7215,1287,1304390,240 East,Tri1878705,1,130010,172984,0,0
7215,1293,1304391,240 East,Tri1878706,1,135881,172984,0,0
7215,1287,1304392,240 East,Tri1878706,1,130012,172984,0,0
7215,1293,1304393,240 East,Tri1878707,1,135879,172984,0,0
7215,1287,1304394,240 East,Tri1878707,1,130011,172984,0,0
7215,1293,1304395,240 East,Tri1878708,1,135880,172984,0,0
7215,1287,1304396,240 East,Tri1878708,1,130026,172984,0,0
7215,1293,1304397,240 East,Tri1878709,1,135878,172984,0,0
7215,1287,1304398,240 East,Tri1878709,1,130010,172984,0,0
7215,1293,1304399,240 East,Tri1878710,1,135881,172984,0,0
7215,1287,1304400,240 East,Tri1878710,1,130012,172984,0,0
7215,1293,1304401,240 East,Tri1878711,1,135879,172984,0,0
7215,1287,1304402,240 East,Tri1878711,1,130011,172984,0,0
7215,1293,1304403,240 East,Tri1878712,1,135880,172984,0,0
7215,1287,1304404,240 East,Tri1878712,1,130026,172984,0,0
7215,1293,1304405,240 East,Tri1878713,1,135878,172984,0,0
7215,1287,1304406,240 East,Tri1878713,1,130010,172984,0,0
7215,1293,1304407,240 East,Tri1878714,1,135879,172984,0,0
7215,1287,1304408,240 East,Tri1878714,1,130011,172984,0,0
7215,1293,1304409,240 West,Tri1878715,0,135878,172982,0,0
7215,1287,1304410,240 West,Tri1878715,0,130010,172982,0,0
7215,1293,1304411,240 West,Tri1878716,0,135879,172982,0,0
7215,1287,1304412,240 West,Tri1878716,0,130011,172982,0,0
7215,1293,1304413,240 West,Tri1878717,0,135878,172982,0,0
7215,1287,1304414,240 West,Tri1878717,0,130010,172982,0,0
7215,1293,1304415,240 West,Tri1878718,0,135879,172982,0,0
7215,1287,1304416,240 West,Tri1878718,0,130011,172982,0,0
7215,1293,1304417,240 West,Tri1878719,0,135878,172982,0,0
7215,1287,1304418,240 West,Tri1878719,0,130010,172982,0,0
7215,1293,1304419,240 West,Tri1878720,0,135879,172982,0,0
7215,1287,1304420,240 West,Tri1878720,0,130011,172982,0,0
7215,1293,1304421,240 West,Tri1878722,0,135878,172982,0,0
7215,1287,1304422,240 West,Tri1878722,0,130010,172982,0,0
7215,1293,1304423,240 West,Tri1878723,0,135881,172982,0,0
7215,1287,1304424,240 West,Tri1878723,0,130012,172982,0,0
7215,1293,1304425,240 West,Tri1878724,0,135879,172982,0,0
7215,1287,1304426,240 West,Tri1878724,0,130011,172982,0,0
7215,1293,1304427,240 West,Tri1878725,0,135880,172982,0,0
7215,1287,1304428,240 West,Tri1878725,0,130026,172982,0,0
7215,1293,1304429,240 West,Tri1878726,0,135878,172982,0,0
7215,1287,1304430,240 West,Tri1878726,0,130010,172982,0,0
7215,1293,1304431,240 West,Tri1878727,0,135881,172982,0,0
7215,1287,1304432,240 West,Tri1878727,0,130012,172982,0,0
7215,1293,1304433,240 West,Tri1878728,0,135879,172982,0,0
7215,1287,1304434,240 West,Tri1878728,0,130011,172982,0,0
7215,1293,1304435,240 West,Tri1878729,0,135880,172982,0,0
7215,1287,1304436,240 West,Tri1878729,0,130026,172982,0,0
7215,1293,1304437,240 West,Tri1878730,0,135878,172982,0,0
7215,1287,1304438,240 West,Tri1878730,0,130010,172982,0,0
7215,1293,1304439,240 West,Tri1878731,0,135881,172982,0,0
7215,1287,1304440,240 West,Tri1878731,0,130012,172982,0,0
7215,1293,1304441,240 West,Tri1878732,0,135879,172982,0,0
7215,1287,1304442,240 West,Tri1878732,0,130011,172982,0,0
7215,1293,1304443,240 West,Tri1878721,0,135880,172982,0,0
7215,1287,1304444,240 West,Tri1878721,0,130026,172982,0,0
7215,1293,1304445,240 West,Tri1878733,0,135878,172982,0,0
7215,1287,1304446,240 West,Tri1878733,0,130010,172982,0,0
7215,1295,1305858,240 West,Tri1890897,0,135875,172982,0,0
7215,1295,1305868,240 West,Tri1890902,0,135874,172982,0,0
7215,1295,1305878,240 West,Tri1890907,0,135877,172982,0,0
7215,1295,1305880,240 West,Tri1890908,0,135875,172982,0,0
7215,1295,1305884,240 West,Tri1890910,0,135874,172982,0,0
7215,1295,1305890,240 West,Tri1890913,0,135876,172982,0,0
7215,1293,1305893,240 East,Tri1890915,1,135878,172984,0,0
7215,1293,1305895,240 West,Tri1890916,0,135879,172982,0,0
7215,1295,1305846,240 East,Tri1890891,1,135877,172984,0,0
7215,1295,1305826,240 East,Tri1890881,1,135875,172984,0,0
7215,1295,1305828,240 East,Tri1890882,1,135874,172984,0,0
7215,1295,1305832,240 East,Tri1890884,1,135875,172984,0,0
7215,1293,1305897,240 East,Tri1891184,1,135878,172984,0,0
7215,1294,1306160,240 East,Tri1890403,1,135845,172984,0,0
7215,1294,1306161,240 East,Tri1890404,1,135865,172984,0,0
7215,1294,1306162,240 East,Tri1890405,1,135845,172984,0,0
7215,1294,1306163,240 East,Tri1890406,1,135865,172984,0,0
7215,1294,1306164,240 East,Tri1890407,1,135845,172984,0,0
7215,1294,1306165,240 East,Tri1890408,1,135865,172984,0,0
7215,1294,1306166,240 East,Tri1890409,1,135845,172984,0,0
7215,1294,1306167,240 West,Tri1890414,0,135865,172982,0,0
7215,1294,1306168,240 West,Tri1890415,0,135845,172982,0,0
7215,1294,1306169,240 West,Tri1890416,0,135865,172982,0,0
7215,1294,1306170,240 West,Tri1890417,0,135845,172982,0,0
7215,1294,1306171,240 West,Tri1890418,0,135865,172982,0,0
7215,1294,1306172,240 West,Tri1890419,0,135845,172982,0,0
7215,1294,1306173,240 West,Tri1890420,0,135865,172982,0,0
7215,1294,1306210,240 East,Tri1891000,1,135865,172984,0,0
7215,1294,1306211,240 West,Tri1891001,0,135845,172982,0,0
7215,1295,1306676,240 East,Tri1891145,1,135875,172984,0,0
7215,1295,1306677,240 East,Tri1891146,1,135874,172984,0,0
7215,1295,1306682,240 East,Tri1891151,1,135877,172984,0,0
7215,1295,1306686,240 East,Tri1891155,1,135877,172984,0,0
7215,1295,1306688,240 East,Tri1891157,1,135876,172984,0,0
7215,1295,1306689,240 East,Tri1891158,1,135874,172984,0,0
7215,1295,1306694,240 East,Tri1891163,1,135875,172984,0,0
7215,1295,1306700,240 West,Tri1891170,0,135875,172982,0,0
7215,1295,1306702,240 West,Tri1891172,0,135877,172982,0,0
7215,1295,1306703,240 West,Tri1891173,0,135875,172982,0,0
7215,1295,1306704,240 West,Tri1891174,0,135876,172982,0,0
7215,1295,1306705,240 West,Tri1891175,0,135874,172982,0,0
7215,1295,1306710,240 West,Tri1891180,0,135877,172982,0,0
6435,1293,1295558,115 North,Tri1878951,0,135803,172985,0,0
6435,1295,1295559,115 North,Tri1878951,0,135805,172985,0,0
6435,1286,1295560,115 North,Tri1878951,0,129966,172985,0,0
6435,1293,1295561,115 North,Tri1878952,0,135804,172985,0,0
6435,1295,1295562,115 North,Tri1878952,0,135806,172985,0,0
6435,1286,1295563,115 North,Tri1878952,0,129967,172985,0,0
6435,1293,1295564,115 North,Tri1878953,0,135803,172985,0,0
6435,1295,1295565,115 North,Tri1878953,0,135805,172985,0,0
6435,1286,1295566,115 North,Tri1878953,0,129966,172985,0,0
6435,1293,1295567,115 North,Tri1878954,0,135804,172985,0,0
6435,1295,1295568,115 North,Tri1878954,0,135806,172985,0,0
6435,1286,1295569,115 North,Tri1878954,0,129967,172985,0,0
6435,1293,1295570,115 North,Tri1878955,0,135803,172985,0,0
6435,1295,1295571,115 North,Tri1878955,0,135805,172985,0,0
6435,1286,1295572,115 North,Tri1878955,0,129966,172985,0,0
6435,1293,1295573,115 North,Tri1878956,0,135804,172985,0,0
6435,1295,1295574,115 North,Tri1878956,0,135806,172985,0,0
6435,1286,1295575,115 North,Tri1878956,0,129967,172985,0,0
6435,1293,1295576,115 North,Tri1878957,0,135803,172985,0,0
6435,1295,1295577,115 North,Tri1878957,0,135805,172985,0,0
6435,1286,1295578,115 North,Tri1878957,0,129966,172985,0,0
6435,1293,1295579,115 North,Tri1878958,0,135804,172985,0,0
6435,1295,1295580,115 North,Tri1878958,0,135806,172985,0,0
6435,1286,1295581,115 North,Tri1878958,0,129967,172985,0,0
6435,1293,1295582,115 North,Tri1878959,0,135803,172985,0,0
6435,1295,1295583,115 North,Tri1878959,0,135805,172985,0,0
6435,1286,1295584,115 North,Tri1878959,0,129966,172985,0,0
6435,1293,1295585,115 North,Tri1878960,0,135804,172985,0,0
6435,1295,1295586,115 North,Tri1878960,0,135806,172985,0,0
6435,1286,1295587,115 North,Tri1878960,0,129967,172985,0,0
6435,1293,1295588,115 North,Tri1878961,0,135803,172985,0,0
6435,1295,1295589,115 North,Tri1878961,0,135805,172985,0,0
6435,1286,1295590,115 North,Tri1878961,0,129966,172985,0,0
6435,1293,1295591,115 North,Tri1878962,0,135804,172985,0,0
6435,1295,1295592,115 North,Tri1878962,0,135806,172985,0,0
6435,1286,1295593,115 North,Tri1878962,0,129967,172985,0,0
6435,1293,1295594,115 North,Tri1878963,0,135803,172985,0,0
6435,1295,1295595,115 North,Tri1878963,0,135805,172985,0,0
6435,1286,1295596,115 North,Tri1878963,0,129966,172985,0,0
6435,1293,1295597,115 North,Tri1878964,0,135804,172985,0,0
6435,1295,1295598,115 North,Tri1878964,0,135806,172985,0,0
6435,1286,1295599,115 North,Tri1878964,0,129967,172985,0,0
6435,1293,1295600,115 North,Tri1878965,0,135803,172985,0,0
6435,1295,1295601,115 North,Tri1878965,0,135805,172985,0,0
6435,1286,1295602,115 North,Tri1878965,0,129966,172985,0,0
6435,1293,1295603,115 North,Tri1878966,0,135804,172985,0,0
6435,1295,1295604,115 North,Tri1878966,0,135806,172985,0,0
6435,1286,1295605,115 North,Tri1878966,0,129967,172985,0,0
6435,1293,1295606,115 North,Tri1878967,0,135803,172985,0,0
6435,1295,1295607,115 North,Tri1878967,0,135805,172985,0,0
6435,1286,1295608,115 North,Tri1878967,0,129966,172985,0,0
6435,1293,1295609,115 North,Tri1878968,0,135804,172985,0,0
6435,1295,1295610,115 North,Tri1878968,0,135806,172985,0,0
6435,1286,1295611,115 North,Tri1878968,0,129967,172985,0,0
6435,1293,1295612,115 North,Tri1878969,0,135803,172985,0,0
6435,1295,1295613,115 North,Tri1878969,0,135805,172985,0,0
6435,1286,1295614,115 North,Tri1878969,0,129966,172985,0,0
6435,1293,1295615,115 North,Tri1878970,0,135803,172985,0,0
6435,1295,1295616,115 North,Tri1878970,0,135805,172985,0,0
6435,1286,1295617,115 North,Tri1878970,0,129966,172985,0,0
6435,1293,1295779,115 South,Tri1878931,1,135803,172986,0,0
6435,1295,1295780,115 South,Tri1878931,1,135805,172986,0,0
6435,1286,1295781,115 South,Tri1878931,1,129966,172986,0,0
6435,1293,1295782,115 South,Tri1878932,1,135803,172986,0,0
6435,1295,1295783,115 South,Tri1878932,1,135805,172986,0,0
6435,1286,1295784,115 South,Tri1878932,1,129966,172986,0,0
6435,1293,1295785,115 South,Tri1878933,1,135804,172986,0,0
6435,1295,1295786,115 South,Tri1878933,1,135806,172986,0,0
6435,1286,1295787,115 South,Tri1878933,1,129967,172986,0,0
6435,1293,1295788,115 South,Tri1878934,1,135803,172986,0,0
6435,1295,1295789,115 South,Tri1878934,1,135805,172986,0,0
6435,1286,1295790,115 South,Tri1878934,1,129966,172986,0,0
6435,1293,1295791,115 South,Tri1878935,1,135804,172986,0,0
6435,1295,1295792,115 South,Tri1878935,1,135806,172986,0,0
6435,1286,1295793,115 South,Tri1878935,1,129967,172986,0,0
6435,1293,1295794,115 South,Tri1878936,1,135803,172986,0,0
6435,1295,1295795,115 South,Tri1878936,1,135805,172986,0,0
6435,1286,1295796,115 South,Tri1878936,1,129966,172986,0,0
6435,1293,1295797,115 South,Tri1878937,1,135804,172986,0,0
6435,1295,1295798,115 South,Tri1878937,1,135806,172986,0,0
6435,1286,1295799,115 South,Tri1878937,1,129967,172986,0,0
6435,1293,1295800,115 South,Tri1878938,1,135803,172986,0,0
6435,1295,1295801,115 South,Tri1878938,1,135805,172986,0,0
6435,1286,1295802,115 South,Tri1878938,1,129966,172986,0,0
6435,1293,1295803,115 South,Tri1878939,1,135804,172986,0,0
6435,1295,1295804,115 South,Tri1878939,1,135806,172986,0,0
6435,1286,1295805,115 South,Tri1878939,1,129967,172986,0,0
6435,1293,1295806,115 South,Tri1878940,1,135803,172986,0,0
6435,1295,1295807,115 South,Tri1878940,1,135805,172986,0,0
6435,1286,1295808,115 South,Tri1878940,1,129966,172986,0,0
6435,1293,1295809,115 South,Tri1878941,1,135804,172986,0,0
6435,1295,1295810,115 South,Tri1878941,1,135806,172986,0,0
6435,1286,1295811,115 South,Tri1878941,1,129967,172986,0,0
6435,1293,1295812,115 South,Tri1878942,1,135803,172986,0,0
6435,1295,1295813,115 South,Tri1878942,1,135805,172986,0,0
6435,1286,1295814,115 South,Tri1878942,1,129966,172986,0,0
6435,1293,1295815,115 South,Tri1878943,1,135804,172986,0,0
6435,1295,1295816,115 South,Tri1878943,1,135806,172986,0,0
6435,1286,1295817,115 South,Tri1878943,1,129967,172986,0,0
6435,1293,1295818,115 South,Tri1878944,1,135803,172986,0,0
6435,1295,1295819,115 South,Tri1878944,1,135805,172986,0,0
6435,1286,1295820,115 South,Tri1878944,1,129966,172986,0,0
6435,1293,1295821,115 South,Tri1878945,1,135804,172986,0,0
6435,1295,1295822,115 South,Tri1878945,1,135806,172986,0,0
6435,1286,1295823,115 South,Tri1878945,1,129967,172986,0,0
6435,1293,1295824,115 South,Tri1878946,1,135803,172986,0,0
6435,1295,1295825,115 South,Tri1878946,1,135805,172986,0,0
6435,1286,1295826,115 South,Tri1878946,1,129966,172986,0,0
6435,1293,1295827,115 South,Tri1878947,1,135804,172986,0,0
6435,1295,1295828,115 South,Tri1878947,1,135806,172986,0,0
6435,1286,1295829,115 South,Tri1878947,1,129967,172986,0,0
6435,1293,1295830,115 South,Tri1878948,1,135803,172986,0,0
6435,1295,1295831,115 South,Tri1878948,1,135805,172986,0,0
6435,1286,1295832,115 South,Tri1878948,1,129966,172986,0,0
6435,1293,1295833,115 South,Tri1878949,1,135804,172986,0,0
6435,1295,1295834,115 South,Tri1878949,1,135806,172986,0,0
6435,1286,1295835,115 South,Tri1878949,1,129967,172986,0,0
6435,1293,1295836,115 South,Tri1878950,1,135803,172986,0,0
6435,1295,1295837,115 South,Tri1878950,1,135805,172986,0,0
6435,1286,1295838,115 South,Tri1878950,1,129966,172986,0,0
6435,1288,1300688,115 North,Tri1878825,0,130207,172985,0,0
6435,1289,1300689,115 North,Tri1878825,0,129956,172985,0,0
6435,1290,1300690,115 North,Tri1878825,0,130177,172985,0,0
6435,1291,1300691,115 North,Tri1878825,0,130185,172985,0,0
6435,1292,1300692,115 North,Tri1878825,0,130199,172985,0,0
6435,1288,1300695,115 North,Tri1878826,0,130208,172985,0,0
6435,1289,1300696,115 North,Tri1878826,0,129957,172985,0,0
6435,1290,1300697,115 North,Tri1878826,0,130178,172985,0,0
6435,1291,1300698,115 North,Tri1878826,0,130192,172985,0,0
6435,1292,1300699,115 North,Tri1878826,0,130200,172985,0,0
6435,1288,1300702,115 North,Tri1878827,0,130209,172985,0,0
6435,1289,1300703,115 North,Tri1878827,0,129958,172985,0,0
6435,1290,1300704,115 North,Tri1878827,0,130179,172985,0,0
6435,1291,1300705,115 North,Tri1878827,0,130193,172985,0,0
6435,1292,1300706,115 North,Tri1878827,0,130201,172985,0,0
6435,1288,1300709,115 North,Tri1878828,0,130235,172985,0,0
6435,1289,1300710,115 North,Tri1878828,0,129961,172985,0,0
6435,1290,1300711,115 North,Tri1878828,0,130182,172985,0,0
6435,1291,1300712,115 North,Tri1878828,0,130196,172985,0,0
6435,1292,1300713,115 North,Tri1878828,0,130204,172985,0,0
6435,1288,1300716,115 North,Tri1878829,0,130207,172985,0,0
6435,1289,1300717,115 North,Tri1878829,0,129956,172985,0,0
6435,1290,1300718,115 North,Tri1878829,0,130177,172985,0,0
6435,1291,1300719,115 North,Tri1878829,0,130185,172985,0,0
6435,1292,1300720,115 North,Tri1878829,0,130199,172985,0,0
6435,1288,1300723,115 North,Tri1878830,0,130210,172985,0,0
6435,1289,1300724,115 North,Tri1878830,0,129959,172985,0,0
6435,1290,1300725,115 North,Tri1878830,0,130180,172985,0,0
6435,1291,1300726,115 North,Tri1878830,0,130194,172985,0,0
6435,1292,1300727,115 North,Tri1878830,0,130202,172985,0,0
6435,1288,1300730,115 North,Tri1878831,0,130234,172985,0,0
6435,1289,1300731,115 North,Tri1878831,0,129960,172985,0,0
6435,1290,1300732,115 North,Tri1878831,0,130181,172985,0,0
6435,1291,1300733,115 North,Tri1878831,0,130195,172985,0,0
6435,1292,1300734,115 North,Tri1878831,0,130203,172985,0,0
6435,1288,1300737,115 North,Tri1878832,0,130208,172985,0,0
6435,1289,1300738,115 North,Tri1878832,0,129957,172985,0,0
6435,1290,1300739,115 North,Tri1878832,0,130178,172985,0,0
6435,1291,1300740,115 North,Tri1878832,0,130192,172985,0,0
6435,1292,1300741,115 North,Tri1878832,0,130200,172985,0,0
6435,1288,1300744,115 North,Tri1878833,0,130209,172985,0,0
6435,1289,1300745,115 North,Tri1878833,0,129958,172985,0,0
6435,1290,1300746,115 North,Tri1878833,0,130179,172985,0,0
6435,1291,1300747,115 North,Tri1878833,0,130193,172985,0,0
6435,1292,1300748,115 North,Tri1878833,0,130201,172985,0,0
6435,1288,1300751,115 North,Tri1878834,0,130207,172985,0,0
6435,1289,1300752,115 North,Tri1878834,0,129956,172985,0,0
6435,1290,1300753,115 North,Tri1878834,0,130177,172985,0,0
6435,1291,1300754,115 North,Tri1878834,0,130185,172985,0,0
6435,1292,1300755,115 North,Tri1878834,0,130199,172985,0,0
6435,1288,1300758,115 North,Tri1878835,0,130234,172985,0,0
6435,1289,1300759,115 North,Tri1878835,0,129960,172985,0,0
6435,1290,1300760,115 North,Tri1878835,0,130181,172985,0,0
6435,1291,1300761,115 North,Tri1878835,0,130195,172985,0,0
6435,1292,1300762,115 North,Tri1878835,0,130203,172985,0,0
6435,1288,1300765,115 North,Tri1878836,0,130208,172985,0,0
6435,1289,1300766,115 North,Tri1878836,0,129957,172985,0,0
6435,1290,1300767,115 North,Tri1878836,0,130178,172985,0,0
6435,1291,1300768,115 North,Tri1878836,0,130192,172985,0,0
6435,1292,1300769,115 North,Tri1878836,0,130200,172985,0,0
6435,1288,1300772,115 North,Tri1878837,0,130209,172985,0,0
6435,1289,1300773,115 North,Tri1878837,0,129958,172985,0,0
6435,1290,1300774,115 North,Tri1878837,0,130179,172985,0,0
6435,1291,1300775,115 North,Tri1878837,0,130193,172985,0,0
6435,1292,1300776,115 North,Tri1878837,0,130201,172985,0,0
6435,1288,1300779,115 North,Tri1878838,0,130207,172985,0,0
6435,1289,1300780,115 North,Tri1878838,0,129956,172985,0,0
6435,1290,1300781,115 North,Tri1878838,0,130177,172985,0,0
6435,1291,1300782,115 North,Tri1878838,0,130185,172985,0,0
6435,1292,1300783,115 North,Tri1878838,0,130199,172985,0,0
6435,1288,1300786,115 North,Tri1878839,0,130234,172985,0,0
6435,1289,1300787,115 North,Tri1878839,0,129960,172985,0,0
6435,1290,1300788,115 North,Tri1878839,0,130181,172985,0,0
6435,1291,1300789,115 North,Tri1878839,0,130195,172985,0,0
6435,1292,1300790,115 North,Tri1878839,0,130203,172985,0,0
6435,1288,1300793,115 North,Tri1878840,0,130208,172985,0,0
6435,1289,1300794,115 North,Tri1878840,0,129957,172985,0,0
6435,1290,1300795,115 North,Tri1878840,0,130178,172985,0,0
6435,1291,1300796,115 North,Tri1878840,0,130192,172985,0,0
6435,1292,1300797,115 North,Tri1878840,0,130200,172985,0,0
6435,1288,1300800,115 North,Tri1878841,0,130209,172985,0,0
6435,1289,1300801,115 North,Tri1878841,0,129958,172985,0,0
6435,1290,1300802,115 North,Tri1878841,0,130179,172985,0,0
6435,1291,1300803,115 North,Tri1878841,0,130193,172985,0,0
6435,1292,1300804,115 North,Tri1878841,0,130201,172985,0,0
6435,1288,1300807,115 North,Tri1878842,0,130207,172985,0,0
6435,1289,1300808,115 North,Tri1878842,0,129956,172985,0,0
6435,1290,1300809,115 North,Tri1878842,0,130177,172985,0,0
6435,1291,1300810,115 North,Tri1878842,0,130185,172985,0,0
6435,1292,1300811,115 North,Tri1878842,0,130199,172985,0,0
6435,1288,1300814,115 North,Tri1878843,0,130234,172985,0,0
6435,1289,1300815,115 North,Tri1878843,0,129960,172985,0,0
6435,1290,1300816,115 North,Tri1878843,0,130181,172985,0,0
6435,1291,1300817,115 North,Tri1878843,0,130195,172985,0,0
6435,1292,1300818,115 North,Tri1878843,0,130203,172985,0,0
6435,1288,1300821,115 North,Tri1878844,0,130208,172985,0,0
6435,1289,1300822,115 North,Tri1878844,0,129957,172985,0,0
6435,1290,1300823,115 North,Tri1878844,0,130178,172985,0,0
6435,1291,1300824,115 North,Tri1878844,0,130192,172985,0,0
6435,1292,1300825,115 North,Tri1878844,0,130200,172985,0,0
6435,1288,1300828,115 North,Tri1878845,0,130209,172985,0,0
6435,1289,1300829,115 North,Tri1878845,0,129958,172985,0,0
6435,1290,1300830,115 North,Tri1878845,0,130179,172985,0,0
6435,1291,1300831,115 North,Tri1878845,0,130193,172985,0,0
6435,1292,1300832,115 North,Tri1878845,0,130201,172985,0,0
6435,1288,1300835,115 North,Tri1878846,0,130207,172985,0,0
6435,1289,1300836,115 North,Tri1878846,0,129956,172985,0,0
6435,1290,1300837,115 North,Tri1878846,0,130177,172985,0,0
6435,1291,1300838,115 North,Tri1878846,0,130185,172985,0,0
6435,1292,1300839,115 North,Tri1878846,0,130199,172985,0,0
6435,1288,1300842,115 North,Tri1878847,0,130234,172985,0,0
6435,1289,1300843,115 North,Tri1878847,0,129960,172985,0,0
6435,1290,1300844,115 North,Tri1878847,0,130181,172985,0,0
6435,1291,1300845,115 North,Tri1878847,0,130195,172985,0,0
6435,1292,1300846,115 North,Tri1878847,0,130203,172985,0,0
6435,1288,1300849,115 North,Tri1878848,0,130208,172985,0,0
6435,1289,1300850,115 North,Tri1878848,0,129957,172985,0,0
6435,1290,1300851,115 North,Tri1878848,0,130178,172985,0,0
6435,1291,1300852,115 North,Tri1878848,0,130192,172985,0,0
6435,1292,1300853,115 North,Tri1878848,0,130200,172985,0,0
6435,1288,1300856,115 North,Tri1878849,0,130209,172985,0,0
6435,1289,1300857,115 North,Tri1878849,0,129958,172985,0,0
6435,1290,1300858,115 North,Tri1878849,0,130179,172985,0,0
6435,1291,1300859,115 North,Tri1878849,0,130193,172985,0,0
6435,1292,1300860,115 North,Tri1878849,0,130201,172985,0,0
6435,1288,1300863,115 North,Tri1878850,0,130207,172985,0,0
6435,1289,1300864,115 North,Tri1878850,0,129956,172985,0,0
6435,1290,1300865,115 North,Tri1878850,0,130177,172985,0,0
6435,1291,1300866,115 North,Tri1878850,0,130185,172985,0,0
6435,1292,1300867,115 North,Tri1878850,0,130199,172985,0,0
6435,1288,1300870,115 North,Tri1878851,0,130236,172985,0,0
6435,1289,1300871,115 North,Tri1878851,0,129963,172985,0,0
6435,1290,1300872,115 North,Tri1878851,0,130183,172985,0,0
6435,1291,1300873,115 North,Tri1878851,0,130197,172985,0,0
6435,1292,1300874,115 North,Tri1878851,0,130205,172985,0,0
6435,1288,1300877,115 North,Tri1878852,0,130234,172985,0,0
6435,1289,1300878,115 North,Tri1878852,0,129960,172985,0,0
6435,1290,1300879,115 North,Tri1878852,0,130181,172985,0,0
6435,1291,1300880,115 North,Tri1878852,0,130195,172985,0,0
6435,1292,1300881,115 North,Tri1878852,0,130203,172985,0,0
6435,1288,1300884,115 North,Tri1878853,0,130208,172985,0,0
6435,1289,1300885,115 North,Tri1878853,0,129957,172985,0,0
6435,1290,1300886,115 North,Tri1878853,0,130178,172985,0,0
6435,1291,1300887,115 North,Tri1878853,0,130192,172985,0,0
6435,1292,1300888,115 North,Tri1878853,0,130200,172985,0,0
6435,1288,1300891,115 North,Tri1878854,0,130237,172985,0,0
6435,1289,1300892,115 North,Tri1878854,0,129962,172985,0,0
6435,1290,1300893,115 North,Tri1878854,0,130184,172985,0,0
6435,1291,1300894,115 North,Tri1878854,0,130198,172985,0,0
6435,1292,1300895,115 North,Tri1878854,0,130206,172985,0,0
6435,1288,1300898,115 North,Tri1878855,0,130209,172985,0,0
6435,1289,1300899,115 North,Tri1878855,0,129958,172985,0,0
6435,1290,1300900,115 North,Tri1878855,0,130179,172985,0,0
6435,1291,1300901,115 North,Tri1878855,0,130193,172985,0,0
6435,1292,1300902,115 North,Tri1878855,0,130201,172985,0,0
6435,1288,1300905,115 North,Tri1878856,0,130207,172985,0,0
6435,1289,1300906,115 North,Tri1878856,0,129956,172985,0,0
6435,1290,1300907,115 North,Tri1878856,0,130177,172985,0,0
6435,1291,1300908,115 North,Tri1878856,0,130185,172985,0,0
6435,1292,1300909,115 North,Tri1878856,0,130199,172985,0,0
6435,1288,1300912,115 North,Tri1878857,0,130236,172985,0,0
6435,1289,1300913,115 North,Tri1878857,0,129963,172985,0,0
6435,1290,1300914,115 North,Tri1878857,0,130183,172985,0,0
6435,1291,1300915,115 North,Tri1878857,0,130197,172985,0,0
6435,1292,1300916,115 North,Tri1878857,0,130205,172985,0,0
6435,1288,1300919,115 North,Tri1878858,0,130234,172985,0,0
6435,1289,1300920,115 North,Tri1878858,0,129960,172985,0,0
6435,1290,1300921,115 North,Tri1878858,0,130181,172985,0,0
6435,1291,1300922,115 North,Tri1878858,0,130195,172985,0,0
6435,1292,1300923,115 North,Tri1878858,0,130203,172985,0,0
6435,1288,1300926,115 North,Tri1878859,0,130208,172985,0,0
6435,1289,1300927,115 North,Tri1878859,0,129957,172985,0,0
6435,1290,1300928,115 North,Tri1878859,0,130178,172985,0,0
6435,1291,1300929,115 North,Tri1878859,0,130192,172985,0,0
6435,1292,1300930,115 North,Tri1878859,0,130200,172985,0,0
6435,1288,1300933,115 North,Tri1878860,0,130209,172985,0,0
6435,1289,1300934,115 North,Tri1878860,0,129958,172985,0,0
6435,1290,1300935,115 North,Tri1878860,0,130179,172985,0,0
6435,1291,1300936,115 North,Tri1878860,0,130193,172985,0,0
6435,1292,1300937,115 North,Tri1878860,0,130201,172985,0,0
6435,1288,1300940,115 North,Tri1878861,0,130207,172985,0,0
6435,1289,1300941,115 North,Tri1878861,0,129956,172985,0,0
6435,1290,1300942,115 North,Tri1878861,0,130177,172985,0,0
6435,1291,1300943,115 North,Tri1878861,0,130185,172985,0,0
6435,1292,1300944,115 North,Tri1878861,0,130199,172985,0,0
6435,1288,1300947,115 North,Tri1878862,0,130234,172985,0,0
6435,1289,1300948,115 North,Tri1878862,0,129960,172985,0,0
6435,1290,1300949,115 North,Tri1878862,0,130181,172985,0,0
6435,1291,1300950,115 North,Tri1878862,0,130195,172985,0,0
6435,1292,1300951,115 North,Tri1878862,0,130203,172985,0,0
6435,1288,1300954,115 North,Tri1878863,0,130208,172985,0,0
6435,1289,1300955,115 North,Tri1878863,0,129957,172985,0,0
6435,1290,1300956,115 North,Tri1878863,0,130178,172985,0,0
6435,1291,1300957,115 North,Tri1878863,0,130192,172985,0,0
6435,1292,1300958,115 North,Tri1878863,0,130200,172985,0,0
6435,1288,1300961,115 North,Tri1878864,0,130209,172985,0,0
6435,1289,1300962,115 North,Tri1878864,0,129958,172985,0,0
6435,1290,1300963,115 North,Tri1878864,0,130179,172985,0,0
6435,1291,1300964,115 North,Tri1878864,0,130193,172985,0,0
6435,1292,1300965,115 North,Tri1878864,0,130201,172985,0,0
6435,1288,1300968,115 North,Tri1878865,0,130207,172985,0,0
6435,1289,1300969,115 North,Tri1878865,0,129956,172985,0,0
6435,1290,1300970,115 North,Tri1878865,0,130177,172985,0,0
6435,1291,1300971,115 North,Tri1878865,0,130185,172985,0,0
6435,1292,1300972,115 North,Tri1878865,0,130199,172985,0,0
6435,1288,1300975,115 North,Tri1878866,0,130234,172985,0,0
6435,1289,1300976,115 North,Tri1878866,0,129960,172985,0,0
6435,1290,1300977,115 North,Tri1878866,0,130181,172985,0,0
6435,1291,1300978,115 North,Tri1878866,0,130195,172985,0,0
6435,1292,1300979,115 North,Tri1878866,0,130203,172985,0,0
6435,1288,1300982,115 North,Tri1878867,0,130208,172985,0,0
6435,1289,1300983,115 North,Tri1878867,0,129957,172985,0,0
6435,1290,1300984,115 North,Tri1878867,0,130178,172985,0,0
6435,1291,1300985,115 North,Tri1878867,0,130192,172985,0,0
6435,1292,1300986,115 North,Tri1878867,0,130200,172985,0,0
6435,1288,1300989,115 North,Tri1878868,0,130207,172985,0,0
6435,1289,1300990,115 North,Tri1878868,0,129956,172985,0,0
6435,1290,1300991,115 North,Tri1878868,0,130177,172985,0,0
6435,1291,1300992,115 North,Tri1878868,0,130185,172985,0,0
6435,1292,1300993,115 North,Tri1878868,0,130199,172985,0,0
6435,1288,1300996,115 North,Tri1878869,0,130208,172985,0,0
6435,1289,1300997,115 North,Tri1878869,0,129957,172985,0,0
6435,1290,1300998,115 North,Tri1878869,0,130178,172985,0,0
6435,1291,1300999,115 North,Tri1878869,0,130192,172985,0,0
6435,1292,1301000,115 North,Tri1878869,0,130200,172985,0,0
6435,1288,1301003,115 North,Tri1878870,0,130207,172985,0,0
6435,1289,1301004,115 North,Tri1878870,0,129956,172985,0,0
6435,1290,1301005,115 North,Tri1878870,0,130177,172985,0,0
6435,1291,1301006,115 North,Tri1878870,0,130185,172985,0,0
6435,1292,1301007,115 North,Tri1878870,0,130199,172985,0,0
6435,1288,1301010,115 North,Tri1878871,0,130208,172985,0,0
6435,1289,1301011,115 North,Tri1878871,0,129957,172985,0,0
6435,1290,1301012,115 North,Tri1878871,0,130178,172985,0,0
6435,1291,1301013,115 North,Tri1878871,0,130192,172985,0,0
6435,1292,1301014,115 North,Tri1878871,0,130200,172985,0,0
6435,1288,1301017,115 North,Tri1878872,0,130207,172985,0,0
6435,1289,1301018,115 North,Tri1878872,0,129956,172985,0,0
6435,1290,1301019,115 North,Tri1878872,0,130177,172985,0,0
6435,1291,1301020,115 North,Tri1878872,0,130185,172985,0,0
6435,1292,1301021,115 North,Tri1878872,0,130199,172985,0,0
6435,1288,1301024,115 North,Tri1878873,0,130208,172985,0,0
6435,1289,1301025,115 North,Tri1878873,0,129957,172985,0,0
6435,1290,1301026,115 North,Tri1878873,0,130178,172985,0,0
6435,1291,1301027,115 North,Tri1878873,0,130192,172985,0,0
6435,1292,1301028,115 North,Tri1878873,0,130200,172985,0,0
6435,1288,1301031,115 North,Tri1878874,0,130207,172985,0,0
6435,1289,1301032,115 North,Tri1878874,0,129956,172985,0,0
6435,1290,1301033,115 North,Tri1878874,0,130177,172985,0,0
6435,1291,1301034,115 North,Tri1878874,0,130185,172985,0,0
6435,1292,1301035,115 North,Tri1878874,0,130199,172985,0,0
6435,1288,1301038,115 North,Tri1878875,0,130208,172985,0,0
6435,1289,1301039,115 North,Tri1878875,0,129957,172985,0,0
6435,1290,1301040,115 North,Tri1878875,0,130178,172985,0,0
6435,1291,1301041,115 North,Tri1878875,0,130192,172985,0,0
6435,1292,1301042,115 North,Tri1878875,0,130200,172985,0,0
6435,1288,1301045,115 North,Tri1878876,0,130207,172985,0,0
6435,1289,1301046,115 North,Tri1878876,0,129956,172985,0,0
6435,1290,1301047,115 North,Tri1878876,0,130177,172985,0,0
6435,1291,1301048,115 North,Tri1878876,0,130185,172985,0,0
6435,1292,1301049,115 North,Tri1878876,0,130199,172985,0,0
6435,1288,1303173,115 South,Tri1878772,1,130207,172986,0,0
6435,1289,1303174,115 South,Tri1878772,1,129956,172986,0,0
6435,1290,1303175,115 South,Tri1878772,1,130177,172986,0,0
6435,1291,1303176,115 South,Tri1878772,1,130185,172986,0,0
6435,1292,1303177,115 South,Tri1878772,1,130199,172986,0,0
6435,1288,1303180,115 South,Tri1878773,1,130208,172986,0,0
6435,1289,1303181,115 South,Tri1878773,1,129957,172986,0,0
6435,1290,1303182,115 South,Tri1878773,1,130178,172986,0,0
6435,1291,1303183,115 South,Tri1878773,1,130192,172986,0,0
6435,1292,1303184,115 South,Tri1878773,1,130200,172986,0,0
6435,1288,1303187,115 South,Tri1878774,1,130209,172986,0,0
6435,1289,1303188,115 South,Tri1878774,1,129958,172986,0,0
6435,1290,1303189,115 South,Tri1878774,1,130179,172986,0,0
6435,1291,1303190,115 South,Tri1878774,1,130193,172986,0,0
6435,1292,1303191,115 South,Tri1878774,1,130201,172986,0,0
6435,1288,1303194,115 South,Tri1878775,1,130207,172986,0,0
6435,1289,1303195,115 South,Tri1878775,1,129956,172986,0,0
6435,1290,1303196,115 South,Tri1878775,1,130177,172986,0,0
6435,1291,1303197,115 South,Tri1878775,1,130185,172986,0,0
6435,1292,1303198,115 South,Tri1878775,1,130199,172986,0,0
6435,1288,1303201,115 South,Tri1878776,1,130210,172986,0,0
6435,1289,1303202,115 South,Tri1878776,1,129959,172986,0,0
6435,1290,1303203,115 South,Tri1878776,1,130180,172986,0,0
6435,1291,1303204,115 South,Tri1878776,1,130194,172986,0,0
6435,1292,1303205,115 South,Tri1878776,1,130202,172986,0,0
6435,1288,1303208,115 South,Tri1878777,1,130234,172986,0,0
6435,1289,1303209,115 South,Tri1878777,1,129960,172986,0,0
6435,1290,1303210,115 South,Tri1878777,1,130181,172986,0,0
6435,1291,1303211,115 South,Tri1878777,1,130195,172986,0,0
6435,1292,1303212,115 South,Tri1878777,1,130203,172986,0,0
6435,1288,1303215,115 South,Tri1878778,1,130208,172986,0,0
6435,1289,1303216,115 South,Tri1878778,1,129957,172986,0,0
6435,1290,1303217,115 South,Tri1878778,1,130178,172986,0,0
6435,1291,1303218,115 South,Tri1878778,1,130192,172986,0,0
6435,1292,1303219,115 South,Tri1878778,1,130200,172986,0,0
6435,1288,1303222,115 South,Tri1878779,1,130209,172986,0,0
6435,1289,1303223,115 South,Tri1878779,1,129958,172986,0,0
6435,1290,1303224,115 South,Tri1878779,1,130179,172986,0,0
6435,1291,1303225,115 South,Tri1878779,1,130193,172986,0,0
6435,1292,1303226,115 South,Tri1878779,1,130201,172986,0,0
6435,1288,1303229,115 South,Tri1878780,1,130207,172986,0,0
6435,1289,1303230,115 South,Tri1878780,1,129956,172986,0,0
6435,1290,1303231,115 South,Tri1878780,1,130177,172986,0,0
6435,1291,1303232,115 South,Tri1878780,1,130185,172986,0,0
6435,1292,1303233,115 South,Tri1878780,1,130199,172986,0,0
6435,1288,1303236,115 South,Tri1878781,1,130210,172986,0,0
6435,1289,1303237,115 South,Tri1878781,1,129959,172986,0,0
6435,1290,1303238,115 South,Tri1878781,1,130180,172986,0,0
6435,1291,1303239,115 South,Tri1878781,1,130194,172986,0,0
6435,1292,1303240,115 South,Tri1878781,1,130202,172986,0,0
6435,1288,1303243,115 South,Tri1878782,1,130234,172986,0,0
6435,1289,1303244,115 South,Tri1878782,1,129960,172986,0,0
6435,1290,1303245,115 South,Tri1878782,1,130181,172986,0,0
6435,1291,1303246,115 South,Tri1878782,1,130195,172986,0,0
6435,1292,1303247,115 South,Tri1878782,1,130203,172986,0,0
6435,1288,1303250,115 South,Tri1878783,1,130208,172986,0,0
6435,1289,1303251,115 South,Tri1878783,1,129957,172986,0,0
6435,1290,1303252,115 South,Tri1878783,1,130178,172986,0,0
6435,1291,1303253,115 South,Tri1878783,1,130192,172986,0,0
6435,1292,1303254,115 South,Tri1878783,1,130200,172986,0,0
6435,1288,1303257,115 South,Tri1878784,1,130209,172986,0,0
6435,1289,1303258,115 South,Tri1878784,1,129958,172986,0,0
6435,1290,1303259,115 South,Tri1878784,1,130179,172986,0,0
6435,1291,1303260,115 South,Tri1878784,1,130193,172986,0,0
6435,1292,1303261,115 South,Tri1878784,1,130201,172986,0,0
6435,1288,1303264,115 South,Tri1878785,1,130207,172986,0,0
6435,1289,1303265,115 South,Tri1878785,1,129956,172986,0,0
6435,1290,1303266,115 South,Tri1878785,1,130177,172986,0,0
6435,1291,1303267,115 South,Tri1878785,1,130185,172986,0,0
6435,1292,1303268,115 South,Tri1878785,1,130199,172986,0,0
6435,1288,1303271,115 South,Tri1878786,1,130234,172986,0,0
6435,1289,1303272,115 South,Tri1878786,1,129960,172986,0,0
6435,1290,1303273,115 South,Tri1878786,1,130181,172986,0,0
6435,1291,1303274,115 South,Tri1878786,1,130195,172986,0,0
6435,1292,1303275,115 South,Tri1878786,1,130203,172986,0,0
6435,1288,1303278,115 South,Tri1878787,1,130208,172986,0,0
6435,1289,1303279,115 South,Tri1878787,1,129957,172986,0,0
6435,1290,1303280,115 South,Tri1878787,1,130178,172986,0,0
6435,1291,1303281,115 South,Tri1878787,1,130192,172986,0,0
6435,1292,1303282,115 South,Tri1878787,1,130200,172986,0,0
6435,1288,1303285,115 South,Tri1878788,1,130209,172986,0,0
6435,1289,1303286,115 South,Tri1878788,1,129958,172986,0,0
6435,1290,1303287,115 South,Tri1878788,1,130179,172986,0,0
6435,1291,1303288,115 South,Tri1878788,1,130193,172986,0,0
6435,1292,1303289,115 South,Tri1878788,1,130201,172986,0,0
6435,1288,1303292,115 South,Tri1878789,1,130207,172986,0,0
6435,1289,1303293,115 South,Tri1878789,1,129956,172986,0,0
6435,1290,1303294,115 South,Tri1878789,1,130177,172986,0,0
6435,1291,1303295,115 South,Tri1878789,1,130185,172986,0,0
6435,1292,1303296,115 South,Tri1878789,1,130199,172986,0,0
6435,1288,1303299,115 South,Tri1878790,1,130234,172986,0,0
6435,1289,1303300,115 South,Tri1878790,1,129960,172986,0,0
6435,1290,1303301,115 South,Tri1878790,1,130181,172986,0,0
6435,1291,1303302,115 South,Tri1878790,1,130195,172986,0,0
6435,1292,1303303,115 South,Tri1878790,1,130203,172986,0,0
6435,1288,1303306,115 South,Tri1878791,1,130208,172986,0,0
6435,1289,1303307,115 South,Tri1878791,1,129957,172986,0,0
6435,1290,1303308,115 South,Tri1878791,1,130178,172986,0,0
6435,1291,1303309,115 South,Tri1878791,1,130192,172986,0,0
6435,1292,1303310,115 South,Tri1878791,1,130200,172986,0,0
6435,1288,1303313,115 South,Tri1878792,1,130209,172986,0,0
6435,1289,1303314,115 South,Tri1878792,1,129958,172986,0,0
6435,1290,1303315,115 South,Tri1878792,1,130179,172986,0,0
6435,1291,1303316,115 South,Tri1878792,1,130193,172986,0,0
6435,1292,1303317,115 South,Tri1878792,1,130201,172986,0,0
6435,1288,1303320,115 South,Tri1878793,1,130207,172986,0,0
6435,1289,1303321,115 South,Tri1878793,1,129956,172986,0,0
6435,1290,1303322,115 South,Tri1878793,1,130177,172986,0,0
6435,1291,1303323,115 South,Tri1878793,1,130185,172986,0,0
6435,1292,1303324,115 South,Tri1878793,1,130199,172986,0,0
6435,1288,1303327,115 South,Tri1878794,1,130234,172986,0,0
6435,1289,1303328,115 South,Tri1878794,1,129960,172986,0,0
6435,1290,1303329,115 South,Tri1878794,1,130181,172986,0,0
6435,1291,1303330,115 South,Tri1878794,1,130195,172986,0,0
6435,1292,1303331,115 South,Tri1878794,1,130203,172986,0,0
6435,1288,1303334,115 South,Tri1878795,1,130208,172986,0,0
6435,1289,1303335,115 South,Tri1878795,1,129957,172986,0,0
6435,1290,1303336,115 South,Tri1878795,1,130178,172986,0,0
6435,1291,1303337,115 South,Tri1878795,1,130192,172986,0,0
6435,1292,1303338,115 South,Tri1878795,1,130200,172986,0,0
6435,1288,1303341,115 South,Tri1878796,1,130209,172986,0,0
6435,1289,1303342,115 South,Tri1878796,1,129958,172986,0,0
6435,1290,1303343,115 South,Tri1878796,1,130179,172986,0,0
6435,1291,1303344,115 South,Tri1878796,1,130193,172986,0,0
6435,1292,1303345,115 South,Tri1878796,1,130201,172986,0,0
6435,1288,1303348,115 South,Tri1878797,1,130207,172986,0,0
6435,1289,1303349,115 South,Tri1878797,1,129956,172986,0,0
6435,1290,1303350,115 South,Tri1878797,1,130177,172986,0,0
6435,1291,1303351,115 South,Tri1878797,1,130185,172986,0,0
6435,1292,1303352,115 South,Tri1878797,1,130199,172986,0,0
6435,1288,1303355,115 South,Tri1878798,1,130234,172986,0,0
6435,1289,1303356,115 South,Tri1878798,1,129960,172986,0,0
6435,1290,1303357,115 South,Tri1878798,1,130181,172986,0,0
6435,1291,1303358,115 South,Tri1878798,1,130195,172986,0,0
6435,1292,1303359,115 South,Tri1878798,1,130203,172986,0,0
6435,1288,1303362,115 South,Tri1878799,1,130208,172986,0,0
6435,1289,1303363,115 South,Tri1878799,1,129957,172986,0,0
6435,1290,1303364,115 South,Tri1878799,1,130178,172986,0,0
6435,1291,1303365,115 South,Tri1878799,1,130192,172986,0,0
6435,1292,1303366,115 South,Tri1878799,1,130200,172986,0,0
6435,1288,1303369,115 South,Tri1878800,1,130237,172986,0,0
6435,1289,1303370,115 South,Tri1878800,1,129962,172986,0,0
6435,1290,1303371,115 South,Tri1878800,1,130184,172986,0,0
6435,1291,1303372,115 South,Tri1878800,1,130198,172986,0,0
6435,1292,1303373,115 South,Tri1878800,1,130206,172986,0,0
6435,1288,1303376,115 South,Tri1878801,1,130209,172986,0,0
6435,1289,1303377,115 South,Tri1878801,1,129958,172986,0,0
6435,1290,1303378,115 South,Tri1878801,1,130179,172986,0,0
6435,1291,1303379,115 South,Tri1878801,1,130193,172986,0,0
6435,1292,1303380,115 South,Tri1878801,1,130201,172986,0,0
6435,1288,1303383,115 South,Tri1878802,1,130207,172986,0,0
6435,1289,1303384,115 South,Tri1878802,1,129956,172986,0,0
6435,1290,1303385,115 South,Tri1878802,1,130177,172986,0,0
6435,1291,1303386,115 South,Tri1878802,1,130185,172986,0,0
6435,1292,1303387,115 South,Tri1878802,1,130199,172986,0,0
6435,1288,1303390,115 South,Tri1878803,1,130236,172986,0,0
6435,1289,1303391,115 South,Tri1878803,1,129963,172986,0,0
6435,1290,1303392,115 South,Tri1878803,1,130183,172986,0,0
6435,1291,1303393,115 South,Tri1878803,1,130197,172986,0,0
6435,1292,1303394,115 South,Tri1878803,1,130205,172986,0,0
6435,1288,1303397,115 South,Tri1878804,1,130234,172986,0,0
6435,1289,1303398,115 South,Tri1878804,1,129960,172986,0,0
6435,1290,1303399,115 South,Tri1878804,1,130181,172986,0,0
6435,1291,1303400,115 South,Tri1878804,1,130195,172986,0,0
6435,1292,1303401,115 South,Tri1878804,1,130203,172986,0,0
6435,1288,1303404,115 South,Tri1878805,1,130208,172986,0,0
6435,1289,1303405,115 South,Tri1878805,1,129957,172986,0,0
6435,1290,1303406,115 South,Tri1878805,1,130178,172986,0,0
6435,1291,1303407,115 South,Tri1878805,1,130192,172986,0,0
6435,1292,1303408,115 South,Tri1878805,1,130200,172986,0,0
6435,1288,1303411,115 South,Tri1878806,1,130237,172986,0,0
6435,1289,1303412,115 South,Tri1878806,1,129962,172986,0,0
6435,1290,1303413,115 South,Tri1878806,1,130184,172986,0,0
6435,1291,1303414,115 South,Tri1878806,1,130198,172986,0,0
6435,1292,1303415,115 South,Tri1878806,1,130206,172986,0,0
6435,1288,1303418,115 South,Tri1878807,1,130209,172986,0,0
6435,1289,1303419,115 South,Tri1878807,1,129958,172986,0,0
6435,1290,1303420,115 South,Tri1878807,1,130179,172986,0,0
6435,1291,1303421,115 South,Tri1878807,1,130193,172986,0,0
6435,1292,1303422,115 South,Tri1878807,1,130201,172986,0,0
6435,1288,1303425,115 South,Tri1878808,1,130207,172986,0,0
6435,1289,1303426,115 South,Tri1878808,1,129956,172986,0,0
6435,1290,1303427,115 South,Tri1878808,1,130177,172986,0,0
6435,1291,1303428,115 South,Tri1878808,1,130185,172986,0,0
6435,1292,1303429,115 South,Tri1878808,1,130199,172986,0,0
6435,1288,1303432,115 South,Tri1878809,1,130234,172986,0,0
6435,1289,1303433,115 South,Tri1878809,1,129960,172986,0,0
6435,1290,1303434,115 South,Tri1878809,1,130181,172986,0,0
6435,1291,1303435,115 South,Tri1878809,1,130195,172986,0,0
6435,1292,1303436,115 South,Tri1878809,1,130203,172986,0,0
6435,1288,1303439,115 South,Tri1878810,1,130208,172986,0,0
6435,1289,1303440,115 South,Tri1878810,1,129957,172986,0,0
6435,1290,1303441,115 South,Tri1878810,1,130178,172986,0,0
6435,1291,1303442,115 South,Tri1878810,1,130192,172986,0,0
6435,1292,1303443,115 South,Tri1878810,1,130200,172986,0,0
6435,1288,1303446,115 South,Tri1878811,1,130209,172986,0,0
6435,1289,1303447,115 South,Tri1878811,1,129958,172986,0,0
6435,1290,1303448,115 South,Tri1878811,1,130179,172986,0,0
6435,1291,1303449,115 South,Tri1878811,1,130193,172986,0,0
6435,1292,1303450,115 South,Tri1878811,1,130201,172986,0,0
6435,1288,1303453,115 South,Tri1878812,1,130207,172986,0,0
6435,1289,1303454,115 South,Tri1878812,1,129956,172986,0,0
6435,1290,1303455,115 South,Tri1878812,1,130177,172986,0,0
6435,1291,1303456,115 South,Tri1878812,1,130185,172986,0,0
6435,1292,1303457,115 South,Tri1878812,1,130199,172986,0,0
6435,1288,1303460,115 South,Tri1878813,1,130234,172986,0,0
6435,1289,1303461,115 South,Tri1878813,1,129960,172986,0,0
6435,1290,1303462,115 South,Tri1878813,1,130181,172986,0,0
6435,1291,1303463,115 South,Tri1878813,1,130195,172986,0,0
6435,1292,1303464,115 South,Tri1878813,1,130203,172986,0,0
6435,1288,1303467,115 South,Tri1878814,1,130208,172986,0,0
6435,1289,1303468,115 South,Tri1878814,1,129957,172986,0,0
6435,1290,1303469,115 South,Tri1878814,1,130178,172986,0,0
6435,1291,1303470,115 South,Tri1878814,1,130192,172986,0,0
6435,1292,1303471,115 South,Tri1878814,1,130200,172986,0,0
6435,1288,1303474,115 South,Tri1878815,1,130209,172986,0,0
6435,1289,1303475,115 South,Tri1878815,1,129958,172986,0,0
6435,1290,1303476,115 South,Tri1878815,1,130179,172986,0,0
6435,1291,1303477,115 South,Tri1878815,1,130193,172986,0,0
6435,1292,1303478,115 South,Tri1878815,1,130201,172986,0,0
6435,1288,1303481,115 South,Tri1878816,1,130207,172986,0,0
6435,1289,1303482,115 South,Tri1878816,1,129956,172986,0,0
6435,1290,1303483,115 South,Tri1878816,1,130177,172986,0,0
6435,1291,1303484,115 South,Tri1878816,1,130185,172986,0,0
6435,1292,1303485,115 South,Tri1878816,1,130199,172986,0,0
6435,1288,1303488,115 South,Tri1878817,1,130208,172986,0,0
6435,1289,1303489,115 South,Tri1878817,1,129957,172986,0,0
6435,1290,1303490,115 South,Tri1878817,1,130178,172986,0,0
6435,1291,1303491,115 South,Tri1878817,1,130192,172986,0,0
6435,1292,1303492,115 South,Tri1878817,1,130200,172986,0,0
6435,1288,1303495,115 South,Tri1878818,1,130207,172986,0,0
6435,1289,1303496,115 South,Tri1878818,1,129956,172986,0,0
6435,1290,1303497,115 South,Tri1878818,1,130177,172986,0,0
6435,1291,1303498,115 South,Tri1878818,1,130185,172986,0,0
6435,1292,1303499,115 South,Tri1878818,1,130199,172986,0,0
6435,1288,1303502,115 South,Tri1878819,1,130208,172986,0,0
6435,1289,1303503,115 South,Tri1878819,1,129957,172986,0,0
6435,1290,1303504,115 South,Tri1878819,1,130178,172986,0,0
6435,1291,1303505,115 South,Tri1878819,1,130192,172986,0,0
6435,1292,1303506,115 South,Tri1878819,1,130200,172986,0,0
6435,1288,1303509,115 South,Tri1878820,1,130207,172986,0,0
6435,1289,1303510,115 South,Tri1878820,1,129956,172986,0,0
6435,1290,1303511,115 South,Tri1878820,1,130177,172986,0,0
6435,1291,1303512,115 South,Tri1878820,1,130185,172986,0,0
6435,1292,1303513,115 South,Tri1878820,1,130199,172986,0,0
6435,1288,1303516,115 South,Tri1878821,1,130208,172986,0,0
6435,1289,1303517,115 South,Tri1878821,1,129957,172986,0,0
6435,1290,1303518,115 South,Tri1878821,1,130178,172986,0,0
6435,1291,1303519,115 South,Tri1878821,1,130192,172986,0,0
6435,1292,1303520,115 South,Tri1878821,1,130200,172986,0,0
6435,1288,1303523,115 South,Tri1878822,1,130207,172986,0,0
6435,1289,1303524,115 South,Tri1878822,1,129956,172986,0,0
6435,1290,1303525,115 South,Tri1878822,1,130177,172986,0,0
6435,1291,1303526,115 South,Tri1878822,1,130185,172986,0,0
6435,1292,1303527,115 South,Tri1878822,1,130199,172986,0,0
6435,1288,1303530,115 South,Tri1878823,1,130208,172986,0,0
6435,1289,1303531,115 South,Tri1878823,1,129957,172986,0,0
6435,1290,1303532,115 South,Tri1878823,1,130178,172986,0,0
6435,1291,1303533,115 South,Tri1878823,1,130192,172986,0,0
6435,1292,1303534,115 South,Tri1878823,1,130200,172986,0,0
6435,1288,1303537,115 South,Tri1878824,1,130207,172986,0,0
6435,1289,1303538,115 South,Tri1878824,1,129956,172986,0,0
6435,1290,1303539,115 South,Tri1878824,1,130177,172986,0,0
6435,1291,1303540,115 South,Tri1878824,1,130185,172986,0,0
6435,1292,1303541,115 South,Tri1878824,1,130199,172986,0,0
6435,1287,1304581,115 North,Tri1878904,0,129964,172985,0,0
6435,1287,1304583,115 North,Tri1878905,0,129964,172985,0,0
6435,1287,1304585,115 North,Tri1878906,0,129965,172985,0,0
6435,1287,1304587,115 North,Tri1878907,0,129964,172985,0,0
6435,1287,1304589,115 North,Tri1878908,0,129965,172985,0,0
6435,1287,1304591,115 North,Tri1878909,0,129964,172985,0,0
6435,1287,1304593,115 North,Tri1878910,0,129965,172985,0,0
6435,1287,1304595,115 North,Tri1878911,0,129964,172985,0,0
6435,1287,1304597,115 North,Tri1878912,0,129965,172985,0,0
6435,1287,1304599,115 North,Tri1878913,0,129964,172985,0,0
6435,1287,1304601,115 North,Tri1878914,0,129965,172985,0,0
6435,1287,1304603,115 North,Tri1878915,0,129964,172985,0,0
6435,1287,1304605,115 North,Tri1878916,0,129965,172985,0,0
6435,1287,1304607,115 North,Tri1878917,0,129964,172985,0,0
6435,1287,1304609,115 North,Tri1878918,0,129965,172985,0,0
6435,1287,1304611,115 North,Tri1878919,0,129964,172985,0,0
6435,1287,1304613,115 North,Tri1878920,0,129965,172985,0,0
6435,1287,1304615,115 North,Tri1878921,0,129964,172985,0,0
6435,1287,1304617,115 North,Tri1878922,0,129965,172985,0,0
6435,1287,1304619,115 North,Tri1878923,0,129964,172985,0,0
6435,1287,1304621,115 North,Tri1878924,0,129965,172985,0,0
6435,1287,1304623,115 North,Tri1878925,0,129964,172985,0,0
6435,1287,1304625,115 North,Tri1878926,0,129965,172985,0,0
6435,1287,1304627,115 North,Tri1878927,0,129964,172985,0,0
6435,1287,1304629,115 North,Tri1878928,0,129964,172985,0,0
6435,1287,1304631,115 North,Tri1878929,0,129964,172985,0,0
6435,1287,1304633,115 North,Tri1878930,0,129964,172985,0,0
6435,1287,1304944,115 South,Tri1878877,1,129964,172986,0,0
6435,1287,1304946,115 South,Tri1878878,1,129964,172986,0,0
6435,1287,1304948,115 South,Tri1878879,1,129964,172986,0,0
6435,1287,1304950,115 South,Tri1878880,1,129965,172986,0,0
6435,1287,1304952,115 South,Tri1878881,1,129964,172986,0,0
6435,1287,1304954,115 South,Tri1878882,1,129965,172986,0,0
6435,1287,1304956,115 South,Tri1878883,1,129964,172986,0,0
6435,1287,1304958,115 South,Tri1878884,1,129965,172986,0,0
6435,1287,1304960,115 South,Tri1878885,1,129964,172986,0,0
6435,1287,1304962,115 South,Tri1878886,1,129965,172986,0,0
6435,1287,1304964,115 South,Tri1878887,1,129964,172986,0,0
6435,1287,1304966,115 South,Tri1878888,1,129965,172986,0,0
6435,1287,1304968,115 South,Tri1878889,1,129964,172986,0,0
6435,1287,1304970,115 South,Tri1878890,1,129965,172986,0,0
6435,1287,1304972,115 South,Tri1878891,1,129964,172986,0,0
6435,1287,1304974,115 South,Tri1878892,1,129965,172986,0,0
6435,1287,1304976,115 South,Tri1878893,1,129964,172986,0,0
6435,1287,1304978,115 South,Tri1878894,1,129965,172986,0,0
6435,1287,1304980,115 South,Tri1878895,1,129964,172986,0,0
6435,1287,1304982,115 South,Tri1878896,1,129965,172986,0,0
6435,1287,1304984,115 South,Tri1878897,1,129964,172986,0,0
6435,1287,1304986,115 South,Tri1878898,1,129965,172986,0,0
6435,1287,1304988,115 South,Tri1878899,1,129964,172986,0,0
6435,1287,1304990,115 South,Tri1878900,1,129965,172986,0,0
6435,1287,1304992,115 South,Tri1878901,1,129964,172986,0,0
6435,1287,1304994,115 South,Tri1878902,1,129964,172986,0,0
6435,1287,1304996,115 South,Tri1878903,1,129964,172986,0,0
6435,1294,1306118,115 South,Tri1890123,1,135807,172986,0,0
6435,1294,1306119,115 South,Tri1890125,1,135807,172986,0,0
6435,1294,1306120,115 South,Tri1890127,1,135807,172986,0,0
6435,1294,1306121,115 South,Tri1890129,1,135807,172986,0,0
6435,1294,1306122,115 South,Tri1890131,1,135807,172986,0,0
6435,1294,1306123,115 South,Tri1890133,1,135807,172986,0,0
6435,1294,1306124,115 South,Tri1890135,1,135807,172986,0,0
6435,1294,1306125,115 North,Tri1890144,0,135807,172985,0,0
6435,1294,1306126,115 North,Tri1890146,0,135807,172985,0,0
6435,1294,1306127,115 North,Tri1890148,0,135807,172985,0,0
6435,1294,1306128,115 North,Tri1890150,0,135807,172985,0,0
6435,1294,1306129,115 North,Tri1890152,0,135807,172985,0,0
6435,1294,1306130,115 North,Tri1890154,0,135807,172985,0,0
6435,1294,1306131,115 North,Tri1890156,0,135807,172985,0,0
6435,1294,1306215,115 South,Tri1891005,1,135807,172986,0,0
6435,1294,1306216,115 North,Tri1891006,0,135807,172985,0,0
28,1288,1295884,Lauzon10,Tri848653,0,1101,172989,0,0
28,1289,1295885,Lauzon10,Tri848653,0,1247,172989,0,0
28,1290,1295886,Lauzon10,Tri848653,0,1396,172989,0,0
28,1291,1295887,Lauzon10,Tri848653,0,1546,172989,0,0
28,1292,1295888,Lauzon10,Tri848653,0,1696,172989,0,0
28,1288,1295889,Lauzon10,Tri848655,0,1102,172989,0,0
28,1289,1295890,Lauzon10,Tri848655,0,1248,172989,0,0
28,1290,1295891,Lauzon10,Tri848655,0,1397,172989,0,0
28,1291,1295892,Lauzon10,Tri848655,0,1547,172989,0,0
28,1292,1295893,Lauzon10,Tri848655,0,1697,172989,0,0
28,1288,1295894,Lauzon10,Tri848657,0,1101,172989,0,0
28,1289,1295895,Lauzon10,Tri848657,0,1247,172989,0,0
28,1290,1295896,Lauzon10,Tri848657,0,1396,172989,0,0
28,1291,1295897,Lauzon10,Tri848657,0,1546,172989,0,0
28,1292,1295898,Lauzon10,Tri848657,0,1696,172989,0,0
28,1288,1295899,Lauzon10,Tri848659,0,1102,172989,0,0
28,1289,1295900,Lauzon10,Tri848659,0,1248,172989,0,0
28,1290,1295901,Lauzon10,Tri848659,0,1397,172989,0,0
28,1291,1295902,Lauzon10,Tri848659,0,1547,172989,0,0
28,1292,1295903,Lauzon10,Tri848659,0,1697,172989,0,0
28,1288,1295904,Lauzon10,Tri874015,0,1101,172989,0,0
28,1289,1295905,Lauzon10,Tri874015,0,1247,172989,0,0
28,1290,1295906,Lauzon10,Tri874015,0,1396,172989,0,0
28,1291,1295907,Lauzon10,Tri874015,0,1546,172989,0,0
28,1292,1295908,Lauzon10,Tri874015,0,1696,172989,0,0
28,1288,1297957,Lauzon10,Tri848617,0,1101,172988,0,0
28,1289,1297958,Lauzon10,Tri848617,0,1247,172988,0,0
28,1290,1297959,Lauzon10,Tri848617,0,1396,172988,0,0
28,1291,1297960,Lauzon10,Tri848617,0,1546,172988,0,0
28,1292,1297961,Lauzon10,Tri848617,0,1696,172988,0,0
28,1288,1297962,Lauzon10,Tri848619,0,1102,172988,0,0
28,1289,1297963,Lauzon10,Tri848619,0,1248,172988,0,0
28,1290,1297964,Lauzon10,Tri848619,0,1397,172988,0,0
28,1291,1297965,Lauzon10,Tri848619,0,1547,172988,0,0
28,1292,1297966,Lauzon10,Tri848619,0,1697,172988,0,0
28,1288,1297967,Lauzon10,Tri848621,0,1101,172988,0,0
28,1289,1297968,Lauzon10,Tri848621,0,1247,172988,0,0
28,1290,1297969,Lauzon10,Tri848621,0,1396,172988,0,0
28,1291,1297970,Lauzon10,Tri848621,0,1546,172988,0,0
28,1292,1297971,Lauzon10,Tri848621,0,1696,172988,0,0
28,1288,1297972,Lauzon10,Tri848623,0,1102,172988,0,0
28,1289,1297973,Lauzon10,Tri848623,0,1248,172988,0,0
28,1290,1297974,Lauzon10,Tri848623,0,1397,172988,0,0
28,1291,1297975,Lauzon10,Tri848623,0,1547,172988,0,0
28,1292,1297976,Lauzon10,Tri848623,0,1697,172988,0,0
28,1288,1297977,Lauzon10,Tri848625,0,1101,172988,0,0
28,1289,1297978,Lauzon10,Tri848625,0,1247,172988,0,0
28,1290,1297979,Lauzon10,Tri848625,0,1396,172988,0,0
28,1291,1297980,Lauzon10,Tri848625,0,1546,172988,0,0
28,1292,1297981,Lauzon10,Tri848625,0,1696,172988,0,0
28,1288,1297982,Lauzon10,Tri848627,0,1102,172988,0,0
28,1289,1297983,Lauzon10,Tri848627,0,1248,172988,0,0
28,1290,1297984,Lauzon10,Tri848627,0,1397,172988,0,0
28,1291,1297985,Lauzon10,Tri848627,0,1547,172988,0,0
28,1292,1297986,Lauzon10,Tri848627,0,1697,172988,0,0
28,1288,1297987,Lauzon10,Tri848629,0,1101,172988,0,0
28,1289,1297988,Lauzon10,Tri848629,0,1247,172988,0,0
28,1290,1297989,Lauzon10,Tri848629,0,1396,172988,0,0
28,1291,1297990,Lauzon10,Tri848629,0,1546,172988,0,0
28,1292,1297991,Lauzon10,Tri848629,0,1696,172988,0,0
28,1288,1297992,Lauzon10,Tri848631,0,1102,172988,0,0
28,1289,1297993,Lauzon10,Tri848631,0,1248,172988,0,0
28,1290,1297994,Lauzon10,Tri848631,0,1397,172988,0,0
28,1291,1297995,Lauzon10,Tri848631,0,1547,172988,0,0
28,1292,1297996,Lauzon10,Tri848631,0,1697,172988,0,0
28,1288,1297997,Lauzon10,Tri848633,0,1101,172988,0,0
28,1289,1297998,Lauzon10,Tri848633,0,1247,172988,0,0
28,1290,1297999,Lauzon10,Tri848633,0,1396,172988,0,0
28,1291,1298000,Lauzon10,Tri848633,0,1546,172988,0,0
28,1292,1298001,Lauzon10,Tri848633,0,1696,172988,0,0
28,1288,1298002,Lauzon10,Tri848635,0,1102,172988,0,0
28,1289,1298003,Lauzon10,Tri848635,0,1248,172988,0,0
28,1290,1298004,Lauzon10,Tri848635,0,1397,172988,0,0
28,1291,1298005,Lauzon10,Tri848635,0,1547,172988,0,0
28,1292,1298006,Lauzon10,Tri848635,0,1697,172988,0,0
28,1288,1298007,Lauzon10,Tri848637,0,1101,172988,0,0
28,1289,1298008,Lauzon10,Tri848637,0,1247,172988,0,0
28,1290,1298009,Lauzon10,Tri848637,0,1396,172988,0,0
28,1291,1298010,Lauzon10,Tri848637,0,1546,172988,0,0
28,1292,1298011,Lauzon10,Tri848637,0,1696,172988,0,0
28,1288,1298012,Lauzon10,Tri848639,0,1102,172988,0,0
28,1289,1298013,Lauzon10,Tri848639,0,1248,172988,0,0
28,1290,1298014,Lauzon10,Tri848639,0,1397,172988,0,0
28,1291,1298015,Lauzon10,Tri848639,0,1547,172988,0,0
28,1292,1298016,Lauzon10,Tri848639,0,1697,172988,0,0
28,1288,1298017,Lauzon10,Tri848641,0,1101,172988,0,0
28,1289,1298018,Lauzon10,Tri848641,0,1247,172988,0,0
28,1290,1298019,Lauzon10,Tri848641,0,1396,172988,0,0
28,1291,1298020,Lauzon10,Tri848641,0,1546,172988,0,0
28,1292,1298021,Lauzon10,Tri848641,0,1696,172988,0,0
28,1288,1298022,Lauzon10,Tri848643,0,1102,172988,0,0
28,1289,1298023,Lauzon10,Tri848643,0,1248,172988,0,0
28,1290,1298024,Lauzon10,Tri848643,0,1397,172988,0,0
28,1291,1298025,Lauzon10,Tri848643,0,1547,172988,0,0
28,1292,1298026,Lauzon10,Tri848643,0,1697,172988,0,0
28,1288,1298027,Lauzon10,Tri848645,0,1101,172988,0,0
28,1289,1298028,Lauzon10,Tri848645,0,1247,172988,0,0
28,1290,1298029,Lauzon10,Tri848645,0,1396,172988,0,0
28,1291,1298030,Lauzon10,Tri848645,0,1546,172988,0,0
28,1292,1298031,Lauzon10,Tri848645,0,1696,172988,0,0
28,1288,1298032,Lauzon10,Tri848647,0,1102,172988,0,0
28,1289,1298033,Lauzon10,Tri848647,0,1248,172988,0,0
28,1290,1298034,Lauzon10,Tri848647,0,1397,172988,0,0
28,1291,1298035,Lauzon10,Tri848647,0,1547,172988,0,0
28,1292,1298036,Lauzon10,Tri848647,0,1697,172988,0,0
28,1288,1298037,Lauzon10,Tri848649,0,1101,172988,0,0
28,1289,1298038,Lauzon10,Tri848649,0,1247,172988,0,0
28,1290,1298039,Lauzon10,Tri848649,0,1396,172988,0,0
28,1291,1298040,Lauzon10,Tri848649,0,1546,172988,0,0
28,1292,1298041,Lauzon10,Tri848649,0,1696,172988,0,0
28,1288,1298042,Lauzon10,Tri848651,0,1102,172988,0,0
28,1289,1298043,Lauzon10,Tri848651,0,1248,172988,0,0
28,1290,1298044,Lauzon10,Tri848651,0,1397,172988,0,0
28,1291,1298045,Lauzon10,Tri848651,0,1547,172988,0,0
28,1292,1298046,Lauzon10,Tri848651,0,1697,172988,0,0
28,1288,1298074,Lauzon10,Tri848652,1,1102,172995,0,0
28,1289,1298075,Lauzon10,Tri848652,1,1248,172995,0,0
28,1290,1298076,Lauzon10,Tri848652,1,1397,172995,0,0
28,1291,1298077,Lauzon10,Tri848652,1,1547,172995,0,0
28,1292,1298078,Lauzon10,Tri848652,1,1697,172995,0,0
28,1288,1298079,Lauzon10,Tri848654,1,1101,172995,0,0
28,1289,1298080,Lauzon10,Tri848654,1,1247,172995,0,0
28,1290,1298081,Lauzon10,Tri848654,1,1396,172995,0,0
28,1291,1298082,Lauzon10,Tri848654,1,1546,172995,0,0
28,1292,1298083,Lauzon10,Tri848654,1,1696,172995,0,0
28,1288,1298084,Lauzon10,Tri848656,1,1102,172995,0,0
28,1289,1298085,Lauzon10,Tri848656,1,1248,172995,0,0
28,1290,1298086,Lauzon10,Tri848656,1,1397,172995,0,0
28,1291,1298087,Lauzon10,Tri848656,1,1547,172995,0,0
28,1292,1298088,Lauzon10,Tri848656,1,1697,172995,0,0
28,1288,1298089,Lauzon10,Tri848658,1,1101,172995,0,0
28,1289,1298090,Lauzon10,Tri848658,1,1247,172995,0,0
28,1290,1298091,Lauzon10,Tri848658,1,1396,172995,0,0
28,1291,1298092,Lauzon10,Tri848658,1,1546,172995,0,0
28,1292,1298093,Lauzon10,Tri848658,1,1696,172995,0,0
28,1288,1298094,Lauzon10,Tri874016,1,1102,172995,0,0
28,1289,1298095,Lauzon10,Tri874016,1,1248,172995,0,0
28,1290,1298096,Lauzon10,Tri874016,1,1397,172995,0,0
28,1291,1298097,Lauzon10,Tri874016,1,1547,172995,0,0
28,1292,1298098,Lauzon10,Tri874016,1,1697,172995,0,0
28,1288,1298391,Lauzon10,Tri848616,1,1102,172994,0,0
28,1289,1298392,Lauzon10,Tri848616,1,1248,172994,0,0
28,1290,1298393,Lauzon10,Tri848616,1,1397,172994,0,0
28,1291,1298394,Lauzon10,Tri848616,1,1547,172994,0,0
28,1292,1298395,Lauzon10,Tri848616,1,1697,172994,0,0
28,1288,1298396,Lauzon10,Tri848618,1,1101,172994,0,0
28,1289,1298397,Lauzon10,Tri848618,1,1247,172994,0,0
28,1290,1298398,Lauzon10,Tri848618,1,1396,172994,0,0
28,1291,1298399,Lauzon10,Tri848618,1,1546,172994,0,0
28,1292,1298400,Lauzon10,Tri848618,1,1696,172994,0,0
28,1288,1298401,Lauzon10,Tri848620,1,1102,172994,0,0
28,1289,1298402,Lauzon10,Tri848620,1,1248,172994,0,0
28,1290,1298403,Lauzon10,Tri848620,1,1397,172994,0,0
28,1291,1298404,Lauzon10,Tri848620,1,1547,172994,0,0
28,1292,1298405,Lauzon10,Tri848620,1,1697,172994,0,0
28,1288,1298406,Lauzon10,Tri848622,1,1101,172994,0,0
28,1289,1298407,Lauzon10,Tri848622,1,1247,172994,0,0
28,1290,1298408,Lauzon10,Tri848622,1,1396,172994,0,0
28,1291,1298409,Lauzon10,Tri848622,1,1546,172994,0,0
28,1292,1298410,Lauzon10,Tri848622,1,1696,172994,0,0
28,1288,1298411,Lauzon10,Tri848624,1,1102,172994,0,0
28,1289,1298412,Lauzon10,Tri848624,1,1248,172994,0,0
28,1290,1298413,Lauzon10,Tri848624,1,1397,172994,0,0
28,1291,1298414,Lauzon10,Tri848624,1,1547,172994,0,0
28,1292,1298415,Lauzon10,Tri848624,1,1697,172994,0,0
28,1288,1298416,Lauzon10,Tri848626,1,1101,172994,0,0
28,1289,1298417,Lauzon10,Tri848626,1,1247,172994,0,0
28,1290,1298418,Lauzon10,Tri848626,1,1396,172994,0,0
28,1291,1298419,Lauzon10,Tri848626,1,1546,172994,0,0
28,1292,1298420,Lauzon10,Tri848626,1,1696,172994,0,0
28,1288,1298421,Lauzon10,Tri848628,1,1102,172994,0,0
28,1289,1298422,Lauzon10,Tri848628,1,1248,172994,0,0
28,1290,1298423,Lauzon10,Tri848628,1,1397,172994,0,0
28,1291,1298424,Lauzon10,Tri848628,1,1547,172994,0,0
28,1292,1298425,Lauzon10,Tri848628,1,1697,172994,0,0
28,1288,1298426,Lauzon10,Tri848630,1,1101,172994,0,0
28,1289,1298427,Lauzon10,Tri848630,1,1247,172994,0,0
28,1290,1298428,Lauzon10,Tri848630,1,1396,172994,0,0
28,1291,1298429,Lauzon10,Tri848630,1,1546,172994,0,0
28,1292,1298430,Lauzon10,Tri848630,1,1696,172994,0,0
28,1288,1298431,Lauzon10,Tri848632,1,1102,172994,0,0
28,1289,1298432,Lauzon10,Tri848632,1,1248,172994,0,0
28,1290,1298433,Lauzon10,Tri848632,1,1397,172994,0,0
28,1291,1298434,Lauzon10,Tri848632,1,1547,172994,0,0
28,1292,1298435,Lauzon10,Tri848632,1,1697,172994,0,0
28,1288,1298436,Lauzon10,Tri848634,1,1101,172994,0,0
28,1289,1298437,Lauzon10,Tri848634,1,1247,172994,0,0
28,1290,1298438,Lauzon10,Tri848634,1,1396,172994,0,0
28,1291,1298439,Lauzon10,Tri848634,1,1546,172994,0,0
28,1292,1298440,Lauzon10,Tri848634,1,1696,172994,0,0
28,1288,1298441,Lauzon10,Tri848636,1,1102,172994,0,0
28,1289,1298442,Lauzon10,Tri848636,1,1248,172994,0,0
28,1290,1298443,Lauzon10,Tri848636,1,1397,172994,0,0
28,1291,1298444,Lauzon10,Tri848636,1,1547,172994,0,0
28,1292,1298445,Lauzon10,Tri848636,1,1697,172994,0,0
28,1288,1298446,Lauzon10,Tri848638,1,1101,172994,0,0
28,1289,1298447,Lauzon10,Tri848638,1,1247,172994,0,0
28,1290,1298448,Lauzon10,Tri848638,1,1396,172994,0,0
28,1291,1298449,Lauzon10,Tri848638,1,1546,172994,0,0
28,1292,1298450,Lauzon10,Tri848638,1,1696,172994,0,0
28,1288,1298451,Lauzon10,Tri848640,1,1102,172994,0,0
28,1289,1298452,Lauzon10,Tri848640,1,1248,172994,0,0
28,1290,1298453,Lauzon10,Tri848640,1,1397,172994,0,0
28,1291,1298454,Lauzon10,Tri848640,1,1547,172994,0,0
28,1292,1298455,Lauzon10,Tri848640,1,1697,172994,0,0
28,1288,1298456,Lauzon10,Tri848642,1,1101,172994,0,0
28,1289,1298457,Lauzon10,Tri848642,1,1247,172994,0,0
28,1290,1298458,Lauzon10,Tri848642,1,1396,172994,0,0
28,1291,1298459,Lauzon10,Tri848642,1,1546,172994,0,0
28,1292,1298460,Lauzon10,Tri848642,1,1696,172994,0,0
28,1288,1298461,Lauzon10,Tri848644,1,1102,172994,0,0
28,1289,1298462,Lauzon10,Tri848644,1,1248,172994,0,0
28,1290,1298463,Lauzon10,Tri848644,1,1397,172994,0,0
28,1291,1298464,Lauzon10,Tri848644,1,1547,172994,0,0
28,1292,1298465,Lauzon10,Tri848644,1,1697,172994,0,0
28,1288,1298466,Lauzon10,Tri848646,1,1101,172994,0,0
28,1289,1298467,Lauzon10,Tri848646,1,1247,172994,0,0
28,1290,1298468,Lauzon10,Tri848646,1,1396,172994,0,0
28,1291,1298469,Lauzon10,Tri848646,1,1546,172994,0,0
28,1292,1298470,Lauzon10,Tri848646,1,1696,172994,0,0
28,1288,1298471,Lauzon10,Tri848648,1,1102,172994,0,0
28,1289,1298472,Lauzon10,Tri848648,1,1248,172994,0,0
28,1290,1298473,Lauzon10,Tri848648,1,1397,172994,0,0
28,1291,1298474,Lauzon10,Tri848648,1,1547,172994,0,0
28,1292,1298475,Lauzon10,Tri848648,1,1697,172994,0,0
28,1288,1298476,Lauzon10,Tri848650,1,1101,172994,0,0
28,1289,1298477,Lauzon10,Tri848650,1,1247,172994,0,0
28,1290,1298478,Lauzon10,Tri848650,1,1396,172994,0,0
28,1291,1298479,Lauzon10,Tri848650,1,1546,172994,0,0
28,1292,1298480,Lauzon10,Tri848650,1,1696,172994,0,0
28,1287,1304130,Lauzon10,Tri848660,1,829,172995,0,0
28,1287,1304131,Lauzon10,Tri848662,1,829,172995,0,0
28,1287,1304132,Lauzon10,Tri848664,1,829,172995,0,0
28,1287,1304133,Lauzon10,Tri848666,1,829,172995,0,0
28,1287,1304134,Lauzon10,Tri848668,1,829,172995,0,0
28,1287,1304135,Lauzon10,Tri848670,1,829,172995,0,0
28,1287,1304136,Lauzon10,Tri848672,1,829,172995,0,0
28,1287,1304137,Lauzon10,Tri848674,1,829,172995,0,0
28,1287,1304138,Lauzon10,Tri848676,1,829,172995,0,0
28,1287,1304139,Lauzon10,Tri848678,1,829,172995,0,0
28,1287,1304207,Lauzon10,Tri848661,0,829,172989,0,0
28,1287,1304208,Lauzon10,Tri848663,0,829,172989,0,0
28,1287,1304209,Lauzon10,Tri848665,0,829,172989,0,0
28,1287,1304210,Lauzon10,Tri848667,0,829,172989,0,0
28,1287,1304211,Lauzon10,Tri848669,0,829,172989,0,0
28,1287,1304212,Lauzon10,Tri848671,0,829,172989,0,0
28,1287,1304213,Lauzon10,Tri848673,0,829,172989,0,0
28,1287,1304214,Lauzon10,Tri848675,0,829,172989,0,0
28,1287,1304215,Lauzon10,Tri848677,0,829,172989,0,0
28,1287,1304216,Lauzon10,Tri848679,0,829,172989,0,0
28,1287,1304217,Lauzon10,Tri874017,0,829,172989,0,0
701,1288,1299631,25 East,Tri991193,1,31118,173008,0,0
701,1289,1299632,25 East,Tri991193,1,31121,173008,0,0
701,1290,1299633,25 East,Tri991193,1,31127,173008,0,0
701,1291,1299634,25 East,Tri991193,1,31130,173008,0,0
701,1292,1299635,25 East,Tri991193,1,31124,173008,0,0
701,1288,1299638,25 East,Tri991194,1,31119,173008,0,0
701,1289,1299639,25 East,Tri991194,1,31122,173008,0,0
701,1290,1299640,25 East,Tri991194,1,31128,173008,0,0
701,1291,1299641,25 East,Tri991194,1,31131,173008,0,0
701,1292,1299642,25 East,Tri991194,1,31125,173008,0,0
701,1288,1299645,25 East,Tri991195,1,31118,173008,0,0
701,1289,1299646,25 East,Tri991195,1,31121,173008,0,0
701,1290,1299647,25 East,Tri991195,1,31127,173008,0,0
701,1291,1299648,25 East,Tri991195,1,31130,173008,0,0
701,1292,1299649,25 East,Tri991195,1,31124,173008,0,0
701,1288,1299652,25 East,Tri991196,1,31119,173008,0,0
701,1289,1299653,25 East,Tri991196,1,31122,173008,0,0
701,1290,1299654,25 East,Tri991196,1,31128,173008,0,0
701,1291,1299655,25 East,Tri991196,1,31131,173008,0,0
701,1292,1299656,25 East,Tri991196,1,31125,173008,0,0
701,1288,1299659,25 East,Tri991197,1,31118,173008,0,0
701,1289,1299660,25 East,Tri991197,1,31121,173008,0,0
701,1290,1299661,25 East,Tri991197,1,31127,173008,0,0
701,1291,1299662,25 East,Tri991197,1,31130,173008,0,0
701,1292,1299663,25 East,Tri991197,1,31124,173008,0,0
701,1288,1299666,25 East,Tri991198,1,31118,173008,0,0
701,1289,1299667,25 East,Tri991198,1,31121,173008,0,0
701,1290,1299668,25 East,Tri991198,1,31127,173008,0,0
701,1291,1299669,25 East,Tri991198,1,31130,173008,0,0
701,1292,1299670,25 East,Tri991198,1,31124,173008,0,0
701,1288,1299673,25 East,Tri991199,1,31118,173008,0,0
701,1289,1299674,25 East,Tri991199,1,31121,173008,0,0
701,1290,1299675,25 East,Tri991199,1,31127,173008,0,0
701,1291,1299676,25 East,Tri991199,1,31130,173008,0,0
701,1292,1299677,25 East,Tri991199,1,31124,173008,0,0
701,1288,1299680,25 East,Tri991200,1,31120,173008,0,0
701,1289,1299681,25 East,Tri991200,1,31123,173008,0,0
701,1290,1299682,25 East,Tri991200,1,31129,173008,0,0
701,1291,1299683,25 East,Tri991200,1,31132,173008,0,0
701,1292,1299684,25 East,Tri991200,1,31126,173008,0,0
701,1288,1299687,25 East,Tri991201,1,31118,173008,0,0
701,1289,1299688,25 East,Tri991201,1,31121,173008,0,0
701,1290,1299689,25 East,Tri991201,1,31127,173008,0,0
701,1291,1299690,25 East,Tri991201,1,31130,173008,0,0
701,1292,1299691,25 East,Tri991201,1,31124,173008,0,0
701,1288,1299694,25 East,Tri991202,1,31120,173008,0,0
701,1289,1299695,25 East,Tri991202,1,31123,173008,0,0
701,1290,1299696,25 East,Tri991202,1,31129,173008,0,0
701,1291,1299697,25 East,Tri991202,1,31132,173008,0,0
701,1292,1299698,25 East,Tri991202,1,31126,173008,0,0
701,1288,1299701,25 East,Tri991203,1,31118,173008,0,0
701,1289,1299702,25 East,Tri991203,1,31121,173008,0,0
701,1290,1299703,25 East,Tri991203,1,31127,173008,0,0
701,1291,1299704,25 East,Tri991203,1,31130,173008,0,0
701,1292,1299705,25 East,Tri991203,1,31124,173008,0,0
701,1288,1299708,25 East,Tri991204,1,31120,173008,0,0
701,1289,1299709,25 East,Tri991204,1,31123,173008,0,0
701,1290,1299710,25 East,Tri991204,1,31129,173008,0,0
701,1291,1299711,25 East,Tri991204,1,31132,173008,0,0
701,1292,1299712,25 East,Tri991204,1,31126,173008,0,0
701,1288,1299715,25 East,Tri991205,1,31118,173008,0,0
701,1289,1299716,25 East,Tri991205,1,31121,173008,0,0
701,1290,1299717,25 East,Tri991205,1,31127,173008,0,0
701,1291,1299718,25 East,Tri991205,1,31130,173008,0,0
701,1292,1299719,25 East,Tri991205,1,31124,173008,0,0
701,1288,1299722,25 East,Tri991206,1,31120,173008,0,0
701,1289,1299723,25 East,Tri991206,1,31123,173008,0,0
701,1290,1299724,25 East,Tri991206,1,31129,173008,0,0
701,1291,1299725,25 East,Tri991206,1,31132,173008,0,0
701,1292,1299726,25 East,Tri991206,1,31126,173008,0,0
701,1288,1300590,25 West,Tri991212,0,31119,173006,0,0
701,1289,1300591,25 West,Tri991212,0,31122,173006,0,0
701,1290,1300592,25 West,Tri991212,0,31128,173006,0,0
701,1291,1300593,25 West,Tri991212,0,31131,173006,0,0
701,1292,1300594,25 West,Tri991212,0,31125,173006,0,0
701,1288,1300597,25 West,Tri991213,0,31118,173006,0,0
701,1289,1300598,25 West,Tri991213,0,31121,173006,0,0
701,1290,1300599,25 West,Tri991213,0,31127,173006,0,0
701,1291,1300600,25 West,Tri991213,0,31130,173006,0,0
701,1292,1300601,25 West,Tri991213,0,31124,173006,0,0
701,1288,1300604,25 West,Tri991214,0,31119,173006,0,0
701,1289,1300605,25 West,Tri991214,0,31122,173006,0,0
701,1290,1300606,25 West,Tri991214,0,31128,173006,0,0
701,1291,1300607,25 West,Tri991214,0,31131,173006,0,0
701,1292,1300608,25 West,Tri991214,0,31125,173006,0,0
701,1288,1300611,25 West,Tri991215,0,31118,173006,0,0
701,1289,1300612,25 West,Tri991215,0,31121,173006,0,0
701,1290,1300613,25 West,Tri991215,0,31127,173006,0,0
701,1291,1300614,25 West,Tri991215,0,31130,173006,0,0
701,1292,1300615,25 West,Tri991215,0,31124,173006,0,0
701,1288,1300618,25 West,Tri991216,0,31119,173006,0,0
701,1289,1300619,25 West,Tri991216,0,31122,173006,0,0
701,1290,1300620,25 West,Tri991216,0,31128,173006,0,0
701,1291,1300621,25 West,Tri991216,0,31131,173006,0,0
701,1292,1300622,25 West,Tri991216,0,31125,173006,0,0
701,1288,1300625,25 West,Tri991217,0,31118,173006,0,0
701,1289,1300626,25 West,Tri991217,0,31121,173006,0,0
701,1290,1300627,25 West,Tri991217,0,31127,173006,0,0
701,1291,1300628,25 West,Tri991217,0,31130,173006,0,0
701,1292,1300629,25 West,Tri991217,0,31124,173006,0,0
701,1288,1300632,25 West,Tri991218,0,31118,173006,0,0
701,1289,1300633,25 West,Tri991218,0,31121,173006,0,0
701,1290,1300634,25 West,Tri991218,0,31127,173006,0,0
701,1291,1300635,25 West,Tri991218,0,31130,173006,0,0
701,1292,1300636,25 West,Tri991218,0,31124,173006,0,0
701,1288,1300639,25 West,Tri991219,0,31118,173006,0,0
701,1289,1300640,25 West,Tri991219,0,31121,173006,0,0
701,1290,1300641,25 West,Tri991219,0,31127,173006,0,0
701,1291,1300642,25 West,Tri991219,0,31130,173006,0,0
701,1292,1300643,25 West,Tri991219,0,31124,173006,0,0
701,1288,1300646,25 West,Tri991220,0,31120,173006,0,0
701,1289,1300647,25 West,Tri991220,0,31123,173006,0,0
701,1290,1300648,25 West,Tri991220,0,31129,173006,0,0
701,1291,1300649,25 West,Tri991220,0,31132,173006,0,0
701,1292,1300650,25 West,Tri991220,0,31126,173006,0,0
701,1288,1300653,25 West,Tri991221,0,31118,173006,0,0
701,1289,1300654,25 West,Tri991221,0,31121,173006,0,0
701,1290,1300655,25 West,Tri991221,0,31127,173006,0,0
701,1291,1300656,25 West,Tri991221,0,31130,173006,0,0
701,1292,1300657,25 West,Tri991221,0,31124,173006,0,0
701,1288,1300660,25 West,Tri991222,0,31120,173006,0,0
701,1289,1300661,25 West,Tri991222,0,31123,173006,0,0
701,1290,1300662,25 West,Tri991222,0,31129,173006,0,0
701,1291,1300663,25 West,Tri991222,0,31132,173006,0,0
701,1292,1300664,25 West,Tri991222,0,31126,173006,0,0
701,1288,1300667,25 West,Tri991223,0,31118,173006,0,0
701,1289,1300668,25 West,Tri991223,0,31121,173006,0,0
701,1290,1300669,25 West,Tri991223,0,31127,173006,0,0
701,1291,1300670,25 West,Tri991223,0,31130,173006,0,0
701,1292,1300671,25 West,Tri991223,0,31124,173006,0,0
701,1288,1300674,25 West,Tri991224,0,31120,173006,0,0
701,1289,1300675,25 West,Tri991224,0,31123,173006,0,0
701,1290,1300676,25 West,Tri991224,0,31129,173006,0,0
701,1291,1300677,25 West,Tri991224,0,31132,173006,0,0
701,1292,1300678,25 West,Tri991224,0,31126,173006,0,0
701,1288,1300681,25 West,Tri991225,0,31118,173006,0,0
701,1289,1300682,25 West,Tri991225,0,31121,173006,0,0
701,1290,1300683,25 West,Tri991225,0,31127,173006,0,0
701,1291,1300684,25 West,Tri991225,0,31130,173006,0,0
701,1292,1300685,25 West,Tri991225,0,31124,173006,0,0
701,1287,1304565,25 West,Tri991226,0,31117,173006,0,0
701,1287,1304567,25 West,Tri991227,0,31117,173006,0,0
701,1287,1304569,25 West,Tri991228,0,31117,173006,0,0
701,1287,1304571,25 West,Tri991229,0,31117,173006,0,0
701,1287,1304573,25 West,Tri991230,0,31117,173006,0,0
701,1287,1304575,25 West,Tri991231,0,31117,173006,0,0
701,1287,1304577,25 West,Tri991232,0,31117,173006,0,0
701,1287,1304579,25 West,Tri991233,0,31117,173006,0,0
701,1287,1304635,25 East,Tri991234,1,31117,173008,0,0
701,1287,1304637,25 East,Tri991235,1,31117,173008,0,0
701,1287,1304639,25 East,Tri991236,1,31117,173008,0,0
701,1287,1304641,25 East,Tri991237,1,31117,173008,0,0
701,1287,1304643,25 East,Tri991238,1,31117,173008,0,0
701,1287,1304645,25 East,Tri991239,1,31117,173008,0,0
701,1287,1304647,25 East,Tri991240,1,31117,173008,0,0
701,1287,1304649,25 East,Tri991241,1,31117,173008,0,0
2612,1288,1296912,LTW 42,Tri1232626,1,55423,173010,0,0
2612,1289,1296913,LTW 42,Tri1232626,1,55598,173010,0,0
2612,1290,1296914,LTW 42,Tri1232626,1,55775,173010,0,0
2612,1291,1296915,LTW 42,Tri1232626,1,55950,173010,0,0
2612,1292,1296916,LTW 42,Tri1232626,1,56125,173010,0,0
2612,1288,1296919,LTW 42,Tri1232627,1,55424,173010,0,0
2612,1289,1296920,LTW 42,Tri1232627,1,55599,173010,0,0
2612,1290,1296921,LTW 42,Tri1232627,1,55776,173010,0,0
2612,1291,1296922,LTW 42,Tri1232627,1,55951,173010,0,0
2612,1292,1296923,LTW 42,Tri1232627,1,56126,173010,0,0
2612,1288,1296926,LTW 42,Tri1232628,1,55425,173010,0,0
2612,1289,1296927,LTW 42,Tri1232628,1,55600,173010,0,0
2612,1290,1296928,LTW 42,Tri1232628,1,55777,173010,0,0
2612,1291,1296929,LTW 42,Tri1232628,1,55952,173010,0,0
2612,1292,1296930,LTW 42,Tri1232628,1,56127,173010,0,0
2612,1288,1301910,LTW 42,Tri1232629,0,55423,173009,0,0
2612,1289,1301911,LTW 42,Tri1232629,0,55598,173009,0,0
2612,1290,1301912,LTW 42,Tri1232629,0,55775,173009,0,0
2612,1291,1301913,LTW 42,Tri1232629,0,55950,173009,0,0
2612,1292,1301914,LTW 42,Tri1232629,0,56125,173009,0,0
2612,1288,1301917,LTW 42,Tri1232630,0,55424,173009,0,0
2612,1289,1301918,LTW 42,Tri1232630,0,55599,173009,0,0
2612,1290,1301919,LTW 42,Tri1232630,0,55776,173009,0,0
2612,1291,1301920,LTW 42,Tri1232630,0,55951,173009,0,0
2612,1292,1301921,LTW 42,Tri1232630,0,56126,173009,0,0
2612,1288,1301924,LTW 42,Tri1232631,0,55425,173009,0,0
2612,1289,1301925,LTW 42,Tri1232631,0,55600,173009,0,0
2612,1290,1301926,LTW 42,Tri1232631,0,55777,173009,0,0
2612,1291,1301927,LTW 42,Tri1232631,0,55952,173009,0,0
2612,1292,1301928,LTW 42,Tri1232631,0,56127,173009,0,0
2612,1287,1303950,LTW 42,Tri1619854,1,71554,173010,0,0
2612,1287,1303952,LTW 42,Tri1619855,1,71555,173010,0,0
2612,1287,1304741,LTW 42,Tri1619856,0,71554,173009,0,0
2612,1287,1304743,LTW 42,Tri1619857,0,71555,173009,0,0
4001,1286,1295173,518,Tri1539148,1,71549,173011,0,0
4001,1286,1295174,518,Tri1539149,1,71550,173011,0,0
4001,1286,1295175,518,Tri1539150,1,71549,173011,0,0
4001,1286,1295176,518,Tri1539151,1,71550,173011,0,0
4001,1286,1295177,518,Tri1539152,1,71549,173011,0,0
4001,1286,1295178,518,Tri1539153,1,71550,173011,0,0
4001,1286,1295163,518,Tri1539138,1,71549,173011,0,0
4001,1286,1295164,518,Tri1539139,1,71550,173011,0,0
4001,1286,1295165,518,Tri1539140,1,71549,173011,0,0
4001,1286,1295166,518,Tri1539141,1,71550,173011,0,0
4001,1286,1295167,518,Tri1539142,1,71549,173011,0,0
4001,1286,1295168,518,Tri1539143,1,71550,173011,0,0
4001,1286,1295169,518,Tri1539144,1,71549,173011,0,0
4001,1286,1295170,518,Tri1539145,1,71550,173011,0,0
4001,1286,1295171,518,Tri1539146,1,71549,173011,0,0
4001,1286,1295172,518,Tri1539147,1,71550,173011,0,0
4001,1286,1295761,518,Tri1539126,0,71549,173014,0,0
4001,1286,1295762,518,Tri1539127,0,71550,173014,0,0
4001,1286,1295763,518,Tri1539128,0,71549,173014,0,0
4001,1286,1295764,518,Tri1539129,0,71550,173014,0,0
4001,1286,1295765,518,Tri1539130,0,71549,173014,0,0
4001,1286,1295766,518,Tri1539131,0,71550,173014,0,0
4001,1286,1295767,518,Tri1539132,0,71549,173014,0,0
4001,1286,1295768,518,Tri1539133,0,71550,173014,0,0
4001,1286,1295769,518,Tri1539134,0,71549,173014,0,0
4001,1286,1295770,518,Tri1539135,0,71550,173014,0,0
4001,1286,1295771,518,Tri1539136,0,71549,173014,0,0
4001,1286,1295772,518,Tri1539137,0,71550,173014,0,0
4001,1286,1295757,518,Tri1539122,0,71549,173014,0,0
4001,1286,1295758,518,Tri1539123,0,71550,173014,0,0
4001,1286,1295759,518,Tri1539124,0,71549,173014,0,0
4001,1286,1295760,518,Tri1539125,0,71550,173014,0,0
4001,1288,1299727,518,Tri1539221,1,74243,173011,0,0
4001,1289,1299728,518,Tri1539221,1,74235,173011,0,0
4001,1290,1299729,518,Tri1539221,1,74237,173011,0,0
4001,1291,1299730,518,Tri1539221,1,74239,173011,0,0
4001,1292,1299731,518,Tri1539221,1,74241,173011,0,0
4001,1288,1299732,518,Tri1539222,1,74244,173011,0,0
4001,1289,1299733,518,Tri1539222,1,74236,173011,0,0
4001,1290,1299734,518,Tri1539222,1,74238,173011,0,0
4001,1291,1299735,518,Tri1539222,1,74240,173011,0,0
4001,1292,1299736,518,Tri1539222,1,74242,173011,0,0
4001,1288,1299737,518,Tri1539223,1,74243,173011,0,0
4001,1289,1299738,518,Tri1539223,1,74235,173011,0,0
4001,1290,1299739,518,Tri1539223,1,74237,173011,0,0
4001,1291,1299740,518,Tri1539223,1,74239,173011,0,0
4001,1292,1299741,518,Tri1539223,1,74241,173011,0,0
4001,1288,1299742,518,Tri1539224,1,74244,173011,0,0
4001,1289,1299743,518,Tri1539224,1,74236,173011,0,0
4001,1290,1299744,518,Tri1539224,1,74238,173011,0,0
4001,1291,1299745,518,Tri1539224,1,74240,173011,0,0
4001,1292,1299746,518,Tri1539224,1,74242,173011,0,0
4001,1288,1299747,518,Tri1539225,1,74243,173011,0,0
4001,1289,1299748,518,Tri1539225,1,74235,173011,0,0
4001,1290,1299749,518,Tri1539225,1,74237,173011,0,0
4001,1291,1299750,518,Tri1539225,1,74239,173011,0,0
4001,1292,1299751,518,Tri1539225,1,74241,173011,0,0
4001,1288,1299752,518,Tri1539226,1,74244,173011,0,0
4001,1289,1299753,518,Tri1539226,1,74236,173011,0,0
4001,1290,1299754,518,Tri1539226,1,74238,173011,0,0
4001,1291,1299755,518,Tri1539226,1,74240,173011,0,0
4001,1292,1299756,518,Tri1539226,1,74242,173011,0,0
4001,1288,1299757,518,Tri1539227,1,74243,173011,0,0
4001,1289,1299758,518,Tri1539227,1,74235,173011,0,0
4001,1290,1299759,518,Tri1539227,1,74237,173011,0,0
4001,1291,1299760,518,Tri1539227,1,74239,173011,0,0
4001,1292,1299761,518,Tri1539227,1,74241,173011,0,0
4001,1288,1299762,518,Tri1539228,1,74244,173011,0,0
4001,1289,1299763,518,Tri1539228,1,74236,173011,0,0
4001,1290,1299764,518,Tri1539228,1,74238,173011,0,0
4001,1291,1299765,518,Tri1539228,1,74240,173011,0,0
4001,1292,1299766,518,Tri1539228,1,74242,173011,0,0
4001,1288,1299767,518,Tri1539229,1,74243,173011,0,0
4001,1289,1299768,518,Tri1539229,1,74235,173011,0,0
4001,1290,1299769,518,Tri1539229,1,74237,173011,0,0
4001,1291,1299770,518,Tri1539229,1,74239,173011,0,0
4001,1292,1299771,518,Tri1539229,1,74241,173011,0,0
4001,1288,1299772,518,Tri1539230,1,74244,173011,0,0
4001,1289,1299773,518,Tri1539230,1,74236,173011,0,0
4001,1290,1299774,518,Tri1539230,1,74238,173011,0,0
4001,1291,1299775,518,Tri1539230,1,74240,173011,0,0
4001,1292,1299776,518,Tri1539230,1,74242,173011,0,0
4001,1288,1299777,518,Tri1539231,1,74243,173011,0,0
4001,1289,1299778,518,Tri1539231,1,74235,173011,0,0
4001,1290,1299779,518,Tri1539231,1,74237,173011,0,0
4001,1291,1299780,518,Tri1539231,1,74239,173011,0,0
4001,1292,1299781,518,Tri1539231,1,74241,173011,0,0
4001,1288,1299782,518,Tri1539232,1,74244,173011,0,0
4001,1289,1299783,518,Tri1539232,1,74236,173011,0,0
4001,1290,1299784,518,Tri1539232,1,74238,173011,0,0
4001,1291,1299785,518,Tri1539232,1,74240,173011,0,0
4001,1292,1299786,518,Tri1539232,1,74242,173011,0,0
4001,1288,1299787,518,Tri1539233,1,74243,173011,0,0
4001,1289,1299788,518,Tri1539233,1,74235,173011,0,0
4001,1290,1299789,518,Tri1539233,1,74237,173011,0,0
4001,1291,1299790,518,Tri1539233,1,74239,173011,0,0
4001,1292,1299791,518,Tri1539233,1,74241,173011,0,0
4001,1288,1299792,518,Tri1539234,1,74244,173011,0,0
4001,1289,1299793,518,Tri1539234,1,74236,173011,0,0
4001,1290,1299794,518,Tri1539234,1,74238,173011,0,0
4001,1291,1299795,518,Tri1539234,1,74240,173011,0,0
4001,1292,1299796,518,Tri1539234,1,74242,173011,0,0
4001,1288,1299797,518,Tri1539235,1,74243,173011,0,0
4001,1289,1299798,518,Tri1539235,1,74235,173011,0,0
4001,1290,1299799,518,Tri1539235,1,74237,173011,0,0
4001,1291,1299800,518,Tri1539235,1,74239,173011,0,0
4001,1292,1299801,518,Tri1539235,1,74241,173011,0,0
4001,1288,1299802,518,Tri1539236,1,74244,173011,0,0
4001,1289,1299803,518,Tri1539236,1,74236,173011,0,0
4001,1290,1299804,518,Tri1539236,1,74238,173011,0,0
4001,1291,1299805,518,Tri1539236,1,74240,173011,0,0
4001,1292,1299806,518,Tri1539236,1,74242,173011,0,0
4001,1288,1299807,518,Tri1539237,1,74243,173011,0,0
4001,1289,1299808,518,Tri1539237,1,74235,173011,0,0
4001,1290,1299809,518,Tri1539237,1,74237,173011,0,0
4001,1291,1299810,518,Tri1539237,1,74239,173011,0,0
4001,1292,1299811,518,Tri1539237,1,74241,173011,0,0
4001,1288,1299812,518,Tri1539238,1,74244,173011,0,0
4001,1289,1299813,518,Tri1539238,1,74236,173011,0,0
4001,1290,1299814,518,Tri1539238,1,74238,173011,0,0
4001,1291,1299815,518,Tri1539238,1,74240,173011,0,0
4001,1292,1299816,518,Tri1539238,1,74242,173011,0,0
4001,1288,1299817,518,Tri1539239,1,74243,173011,0,0
4001,1289,1299818,518,Tri1539239,1,74235,173011,0,0
4001,1290,1299819,518,Tri1539239,1,74237,173011,0,0
4001,1291,1299820,518,Tri1539239,1,74239,173011,0,0
4001,1292,1299821,518,Tri1539239,1,74241,173011,0,0
4001,1288,1299822,518,Tri1539240,1,74244,173011,0,0
4001,1289,1299823,518,Tri1539240,1,74236,173011,0,0
4001,1290,1299824,518,Tri1539240,1,74238,173011,0,0
4001,1291,1299825,518,Tri1539240,1,74240,173011,0,0
4001,1292,1299826,518,Tri1539240,1,74242,173011,0,0
4001,1288,1299827,518,Tri1539241,1,74243,173011,0,0
4001,1289,1299828,518,Tri1539241,1,74235,173011,0,0
4001,1290,1299829,518,Tri1539241,1,74237,173011,0,0
4001,1291,1299830,518,Tri1539241,1,74239,173011,0,0
4001,1292,1299831,518,Tri1539241,1,74241,173011,0,0
4001,1288,1299832,518,Tri1539242,1,74244,173011,0,0
4001,1289,1299833,518,Tri1539242,1,74236,173011,0,0
4001,1290,1299834,518,Tri1539242,1,74238,173011,0,0
4001,1291,1299835,518,Tri1539242,1,74240,173011,0,0
4001,1292,1299836,518,Tri1539242,1,74242,173011,0,0
4001,1288,1299837,518,Tri1539243,1,74243,173011,0,0
4001,1289,1299838,518,Tri1539243,1,74235,173011,0,0
4001,1290,1299839,518,Tri1539243,1,74237,173011,0,0
4001,1291,1299840,518,Tri1539243,1,74239,173011,0,0
4001,1292,1299841,518,Tri1539243,1,74241,173011,0,0
4001,1288,1299842,518,Tri1539244,1,74244,173011,0,0
4001,1289,1299843,518,Tri1539244,1,74236,173011,0,0
4001,1290,1299844,518,Tri1539244,1,74238,173011,0,0
4001,1291,1299845,518,Tri1539244,1,74240,173011,0,0
4001,1292,1299846,518,Tri1539244,1,74242,173011,0,0
4001,1288,1299847,518,Tri1539245,1,74243,173011,0,0
4001,1289,1299848,518,Tri1539245,1,74235,173011,0,0
4001,1290,1299849,518,Tri1539245,1,74237,173011,0,0
4001,1291,1299850,518,Tri1539245,1,74239,173011,0,0
4001,1292,1299851,518,Tri1539245,1,74241,173011,0,0
4001,1288,1299852,518,Tri1539246,1,74244,173011,0,0
4001,1289,1299853,518,Tri1539246,1,74236,173011,0,0
4001,1290,1299854,518,Tri1539246,1,74238,173011,0,0
4001,1291,1299855,518,Tri1539246,1,74240,173011,0,0
4001,1292,1299856,518,Tri1539246,1,74242,173011,0,0
4001,1288,1299857,518,Tri1539247,1,74243,173011,0,0
4001,1289,1299858,518,Tri1539247,1,74235,173011,0,0
4001,1290,1299859,518,Tri1539247,1,74237,173011,0,0
4001,1291,1299860,518,Tri1539247,1,74239,173011,0,0
4001,1292,1299861,518,Tri1539247,1,74241,173011,0,0
4001,1288,1301978,518,Tri1539194,0,74243,173014,0,0
4001,1289,1301979,518,Tri1539194,0,74235,173014,0,0
4001,1290,1301980,518,Tri1539194,0,74237,173014,0,0
4001,1291,1301981,518,Tri1539194,0,74239,173014,0,0
4001,1292,1301982,518,Tri1539194,0,74241,173014,0,0
4001,1288,1301983,518,Tri1539195,0,74244,173014,0,0
4001,1289,1301984,518,Tri1539195,0,74236,173014,0,0
4001,1290,1301985,518,Tri1539195,0,74238,173014,0,0
4001,1291,1301986,518,Tri1539195,0,74240,173014,0,0
4001,1292,1301987,518,Tri1539195,0,74242,173014,0,0
4001,1288,1301988,518,Tri1539196,0,74243,173014,0,0
4001,1289,1301989,518,Tri1539196,0,74235,173014,0,0
4001,1290,1301990,518,Tri1539196,0,74237,173014,0,0
4001,1291,1301991,518,Tri1539196,0,74239,173014,0,0
4001,1292,1301992,518,Tri1539196,0,74241,173014,0,0
4001,1288,1301993,518,Tri1539197,0,74244,173014,0,0
4001,1289,1301994,518,Tri1539197,0,74236,173014,0,0
4001,1290,1301995,518,Tri1539197,0,74238,173014,0,0
4001,1291,1301996,518,Tri1539197,0,74240,173014,0,0
4001,1292,1301997,518,Tri1539197,0,74242,173014,0,0
4001,1288,1301998,518,Tri1539198,0,74243,173014,0,0
4001,1289,1301999,518,Tri1539198,0,74235,173014,0,0
4001,1290,1302000,518,Tri1539198,0,74237,173014,0,0
4001,1291,1302001,518,Tri1539198,0,74239,173014,0,0
4001,1292,1302002,518,Tri1539198,0,74241,173014,0,0
4001,1288,1302003,518,Tri1539199,0,74244,173014,0,0
4001,1289,1302004,518,Tri1539199,0,74236,173014,0,0
4001,1290,1302005,518,Tri1539199,0,74238,173014,0,0
4001,1291,1302006,518,Tri1539199,0,74240,173014,0,0
4001,1292,1302007,518,Tri1539199,0,74242,173014,0,0
4001,1288,1302008,518,Tri1539200,0,74243,173014,0,0
4001,1289,1302009,518,Tri1539200,0,74235,173014,0,0
4001,1290,1302010,518,Tri1539200,0,74237,173014,0,0
4001,1291,1302011,518,Tri1539200,0,74239,173014,0,0
4001,1292,1302012,518,Tri1539200,0,74241,173014,0,0
4001,1288,1302013,518,Tri1539201,0,74244,173014,0,0
4001,1289,1302014,518,Tri1539201,0,74236,173014,0,0
4001,1290,1302015,518,Tri1539201,0,74238,173014,0,0
4001,1291,1302016,518,Tri1539201,0,74240,173014,0,0
4001,1292,1302017,518,Tri1539201,0,74242,173014,0,0
4001,1288,1302018,518,Tri1539202,0,74243,173014,0,0
4001,1289,1302019,518,Tri1539202,0,74235,173014,0,0
4001,1290,1302020,518,Tri1539202,0,74237,173014,0,0
4001,1291,1302021,518,Tri1539202,0,74239,173014,0,0
4001,1292,1302022,518,Tri1539202,0,74241,173014,0,0
4001,1288,1302023,518,Tri1539203,0,74244,173014,0,0
4001,1289,1302024,518,Tri1539203,0,74236,173014,0,0
4001,1290,1302025,518,Tri1539203,0,74238,173014,0,0
4001,1291,1302026,518,Tri1539203,0,74240,173014,0,0
4001,1292,1302027,518,Tri1539203,0,74242,173014,0,0
4001,1288,1302028,518,Tri1539204,0,74243,173014,0,0
4001,1289,1302029,518,Tri1539204,0,74235,173014,0,0
4001,1290,1302030,518,Tri1539204,0,74237,173014,0,0
4001,1291,1302031,518,Tri1539204,0,74239,173014,0,0
4001,1292,1302032,518,Tri1539204,0,74241,173014,0,0
4001,1288,1302033,518,Tri1539205,0,74244,173014,0,0
4001,1289,1302034,518,Tri1539205,0,74236,173014,0,0
4001,1290,1302035,518,Tri1539205,0,74238,173014,0,0
4001,1291,1302036,518,Tri1539205,0,74240,173014,0,0
4001,1292,1302037,518,Tri1539205,0,74242,173014,0,0
4001,1288,1302038,518,Tri1539206,0,74243,173014,0,0
4001,1289,1302039,518,Tri1539206,0,74235,173014,0,0
4001,1290,1302040,518,Tri1539206,0,74237,173014,0,0
4001,1291,1302041,518,Tri1539206,0,74239,173014,0,0
4001,1292,1302042,518,Tri1539206,0,74241,173014,0,0
4001,1288,1302043,518,Tri1539207,0,74244,173014,0,0
4001,1289,1302044,518,Tri1539207,0,74236,173014,0,0
4001,1290,1302045,518,Tri1539207,0,74238,173014,0,0
4001,1291,1302046,518,Tri1539207,0,74240,173014,0,0
4001,1292,1302047,518,Tri1539207,0,74242,173014,0,0
4001,1288,1302048,518,Tri1539208,0,74243,173014,0,0
4001,1289,1302049,518,Tri1539208,0,74235,173014,0,0
4001,1290,1302050,518,Tri1539208,0,74237,173014,0,0
4001,1291,1302051,518,Tri1539208,0,74239,173014,0,0
4001,1292,1302052,518,Tri1539208,0,74241,173014,0,0
4001,1288,1302053,518,Tri1539209,0,74244,173014,0,0
4001,1289,1302054,518,Tri1539209,0,74236,173014,0,0
4001,1290,1302055,518,Tri1539209,0,74238,173014,0,0
4001,1291,1302056,518,Tri1539209,0,74240,173014,0,0
4001,1292,1302057,518,Tri1539209,0,74242,173014,0,0
4001,1288,1302058,518,Tri1539210,0,74243,173014,0,0
4001,1289,1302059,518,Tri1539210,0,74235,173014,0,0
4001,1290,1302060,518,Tri1539210,0,74237,173014,0,0
4001,1291,1302061,518,Tri1539210,0,74239,173014,0,0
4001,1292,1302062,518,Tri1539210,0,74241,173014,0,0
4001,1288,1302063,518,Tri1539211,0,74244,173014,0,0
4001,1289,1302064,518,Tri1539211,0,74236,173014,0,0
4001,1290,1302065,518,Tri1539211,0,74238,173014,0,0
4001,1291,1302066,518,Tri1539211,0,74240,173014,0,0
4001,1292,1302067,518,Tri1539211,0,74242,173014,0,0
4001,1288,1302068,518,Tri1539212,0,74243,173014,0,0
4001,1289,1302069,518,Tri1539212,0,74235,173014,0,0
4001,1290,1302070,518,Tri1539212,0,74237,173014,0,0
4001,1291,1302071,518,Tri1539212,0,74239,173014,0,0
4001,1292,1302072,518,Tri1539212,0,74241,173014,0,0
4001,1288,1302073,518,Tri1539213,0,74244,173014,0,0
4001,1289,1302074,518,Tri1539213,0,74236,173014,0,0
4001,1290,1302075,518,Tri1539213,0,74238,173014,0,0
4001,1291,1302076,518,Tri1539213,0,74240,173014,0,0
4001,1292,1302077,518,Tri1539213,0,74242,173014,0,0
4001,1288,1302078,518,Tri1539214,0,74243,173014,0,0
4001,1289,1302079,518,Tri1539214,0,74235,173014,0,0
4001,1290,1302080,518,Tri1539214,0,74237,173014,0,0
4001,1291,1302081,518,Tri1539214,0,74239,173014,0,0
4001,1292,1302082,518,Tri1539214,0,74241,173014,0,0
4001,1288,1302083,518,Tri1539215,0,74244,173014,0,0
4001,1289,1302084,518,Tri1539215,0,74236,173014,0,0
4001,1290,1302085,518,Tri1539215,0,74238,173014,0,0
4001,1291,1302086,518,Tri1539215,0,74240,173014,0,0
4001,1292,1302087,518,Tri1539215,0,74242,173014,0,0
4001,1288,1302088,518,Tri1539216,0,74243,173014,0,0
4001,1289,1302089,518,Tri1539216,0,74235,173014,0,0
4001,1290,1302090,518,Tri1539216,0,74237,173014,0,0
4001,1291,1302091,518,Tri1539216,0,74239,173014,0,0
4001,1292,1302092,518,Tri1539216,0,74241,173014,0,0
4001,1288,1302093,518,Tri1539217,0,74244,173014,0,0
4001,1289,1302094,518,Tri1539217,0,74236,173014,0,0
4001,1290,1302095,518,Tri1539217,0,74238,173014,0,0
4001,1291,1302096,518,Tri1539217,0,74240,173014,0,0
4001,1292,1302097,518,Tri1539217,0,74242,173014,0,0
4001,1288,1302098,518,Tri1539218,0,74243,173014,0,0
4001,1289,1302099,518,Tri1539218,0,74235,173014,0,0
4001,1290,1302100,518,Tri1539218,0,74237,173014,0,0
4001,1291,1302101,518,Tri1539218,0,74239,173014,0,0
4001,1292,1302102,518,Tri1539218,0,74241,173014,0,0
4001,1288,1302103,518,Tri1539219,0,74244,173014,0,0
4001,1289,1302104,518,Tri1539219,0,74236,173014,0,0
4001,1290,1302105,518,Tri1539219,0,74238,173014,0,0
4001,1291,1302106,518,Tri1539219,0,74240,173014,0,0
4001,1292,1302107,518,Tri1539219,0,74242,173014,0,0
4001,1288,1302108,518,Tri1539220,0,74243,173014,0,0
4001,1289,1302109,518,Tri1539220,0,74235,173014,0,0
4001,1290,1302110,518,Tri1539220,0,74237,173014,0,0
4001,1291,1302111,518,Tri1539220,0,74239,173014,0,0
4001,1292,1302112,518,Tri1539220,0,74241,173014,0,0
4001,1287,1304218,518,Tri1539174,0,71547,173014,0,0
4001,1287,1304219,518,Tri1539175,0,71548,173014,0,0
4001,1287,1304220,518,Tri1539176,0,71547,173014,0,0
4001,1287,1304221,518,Tri1539177,0,71548,173014,0,0
4001,1287,1304222,518,Tri1539178,0,71547,173014,0,0
4001,1287,1304223,518,Tri1539179,0,71548,173014,0,0
4001,1287,1304224,518,Tri1539180,0,71547,173014,0,0
4001,1287,1304225,518,Tri1539181,0,71548,173014,0,0
4001,1287,1304226,518,Tri1539182,0,71547,173014,0,0
4001,1287,1304227,518,Tri1539183,0,71548,173014,0,0
4001,1287,1304228,518,Tri1539184,0,71547,173014,0,0
4001,1287,1304229,518,Tri1539185,0,71548,173014,0,0
4001,1287,1304230,518,Tri1539186,0,71547,173014,0,0
4001,1287,1304231,518,Tri1539187,0,71548,173014,0,0
4001,1287,1304232,518,Tri1539188,0,71547,173014,0,0
4001,1287,1304233,518,Tri1539189,0,71548,173014,0,0
4001,1287,1304234,518,Tri1539190,0,71547,173014,0,0
4001,1287,1304235,518,Tri1539191,0,71548,173014,0,0
4001,1287,1304236,518,Tri1539192,0,71547,173014,0,0
4001,1287,1304237,518,Tri1539193,0,71548,173014,0,0
4001,1287,1304255,518,Tri1539154,1,71547,173011,0,0
4001,1287,1304256,518,Tri1539155,1,71548,173011,0,0
4001,1287,1304257,518,Tri1539156,1,71547,173011,0,0
4001,1287,1304258,518,Tri1539157,1,71548,173011,0,0
4001,1287,1304259,518,Tri1539158,1,71547,173011,0,0
4001,1287,1304260,518,Tri1539159,1,71548,173011,0,0
4001,1287,1304261,518,Tri1539160,1,71547,173011,0,0
4001,1287,1304262,518,Tri1539161,1,71548,173011,0,0
4001,1287,1304263,518,Tri1539162,1,71547,173011,0,0
4001,1287,1304264,518,Tri1539163,1,71548,173011,0,0
4001,1287,1304265,518,Tri1539164,1,71547,173011,0,0
4001,1287,1304266,518,Tri1539165,1,71548,173011,0,0
4001,1287,1304267,518,Tri1539166,1,71547,173011,0,0
4001,1287,1304268,518,Tri1539167,1,71548,173011,0,0
4001,1287,1304269,518,Tri1539168,1,71547,173011,0,0
4001,1287,1304270,518,Tri1539169,1,71548,173011,0,0
4001,1287,1304271,518,Tri1539170,1,71547,173011,0,0
4001,1287,1304272,518,Tri1539171,1,71548,173011,0,0
4001,1287,1304273,518,Tri1539172,1,71547,173011,0,0
4001,1287,1304274,518,Tri1539173,1,71548,173011,0,0
4001,1293,1305035,518,Tri1544397,0,84446,173014,0,0
4001,1293,1305036,518,Tri1544398,0,84447,173014,0,0
4001,1293,1305037,518,Tri1544399,0,84446,173014,0,0
4001,1293,1305038,518,Tri1544400,0,84447,173014,0,0
4001,1293,1305039,518,Tri1544401,0,84446,173014,0,0
4001,1293,1305040,518,Tri1544402,0,84447,173014,0,0
4001,1293,1305041,518,Tri1544403,0,84446,173014,0,0
4001,1293,1305042,518,Tri1544404,0,84447,173014,0,0
4001,1293,1305043,518,Tri1544405,0,84446,173014,0,0
4001,1293,1305044,518,Tri1544406,0,84447,173014,0,0
4001,1293,1305045,518,Tri1544407,0,84446,173014,0,0
4001,1293,1305046,518,Tri1544408,0,84447,173014,0,0
4001,1293,1305047,518,Tri1544409,0,84446,173014,0,0
4001,1293,1305048,518,Tri1544410,0,84447,173014,0,0
4001,1293,1305049,518,Tri1544411,0,84446,173014,0,0
4001,1293,1305050,518,Tri1544412,0,84447,173014,0,0
4001,1293,1305051,518,Tri1544413,0,84446,173014,0,0
4001,1293,1305052,518,Tri1544414,0,84447,173014,0,0
4001,1293,1305053,518,Tri1544415,0,84446,173014,0,0
4001,1293,1305054,518,Tri1544416,0,84447,173014,0,0
4001,1293,1305297,518,Tri1659472,1,84446,173011,0,0
4001,1293,1305298,518,Tri1659473,1,84447,173011,0,0
4001,1293,1305299,518,Tri1659474,1,84446,173011,0,0
4001,1293,1305300,518,Tri1659475,1,84447,173011,0,0
4001,1293,1305301,518,Tri1659476,1,84446,173011,0,0
4001,1293,1305302,518,Tri1659477,1,84447,173011,0,0
4001,1293,1305303,518,Tri1659478,1,84446,173011,0,0
4001,1293,1305304,518,Tri1659479,1,84447,173011,0,0
4001,1293,1305305,518,Tri1659480,1,84446,173011,0,0
4001,1293,1305306,518,Tri1659481,1,84447,173011,0,0
4001,1293,1305307,518,Tri1659482,1,84446,173011,0,0
4001,1293,1305308,518,Tri1659483,1,84447,173011,0,0
4001,1293,1305309,518,Tri1659484,1,84446,173011,0,0
4001,1293,1305310,518,Tri1659485,1,84447,173011,0,0
4001,1293,1305311,518,Tri1659486,1,84446,173011,0,0
4001,1293,1305312,518,Tri1659487,1,84447,173011,0,0
4001,1293,1305313,518,Tri1659488,1,84446,173011,0,0
4001,1293,1305314,518,Tri1659489,1,84447,173011,0,0
4001,1293,1305315,518,Tri1659490,1,84446,173011,0,0
4001,1293,1305316,518,Tri1659491,1,84447,173011,0,0
4001,1293,1305809,518,Tri1890855,0,84447,173014,0,0
4001,1293,1305811,518,Tri1890856,1,84447,173011,0,0
4001,1293,1305813,518,Tri1890857,0,84446,173014,0,0
4001,1293,1305815,518,Tri1890858,1,84446,173011,0,0
4001,1293,1305901,518,Tri1891197,0,84447,173014,0,0
4001,1293,1305903,518,Tri1891198,1,84447,173011,0,0
4001,1295,1306230,518,Tri1544347,0,136944,173014,0,0
4001,1295,1306231,518,Tri1544348,0,136945,173014,0,0
4001,1295,1306232,518,Tri1544349,0,136944,173014,0,0
4001,1295,1306233,518,Tri1544350,0,136945,173014,0,0
4001,1295,1306234,518,Tri1544351,0,136944,173014,0,0
4001,1295,1306235,518,Tri1544352,0,136945,173014,0,0
4001,1295,1306236,518,Tri1544353,0,136944,173014,0,0
4001,1295,1306237,518,Tri1544354,0,136945,173014,0,0
4001,1295,1306238,518,Tri1544355,0,136944,173014,0,0
4001,1295,1306239,518,Tri1544356,0,136945,173014,0,0
4001,1295,1306240,518,Tri1544357,0,136944,173014,0,0
4001,1295,1306241,518,Tri1544358,0,136945,173014,0,0
4001,1295,1306242,518,Tri1544359,0,136944,173014,0,0
4001,1295,1306243,518,Tri1544360,0,136945,173014,0,0
4001,1295,1306244,518,Tri1544361,0,136944,173014,0,0
4001,1295,1306245,518,Tri1544362,0,136945,173014,0,0
4001,1295,1306246,518,Tri1544363,0,136944,173014,0,0
4001,1295,1306247,518,Tri1544364,0,136945,173014,0,0
4001,1295,1306248,518,Tri1544365,0,136944,173014,0,0
4001,1295,1306249,518,Tri1544366,0,136945,173014,0,0
4001,1295,1306250,518,Tri1659572,1,136944,173011,0,0
4001,1295,1306251,518,Tri1659573,1,136945,173011,0,0
4001,1295,1306252,518,Tri1659574,1,136944,173011,0,0
4001,1295,1306253,518,Tri1659575,1,136945,173011,0,0
4001,1295,1306254,518,Tri1659576,1,136944,173011,0,0
4001,1295,1306255,518,Tri1659577,1,136945,173011,0,0
4001,1295,1306256,518,Tri1659578,1,136944,173011,0,0
4001,1295,1306257,518,Tri1659579,1,136945,173011,0,0
4001,1295,1306258,518,Tri1659580,1,136944,173011,0,0
4001,1295,1306259,518,Tri1659581,1,136945,173011,0,0
4001,1295,1306260,518,Tri1659582,1,136944,173011,0,0
4001,1295,1306261,518,Tri1659583,1,136945,173011,0,0
4001,1295,1306262,518,Tri1659584,1,136944,173011,0,0
4001,1295,1306263,518,Tri1659585,1,136945,173011,0,0
4001,1295,1306264,518,Tri1659586,1,136944,173011,0,0
4001,1295,1306265,518,Tri1659587,1,136945,173011,0,0
4001,1295,1306266,518,Tri1659588,1,136944,173011,0,0
4001,1295,1306267,518,Tri1659589,1,136945,173011,0,0
4001,1295,1306268,518,Tri1659590,1,136944,173011,0,0
4001,1295,1306269,518,Tri1659591,1,136945,173011,0,0
4636,1286,1295082,605,Tri1585249,0,113105,173017,0,0
4636,1286,1295083,605,Tri1585250,0,113089,173017,0,0
4636,1293,1295084,605,Tri1799161,0,135836,173017,0,0
4636,1295,1295085,605,Tri1799161,0,135838,173017,0,0
4636,1286,1295086,605,Tri1799161,0,113089,173017,0,0
4636,1286,1295087,605,Tri1585251,0,113089,173017,0,0
4636,1286,1295773,605,Tri1585222,1,113105,173018,0,0
4636,1286,1295774,605,Tri1585247,1,113089,173018,0,0
4636,1293,1295775,605,Tri1799160,1,135836,173018,0,0
4636,1295,1295776,605,Tri1799160,1,135838,173018,0,0
4636,1286,1295777,605,Tri1799160,1,113089,173018,0,0
4636,1286,1295778,605,Tri1585248,1,113089,173018,0,0
4636,1288,1298047,605,Tri1585260,0,130456,173017,0,0
4636,1289,1298048,605,Tri1585260,0,130452,173017,0,0
4636,1290,1298049,605,Tri1585260,0,130453,173017,0,0
4636,1291,1298050,605,Tri1585260,0,130454,173017,0,0
4636,1292,1298051,605,Tri1585260,0,130455,173017,0,0
4636,1288,1298052,605,Tri1585259,0,130451,173017,0,0
4636,1289,1298053,605,Tri1585259,0,130275,173017,0,0
4636,1290,1298054,605,Tri1585259,0,130448,173017,0,0
4636,1291,1298055,605,Tri1585259,0,130449,173017,0,0
4636,1292,1298056,605,Tri1585259,0,130450,173017,0,0
4636,1288,1298057,605,Tri1585258,0,130457,173017,0,0
4636,1289,1298058,605,Tri1585258,0,131003,173017,0,0
4636,1290,1298059,605,Tri1585258,0,131005,173017,0,0
4636,1291,1298060,605,Tri1585258,0,131006,173017,0,0
4636,1292,1298061,605,Tri1585258,0,131004,173017,0,0
4636,1288,1298064,605,Tri1799156,0,130457,173017,0,0
4636,1289,1298065,605,Tri1799156,0,131003,173017,0,0
4636,1290,1298066,605,Tri1799156,0,131005,173017,0,0
4636,1291,1298067,605,Tri1799156,0,131006,173017,0,0
4636,1292,1298068,605,Tri1799156,0,131004,173017,0,0
4636,1288,1303149,605,Tri1585261,1,130456,173018,0,0
4636,1289,1303150,605,Tri1585261,1,130452,173018,0,0
4636,1290,1303151,605,Tri1585261,1,130453,173018,0,0
4636,1291,1303152,605,Tri1585261,1,130454,173018,0,0
4636,1292,1303153,605,Tri1585261,1,130455,173018,0,0
4636,1288,1303154,605,Tri1585262,1,130451,173018,0,0
4636,1289,1303155,605,Tri1585262,1,130275,173018,0,0
4636,1290,1303156,605,Tri1585262,1,130448,173018,0,0
4636,1291,1303157,605,Tri1585262,1,130449,173018,0,0
4636,1292,1303158,605,Tri1585262,1,130450,173018,0,0
4636,1288,1303159,605,Tri1585263,1,130457,173018,0,0
4636,1289,1303160,605,Tri1585263,1,131003,173018,0,0
4636,1290,1303161,605,Tri1585263,1,131005,173018,0,0
4636,1291,1303162,605,Tri1585263,1,131006,173018,0,0
4636,1292,1303163,605,Tri1585263,1,131004,173018,0,0
4636,1288,1303166,605,Tri1799155,1,130457,173018,0,0
4636,1289,1303167,605,Tri1799155,1,131003,173018,0,0
4636,1290,1303168,605,Tri1799155,1,131005,173018,0,0
4636,1291,1303169,605,Tri1799155,1,131006,173018,0,0
4636,1292,1303170,605,Tri1799155,1,131004,173018,0,0
4636,1287,1304124,605,Tri1585255,0,113090,173017,0,0
4636,1287,1304125,605,Tri1585256,0,113091,173017,0,0
4636,1287,1304127,605,Tri1799158,0,113091,173017,0,0
4636,1287,1304128,605,Tri1585257,0,130024,173017,0,0
4636,1287,1304938,605,Tri1585252,1,113090,173018,0,0
4636,1287,1304939,605,Tri1585253,1,113091,173018,0,0
4636,1287,1304941,605,Tri1799159,1,113091,173018,0,0
4636,1287,1304942,605,Tri1585254,1,130024,173018,0,0
4636,1293,1305785,605,Tri1890633,1,135835,173018,0,0
4636,1293,1305787,605,Tri1890634,1,135836,173018,0,0
4636,1295,1305788,605,Tri1890634,1,135838,173018,0,0
4636,1293,1305791,605,Tri1890636,1,135836,173018,0,0
4636,1295,1305792,605,Tri1890636,1,135838,173018,0,0
4636,1293,1305793,605,Tri1890637,0,135835,173017,0,0
4636,1293,1305795,605,Tri1890638,0,135836,173017,0,0
4636,1293,1305799,605,Tri1890640,0,135836,173017,0,0
4636,1295,1305800,605,Tri1890640,0,135838,173017,0,0
4636,1294,1306079,605,Tri1647150,0,84434,173017,0,0
4636,1294,1306080,605,Tri1647151,0,84434,173017,0,0
4636,1294,1306081,605,Tri1647152,0,84434,173017,0,0
4636,1294,1306115,605,Tri1647147,1,84434,173018,0,0
4636,1294,1306116,605,Tri1647148,1,84434,173018,0,0
4636,1294,1306117,605,Tri1647149,1,84434,173018,0,0
4636,1295,1306634,605,Tri1890625,1,135837,173018,0,0
4636,1295,1306638,605,Tri1890629,0,135837,173017,0,0
4636,1295,1306639,605,Tri1890630,0,135838,173017,0,0
5522,1288,1300099,418X,Tri1711322,0,96366,173020,0,0
5522,1289,1300100,418X,Tri1711322,0,96354,173020,0,0
5522,1290,1300101,418X,Tri1711322,0,96357,173020,0,0
5522,1291,1300102,418X,Tri1711322,0,96360,173020,0,0
5522,1292,1300103,418X,Tri1711322,0,96363,173020,0,0
5522,1288,1300106,418X,Tri1711323,0,96368,173020,0,0
5522,1289,1300107,418X,Tri1711323,0,96356,173020,0,0
5522,1290,1300108,418X,Tri1711323,0,96359,173020,0,0
5522,1291,1300109,418X,Tri1711323,0,96362,173020,0,0
5522,1292,1300110,418X,Tri1711323,0,96365,173020,0,0
5522,1288,1300113,418X,Tri1711324,0,96367,173020,0,0
5522,1289,1300114,418X,Tri1711324,0,96355,173020,0,0
5522,1290,1300115,418X,Tri1711324,0,96358,173020,0,0
5522,1291,1300116,418X,Tri1711324,0,96361,173020,0,0
5522,1292,1300117,418X,Tri1711324,0,96364,173020,0,0
5522,1288,1300120,418X,Tri1711325,0,96366,173020,0,0
5522,1289,1300121,418X,Tri1711325,0,96354,173020,0,0
5522,1290,1300122,418X,Tri1711325,0,96357,173020,0,0
5522,1291,1300123,418X,Tri1711325,0,96360,173020,0,0
5522,1292,1300124,418X,Tri1711325,0,96363,173020,0,0
5522,1288,1300127,418X,Tri1711326,0,96368,173020,0,0
5522,1289,1300128,418X,Tri1711326,0,96356,173020,0,0
5522,1290,1300129,418X,Tri1711326,0,96359,173020,0,0
5522,1291,1300130,418X,Tri1711326,0,96362,173020,0,0
5522,1292,1300131,418X,Tri1711326,0,96365,173020,0,0
5522,1288,1300134,418X,Tri1711327,0,96367,173020,0,0
5522,1289,1300135,418X,Tri1711327,0,96355,173020,0,0
5522,1290,1300136,418X,Tri1711327,0,96358,173020,0,0
5522,1291,1300137,418X,Tri1711327,0,96361,173020,0,0
5522,1292,1300138,418X,Tri1711327,0,96364,173020,0,0
5522,1288,1300141,418X,Tri1711328,0,96366,173020,0,0
5522,1289,1300142,418X,Tri1711328,0,96354,173020,0,0
5522,1290,1300143,418X,Tri1711328,0,96357,173020,0,0
5522,1291,1300144,418X,Tri1711328,0,96360,173020,0,0
5522,1292,1300145,418X,Tri1711328,0,96363,173020,0,0
5522,1288,1300148,418X,Tri1711329,0,96368,173020,0,0
5522,1289,1300149,418X,Tri1711329,0,96356,173020,0,0
5522,1290,1300150,418X,Tri1711329,0,96359,173020,0,0
5522,1291,1300151,418X,Tri1711329,0,96362,173020,0,0
5522,1292,1300152,418X,Tri1711329,0,96365,173020,0,0
5522,1288,1300155,418X,Tri1711330,0,96367,173020,0,0
5522,1289,1300156,418X,Tri1711330,0,96355,173020,0,0
5522,1290,1300157,418X,Tri1711330,0,96358,173020,0,0
5522,1291,1300158,418X,Tri1711330,0,96361,173020,0,0
5522,1292,1300159,418X,Tri1711330,0,96364,173020,0,0
5522,1288,1300162,418X,Tri1711331,0,96366,173020,0,0
5522,1289,1300163,418X,Tri1711331,0,96354,173020,0,0
5522,1290,1300164,418X,Tri1711331,0,96357,173020,0,0
5522,1291,1300165,418X,Tri1711331,0,96360,173020,0,0
5522,1292,1300166,418X,Tri1711331,0,96363,173020,0,0
5522,1288,1300169,418X,Tri1711332,0,96368,173020,0,0
5522,1289,1300170,418X,Tri1711332,0,96356,173020,0,0
5522,1290,1300171,418X,Tri1711332,0,96359,173020,0,0
5522,1291,1300172,418X,Tri1711332,0,96362,173020,0,0
5522,1292,1300173,418X,Tri1711332,0,96365,173020,0,0
5522,1288,1300176,418X,Tri1711333,0,96367,173020,0,0
5522,1289,1300177,418X,Tri1711333,0,96355,173020,0,0
5522,1290,1300178,418X,Tri1711333,0,96358,173020,0,0
5522,1291,1300179,418X,Tri1711333,0,96361,173020,0,0
5522,1292,1300180,418X,Tri1711333,0,96364,173020,0,0
5522,1288,1300183,418X,Tri1711334,0,96366,173020,0,0
5522,1289,1300184,418X,Tri1711334,0,96354,173020,0,0
5522,1290,1300185,418X,Tri1711334,0,96357,173020,0,0
5522,1291,1300186,418X,Tri1711334,0,96360,173020,0,0
5522,1292,1300187,418X,Tri1711334,0,96363,173020,0,0
5522,1288,1300190,418X,Tri1711335,0,96368,173020,0,0
5522,1289,1300191,418X,Tri1711335,0,96356,173020,0,0
5522,1290,1300192,418X,Tri1711335,0,96359,173020,0,0
5522,1291,1300193,418X,Tri1711335,0,96362,173020,0,0
5522,1292,1300194,418X,Tri1711335,0,96365,173020,0,0
5522,1288,1300197,418X,Tri1711336,0,96367,173020,0,0
5522,1289,1300198,418X,Tri1711336,0,96355,173020,0,0
5522,1290,1300199,418X,Tri1711336,0,96358,173020,0,0
5522,1291,1300200,418X,Tri1711336,0,96361,173020,0,0
5522,1292,1300201,418X,Tri1711336,0,96364,173020,0,0
5522,1288,1300204,418X,Tri1711337,0,96366,173020,0,0
5522,1289,1300205,418X,Tri1711337,0,96354,173020,0,0
5522,1290,1300206,418X,Tri1711337,0,96357,173020,0,0
5522,1291,1300207,418X,Tri1711337,0,96360,173020,0,0
5522,1292,1300208,418X,Tri1711337,0,96363,173020,0,0
5522,1288,1300211,418X,Tri1711338,0,96368,173020,0,0
5522,1289,1300212,418X,Tri1711338,0,96356,173020,0,0
5522,1290,1300213,418X,Tri1711338,0,96359,173020,0,0
5522,1291,1300214,418X,Tri1711338,0,96362,173020,0,0
5522,1292,1300215,418X,Tri1711338,0,96365,173020,0,0
5522,1288,1300218,418X,Tri1711339,0,96367,173020,0,0
5522,1289,1300219,418X,Tri1711339,0,96355,173020,0,0
5522,1290,1300220,418X,Tri1711339,0,96358,173020,0,0
5522,1291,1300221,418X,Tri1711339,0,96361,173020,0,0
5522,1292,1300222,418X,Tri1711339,0,96364,173020,0,0
5522,1288,1300225,418X,Tri1711340,0,96366,173020,0,0
5522,1289,1300226,418X,Tri1711340,0,96354,173020,0,0
5522,1290,1300227,418X,Tri1711340,0,96357,173020,0,0
5522,1291,1300228,418X,Tri1711340,0,96360,173020,0,0
5522,1292,1300229,418X,Tri1711340,0,96363,173020,0,0
5522,1288,1300232,418X,Tri1711341,0,96368,173020,0,0
5522,1289,1300233,418X,Tri1711341,0,96356,173020,0,0
5522,1290,1300234,418X,Tri1711341,0,96359,173020,0,0
5522,1291,1300235,418X,Tri1711341,0,96362,173020,0,0
5522,1292,1300236,418X,Tri1711341,0,96365,173020,0,0
5522,1288,1300239,418X,Tri1711342,0,96367,173020,0,0
5522,1289,1300240,418X,Tri1711342,0,96355,173020,0,0
5522,1290,1300241,418X,Tri1711342,0,96358,173020,0,0
5522,1291,1300242,418X,Tri1711342,0,96361,173020,0,0
5522,1292,1300243,418X,Tri1711342,0,96364,173020,0,0
5522,1288,1300246,418X,Tri1711343,0,96366,173020,0,0
5522,1289,1300247,418X,Tri1711343,0,96354,173020,0,0
5522,1290,1300248,418X,Tri1711343,0,96357,173020,0,0
5522,1291,1300249,418X,Tri1711343,0,96360,173020,0,0
5522,1292,1300250,418X,Tri1711343,0,96363,173020,0,0
5522,1288,1300253,418X,Tri1711344,0,96368,173020,0,0
5522,1289,1300254,418X,Tri1711344,0,96356,173020,0,0
5522,1290,1300255,418X,Tri1711344,0,96359,173020,0,0
5522,1291,1300256,418X,Tri1711344,0,96362,173020,0,0
5522,1292,1300257,418X,Tri1711344,0,96365,173020,0,0
5522,1288,1302550,418X,Tri1711345,1,96367,173019,0,0
5522,1289,1302551,418X,Tri1711345,1,96355,173019,0,0
5522,1290,1302552,418X,Tri1711345,1,96358,173019,0,0
5522,1291,1302553,418X,Tri1711345,1,96361,173019,0,0
5522,1292,1302554,418X,Tri1711345,1,96364,173019,0,0
5522,1288,1302557,418X,Tri1711346,1,96366,173019,0,0
5522,1289,1302558,418X,Tri1711346,1,96354,173019,0,0
5522,1290,1302559,418X,Tri1711346,1,96357,173019,0,0
5522,1291,1302560,418X,Tri1711346,1,96360,173019,0,0
5522,1292,1302561,418X,Tri1711346,1,96363,173019,0,0
5522,1288,1302564,418X,Tri1711347,1,96368,173019,0,0
5522,1289,1302565,418X,Tri1711347,1,96356,173019,0,0
5522,1290,1302566,418X,Tri1711347,1,96359,173019,0,0
5522,1291,1302567,418X,Tri1711347,1,96362,173019,0,0
5522,1292,1302568,418X,Tri1711347,1,96365,173019,0,0
5522,1288,1302571,418X,Tri1711348,1,96367,173019,0,0
5522,1289,1302572,418X,Tri1711348,1,96355,173019,0,0
5522,1290,1302573,418X,Tri1711348,1,96358,173019,0,0
5522,1291,1302574,418X,Tri1711348,1,96361,173019,0,0
5522,1292,1302575,418X,Tri1711348,1,96364,173019,0,0
5522,1288,1302578,418X,Tri1711349,1,96366,173019,0,0
5522,1289,1302579,418X,Tri1711349,1,96354,173019,0,0
5522,1290,1302580,418X,Tri1711349,1,96357,173019,0,0
5522,1291,1302581,418X,Tri1711349,1,96360,173019,0,0
5522,1292,1302582,418X,Tri1711349,1,96363,173019,0,0
5522,1288,1302585,418X,Tri1711350,1,96368,173019,0,0
5522,1289,1302586,418X,Tri1711350,1,96356,173019,0,0
5522,1290,1302587,418X,Tri1711350,1,96359,173019,0,0
5522,1291,1302588,418X,Tri1711350,1,96362,173019,0,0
5522,1292,1302589,418X,Tri1711350,1,96365,173019,0,0
5522,1288,1302592,418X,Tri1711351,1,96367,173019,0,0
5522,1289,1302593,418X,Tri1711351,1,96355,173019,0,0
5522,1290,1302594,418X,Tri1711351,1,96358,173019,0,0
5522,1291,1302595,418X,Tri1711351,1,96361,173019,0,0
5522,1292,1302596,418X,Tri1711351,1,96364,173019,0,0
5522,1288,1302599,418X,Tri1711352,1,96366,173019,0,0
5522,1289,1302600,418X,Tri1711352,1,96354,173019,0,0
5522,1290,1302601,418X,Tri1711352,1,96357,173019,0,0
5522,1291,1302602,418X,Tri1711352,1,96360,173019,0,0
5522,1292,1302603,418X,Tri1711352,1,96363,173019,0,0
5522,1288,1302606,418X,Tri1711353,1,96368,173019,0,0
5522,1289,1302607,418X,Tri1711353,1,96356,173019,0,0
5522,1290,1302608,418X,Tri1711353,1,96359,173019,0,0
5522,1291,1302609,418X,Tri1711353,1,96362,173019,0,0
5522,1292,1302610,418X,Tri1711353,1,96365,173019,0,0
5522,1288,1302613,418X,Tri1711354,1,96367,173019,0,0
5522,1289,1302614,418X,Tri1711354,1,96355,173019,0,0
5522,1290,1302615,418X,Tri1711354,1,96358,173019,0,0
5522,1291,1302616,418X,Tri1711354,1,96361,173019,0,0
5522,1292,1302617,418X,Tri1711354,1,96364,173019,0,0
5522,1288,1302620,418X,Tri1711355,1,96366,173019,0,0
5522,1289,1302621,418X,Tri1711355,1,96354,173019,0,0
5522,1290,1302622,418X,Tri1711355,1,96357,173019,0,0
5522,1291,1302623,418X,Tri1711355,1,96360,173019,0,0
5522,1292,1302624,418X,Tri1711355,1,96363,173019,0,0
5522,1288,1302627,418X,Tri1711356,1,96368,173019,0,0
5522,1289,1302628,418X,Tri1711356,1,96356,173019,0,0
5522,1290,1302629,418X,Tri1711356,1,96359,173019,0,0
5522,1291,1302630,418X,Tri1711356,1,96362,173019,0,0
5522,1292,1302631,418X,Tri1711356,1,96365,173019,0,0
5522,1288,1302634,418X,Tri1711357,1,96367,173019,0,0
5522,1289,1302635,418X,Tri1711357,1,96355,173019,0,0
5522,1290,1302636,418X,Tri1711357,1,96358,173019,0,0
5522,1291,1302637,418X,Tri1711357,1,96361,173019,0,0
5522,1292,1302638,418X,Tri1711357,1,96364,173019,0,0
5522,1288,1302641,418X,Tri1711358,1,96366,173019,0,0
5522,1289,1302642,418X,Tri1711358,1,96354,173019,0,0
5522,1290,1302643,418X,Tri1711358,1,96357,173019,0,0
5522,1291,1302644,418X,Tri1711358,1,96360,173019,0,0
5522,1292,1302645,418X,Tri1711358,1,96363,173019,0,0
5522,1288,1302648,418X,Tri1711359,1,96368,173019,0,0
5522,1289,1302649,418X,Tri1711359,1,96356,173019,0,0
5522,1290,1302650,418X,Tri1711359,1,96359,173019,0,0
5522,1291,1302651,418X,Tri1711359,1,96362,173019,0,0
5522,1292,1302652,418X,Tri1711359,1,96365,173019,0,0
5522,1288,1302655,418X,Tri1711360,1,96367,173019,0,0
5522,1289,1302656,418X,Tri1711360,1,96355,173019,0,0
5522,1290,1302657,418X,Tri1711360,1,96358,173019,0,0
5522,1291,1302658,418X,Tri1711360,1,96361,173019,0,0
5522,1292,1302659,418X,Tri1711360,1,96364,173019,0,0
5522,1288,1302662,418X,Tri1711361,1,96366,173019,0,0
5522,1289,1302663,418X,Tri1711361,1,96354,173019,0,0
5522,1290,1302664,418X,Tri1711361,1,96357,173019,0,0
5522,1291,1302665,418X,Tri1711361,1,96360,173019,0,0
5522,1292,1302666,418X,Tri1711361,1,96363,173019,0,0
5522,1288,1302669,418X,Tri1711362,1,96368,173019,0,0
5522,1289,1302670,418X,Tri1711362,1,96356,173019,0,0
5522,1290,1302671,418X,Tri1711362,1,96359,173019,0,0
5522,1291,1302672,418X,Tri1711362,1,96362,173019,0,0
5522,1292,1302673,418X,Tri1711362,1,96365,173019,0,0
5522,1288,1302676,418X,Tri1711363,1,96367,173019,0,0
5522,1289,1302677,418X,Tri1711363,1,96355,173019,0,0
5522,1290,1302678,418X,Tri1711363,1,96358,173019,0,0
5522,1291,1302679,418X,Tri1711363,1,96361,173019,0,0
5522,1292,1302680,418X,Tri1711363,1,96364,173019,0,0
5522,1288,1302683,418X,Tri1711364,1,96366,173019,0,0
5522,1289,1302684,418X,Tri1711364,1,96354,173019,0,0
5522,1290,1302685,418X,Tri1711364,1,96357,173019,0,0
5522,1291,1302686,418X,Tri1711364,1,96360,173019,0,0
5522,1292,1302687,418X,Tri1711364,1,96363,173019,0,0
5522,1288,1302690,418X,Tri1711365,1,96368,173019,0,0
5522,1289,1302691,418X,Tri1711365,1,96356,173019,0,0
5522,1290,1302692,418X,Tri1711365,1,96359,173019,0,0
5522,1291,1302693,418X,Tri1711365,1,96362,173019,0,0
5522,1292,1302694,418X,Tri1711365,1,96365,173019,0,0
5522,1288,1302697,418X,Tri1711366,1,96367,173019,0,0
5522,1289,1302698,418X,Tri1711366,1,96355,173019,0,0
5522,1290,1302699,418X,Tri1711366,1,96358,173019,0,0
5522,1291,1302700,418X,Tri1711366,1,96361,173019,0,0
5522,1292,1302701,418X,Tri1711366,1,96364,173019,0,0
5522,1288,1302704,418X,Tri1711367,1,96366,173019,0,0
5522,1289,1302705,418X,Tri1711367,1,96354,173019,0,0
5522,1290,1302706,418X,Tri1711367,1,96357,173019,0,0
5522,1291,1302707,418X,Tri1711367,1,96360,173019,0,0
5522,1292,1302708,418X,Tri1711367,1,96363,173019,0,0
6477,1293,1294932,305 South,Tri1773104,1,117139,173022,0,0
6477,1295,1294933,305 South,Tri1773104,1,117137,173022,0,0
6477,1293,1294935,305 South,Tri1773105,1,117140,173022,0,0
6477,1295,1294936,305 South,Tri1773105,1,117138,173022,0,0
6477,1293,1294938,305 South,Tri1773106,1,117139,173022,0,0
6477,1295,1294939,305 South,Tri1773106,1,117137,173022,0,0
6477,1293,1294941,305 South,Tri1773107,1,117140,173022,0,0
6477,1295,1294942,305 South,Tri1773107,1,117138,173022,0,0
6477,1293,1294944,305 South,Tri1773108,1,117139,173022,0,0
6477,1295,1294945,305 South,Tri1773108,1,117137,173022,0,0
6477,1293,1294947,305 South,Tri1773109,1,117139,173022,0,0
6477,1295,1294948,305 South,Tri1773109,1,117137,173022,0,0
6477,1286,1294940,305 South,Tri1773106,1,113263,173022,0,0
6477,1286,1294943,305 South,Tri1773107,1,113264,173022,0,0
6477,1286,1294946,305 South,Tri1773108,1,113263,173022,0,0
6477,1286,1294949,305 South,Tri1773109,1,113263,173022,0,0
6477,1286,1294934,305 South,Tri1773104,1,113263,173022,0,0
6477,1286,1294937,305 South,Tri1773105,1,113264,173022,0,0
6477,1293,1294893,305 South,Tri1773091,1,117139,173022,0,0
6477,1295,1294894,305 South,Tri1773091,1,117137,173022,0,0
6477,1286,1294895,305 South,Tri1773091,1,113263,173022,0,0
6477,1293,1294896,305 South,Tri1773092,1,117139,173022,0,0
6477,1295,1294897,305 South,Tri1773092,1,117137,173022,0,0
6477,1286,1294898,305 South,Tri1773092,1,113263,173022,0,0
6477,1293,1294899,305 South,Tri1773093,1,117140,173022,0,0
6477,1295,1294900,305 South,Tri1773093,1,117138,173022,0,0
6477,1286,1294901,305 South,Tri1773093,1,113264,173022,0,0
6477,1293,1294902,305 South,Tri1773094,1,117139,173022,0,0
6477,1295,1294903,305 South,Tri1773094,1,117137,173022,0,0
6477,1286,1294904,305 South,Tri1773094,1,113263,173022,0,0
6477,1293,1294905,305 South,Tri1773095,1,117140,173022,0,0
6477,1295,1294906,305 South,Tri1773095,1,117138,173022,0,0
6477,1286,1294907,305 South,Tri1773095,1,113264,173022,0,0
6477,1293,1294908,305 South,Tri1773096,1,117139,173022,0,0
6477,1295,1294909,305 South,Tri1773096,1,117137,173022,0,0
6477,1286,1294910,305 South,Tri1773096,1,113263,173022,0,0
6477,1293,1294911,305 South,Tri1773097,1,117140,173022,0,0
6477,1295,1294912,305 South,Tri1773097,1,117138,173022,0,0
6477,1286,1294913,305 South,Tri1773097,1,113264,173022,0,0
6477,1293,1294914,305 South,Tri1773098,1,117139,173022,0,0
6477,1295,1294915,305 South,Tri1773098,1,117137,173022,0,0
6477,1286,1294916,305 South,Tri1773098,1,113263,173022,0,0
6477,1293,1294917,305 South,Tri1773099,1,117140,173022,0,0
6477,1295,1294918,305 South,Tri1773099,1,117138,173022,0,0
6477,1286,1294919,305 South,Tri1773099,1,113264,173022,0,0
6477,1293,1294920,305 South,Tri1773100,1,117139,173022,0,0
6477,1295,1294921,305 South,Tri1773100,1,117137,173022,0,0
6477,1286,1294922,305 South,Tri1773100,1,113263,173022,0,0
6477,1293,1294923,305 South,Tri1773101,1,117140,173022,0,0
6477,1295,1294924,305 South,Tri1773101,1,117138,173022,0,0
6477,1286,1294925,305 South,Tri1773101,1,113264,173022,0,0
6477,1293,1294926,305 South,Tri1773102,1,117139,173022,0,0
6477,1295,1294927,305 South,Tri1773102,1,117137,173022,0,0
6477,1286,1294928,305 South,Tri1773102,1,113263,173022,0,0
6477,1293,1294929,305 South,Tri1773103,1,117140,173022,0,0
6477,1295,1294930,305 South,Tri1773103,1,117138,173022,0,0
6477,1286,1294931,305 South,Tri1773103,1,113264,173022,0,0
6477,1293,1295296,305 North,Tri1773112,0,117139,173021,0,0
6477,1295,1295297,305 North,Tri1773112,0,117137,173021,0,0
6477,1286,1295298,305 North,Tri1773112,0,113263,173021,0,0
6477,1293,1295299,305 North,Tri1773113,0,117140,173021,0,0
6477,1295,1295300,305 North,Tri1773113,0,117138,173021,0,0
6477,1286,1295301,305 North,Tri1773113,0,113264,173021,0,0
6477,1293,1295302,305 North,Tri1773114,0,117139,173021,0,0
6477,1295,1295303,305 North,Tri1773114,0,117137,173021,0,0
6477,1286,1295304,305 North,Tri1773114,0,113263,173021,0,0
6477,1293,1295305,305 North,Tri1773115,0,117140,173021,0,0
6477,1295,1295306,305 North,Tri1773115,0,117138,173021,0,0
6477,1286,1295307,305 North,Tri1773115,0,113264,173021,0,0
6477,1293,1295308,305 North,Tri1773116,0,117139,173021,0,0
6477,1295,1295309,305 North,Tri1773116,0,117137,173021,0,0
6477,1286,1295310,305 North,Tri1773116,0,113263,173021,0,0
6477,1293,1295311,305 North,Tri1773117,0,117140,173021,0,0
6477,1295,1295312,305 North,Tri1773117,0,117138,173021,0,0
6477,1286,1295313,305 North,Tri1773117,0,113264,173021,0,0
6477,1293,1295314,305 North,Tri1773118,0,117139,173021,0,0
6477,1295,1295315,305 North,Tri1773118,0,117137,173021,0,0
6477,1286,1295316,305 North,Tri1773118,0,113263,173021,0,0
6477,1293,1295290,305 North,Tri1773110,0,117139,173021,0,0
6477,1295,1295291,305 North,Tri1773110,0,117137,173021,0,0
6477,1286,1295292,305 North,Tri1773110,0,113263,173021,0,0
6477,1293,1295293,305 North,Tri1773111,0,117140,173021,0,0
6477,1295,1295294,305 North,Tri1773111,0,117138,173021,0,0
6477,1286,1295295,305 North,Tri1773111,0,113264,173021,0,0
6477,1293,1295317,305 North,Tri1773119,0,117140,173021,0,0
6477,1295,1295318,305 North,Tri1773119,0,117138,173021,0,0
6477,1286,1295319,305 North,Tri1773119,0,113264,173021,0,0
6477,1293,1295320,305 North,Tri1773120,0,117139,173021,0,0
6477,1295,1295321,305 North,Tri1773120,0,117137,173021,0,0
6477,1286,1295322,305 North,Tri1773120,0,113263,173021,0,0
6477,1293,1295323,305 North,Tri1773121,0,117140,173021,0,0
6477,1295,1295324,305 North,Tri1773121,0,117138,173021,0,0
6477,1286,1295325,305 North,Tri1773121,0,113264,173021,0,0
6477,1293,1295326,305 North,Tri1773122,0,117139,173021,0,0
6477,1295,1295327,305 North,Tri1773122,0,117137,173021,0,0
6477,1286,1295328,305 North,Tri1773122,0,113263,173021,0,0
6477,1293,1295329,305 North,Tri1773123,0,117140,173021,0,0
6477,1295,1295330,305 North,Tri1773123,0,117138,173021,0,0
6477,1286,1295331,305 North,Tri1773123,0,113264,173021,0,0
6477,1293,1295332,305 North,Tri1773124,0,117139,173021,0,0
6477,1295,1295333,305 North,Tri1773124,0,117137,173021,0,0
6477,1286,1295334,305 North,Tri1773124,0,113263,173021,0,0
6477,1293,1295335,305 North,Tri1773125,0,117140,173021,0,0
6477,1295,1295336,305 North,Tri1773125,0,117138,173021,0,0
6477,1286,1295337,305 North,Tri1773125,0,113264,173021,0,0
6477,1293,1295338,305 North,Tri1773126,0,117139,173021,0,0
6477,1295,1295339,305 North,Tri1773126,0,117137,173021,0,0
6477,1286,1295340,305 North,Tri1773126,0,113263,173021,0,0
6477,1293,1295341,305 North,Tri1773127,0,117139,173021,0,0
6477,1295,1295342,305 North,Tri1773127,0,117137,173021,0,0
6477,1286,1295343,305 North,Tri1773127,0,113263,173021,0,0
6477,1293,1295344,305 North,Tri1773128,0,117139,173021,0,0
6477,1295,1295345,305 North,Tri1773128,0,117137,173021,0,0
6477,1286,1295346,305 North,Tri1773128,0,113263,173021,0,0
6477,1288,1296688,305 South,Tri1772932,1,113262,173022,0,0
6477,1289,1296689,305 South,Tri1772932,1,113258,173022,0,0
6477,1290,1296690,305 South,Tri1772932,1,113259,173022,0,0
6477,1291,1296691,305 South,Tri1772932,1,113260,173022,0,0
6477,1292,1296692,305 South,Tri1772932,1,113261,173022,0,0
6477,1288,1296695,305 South,Tri1772934,1,113262,173022,0,0
6477,1289,1296696,305 South,Tri1772934,1,113258,173022,0,0
6477,1290,1296697,305 South,Tri1772934,1,113259,173022,0,0
6477,1291,1296698,305 South,Tri1772934,1,113260,173022,0,0
6477,1292,1296699,305 South,Tri1772934,1,113261,173022,0,0
6477,1288,1296702,305 South,Tri1772935,1,113592,173022,0,0
6477,1289,1296703,305 South,Tri1772935,1,113257,173022,0,0
6477,1290,1296704,305 South,Tri1772935,1,113589,173022,0,0
6477,1291,1296705,305 South,Tri1772935,1,113590,173022,0,0
6477,1292,1296706,305 South,Tri1772935,1,113591,173022,0,0
6477,1288,1296709,305 South,Tri1772936,1,113262,173022,0,0
6477,1289,1296710,305 South,Tri1772936,1,113258,173022,0,0
6477,1290,1296711,305 South,Tri1772936,1,113259,173022,0,0
6477,1291,1296712,305 South,Tri1772936,1,113260,173022,0,0
6477,1292,1296713,305 South,Tri1772936,1,113261,173022,0,0
6477,1288,1296716,305 South,Tri1772937,1,113592,173022,0,0
6477,1289,1296717,305 South,Tri1772937,1,113257,173022,0,0
6477,1290,1296718,305 South,Tri1772937,1,113589,173022,0,0
6477,1291,1296719,305 South,Tri1772937,1,113590,173022,0,0
6477,1292,1296720,305 South,Tri1772937,1,113591,173022,0,0
6477,1288,1296723,305 South,Tri1772938,1,113262,173022,0,0
6477,1289,1296724,305 South,Tri1772938,1,113258,173022,0,0
6477,1290,1296725,305 South,Tri1772938,1,113259,173022,0,0
6477,1291,1296726,305 South,Tri1772938,1,113260,173022,0,0
6477,1292,1296727,305 South,Tri1772938,1,113261,173022,0,0
6477,1288,1296730,305 South,Tri1772939,1,113592,173022,0,0
6477,1289,1296731,305 South,Tri1772939,1,113257,173022,0,0
6477,1290,1296732,305 South,Tri1772939,1,113589,173022,0,0
6477,1291,1296733,305 South,Tri1772939,1,113590,173022,0,0
6477,1292,1296734,305 South,Tri1772939,1,113591,173022,0,0
6477,1288,1296737,305 South,Tri1772940,1,113262,173022,0,0
6477,1289,1296738,305 South,Tri1772940,1,113258,173022,0,0
6477,1290,1296739,305 South,Tri1772940,1,113259,173022,0,0
6477,1291,1296740,305 South,Tri1772940,1,113260,173022,0,0
6477,1292,1296741,305 South,Tri1772940,1,113261,173022,0,0
6477,1288,1296744,305 South,Tri1772941,1,113592,173022,0,0
6477,1289,1296745,305 South,Tri1772941,1,113257,173022,0,0
6477,1290,1296746,305 South,Tri1772941,1,113589,173022,0,0
6477,1291,1296747,305 South,Tri1772941,1,113590,173022,0,0
6477,1292,1296748,305 South,Tri1772941,1,113591,173022,0,0
6477,1288,1296751,305 South,Tri1772942,1,113262,173022,0,0
6477,1289,1296752,305 South,Tri1772942,1,113258,173022,0,0
6477,1290,1296753,305 South,Tri1772942,1,113259,173022,0,0
6477,1291,1296754,305 South,Tri1772942,1,113260,173022,0,0
6477,1292,1296755,305 South,Tri1772942,1,113261,173022,0,0
6477,1288,1296758,305 South,Tri1772943,1,113592,173022,0,0
6477,1289,1296759,305 South,Tri1772943,1,113257,173022,0,0
6477,1290,1296760,305 South,Tri1772943,1,113589,173022,0,0
6477,1291,1296761,305 South,Tri1772943,1,113590,173022,0,0
6477,1292,1296762,305 South,Tri1772943,1,113591,173022,0,0
6477,1288,1296765,305 South,Tri1772944,1,113262,173022,0,0
6477,1289,1296766,305 South,Tri1772944,1,113258,173022,0,0
6477,1290,1296767,305 South,Tri1772944,1,113259,173022,0,0
6477,1291,1296768,305 South,Tri1772944,1,113260,173022,0,0
6477,1292,1296769,305 South,Tri1772944,1,113261,173022,0,0
6477,1288,1296772,305 South,Tri1772945,1,113592,173022,0,0
6477,1289,1296773,305 South,Tri1772945,1,113257,173022,0,0
6477,1290,1296774,305 South,Tri1772945,1,113589,173022,0,0
6477,1291,1296775,305 South,Tri1772945,1,113590,173022,0,0
6477,1292,1296776,305 South,Tri1772945,1,113591,173022,0,0
6477,1288,1296779,305 South,Tri1772946,1,113262,173022,0,0
6477,1289,1296780,305 South,Tri1772946,1,113258,173022,0,0
6477,1290,1296781,305 South,Tri1772946,1,113259,173022,0,0
6477,1291,1296782,305 South,Tri1772946,1,113260,173022,0,0
6477,1292,1296783,305 South,Tri1772946,1,113261,173022,0,0
6477,1288,1296786,305 South,Tri1772947,1,113592,173022,0,0
6477,1289,1296787,305 South,Tri1772947,1,113257,173022,0,0
6477,1290,1296788,305 South,Tri1772947,1,113589,173022,0,0
6477,1291,1296789,305 South,Tri1772947,1,113590,173022,0,0
6477,1292,1296790,305 South,Tri1772947,1,113591,173022,0,0
6477,1288,1296793,305 South,Tri1772948,1,113262,173022,0,0
6477,1289,1296794,305 South,Tri1772948,1,113258,173022,0,0
6477,1290,1296795,305 South,Tri1772948,1,113259,173022,0,0
6477,1291,1296796,305 South,Tri1772948,1,113260,173022,0,0
6477,1292,1296797,305 South,Tri1772948,1,113261,173022,0,0
6477,1288,1296800,305 South,Tri1772949,1,113592,173022,0,0
6477,1289,1296801,305 South,Tri1772949,1,113257,173022,0,0
6477,1290,1296802,305 South,Tri1772949,1,113589,173022,0,0
6477,1291,1296803,305 South,Tri1772949,1,113590,173022,0,0
6477,1292,1296804,305 South,Tri1772949,1,113591,173022,0,0
6477,1288,1296807,305 South,Tri1772950,1,113262,173022,0,0
6477,1289,1296808,305 South,Tri1772950,1,113258,173022,0,0
6477,1290,1296809,305 South,Tri1772950,1,113259,173022,0,0
6477,1291,1296810,305 South,Tri1772950,1,113260,173022,0,0
6477,1292,1296811,305 South,Tri1772950,1,113261,173022,0,0
6477,1288,1296814,305 South,Tri1772951,1,113592,173022,0,0
6477,1289,1296815,305 South,Tri1772951,1,113257,173022,0,0
6477,1290,1296816,305 South,Tri1772951,1,113589,173022,0,0
6477,1291,1296817,305 South,Tri1772951,1,113590,173022,0,0
6477,1292,1296818,305 South,Tri1772951,1,113591,173022,0,0
6477,1288,1296821,305 South,Tri1772952,1,113262,173022,0,0
6477,1289,1296822,305 South,Tri1772952,1,113258,173022,0,0
6477,1290,1296823,305 South,Tri1772952,1,113259,173022,0,0
6477,1291,1296824,305 South,Tri1772952,1,113260,173022,0,0
6477,1292,1296825,305 South,Tri1772952,1,113261,173022,0,0
6477,1288,1296828,305 South,Tri1772953,1,113592,173022,0,0
6477,1289,1296829,305 South,Tri1772953,1,113257,173022,0,0
6477,1290,1296830,305 South,Tri1772953,1,113589,173022,0,0
6477,1291,1296831,305 South,Tri1772953,1,113590,173022,0,0
6477,1292,1296832,305 South,Tri1772953,1,113591,173022,0,0
6477,1288,1296835,305 South,Tri1772954,1,113262,173022,0,0
6477,1289,1296836,305 South,Tri1772954,1,113258,173022,0,0
6477,1290,1296837,305 South,Tri1772954,1,113259,173022,0,0
6477,1291,1296838,305 South,Tri1772954,1,113260,173022,0,0
6477,1292,1296839,305 South,Tri1772954,1,113261,173022,0,0
6477,1288,1296842,305 South,Tri1772955,1,113592,173022,0,0
6477,1289,1296843,305 South,Tri1772955,1,113257,173022,0,0
6477,1290,1296844,305 South,Tri1772955,1,113589,173022,0,0
6477,1291,1296845,305 South,Tri1772955,1,113590,173022,0,0
6477,1292,1296846,305 South,Tri1772955,1,113591,173022,0,0
6477,1288,1296849,305 South,Tri1772956,1,113262,173022,0,0
6477,1289,1296850,305 South,Tri1772956,1,113258,173022,0,0
6477,1290,1296851,305 South,Tri1772956,1,113259,173022,0,0
6477,1291,1296852,305 South,Tri1772956,1,113260,173022,0,0
6477,1292,1296853,305 South,Tri1772956,1,113261,173022,0,0
6477,1288,1296856,305 South,Tri1772957,1,113592,173022,0,0
6477,1289,1296857,305 South,Tri1772957,1,113257,173022,0,0
6477,1290,1296858,305 South,Tri1772957,1,113589,173022,0,0
6477,1291,1296859,305 South,Tri1772957,1,113590,173022,0,0
6477,1292,1296860,305 South,Tri1772957,1,113591,173022,0,0
6477,1288,1296863,305 South,Tri1772958,1,113262,173022,0,0
6477,1289,1296864,305 South,Tri1772958,1,113258,173022,0,0
6477,1290,1296865,305 South,Tri1772958,1,113259,173022,0,0
6477,1291,1296866,305 South,Tri1772958,1,113260,173022,0,0
6477,1292,1296867,305 South,Tri1772958,1,113261,173022,0,0
6477,1288,1296870,305 South,Tri1772959,1,113592,173022,0,0
6477,1289,1296871,305 South,Tri1772959,1,113257,173022,0,0
6477,1290,1296872,305 South,Tri1772959,1,113589,173022,0,0
6477,1291,1296873,305 South,Tri1772959,1,113590,173022,0,0
6477,1292,1296874,305 South,Tri1772959,1,113591,173022,0,0
6477,1288,1296877,305 South,Tri1772960,1,113262,173022,0,0
6477,1289,1296878,305 South,Tri1772960,1,113258,173022,0,0
6477,1290,1296879,305 South,Tri1772960,1,113259,173022,0,0
6477,1291,1296880,305 South,Tri1772960,1,113260,173022,0,0
6477,1292,1296881,305 South,Tri1772960,1,113261,173022,0,0
6477,1288,1296884,305 South,Tri1772961,1,113592,173022,0,0
6477,1289,1296885,305 South,Tri1772961,1,113257,173022,0,0
6477,1290,1296886,305 South,Tri1772961,1,113589,173022,0,0
6477,1291,1296887,305 South,Tri1772961,1,113590,173022,0,0
6477,1292,1296888,305 South,Tri1772961,1,113591,173022,0,0
6477,1288,1296891,305 South,Tri1772962,1,113262,173022,0,0
6477,1289,1296892,305 South,Tri1772962,1,113258,173022,0,0
6477,1290,1296893,305 South,Tri1772962,1,113259,173022,0,0
6477,1291,1296894,305 South,Tri1772962,1,113260,173022,0,0
6477,1292,1296895,305 South,Tri1772962,1,113261,173022,0,0
6477,1288,1296898,305 South,Tri1772964,1,113262,173022,0,0
6477,1289,1296899,305 South,Tri1772964,1,113258,173022,0,0
6477,1290,1296900,305 South,Tri1772964,1,113259,173022,0,0
6477,1291,1296901,305 South,Tri1772964,1,113260,173022,0,0
6477,1292,1296902,305 South,Tri1772964,1,113261,173022,0,0
6477,1288,1296905,305 South,Tri1772966,1,113262,173022,0,0
6477,1289,1296906,305 South,Tri1772966,1,113258,173022,0,0
6477,1290,1296907,305 South,Tri1772966,1,113259,173022,0,0
6477,1291,1296908,305 South,Tri1772966,1,113260,173022,0,0
6477,1292,1296909,305 South,Tri1772966,1,113261,173022,0,0
6477,1288,1299407,305 North,Tri1773129,0,113262,173021,0,0
6477,1289,1299408,305 North,Tri1773129,0,113258,173021,0,0
6477,1290,1299409,305 North,Tri1773129,0,113259,173021,0,0
6477,1291,1299410,305 North,Tri1773129,0,113260,173021,0,0
6477,1292,1299411,305 North,Tri1773129,0,113261,173021,0,0
6477,1288,1299414,305 North,Tri1773130,0,113592,173021,0,0
6477,1289,1299415,305 North,Tri1773130,0,113257,173021,0,0
6477,1290,1299416,305 North,Tri1773130,0,113589,173021,0,0
6477,1291,1299417,305 North,Tri1773130,0,113590,173021,0,0
6477,1292,1299418,305 North,Tri1773130,0,113591,173021,0,0
6477,1288,1299421,305 North,Tri1773131,0,113262,173021,0,0
6477,1289,1299422,305 North,Tri1773131,0,113258,173021,0,0
6477,1290,1299423,305 North,Tri1773131,0,113259,173021,0,0
6477,1291,1299424,305 North,Tri1773131,0,113260,173021,0,0
6477,1292,1299425,305 North,Tri1773131,0,113261,173021,0,0
6477,1288,1299428,305 North,Tri1773132,0,113592,173021,0,0
6477,1289,1299429,305 North,Tri1773132,0,113257,173021,0,0
6477,1290,1299430,305 North,Tri1773132,0,113589,173021,0,0
6477,1291,1299431,305 North,Tri1773132,0,113590,173021,0,0
6477,1292,1299432,305 North,Tri1773132,0,113591,173021,0,0
6477,1288,1299435,305 North,Tri1773133,0,113262,173021,0,0
6477,1289,1299436,305 North,Tri1773133,0,113258,173021,0,0
6477,1290,1299437,305 North,Tri1773133,0,113259,173021,0,0
6477,1291,1299438,305 North,Tri1773133,0,113260,173021,0,0
6477,1292,1299439,305 North,Tri1773133,0,113261,173021,0,0
6477,1288,1299442,305 North,Tri1773134,0,113592,173021,0,0
6477,1289,1299443,305 North,Tri1773134,0,113257,173021,0,0
6477,1290,1299444,305 North,Tri1773134,0,113589,173021,0,0
6477,1291,1299445,305 North,Tri1773134,0,113590,173021,0,0
6477,1292,1299446,305 North,Tri1773134,0,113591,173021,0,0
6477,1288,1299449,305 North,Tri1773135,0,113262,173021,0,0
6477,1289,1299450,305 North,Tri1773135,0,113258,173021,0,0
6477,1290,1299451,305 North,Tri1773135,0,113259,173021,0,0
6477,1291,1299452,305 North,Tri1773135,0,113260,173021,0,0
6477,1292,1299453,305 North,Tri1773135,0,113261,173021,0,0
6477,1288,1299456,305 North,Tri1773136,0,113592,173021,0,0
6477,1289,1299457,305 North,Tri1773136,0,113257,173021,0,0
6477,1290,1299458,305 North,Tri1773136,0,113589,173021,0,0
6477,1291,1299459,305 North,Tri1773136,0,113590,173021,0,0
6477,1292,1299460,305 North,Tri1773136,0,113591,173021,0,0
6477,1288,1299463,305 North,Tri1773137,0,113262,173021,0,0
6477,1289,1299464,305 North,Tri1773137,0,113258,173021,0,0
6477,1290,1299465,305 North,Tri1773137,0,113259,173021,0,0
6477,1291,1299466,305 North,Tri1773137,0,113260,173021,0,0
6477,1292,1299467,305 North,Tri1773137,0,113261,173021,0,0
6477,1288,1299470,305 North,Tri1773138,0,113592,173021,0,0
6477,1289,1299471,305 North,Tri1773138,0,113257,173021,0,0
6477,1290,1299472,305 North,Tri1773138,0,113589,173021,0,0
6477,1291,1299473,305 North,Tri1773138,0,113590,173021,0,0
6477,1292,1299474,305 North,Tri1773138,0,113591,173021,0,0
6477,1288,1299477,305 North,Tri1773139,0,113262,173021,0,0
6477,1289,1299478,305 North,Tri1773139,0,113258,173021,0,0
6477,1290,1299479,305 North,Tri1773139,0,113259,173021,0,0
6477,1291,1299480,305 North,Tri1773139,0,113260,173021,0,0
6477,1292,1299481,305 North,Tri1773139,0,113261,173021,0,0
6477,1288,1299484,305 North,Tri1773140,0,113592,173021,0,0
6477,1289,1299485,305 North,Tri1773140,0,113257,173021,0,0
6477,1290,1299486,305 North,Tri1773140,0,113589,173021,0,0
6477,1291,1299487,305 North,Tri1773140,0,113590,173021,0,0
6477,1292,1299488,305 North,Tri1773140,0,113591,173021,0,0
6477,1288,1299491,305 North,Tri1773141,0,113262,173021,0,0
6477,1289,1299492,305 North,Tri1773141,0,113258,173021,0,0
6477,1290,1299493,305 North,Tri1773141,0,113259,173021,0,0
6477,1291,1299494,305 North,Tri1773141,0,113260,173021,0,0
6477,1292,1299495,305 North,Tri1773141,0,113261,173021,0,0
6477,1288,1299498,305 North,Tri1773142,0,113592,173021,0,0
6477,1289,1299499,305 North,Tri1773142,0,113257,173021,0,0
6477,1290,1299500,305 North,Tri1773142,0,113589,173021,0,0
6477,1291,1299501,305 North,Tri1773142,0,113590,173021,0,0
6477,1292,1299502,305 North,Tri1773142,0,113591,173021,0,0
6477,1288,1299505,305 North,Tri1773143,0,113262,173021,0,0
6477,1289,1299506,305 North,Tri1773143,0,113258,173021,0,0
6477,1290,1299507,305 North,Tri1773143,0,113259,173021,0,0
6477,1291,1299508,305 North,Tri1773143,0,113260,173021,0,0
6477,1292,1299509,305 North,Tri1773143,0,113261,173021,0,0
6477,1288,1299512,305 North,Tri1773144,0,113592,173021,0,0
6477,1289,1299513,305 North,Tri1773144,0,113257,173021,0,0
6477,1290,1299514,305 North,Tri1773144,0,113589,173021,0,0
6477,1291,1299515,305 North,Tri1773144,0,113590,173021,0,0
6477,1292,1299516,305 North,Tri1773144,0,113591,173021,0,0
6477,1288,1299519,305 North,Tri1773145,0,113262,173021,0,0
6477,1289,1299520,305 North,Tri1773145,0,113258,173021,0,0
6477,1290,1299521,305 North,Tri1773145,0,113259,173021,0,0
6477,1291,1299522,305 North,Tri1773145,0,113260,173021,0,0
6477,1292,1299523,305 North,Tri1773145,0,113261,173021,0,0
6477,1288,1299526,305 North,Tri1773146,0,113592,173021,0,0
6477,1289,1299527,305 North,Tri1773146,0,113257,173021,0,0
6477,1290,1299528,305 North,Tri1773146,0,113589,173021,0,0
6477,1291,1299529,305 North,Tri1773146,0,113590,173021,0,0
6477,1292,1299530,305 North,Tri1773146,0,113591,173021,0,0
6477,1288,1299533,305 North,Tri1773147,0,113262,173021,0,0
6477,1289,1299534,305 North,Tri1773147,0,113258,173021,0,0
6477,1290,1299535,305 North,Tri1773147,0,113259,173021,0,0
6477,1291,1299536,305 North,Tri1773147,0,113260,173021,0,0
6477,1292,1299537,305 North,Tri1773147,0,113261,173021,0,0
6477,1288,1299540,305 North,Tri1773148,0,113592,173021,0,0
6477,1289,1299541,305 North,Tri1773148,0,113257,173021,0,0
6477,1290,1299542,305 North,Tri1773148,0,113589,173021,0,0
6477,1291,1299543,305 North,Tri1773148,0,113590,173021,0,0
6477,1292,1299544,305 North,Tri1773148,0,113591,173021,0,0
6477,1288,1299547,305 North,Tri1773149,0,113262,173021,0,0
6477,1289,1299548,305 North,Tri1773149,0,113258,173021,0,0
6477,1290,1299549,305 North,Tri1773149,0,113259,173021,0,0
6477,1291,1299550,305 North,Tri1773149,0,113260,173021,0,0
6477,1292,1299551,305 North,Tri1773149,0,113261,173021,0,0
6477,1288,1299554,305 North,Tri1773150,0,113592,173021,0,0
6477,1289,1299555,305 North,Tri1773150,0,113257,173021,0,0
6477,1290,1299556,305 North,Tri1773150,0,113589,173021,0,0
6477,1291,1299557,305 North,Tri1773150,0,113590,173021,0,0
6477,1292,1299558,305 North,Tri1773150,0,113591,173021,0,0
6477,1288,1299561,305 North,Tri1773151,0,113262,173021,0,0
6477,1289,1299562,305 North,Tri1773151,0,113258,173021,0,0
6477,1290,1299563,305 North,Tri1773151,0,113259,173021,0,0
6477,1291,1299564,305 North,Tri1773151,0,113260,173021,0,0
6477,1292,1299565,305 North,Tri1773151,0,113261,173021,0,0
6477,1288,1299568,305 North,Tri1773152,0,113592,173021,0,0
6477,1289,1299569,305 North,Tri1773152,0,113257,173021,0,0
6477,1290,1299570,305 North,Tri1773152,0,113589,173021,0,0
6477,1291,1299571,305 North,Tri1773152,0,113590,173021,0,0
6477,1292,1299572,305 North,Tri1773152,0,113591,173021,0,0
6477,1288,1299575,305 North,Tri1773153,0,113262,173021,0,0
6477,1289,1299576,305 North,Tri1773153,0,113258,173021,0,0
6477,1290,1299577,305 North,Tri1773153,0,113259,173021,0,0
6477,1291,1299578,305 North,Tri1773153,0,113260,173021,0,0
6477,1292,1299579,305 North,Tri1773153,0,113261,173021,0,0
6477,1288,1299582,305 North,Tri1773154,0,113592,173021,0,0
6477,1289,1299583,305 North,Tri1773154,0,113257,173021,0,0
6477,1290,1299584,305 North,Tri1773154,0,113589,173021,0,0
6477,1291,1299585,305 North,Tri1773154,0,113590,173021,0,0
6477,1292,1299586,305 North,Tri1773154,0,113591,173021,0,0
6477,1288,1299589,305 North,Tri1773155,0,113262,173021,0,0
6477,1289,1299590,305 North,Tri1773155,0,113258,173021,0,0
6477,1290,1299591,305 North,Tri1773155,0,113259,173021,0,0
6477,1291,1299592,305 North,Tri1773155,0,113260,173021,0,0
6477,1292,1299593,305 North,Tri1773155,0,113261,173021,0,0
6477,1288,1299596,305 North,Tri1773156,0,113592,173021,0,0
6477,1289,1299597,305 North,Tri1773156,0,113257,173021,0,0
6477,1290,1299598,305 North,Tri1773156,0,113589,173021,0,0
6477,1291,1299599,305 North,Tri1773156,0,113590,173021,0,0
6477,1292,1299600,305 North,Tri1773156,0,113591,173021,0,0
6477,1288,1299603,305 North,Tri1773157,0,113262,173021,0,0
6477,1289,1299604,305 North,Tri1773157,0,113258,173021,0,0
6477,1290,1299605,305 North,Tri1773157,0,113259,173021,0,0
6477,1291,1299606,305 North,Tri1773157,0,113260,173021,0,0
6477,1292,1299607,305 North,Tri1773157,0,113261,173021,0,0
6477,1288,1299610,305 North,Tri1773160,0,113262,173021,0,0
6477,1289,1299611,305 North,Tri1773160,0,113258,173021,0,0
6477,1290,1299612,305 North,Tri1773160,0,113259,173021,0,0
6477,1291,1299613,305 North,Tri1773160,0,113260,173021,0,0
6477,1292,1299614,305 North,Tri1773160,0,113261,173021,0,0
6477,1288,1299617,305 North,Tri1773161,0,113262,173021,0,0
6477,1289,1299618,305 North,Tri1773161,0,113258,173021,0,0
6477,1290,1299619,305 North,Tri1773161,0,113259,173021,0,0
6477,1291,1299620,305 North,Tri1773161,0,113260,173021,0,0
6477,1292,1299621,305 North,Tri1773161,0,113261,173021,0,0
6477,1288,1299624,305 North,Tri1773162,0,113262,173021,0,0
6477,1289,1299625,305 North,Tri1773162,0,113258,173021,0,0
6477,1290,1299626,305 North,Tri1773162,0,113259,173021,0,0
6477,1291,1299627,305 North,Tri1773162,0,113260,173021,0,0
6477,1292,1299628,305 North,Tri1773162,0,113261,173021,0,0
6477,1287,1303898,305 South,Tri1773051,1,113255,173022,0,0
6477,1287,1303900,305 South,Tri1773053,1,113255,173022,0,0
6477,1287,1303902,305 South,Tri1773054,1,113256,173022,0,0
6477,1287,1303904,305 South,Tri1773055,1,113255,173022,0,0
6477,1287,1303906,305 South,Tri1773056,1,113256,173022,0,0
6477,1287,1303908,305 South,Tri1773057,1,113255,173022,0,0
6477,1287,1303910,305 South,Tri1773058,1,113256,173022,0,0
6477,1287,1303912,305 South,Tri1773059,1,113255,173022,0,0
6477,1287,1303914,305 South,Tri1773060,1,113256,173022,0,0
6477,1287,1303916,305 South,Tri1773061,1,113255,173022,0,0
6477,1287,1303918,305 South,Tri1773062,1,113256,173022,0,0
6477,1287,1303920,305 South,Tri1773063,1,113255,173022,0,0
6477,1287,1303922,305 South,Tri1773064,1,113256,173022,0,0
6477,1287,1303924,305 South,Tri1773065,1,113255,173022,0,0
6477,1287,1303926,305 South,Tri1773066,1,113256,173022,0,0
6477,1287,1303928,305 South,Tri1773067,1,113255,173022,0,0
6477,1287,1303930,305 South,Tri1773068,1,113256,173022,0,0
6477,1287,1303932,305 South,Tri1773069,1,113255,173022,0,0
6477,1287,1303934,305 South,Tri1773070,1,113256,173022,0,0
6477,1287,1303936,305 South,Tri1773071,1,113255,173022,0,0
6477,1287,1303938,305 South,Tri1773072,1,113256,173022,0,0
6477,1287,1303940,305 South,Tri1773073,1,113255,173022,0,0
6477,1287,1303942,305 South,Tri1773074,1,113256,173022,0,0
6477,1287,1303944,305 South,Tri1773075,1,113255,173022,0,0
6477,1287,1303946,305 South,Tri1773077,1,113255,173022,0,0
6477,1287,1303948,305 South,Tri1773079,1,113255,173022,0,0
6477,1287,1304487,305 North,Tri1773022,0,113255,173021,0,0
6477,1287,1304489,305 North,Tri1773023,0,113256,173021,0,0
6477,1287,1304491,305 North,Tri1773024,0,113255,173021,0,0
6477,1287,1304493,305 North,Tri1773025,0,113256,173021,0,0
6477,1287,1304495,305 North,Tri1773026,0,113255,173021,0,0
6477,1287,1304497,305 North,Tri1773027,0,113256,173021,0,0
6477,1287,1304499,305 North,Tri1773028,0,113255,173021,0,0
6477,1287,1304501,305 North,Tri1773029,0,113256,173021,0,0
6477,1287,1304503,305 North,Tri1773030,0,113255,173021,0,0
6477,1287,1304505,305 North,Tri1773031,0,113256,173021,0,0
6477,1287,1304507,305 North,Tri1773032,0,113255,173021,0,0
6477,1287,1304509,305 North,Tri1773033,0,113256,173021,0,0
6477,1287,1304511,305 North,Tri1773034,0,113255,173021,0,0
6477,1287,1304513,305 North,Tri1773035,0,113256,173021,0,0
6477,1287,1304515,305 North,Tri1773036,0,113255,173021,0,0
6477,1287,1304517,305 North,Tri1773037,0,113256,173021,0,0
6477,1287,1304519,305 North,Tri1773038,0,113255,173021,0,0
6477,1287,1304521,305 North,Tri1773039,0,113256,173021,0,0
6477,1287,1304523,305 North,Tri1773040,0,113255,173021,0,0
6477,1287,1304525,305 North,Tri1773041,0,113256,173021,0,0
6477,1287,1304527,305 North,Tri1773042,0,113255,173021,0,0
6477,1287,1304529,305 North,Tri1773043,0,113256,173021,0,0
6477,1287,1304531,305 North,Tri1773044,0,113255,173021,0,0
6477,1287,1304533,305 North,Tri1773046,0,113255,173021,0,0
6477,1287,1304535,305 North,Tri1773048,0,113255,173021,0,0
6477,1287,1304537,305 North,Tri1773050,0,113255,173021,0,0
6477,1294,1306051,305 South,Tri1831761,1,117141,173022,0,0
6477,1294,1306052,305 South,Tri1831763,1,117141,173022,0,0
6477,1294,1306053,305 South,Tri1831765,1,117141,173022,0,0
6477,1294,1306054,305 South,Tri1831767,1,117141,173022,0,0
6477,1294,1306055,305 South,Tri1831769,1,117141,173022,0,0
6477,1294,1306056,305 South,Tri1831771,1,117141,173022,0,0
6477,1294,1306089,305 North,Tri1831781,0,117141,173021,0,0
6477,1294,1306090,305 North,Tri1831783,0,117141,173021,0,0
6477,1294,1306091,305 North,Tri1831785,0,117141,173021,0,0
6477,1294,1306092,305 North,Tri1831787,0,117141,173021,0,0
6477,1294,1306093,305 North,Tri1831789,0,117141,173021,0,0
6477,1294,1306094,305 North,Tri1831791,0,117141,173021,0,0
6477,1294,1306200,305 South,Tri1890947,1,117141,173022,0,0
6477,1294,1306201,305 North,Tri1890948,0,117141,173021,0,0
6477,1294,1306221,305 South,Tri1891026,1,117141,173022,0,0
6477,1294,1306222,305 North,Tri1891027,0,117141,173021,0,0
7225,1288,1299120,250 West,Tri1879472,0,130411,173024,0,0
7225,1289,1299121,250 West,Tri1879472,0,130016,173024,0,0
7225,1290,1299122,250 West,Tri1879472,0,130405,173024,0,0
7225,1291,1299123,250 West,Tri1879472,0,130407,173024,0,0
7225,1292,1299124,250 West,Tri1879472,0,130409,173024,0,0
7225,1288,1299127,250 West,Tri1879473,0,130410,173024,0,0
7225,1289,1299128,250 West,Tri1879473,0,130015,173024,0,0
7225,1290,1299129,250 West,Tri1879473,0,130404,173024,0,0
7225,1291,1299130,250 West,Tri1879473,0,130406,173024,0,0
7225,1292,1299131,250 West,Tri1879473,0,130408,173024,0,0
7225,1288,1299134,250 West,Tri1879474,0,130411,173024,0,0
7225,1289,1299135,250 West,Tri1879474,0,130016,173024,0,0
7225,1290,1299136,250 West,Tri1879474,0,130405,173024,0,0
7225,1291,1299137,250 West,Tri1879474,0,130407,173024,0,0
7225,1292,1299138,250 West,Tri1879474,0,130409,173024,0,0
7225,1288,1299141,250 West,Tri1879475,0,130410,173024,0,0
7225,1289,1299142,250 West,Tri1879475,0,130015,173024,0,0
7225,1290,1299143,250 West,Tri1879475,0,130404,173024,0,0
7225,1291,1299144,250 West,Tri1879475,0,130406,173024,0,0
7225,1292,1299145,250 West,Tri1879475,0,130408,173024,0,0
7225,1288,1299148,250 West,Tri1879476,0,130411,173024,0,0
7225,1289,1299149,250 West,Tri1879476,0,130016,173024,0,0
7225,1290,1299150,250 West,Tri1879476,0,130405,173024,0,0
7225,1291,1299151,250 West,Tri1879476,0,130407,173024,0,0
7225,1292,1299152,250 West,Tri1879476,0,130409,173024,0,0
7225,1288,1299155,250 West,Tri1879477,0,130410,173024,0,0
7225,1289,1299156,250 West,Tri1879477,0,130015,173024,0,0
7225,1290,1299157,250 West,Tri1879477,0,130404,173024,0,0
7225,1291,1299158,250 West,Tri1879477,0,130406,173024,0,0
7225,1292,1299159,250 West,Tri1879477,0,130408,173024,0,0
7225,1288,1299162,250 West,Tri1879478,0,130411,173024,0,0
7225,1289,1299163,250 West,Tri1879478,0,130016,173024,0,0
7225,1290,1299164,250 West,Tri1879478,0,130405,173024,0,0
7225,1291,1299165,250 West,Tri1879478,0,130407,173024,0,0
7225,1292,1299166,250 West,Tri1879478,0,130409,173024,0,0
7225,1288,1299169,250 West,Tri1879479,0,130410,173024,0,0
7225,1289,1299170,250 West,Tri1879479,0,130015,173024,0,0
7225,1290,1299171,250 West,Tri1879479,0,130404,173024,0,0
7225,1291,1299172,250 West,Tri1879479,0,130406,173024,0,0
7225,1292,1299173,250 West,Tri1879479,0,130408,173024,0,0
7225,1288,1299176,250 West,Tri1879480,0,130411,173024,0,0
7225,1289,1299177,250 West,Tri1879480,0,130016,173024,0,0
7225,1290,1299178,250 West,Tri1879480,0,130405,173024,0,0
7225,1291,1299179,250 West,Tri1879480,0,130407,173024,0,0
7225,1292,1299180,250 West,Tri1879480,0,130409,173024,0,0
7225,1288,1299183,250 West,Tri1879481,0,130410,173024,0,0
7225,1289,1299184,250 West,Tri1879481,0,130015,173024,0,0
7225,1290,1299185,250 West,Tri1879481,0,130404,173024,0,0
7225,1291,1299186,250 West,Tri1879481,0,130406,173024,0,0
7225,1292,1299187,250 West,Tri1879481,0,130408,173024,0,0
7225,1288,1299190,250 West,Tri1879482,0,130411,173024,0,0
7225,1289,1299191,250 West,Tri1879482,0,130016,173024,0,0
7225,1290,1299192,250 West,Tri1879482,0,130405,173024,0,0
7225,1291,1299193,250 West,Tri1879482,0,130407,173024,0,0
7225,1292,1299194,250 West,Tri1879482,0,130409,173024,0,0
7225,1288,1299197,250 West,Tri1879483,0,130410,173024,0,0
7225,1289,1299198,250 West,Tri1879483,0,130015,173024,0,0
7225,1290,1299199,250 West,Tri1879483,0,130404,173024,0,0
7225,1291,1299200,250 West,Tri1879483,0,130406,173024,0,0
7225,1292,1299201,250 West,Tri1879483,0,130408,173024,0,0
7225,1288,1299204,250 West,Tri1879484,0,130411,173024,0,0
7225,1289,1299205,250 West,Tri1879484,0,130016,173024,0,0
7225,1290,1299206,250 West,Tri1879484,0,130405,173024,0,0
7225,1291,1299207,250 West,Tri1879484,0,130407,173024,0,0
7225,1292,1299208,250 West,Tri1879484,0,130409,173024,0,0
7225,1288,1299211,250 West,Tri1879485,0,130410,173024,0,0
7225,1289,1299212,250 West,Tri1879485,0,130015,173024,0,0
7225,1290,1299213,250 West,Tri1879485,0,130404,173024,0,0
7225,1291,1299214,250 West,Tri1879485,0,130406,173024,0,0
7225,1292,1299215,250 West,Tri1879485,0,130408,173024,0,0
7225,1288,1299218,250 West,Tri1879486,0,130411,173024,0,0
7225,1289,1299219,250 West,Tri1879486,0,130016,173024,0,0
7225,1290,1299220,250 West,Tri1879486,0,130405,173024,0,0
7225,1291,1299221,250 West,Tri1879486,0,130407,173024,0,0
7225,1292,1299222,250 West,Tri1879486,0,130409,173024,0,0
7225,1288,1299225,250 West,Tri1879487,0,130410,173024,0,0
7225,1289,1299226,250 West,Tri1879487,0,130015,173024,0,0
7225,1290,1299227,250 West,Tri1879487,0,130404,173024,0,0
7225,1291,1299228,250 West,Tri1879487,0,130406,173024,0,0
7225,1292,1299229,250 West,Tri1879487,0,130408,173024,0,0
7225,1288,1299232,250 West,Tri1879488,0,130411,173024,0,0
7225,1289,1299233,250 West,Tri1879488,0,130016,173024,0,0
7225,1290,1299234,250 West,Tri1879488,0,130405,173024,0,0
7225,1291,1299235,250 West,Tri1879488,0,130407,173024,0,0
7225,1292,1299236,250 West,Tri1879488,0,130409,173024,0,0
7225,1288,1299239,250 West,Tri1879489,0,130410,173024,0,0
7225,1289,1299240,250 West,Tri1879489,0,130015,173024,0,0
7225,1290,1299241,250 West,Tri1879489,0,130404,173024,0,0
7225,1291,1299242,250 West,Tri1879489,0,130406,173024,0,0
7225,1292,1299243,250 West,Tri1879489,0,130408,173024,0,0
7225,1288,1299246,250 East,Tri1879490,1,130410,173023,0,0
7225,1289,1299247,250 East,Tri1879490,1,130015,173023,0,0
7225,1290,1299248,250 East,Tri1879490,1,130404,173023,0,0
7225,1291,1299249,250 East,Tri1879490,1,130406,173023,0,0
7225,1292,1299250,250 East,Tri1879490,1,130408,173023,0,0
7225,1288,1299253,250 East,Tri1879491,1,130411,173023,0,0
7225,1289,1299254,250 East,Tri1879491,1,130016,173023,0,0
7225,1290,1299255,250 East,Tri1879491,1,130405,173023,0,0
7225,1291,1299256,250 East,Tri1879491,1,130407,173023,0,0
7225,1292,1299257,250 East,Tri1879491,1,130409,173023,0,0
7225,1288,1299260,250 East,Tri1879492,1,130410,173023,0,0
7225,1289,1299261,250 East,Tri1879492,1,130015,173023,0,0
7225,1290,1299262,250 East,Tri1879492,1,130404,173023,0,0
7225,1291,1299263,250 East,Tri1879492,1,130406,173023,0,0
7225,1292,1299264,250 East,Tri1879492,1,130408,173023,0,0
7225,1288,1299267,250 East,Tri1879493,1,130411,173023,0,0
7225,1289,1299268,250 East,Tri1879493,1,130016,173023,0,0
7225,1290,1299269,250 East,Tri1879493,1,130405,173023,0,0
7225,1291,1299270,250 East,Tri1879493,1,130407,173023,0,0
7225,1292,1299271,250 East,Tri1879493,1,130409,173023,0,0
7225,1288,1299274,250 East,Tri1879494,1,130410,173023,0,0
7225,1289,1299275,250 East,Tri1879494,1,130015,173023,0,0
7225,1290,1299276,250 East,Tri1879494,1,130404,173023,0,0
7225,1291,1299277,250 East,Tri1879494,1,130406,173023,0,0
7225,1292,1299278,250 East,Tri1879494,1,130408,173023,0,0
7225,1288,1299281,250 East,Tri1879495,1,130411,173023,0,0
7225,1289,1299282,250 East,Tri1879495,1,130016,173023,0,0
7225,1290,1299283,250 East,Tri1879495,1,130405,173023,0,0
7225,1291,1299284,250 East,Tri1879495,1,130407,173023,0,0
7225,1292,1299285,250 East,Tri1879495,1,130409,173023,0,0
7225,1288,1299288,250 East,Tri1879496,1,130410,173023,0,0
7225,1289,1299289,250 East,Tri1879496,1,130015,173023,0,0
7225,1290,1299290,250 East,Tri1879496,1,130404,173023,0,0
7225,1291,1299291,250 East,Tri1879496,1,130406,173023,0,0
7225,1292,1299292,250 East,Tri1879496,1,130408,173023,0,0
7225,1288,1299295,250 East,Tri1879497,1,130411,173023,0,0
7225,1289,1299296,250 East,Tri1879497,1,130016,173023,0,0
7225,1290,1299297,250 East,Tri1879497,1,130405,173023,0,0
7225,1291,1299298,250 East,Tri1879497,1,130407,173023,0,0
7225,1292,1299299,250 East,Tri1879497,1,130409,173023,0,0
7225,1288,1299302,250 East,Tri1879498,1,130410,173023,0,0
7225,1289,1299303,250 East,Tri1879498,1,130015,173023,0,0
7225,1290,1299304,250 East,Tri1879498,1,130404,173023,0,0
7225,1291,1299305,250 East,Tri1879498,1,130406,173023,0,0
7225,1292,1299306,250 East,Tri1879498,1,130408,173023,0,0
7225,1288,1299309,250 East,Tri1879499,1,130411,173023,0,0
7225,1289,1299310,250 East,Tri1879499,1,130016,173023,0,0
7225,1290,1299311,250 East,Tri1879499,1,130405,173023,0,0
7225,1291,1299312,250 East,Tri1879499,1,130407,173023,0,0
7225,1292,1299313,250 East,Tri1879499,1,130409,173023,0,0
7225,1288,1299316,250 East,Tri1879500,1,130410,173023,0,0
7225,1289,1299317,250 East,Tri1879500,1,130015,173023,0,0
7225,1290,1299318,250 East,Tri1879500,1,130404,173023,0,0
7225,1291,1299319,250 East,Tri1879500,1,130406,173023,0,0
7225,1292,1299320,250 East,Tri1879500,1,130408,173023,0,0
7225,1288,1299323,250 East,Tri1879501,1,130411,173023,0,0
7225,1289,1299324,250 East,Tri1879501,1,130016,173023,0,0
7225,1290,1299325,250 East,Tri1879501,1,130405,173023,0,0
7225,1291,1299326,250 East,Tri1879501,1,130407,173023,0,0
7225,1292,1299327,250 East,Tri1879501,1,130409,173023,0,0
7225,1288,1299330,250 East,Tri1879502,1,130410,173023,0,0
7225,1289,1299331,250 East,Tri1879502,1,130015,173023,0,0
7225,1290,1299332,250 East,Tri1879502,1,130404,173023,0,0
7225,1291,1299333,250 East,Tri1879502,1,130406,173023,0,0
7225,1292,1299334,250 East,Tri1879502,1,130408,173023,0,0
7225,1288,1299337,250 East,Tri1879503,1,130411,173023,0,0
7225,1289,1299338,250 East,Tri1879503,1,130016,173023,0,0
7225,1290,1299339,250 East,Tri1879503,1,130405,173023,0,0
7225,1291,1299340,250 East,Tri1879503,1,130407,173023,0,0
7225,1292,1299341,250 East,Tri1879503,1,130409,173023,0,0
7225,1288,1299344,250 East,Tri1879504,1,130410,173023,0,0
7225,1289,1299345,250 East,Tri1879504,1,130015,173023,0,0
7225,1290,1299346,250 East,Tri1879504,1,130404,173023,0,0
7225,1291,1299347,250 East,Tri1879504,1,130406,173023,0,0
7225,1292,1299348,250 East,Tri1879504,1,130408,173023,0,0
7225,1288,1299351,250 East,Tri1879505,1,130411,173023,0,0
7225,1289,1299352,250 East,Tri1879505,1,130016,173023,0,0
7225,1290,1299353,250 East,Tri1879505,1,130405,173023,0,0
7225,1291,1299354,250 East,Tri1879505,1,130407,173023,0,0
7225,1292,1299355,250 East,Tri1879505,1,130409,173023,0,0
7225,1288,1299358,250 East,Tri1879506,1,130410,173023,0,0
7225,1289,1299359,250 East,Tri1879506,1,130015,173023,0,0
7225,1290,1299360,250 East,Tri1879506,1,130404,173023,0,0
7225,1291,1299361,250 East,Tri1879506,1,130406,173023,0,0
7225,1292,1299362,250 East,Tri1879506,1,130408,173023,0,0
7225,1288,1299365,250 East,Tri1879507,1,130411,173023,0,0
7225,1289,1299366,250 East,Tri1879507,1,130016,173023,0,0
7225,1290,1299367,250 East,Tri1879507,1,130405,173023,0,0
7225,1291,1299368,250 East,Tri1879507,1,130407,173023,0,0
7225,1292,1299369,250 East,Tri1879507,1,130409,173023,0,0
7226,1288,1299379,1000,Tri1880272,0,132179,173027,0,0
7226,1289,1299380,1000,Tri1880272,0,132181,173027,0,0
7226,1290,1299381,1000,Tri1880272,0,132185,173027,0,0
7226,1291,1299382,1000,Tri1880272,0,132187,173027,0,0
7226,1292,1299383,1000,Tri1880272,0,132183,173027,0,0
7226,1288,1299386,1000,Tri1880273,0,132179,173028,0,0
7226,1289,1299387,1000,Tri1880273,0,132181,173028,0,0
7226,1290,1299388,1000,Tri1880273,0,132185,173028,0,0
7226,1291,1299389,1000,Tri1880273,0,132187,173028,0,0
7226,1292,1299390,1000,Tri1880273,0,132183,173028,0,0
7226,1288,1299393,1000,Tri1880274,0,132180,173025,0,0
7226,1289,1299394,1000,Tri1880274,0,132182,173025,0,0
7226,1290,1299395,1000,Tri1880274,0,132186,173025,0,0
7226,1291,1299396,1000,Tri1880274,0,132188,173025,0,0
7226,1292,1299397,1000,Tri1880274,0,132184,173025,0,0
7226,1288,1299400,1000,Tri1880275,0,132180,173026,0,0
7226,1289,1299401,1000,Tri1880275,0,132182,173026,0,0
7226,1290,1299402,1000,Tri1880275,0,132186,173026,0,0
7226,1291,1299403,1000,Tri1880275,0,132188,173026,0,0
7226,1292,1299404,1000,Tri1880275,0,132184,173026,0,0