route_id,service_id,trip_id,trip_headsign,trip_short_name,direction_id,block_id,shape_id,wheelchair_accessible,bikes_allowed
16,1225,1213039,Transway1A,Tri519510,0,763,165445,0,0
16,1227,1213040,Transway1A,Tri519510,0,113203,165445,0,0
16,1225,1213041,Transway1A,Tri874014,0,757,165445,0,0
16,1227,1213042,Transway1A,Tri874014,0,113205,165445,0,0
16,1225,1213043,Transway1A,Tri519509,0,763,165445,0,0
16,1227,1213044,Transway1A,Tri519509,0,113203,165445,0,0
16,1225,1213045,Transway1A,Tri874013,0,757,165445,0,0
16,1227,1213046,Transway1A,Tri874013,0,113205,165445,0,0
16,1225,1213047,Transway1A,Tri519511,0,758,165445,0,0
16,1227,1213048,Transway1A,Tri519511,0,113204,165445,0,0
16,1225,1213049,Transway1A,Tri519508,0,763,165445,0,0
16,1227,1213050,Transway1A,Tri519508,0,113203,165445,0,0
16,1225,1213051,Transway1A,Tri874012,0,758,165445,0,0
16,1227,1213052,Transway1A,Tri874012,0,113204,165445,0,0
16,1225,1213053,Transway1A,Tri1629122,0,757,165445,0,0
16,1227,1213054,Transway1A,Tri1629122,0,113205,165445,0,0
16,1225,1213055,Transway1A,Tri519507,0,763,165445,0,0
16,1227,1213056,Transway1A,Tri519507,0,113203,165445,0,0
16,1225,1213057,Transway1A,Tri874011,0,758,165445,0,0
16,1227,1213058,Transway1A,Tri874011,0,113204,165445,0,0
16,1225,1213059,Transway1A,Tri519506,0,763,165445,0,0
16,1227,1213060,Transway1A,Tri519506,0,113203,165445,0,0
16,1225,1213061,Transway1A,Tri874010,0,758,165445,0,0
16,1227,1213062,Transway1A,Tri874010,0,113204,165445,0,0
16,1225,1213063,Transway1A,Tri519505,0,763,165445,0,0
16,1227,1213064,Transway1A,Tri519505,0,113203,165445,0,0
16,1225,1213065,Transway1A,Tri874009,0,758,165445,0,0
16,1227,1213066,Transway1A,Tri874009,0,113204,165445,0,0
16,1225,1213067,Transway1A,Tri519504,0,763,165445,0,0
16,1227,1213068,Transway1A,Tri519504,0,113203,165445,0,0
16,1225,1213069,Transway1A,Tri874008,0,758,165445,0,0
16,1227,1213070,Transway1A,Tri874008,0,113204,165445,0,0
16,1225,1213071,Transway1A,Tri519503,0,763,165445,0,0
16,1227,1213072,Transway1A,Tri519503,0,113203,165445,0,0
16,1225,1213073,Transway1A,Tri874007,0,758,165445,0,0
16,1227,1213074,Transway1A,Tri874007,0,113204,165445,0,0
16,1225,1213075,Transway1A,Tri519502,0,763,165445,0,0
16,1227,1213076,Transway1A,Tri519502,0,113203,165445,0,0
16,1225,1213077,Transway1A,Tri873998,0,758,165445,0,0
16,1227,1213078,Transway1A,Tri873998,0,113204,165445,0,0
16,1225,1213079,Transway1A,Tri519501,0,763,165445,0,0
16,1227,1213080,Transway1A,Tri519501,0,113203,165445,0,0
16,1225,1213538,Transway1A,Tri519500,1,763,165455,0,0
16,1227,1213539,Transway1A,Tri519500,1,113203,165455,0,0
16,1225,1213540,Transway1A,Tri874006,1,757,165455,0,0
16,1227,1213541,Transway1A,Tri874006,1,113205,165455,0,0
16,1225,1213542,Transway1A,Tri519499,1,763,165455,0,0
16,1227,1213543,Transway1A,Tri519499,1,113203,165455,0,0
16,1225,1213544,Transway1A,Tri874005,1,757,165455,0,0
16,1227,1213545,Transway1A,Tri874005,1,113205,165455,0,0
16,1225,1213546,Transway1A,Tri519498,1,763,165455,0,0
16,1227,1213547,Transway1A,Tri519498,1,113203,165455,0,0
16,1225,1213548,Transway1A,Tri874004,1,758,165455,0,0
16,1227,1213549,Transway1A,Tri874004,1,113204,165455,0,0
16,1225,1213550,Transway1A,Tri519497,1,763,165455,0,0
16,1227,1213551,Transway1A,Tri519497,1,113203,165455,0,0
16,1225,1213552,Transway1A,Tri874003,1,758,165455,0,0
16,1227,1213553,Transway1A,Tri874003,1,113204,165455,0,0
16,1225,1213554,Transway1A,Tri519496,1,763,165455,0,0
16,1227,1213555,Transway1A,Tri519496,1,113203,165455,0,0
16,1225,1213556,Transway1A,Tri874002,1,758,165455,0,0
16,1227,1213557,Transway1A,Tri874002,1,113204,165455,0,0
16,1225,1213558,Transway1A,Tri519495,1,763,165455,0,0
16,1227,1213559,Transway1A,Tri519495,1,113203,165455,0,0
16,1225,1213560,Transway1A,Tri874001,1,758,165455,0,0
16,1227,1213561,Transway1A,Tri874001,1,113204,165455,0,0
16,1225,1213562,Transway1A,Tri519494,1,763,165455,0,0
16,1227,1213563,Transway1A,Tri519494,1,113203,165455,0,0
16,1225,1213564,Transway1A,Tri874000,1,758,165455,0,0
16,1227,1213565,Transway1A,Tri874000,1,113204,165455,0,0
16,1225,1213566,Transway1A,Tri519493,1,763,165455,0,0
16,1227,1213567,Transway1A,Tri519493,1,113203,165455,0,0
16,1225,1213568,Transway1A,Tri873999,1,758,165455,0,0
16,1227,1213569,Transway1A,Tri873999,1,113204,165455,0,0
16,1225,1213570,Transway1A,Tri519492,1,763,165455,0,0
16,1227,1213571,Transway1A,Tri519492,1,113203,165455,0,0
16,1225,1213572,Transway1A,Tri873997,1,758,165455,0,0
16,1227,1213573,Transway1A,Tri873997,1,113204,165455,0,0
16,1225,1213574,Transway1A,Tri519491,1,763,165455,0,0
16,1227,1213575,Transway1A,Tri519491,1,113203,165455,0,0
16,1228,1214778,Transway1A,Tri519444,0,1031,165445,0,0
16,1229,1214779,Transway1A,Tri519444,0,1178,165445,0,0
16,1230,1214780,Transway1A,Tri519444,0,1327,165445,0,0
16,1231,1214781,Transway1A,Tri519444,0,1477,165445,0,0
16,1232,1214782,Transway1A,Tri519444,0,1626,165445,0,0
16,1228,1214783,Transway1A,Tri519446,0,1031,165445,0,0
16,1229,1214784,Transway1A,Tri519446,0,1178,165445,0,0
16,1230,1214785,Transway1A,Tri519446,0,1327,165445,0,0
16,1231,1214786,Transway1A,Tri519446,0,1477,165445,0,0
16,1232,1214787,Transway1A,Tri519446,0,1626,165445,0,0
16,1228,1214788,Transway1A,Tri519447,0,1032,165445,0,0
16,1229,1214789,Transway1A,Tri519447,0,1179,165445,0,0
16,1230,1214790,Transway1A,Tri519447,0,1328,165445,0,0
16,1231,1214791,Transway1A,Tri519447,0,1478,165445,0,0
16,1232,1214792,Transway1A,Tri519447,0,1627,165445,0,0
16,1228,1214793,Transway1A,Tri519448,0,1033,165445,0,0
16,1229,1214794,Transway1A,Tri519448,0,1180,165445,0,0
16,1230,1214795,Transway1A,Tri519448,0,1329,165445,0,0
16,1231,1214796,Transway1A,Tri519448,0,1479,165445,0,0
16,1232,1214797,Transway1A,Tri519448,0,1628,165445,0,0
16,1228,1214798,Transway1A,Tri519449,0,1031,165445,0,0
16,1229,1214799,Transway1A,Tri519449,0,1178,165445,0,0
16,1230,1214800,Transway1A,Tri519449,0,1327,165445,0,0
16,1231,1214801,Transway1A,Tri519449,0,1477,165445,0,0
16,1232,1214802,Transway1A,Tri519449,0,1626,165445,0,0
16,1228,1214803,Transway1A,Tri519450,0,1032,165445,0,0
16,1229,1214804,Transway1A,Tri519450,0,1179,165445,0,0
16,1230,1214805,Transway1A,Tri519450,0,1328,165445,0,0
16,1231,1214806,Transway1A,Tri519450,0,1478,165445,0,0
16,1232,1214807,Transway1A,Tri519450,0,1627,165445,0,0
16,1228,1214808,Transway1A,Tri519451,0,1033,165445,0,0
16,1229,1214809,Transway1A,Tri519451,0,1180,165445,0,0
16,1230,1214810,Transway1A,Tri519451,0,1329,165445,0,0
16,1231,1214811,Transway1A,Tri519451,0,1479,165445,0,0
16,1232,1214812,Transway1A,Tri519451,0,1628,165445,0,0
16,1228,1214813,Transway1A,Tri519452,0,1031,165445,0,0
16,1229,1214814,Transway1A,Tri519452,0,1178,165445,0,0
16,1230,1214815,Transway1A,Tri519452,0,1327,165445,0,0
16,1231,1214816,Transway1A,Tri519452,0,1477,165445,0,0
16,1232,1214817,Transway1A,Tri519452,0,1626,165445,0,0
16,1228,1214818,Transway1A,Tri519453,0,1032,165445,0,0
16,1229,1214819,Transway1A,Tri519453,0,1179,165445,0,0
16,1230,1214820,Transway1A,Tri519453,0,1328,165445,0,0
16,1231,1214821,Transway1A,Tri519453,0,1478,165445,0,0
16,1232,1214822,Transway1A,Tri519453,0,1627,165445,0,0
16,1228,1214823,Transway1A,Tri519454,0,1033,165445,0,0
16,1229,1214824,Transway1A,Tri519454,0,1180,165445,0,0
16,1230,1214825,Transway1A,Tri519454,0,1329,165445,0,0
16,1231,1214826,Transway1A,Tri519454,0,1479,165445,0,0
16,1232,1214827,Transway1A,Tri519454,0,1628,165445,0,0
16,1228,1214828,Transway1A,Tri519455,0,1031,165445,0,0
16,1229,1214829,Transway1A,Tri519455,0,1178,165445,0,0
16,1230,1214830,Transway1A,Tri519455,0,1327,165445,0,0
16,1231,1214831,Transway1A,Tri519455,0,1477,165445,0,0
16,1232,1214832,Transway1A,Tri519455,0,1626,165445,0,0
16,1228,1214833,Transway1A,Tri519456,0,1032,165445,0,0
16,1229,1214834,Transway1A,Tri519456,0,1179,165445,0,0
16,1230,1214835,Transway1A,Tri519456,0,1328,165445,0,0
16,1231,1214836,Transway1A,Tri519456,0,1478,165445,0,0
16,1232,1214837,Transway1A,Tri519456,0,1627,165445,0,0
16,1228,1214838,Transway1A,Tri519457,0,1033,165445,0,0
16,1229,1214839,Transway1A,Tri519457,0,1180,165445,0,0
16,1230,1214840,Transway1A,Tri519457,0,1329,165445,0,0
16,1231,1214841,Transway1A,Tri519457,0,1479,165445,0,0
16,1232,1214842,Transway1A,Tri519457,0,1628,165445,0,0
16,1228,1214843,Transway1A,Tri519458,0,1031,165445,0,0
16,1229,1214844,Transway1A,Tri519458,0,1178,165445,0,0
16,1230,1214845,Transway1A,Tri519458,0,1327,165445,0,0
16,1231,1214846,Transway1A,Tri519458,0,1477,165445,0,0
16,1232,1214847,Transway1A,Tri519458,0,1626,165445,0,0
16,1228,1214848,Transway1A,Tri519459,0,1032,165445,0,0
16,1229,1214849,Transway1A,Tri519459,0,1179,165445,0,0
16,1230,1214850,Transway1A,Tri519459,0,1328,165445,0,0
16,1231,1214851,Transway1A,Tri519459,0,1478,165445,0,0
16,1232,1214852,Transway1A,Tri519459,0,1627,165445,0,0
16,1228,1214853,Transway1A,Tri519460,0,1033,165445,0,0
16,1229,1214854,Transway1A,Tri519460,0,1180,165445,0,0
16,1230,1214855,Transway1A,Tri519460,0,1329,165445,0,0
16,1231,1214856,Transway1A,Tri519460,0,1479,165445,0,0
16,1232,1214857,Transway1A,Tri519460,0,1628,165445,0,0
16,1228,1214858,Transway1A,Tri519461,0,1031,165445,0,0
16,1229,1214859,Transway1A,Tri519461,0,1178,165445,0,0
16,1230,1214860,Transway1A,Tri519461,0,1327,165445,0,0
16,1231,1214861,Transway1A,Tri519461,0,1477,165445,0,0
16,1232,1214862,Transway1A,Tri519461,0,1626,165445,0,0
16,1228,1214863,Transway1A,Tri519462,0,1032,165445,0,0
16,1229,1214864,Transway1A,Tri519462,0,1179,165445,0,0
16,1230,1214865,Transway1A,Tri519462,0,1328,165445,0,0
16,1231,1214866,Transway1A,Tri519462,0,1478,165445,0,0
16,1232,1214867,Transway1A,Tri519462,0,1627,165445,0,0
16,1228,1214868,Transway1A,Tri519463,0,1033,165445,0,0
16,1229,1214869,Transway1A,Tri519463,0,1180,165445,0,0
16,1230,1214870,Transway1A,Tri519463,0,1329,165445,0,0
16,1231,1214871,Transway1A,Tri519463,0,1479,165445,0,0
16,1232,1214872,Transway1A,Tri519463,0,1628,165445,0,0
16,1228,1214873,Transway1A,Tri519464,0,1031,165445,0,0
16,1229,1214874,Transway1A,Tri519464,0,1178,165445,0,0
16,1230,1214875,Transway1A,Tri519464,0,1327,165445,0,0
16,1231,1214876,Transway1A,Tri519464,0,1477,165445,0,0
16,1232,1214877,Transway1A,Tri519464,0,1626,165445,0,0
16,1228,1214878,Transway1A,Tri519465,0,1032,165445,0,0
16,1229,1214879,Transway1A,Tri519465,0,1179,165445,0,0
16,1230,1214880,Transway1A,Tri519465,0,1328,165445,0,0
16,1231,1214881,Transway1A,Tri519465,0,1478,165445,0,0
16,1232,1214882,Transway1A,Tri519465,0,1627,165445,0,0
16,1228,1214883,Transway1A,Tri519466,0,1033,165445,0,0
16,1229,1214884,Transway1A,Tri519466,0,1180,165445,0,0
16,1230,1214885,Transway1A,Tri519466,0,1329,165445,0,0
16,1231,1214886,Transway1A,Tri519466,0,1479,165445,0,0
16,1232,1214887,Transway1A,Tri519466,0,1628,165445,0,0
16,1228,1214888,Transway1A,Tri519467,0,1031,165445,0,0
16,1229,1214889,Transway1A,Tri519467,0,1178,165445,0,0
16,1230,1214890,Transway1A,Tri519467,0,1327,165445,0,0
16,1231,1214891,Transway1A,Tri519467,0,1477,165445,0,0
16,1232,1214892,Transway1A,Tri519467,0,1626,165445,0,0
16,1228,1214893,Transway1A,Tri519468,0,1032,165445,0,0
16,1229,1214894,Transway1A,Tri519468,0,1179,165445,0,0
16,1230,1214895,Transway1A,Tri519468,0,1328,165445,0,0
16,1231,1214896,Transway1A,Tri519468,0,1478,165445,0,0
16,1232,1214897,Transway1A,Tri519468,0,1627,165445,0,0
16,1228,1214898,Transway1A,Tri519469,0,1033,165445,0,0
16,1229,1214899,Transway1A,Tri519469,0,1180,165445,0,0
16,1230,1214900,Transway1A,Tri519469,0,1329,165445,0,0
16,1231,1214901,Transway1A,Tri519469,0,1479,165445,0,0
16,1232,1214902,Transway1A,Tri519469,0,1628,165445,0,0
16,1228,1214903,Transway1A,Tri519470,0,1031,165445,0,0
16,1229,1214904,Transway1A,Tri519470,0,1178,165445,0,0
16,1230,1214905,Transway1A,Tri519470,0,1327,165445,0,0
16,1231,1214906,Transway1A,Tri519470,0,1477,165445,0,0
16,1232,1214907,Transway1A,Tri519470,0,1626,165445,0,0
16,1228,1214908,Transway1A,Tri519471,0,1032,165445,0,0
16,1229,1214909,Transway1A,Tri519471,0,1179,165445,0,0
16,1230,1214910,Transway1A,Tri519471,0,1328,165445,0,0
16,1231,1214911,Transway1A,Tri519471,0,1478,165445,0,0
16,1232,1214912,Transway1A,Tri519471,0,1627,165445,0,0
16,1228,1214913,Transway1A,Tri519472,0,1033,165445,0,0
16,1229,1214914,Transway1A,Tri519472,0,1180,165445,0,0
16,1230,1214915,Transway1A,Tri519472,0,1329,165445,0,0
16,1231,1214916,Transway1A,Tri519472,0,1479,165445,0,0
16,1232,1214917,Transway1A,Tri519472,0,1628,165445,0,0
16,1228,1214918,Transway1A,Tri519473,0,1031,165445,0,0
16,1229,1214919,Transway1A,Tri519473,0,1178,165445,0,0
16,1230,1214920,Transway1A,Tri519473,0,1327,165445,0,0
16,1231,1214921,Transway1A,Tri519473,0,1477,165445,0,0
16,1232,1214922,Transway1A,Tri519473,0,1626,165445,0,0
16,1228,1214923,Transway1A,Tri519474,0,1032,165445,0,0
16,1229,1214924,Transway1A,Tri519474,0,1179,165445,0,0
16,1230,1214925,Transway1A,Tri519474,0,1328,165445,0,0
16,1231,1214926,Transway1A,Tri519474,0,1478,165445,0,0
16,1232,1214927,Transway1A,Tri519474,0,1627,165445,0,0
16,1228,1214928,Transway1A,Tri519475,0,1033,165445,0,0
16,1229,1214929,Transway1A,Tri519475,0,1180,165445,0,0
16,1230,1214930,Transway1A,Tri519475,0,1329,165445,0,0
16,1231,1214931,Transway1A,Tri519475,0,1479,165445,0,0
16,1232,1214932,Transway1A,Tri519475,0,1628,165445,0,0
16,1228,1214933,Transway1A,Tri519476,0,1031,165445,0,0
16,1229,1214934,Transway1A,Tri519476,0,1178,165445,0,0
16,1230,1214935,Transway1A,Tri519476,0,1327,165445,0,0
16,1231,1214936,Transway1A,Tri519476,0,1477,165445,0,0
16,1232,1214937,Transway1A,Tri519476,0,1626,165445,0,0
16,1228,1214938,Transway1A,Tri519477,0,1032,165445,0,0
16,1229,1214939,Transway1A,Tri519477,0,1179,165445,0,0
16,1230,1214940,Transway1A,Tri519477,0,1328,165445,0,0
16,1231,1214941,Transway1A,Tri519477,0,1478,165445,0,0
16,1232,1214942,Transway1A,Tri519477,0,1627,165445,0,0
16,1228,1214943,Transway1A,Tri519478,0,1033,165445,0,0
16,1229,1214944,Transway1A,Tri519478,0,1180,165445,0,0
16,1230,1214945,Transway1A,Tri519478,0,1329,165445,0,0
16,1231,1214946,Transway1A,Tri519478,0,1479,165445,0,0
16,1232,1214947,Transway1A,Tri519478,0,1628,165445,0,0
16,1228,1214948,Transway1A,Tri519479,0,1031,165445,0,0
16,1229,1214949,Transway1A,Tri519479,0,1178,165445,0,0
16,1230,1214950,Transway1A,Tri519479,0,1327,165445,0,0
16,1231,1214951,Transway1A,Tri519479,0,1477,165445,0,0
16,1232,1214952,Transway1A,Tri519479,0,1626,165445,0,0
16,1228,1214953,Transway1A,Tri519480,0,1032,165445,0,0
16,1229,1214954,Transway1A,Tri519480,0,1179,165445,0,0
16,1230,1214955,Transway1A,Tri519480,0,1328,165445,0,0
16,1231,1214956,Transway1A,Tri519480,0,1478,165445,0,0
16,1232,1214957,Transway1A,Tri519480,0,1627,165445,0,0
16,1228,1214958,Transway1A,Tri519481,0,1033,165445,0,0
16,1229,1214959,Transway1A,Tri519481,0,1180,165445,0,0
16,1230,1214960,Transway1A,Tri519481,0,1329,165445,0,0
16,1231,1214961,Transway1A,Tri519481,0,1479,165445,0,0
16,1232,1214962,Transway1A,Tri519481,0,1628,165445,0,0
16,1228,1214963,Transway1A,Tri519482,0,1032,165445,0,0
16,1229,1214964,Transway1A,Tri519482,0,1179,165445,0,0
16,1230,1214965,Transway1A,Tri519482,0,1328,165445,0,0
16,1231,1214966,Transway1A,Tri519482,0,1478,165445,0,0
16,1232,1214967,Transway1A,Tri519482,0,1627,165445,0,0
16,1228,1214968,Transway1A,Tri519483,0,1033,165445,0,0
16,1229,1214969,Transway1A,Tri519483,0,1180,165445,0,0
16,1230,1214970,Transway1A,Tri519483,0,1329,165445,0,0
16,1231,1214971,Transway1A,Tri519483,0,1479,165445,0,0
16,1232,1214972,Transway1A,Tri519483,0,1628,165445,0,0
16,1228,1214973,Transway1A,Tri519484,0,1032,165445,0,0
16,1229,1214974,Transway1A,Tri519484,0,1179,165445,0,0
16,1230,1214975,Transway1A,Tri519484,0,1328,165445,0,0
16,1231,1214976,Transway1A,Tri519484,0,1478,165445,0,0
16,1232,1214977,Transway1A,Tri519484,0,1627,165445,0,0
16,1228,1214978,Transway1A,Tri519485,0,1033,165445,0,0
16,1229,1214979,Transway1A,Tri519485,0,1180,165445,0,0
16,1230,1214980,Transway1A,Tri519485,0,1329,165445,0,0
16,1231,1214981,Transway1A,Tri519485,0,1479,165445,0,0
16,1232,1214982,Transway1A,Tri519485,0,1628,165445,0,0
16,1228,1214983,Transway1A,Tri519486,0,1032,165445,0,0
16,1229,1214984,Transway1A,Tri519486,0,1179,165445,0,0
16,1230,1214985,Transway1A,Tri519486,0,1328,165445,0,0
16,1231,1214986,Transway1A,Tri519486,0,1478,165445,0,0
16,1232,1214987,Transway1A,Tri519486,0,1627,165445,0,0
16,1228,1214988,Transway1A,Tri519488,0,1032,165445,0,0
16,1229,1214989,Transway1A,Tri519488,0,1179,165445,0,0
16,1230,1214990,Transway1A,Tri519488,0,1328,165445,0,0
16,1231,1214991,Transway1A,Tri519488,0,1478,165445,0,0
16,1232,1214992,Transway1A,Tri519488,0,1627,165445,0,0
16,1228,1215588,Transway1A,Tri519445,0,1032,165445,0,0
16,1229,1215589,Transway1A,Tri519445,0,1179,165445,0,0
16,1230,1215590,Transway1A,Tri519445,0,1328,165445,0,0
16,1231,1215591,Transway1A,Tri519445,0,1478,165445,0,0
16,1232,1215592,Transway1A,Tri519445,0,1627,165445,0,0
16,1228,1215593,Transway1A,Tri1590322,1,1031,165455,0,0
16,1229,1215594,Transway1A,Tri1590322,1,1178,165455,0,0
16,1230,1215595,Transway1A,Tri1590322,1,1327,165455,0,0
16,1231,1215596,Transway1A,Tri1590322,1,1477,165455,0,0
16,1232,1215597,Transway1A,Tri1590322,1,1626,165455,0,0
16,1228,1215598,Transway1A,Tri1590323,1,1032,165455,0,0
16,1229,1215599,Transway1A,Tri1590323,1,1179,165455,0,0
16,1230,1215600,Transway1A,Tri1590323,1,1328,165455,0,0
16,1231,1215601,Transway1A,Tri1590323,1,1478,165455,0,0
16,1232,1215602,Transway1A,Tri1590323,1,1627,165455,0,0
16,1228,1215603,Transway1A,Tri1590324,1,1031,165455,0,0
16,1229,1215604,Transway1A,Tri1590324,1,1178,165455,0,0
16,1230,1215605,Transway1A,Tri1590324,1,1327,165455,0,0
16,1231,1215606,Transway1A,Tri1590324,1,1477,165455,0,0
16,1232,1215607,Transway1A,Tri1590324,1,1626,165455,0,0
16,1228,1215608,Transway1A,Tri519400,1,1032,165455,0,0
16,1229,1215609,Transway1A,Tri519400,1,1179,165455,0,0
16,1230,1215610,Transway1A,Tri519400,1,1328,165455,0,0
16,1231,1215611,Transway1A,Tri519400,1,1478,165455,0,0
16,1232,1215612,Transway1A,Tri519400,1,1627,165455,0,0
16,1228,1215613,Transway1A,Tri519401,1,1033,165455,0,0
16,1229,1215614,Transway1A,Tri519401,1,1180,165455,0,0
16,1230,1215615,Transway1A,Tri519401,1,1329,165455,0,0
16,1231,1215616,Transway1A,Tri519401,1,1479,165455,0,0
16,1232,1215617,Transway1A,Tri519401,1,1628,165455,0,0
16,1228,1215618,Transway1A,Tri519402,1,1031,165455,0,0
16,1229,1215619,Transway1A,Tri519402,1,1178,165455,0,0
16,1230,1215620,Transway1A,Tri519402,1,1327,165455,0,0
16,1231,1215621,Transway1A,Tri519402,1,1477,165455,0,0
16,1232,1215622,Transway1A,Tri519402,1,1626,165455,0,0
16,1228,1215623,Transway1A,Tri519403,1,1032,165455,0,0
16,1229,1215624,Transway1A,Tri519403,1,1179,165455,0,0
16,1230,1215625,Transway1A,Tri519403,1,1328,165455,0,0
16,1231,1215626,Transway1A,Tri519403,1,1478,165455,0,0
16,1232,1215627,Transway1A,Tri519403,1,1627,165455,0,0
16,1228,1215628,Transway1A,Tri519404,1,1033,165455,0,0
16,1229,1215629,Transway1A,Tri519404,1,1180,165455,0,0
16,1230,1215630,Transway1A,Tri519404,1,1329,165455,0,0
16,1231,1215631,Transway1A,Tri519404,1,1479,165455,0,0
16,1232,1215632,Transway1A,Tri519404,1,1628,165455,0,0
16,1228,1215633,Transway1A,Tri519405,1,1031,165455,0,0
16,1229,1215634,Transway1A,Tri519405,1,1178,165455,0,0
16,1230,1215635,Transway1A,Tri519405,1,1327,165455,0,0
16,1231,1215636,Transway1A,Tri519405,1,1477,165455,0,0
16,1232,1215637,Transway1A,Tri519405,1,1626,165455,0,0
16,1228,1215638,Transway1A,Tri519406,1,1032,165455,0,0
16,1229,1215639,Transway1A,Tri519406,1,1179,165455,0,0
16,1230,1215640,Transway1A,Tri519406,1,1328,165455,0,0
16,1231,1215641,Transway1A,Tri519406,1,1478,165455,0,0
16,1232,1215642,Transway1A,Tri519406,1,1627,165455,0,0
16,1228,1215643,Transway1A,Tri519407,1,1033,165455,0,0
16,1229,1215644,Transway1A,Tri519407,1,1180,165455,0,0
16,1230,1215645,Transway1A,Tri519407,1,1329,165455,0,0
16,1231,1215646,Transway1A,Tri519407,1,1479,165455,0,0
16,1232,1215647,Transway1A,Tri519407,1,1628,165455,0,0
16,1228,1215648,Transway1A,Tri519408,1,1031,165455,0,0
16,1229,1215649,Transway1A,Tri519408,1,1178,165455,0,0
16,1230,1215650,Transway1A,Tri519408,1,1327,165455,0,0
16,1231,1215651,Transway1A,Tri519408,1,1477,165455,0,0
16,1232,1215652,Transway1A,Tri519408,1,1626,165455,0,0
16,1228,1215653,Transway1A,Tri519409,1,1032,165455,0,0
16,1229,1215654,Transway1A,Tri519409,1,1179,165455,0,0
16,1230,1215655,Transway1A,Tri519409,1,1328,165455,0,0
16,1231,1215656,Transway1A,Tri519409,1,1478,165455,0,0
16,1232,1215657,Transway1A,Tri519409,1,1627,165455,0,0
16,1228,1215658,Transway1A,Tri519410,1,1033,165455,0,0
16,1229,1215659,Transway1A,Tri519410,1,1180,165455,0,0
16,1230,1215660,Transway1A,Tri519410,1,1329,165455,0,0
16,1231,1215661,Transway1A,Tri519410,1,1479,165455,0,0
16,1232,1215662,Transway1A,Tri519410,1,1628,165455,0,0
16,1228,1215663,Transway1A,Tri519411,1,1031,165455,0,0
16,1229,1215664,Transway1A,Tri519411,1,1178,165455,0,0
16,1230,1215665,Transway1A,Tri519411,1,1327,165455,0,0
16,1231,1215666,Transway1A,Tri519411,1,1477,165455,0,0
16,1232,1215667,Transway1A,Tri519411,1,1626,165455,0,0
16,1228,1215668,Transway1A,Tri519412,1,1032,165455,0,0
16,1229,1215669,Transway1A,Tri519412,1,1179,165455,0,0
16,1230,1215670,Transway1A,Tri519412,1,1328,165455,0,0
16,1231,1215671,Transway1A,Tri519412,1,1478,165455,0,0
16,1232,1215672,Transway1A,Tri519412,1,1627,165455,0,0
16,1228,1215673,Transway1A,Tri519413,1,1033,165455,0,0
16,1229,1215674,Transway1A,Tri519413,1,1180,165455,0,0
16,1230,1215675,Transway1A,Tri519413,1,1329,165455,0,0
16,1231,1215676,Transway1A,Tri519413,1,1479,165455,0,0
16,1232,1215677,Transway1A,Tri519413,1,1628,165455,0,0
16,1228,1215678,Transway1A,Tri519414,1,1031,165455,0,0
16,1229,1215679,Transway1A,Tri519414,1,1178,165455,0,0
16,1230,1215680,Transway1A,Tri519414,1,1327,165455,0,0
16,1231,1215681,Transway1A,Tri519414,1,1477,165455,0,0
16,1232,1215682,Transway1A,Tri519414,1,1626,165455,0,0
16,1228,1215683,Transway1A,Tri519415,1,1032,165455,0,0
16,1229,1215684,Transway1A,Tri519415,1,1179,165455,0,0
16,1230,1215685,Transway1A,Tri519415,1,1328,165455,0,0
16,1231,1215686,Transway1A,Tri519415,1,1478,165455,0,0
16,1232,1215687,Transway1A,Tri519415,1,1627,165455,0,0
16,1228,1215688,Transway1A,Tri519416,1,1033,165455,0,0
16,1229,1215689,Transway1A,Tri519416,1,1180,165455,0,0
16,1230,1215690,Transway1A,Tri519416,1,1329,165455,0,0
16,1231,1215691,Transway1A,Tri519416,1,1479,165455,0,0
16,1232,1215692,Transway1A,Tri519416,1,1628,165455,0,0
16,1228,1215693,Transway1A,Tri519417,1,1031,165455,0,0
16,1229,1215694,Transway1A,Tri519417,1,1178,165455,0,0
16,1230,1215695,Transway1A,Tri519417,1,1327,165455,0,0
16,1231,1215696,Transway1A,Tri519417,1,1477,165455,0,0
16,1232,1215697,Transway1A,Tri519417,1,1626,165455,0,0
16,1228,1215698,Transway1A,Tri519418,1,1032,165455,0,0
16,1229,1215699,Transway1A,Tri519418,1,1179,165455,0,0
16,1230,1215700,Transway1A,Tri519418,1,1328,165455,0,0
16,1231,1215701,Transway1A,Tri519418,1,1478,165455,0,0
16,1232,1215702,Transway1A,Tri519418,1,1627,165455,0,0
16,1228,1215703,Transway1A,Tri519419,1,1033,165455,0,0
16,1229,1215704,Transway1A,Tri519419,1,1180,165455,0,0
16,1230,1215705,Transway1A,Tri519419,1,1329,165455,0,0
16,1231,1215706,Transway1A,Tri519419,1,1479,165455,0,0
16,1232,1215707,Transway1A,Tri519419,1,1628,165455,0,0
16,1228,1215708,Transway1A,Tri519420,1,1031,165455,0,0
16,1229,1215709,Transway1A,Tri519420,1,1178,165455,0,0
16,1230,1215710,Transway1A,Tri519420,1,1327,165455,0,0
16,1231,1215711,Transway1A,Tri519420,1,1477,165455,0,0
16,1232,1215712,Transway1A,Tri519420,1,1626,165455,0,0
16,1228,1215713,Transway1A,Tri519421,1,1032,165455,0,0
16,1229,1215714,Transway1A,Tri519421,1,1179,165455,0,0
16,1230,1215715,Transway1A,Tri519421,1,1328,165455,0,0
16,1231,1215716,Transway1A,Tri519421,1,1478,165455,0,0
16,1232,1215717,Transway1A,Tri519421,1,1627,165455,0,0
16,1228,1215718,Transway1A,Tri519422,1,1033,165455,0,0
16,1229,1215719,Transway1A,Tri519422,1,1180,165455,0,0
16,1230,1215720,Transway1A,Tri519422,1,1329,165455,0,0
16,1231,1215721,Transway1A,Tri519422,1,1479,165455,0,0
16,1232,1215722,Transway1A,Tri519422,1,1628,165455,0,0
16,1228,1215723,Transway1A,Tri519423,1,1031,165455,0,0
16,1229,1215724,Transway1A,Tri519423,1,1178,165455,0,0
16,1230,1215725,Transway1A,Tri519423,1,1327,165455,0,0
16,1231,1215726,Transway1A,Tri519423,1,1477,165455,0,0
16,1232,1215727,Transway1A,Tri519423,1,1626,165455,0,0
16,1228,1215728,Transway1A,Tri519424,1,1032,165455,0,0
16,1229,1215729,Transway1A,Tri519424,1,1179,165455,0,0
16,1230,1215730,Transway1A,Tri519424,1,1328,165455,0,0
16,1231,1215731,Transway1A,Tri519424,1,1478,165455,0,0
16,1232,1215732,Transway1A,Tri519424,1,1627,165455,0,0
16,1228,1215733,Transway1A,Tri519425,1,1033,165455,0,0
16,1229,1215734,Transway1A,Tri519425,1,1180,165455,0,0
16,1230,1215735,Transway1A,Tri519425,1,1329,165455,0,0
16,1231,1215736,Transway1A,Tri519425,1,1479,165455,0,0
16,1232,1215737,Transway1A,Tri519425,1,1628,165455,0,0
16,1228,1215738,Transway1A,Tri519426,1,1031,165455,0,0
16,1229,1215739,Transway1A,Tri519426,1,1178,165455,0,0
16,1230,1215740,Transway1A,Tri519426,1,1327,165455,0,0
16,1231,1215741,Transway1A,Tri519426,1,1477,165455,0,0
16,1232,1215742,Transway1A,Tri519426,1,1626,165455,0,0
16,1228,1215743,Transway1A,Tri519427,1,1032,165455,0,0
16,1229,1215744,Transway1A,Tri519427,1,1179,165455,0,0
16,1230,1215745,Transway1A,Tri519427,1,1328,165455,0,0
16,1231,1215746,Transway1A,Tri519427,1,1478,165455,0,0
16,1232,1215747,Transway1A,Tri519427,1,1627,165455,0,0
16,1228,1215748,Transway1A,Tri519428,1,1033,165455,0,0
16,1229,1215749,Transway1A,Tri519428,1,1180,165455,0,0
16,1230,1215750,Transway1A,Tri519428,1,1329,165455,0,0
16,1231,1215751,Transway1A,Tri519428,1,1479,165455,0,0
16,1232,1215752,Transway1A,Tri519428,1,1628,165455,0,0
16,1228,1215753,Transway1A,Tri519429,1,1031,165455,0,0
16,1229,1215754,Transway1A,Tri519429,1,1178,165455,0,0
16,1230,1215755,Transway1A,Tri519429,1,1327,165455,0,0
16,1231,1215756,Transway1A,Tri519429,1,1477,165455,0,0
16,1232,1215757,Transway1A,Tri519429,1,1626,165455,0,0
16,1228,1215758,Transway1A,Tri519430,1,1032,165455,0,0
16,1229,1215759,Transway1A,Tri519430,1,1179,165455,0,0
16,1230,1215760,Transway1A,Tri519430,1,1328,165455,0,0
16,1231,1215761,Transway1A,Tri519430,1,1478,165455,0,0
16,1232,1215762,Transway1A,Tri519430,1,1627,165455,0,0
16,1228,1215763,Transway1A,Tri519431,1,1033,165455,0,0
16,1229,1215764,Transway1A,Tri519431,1,1180,165455,0,0
16,1230,1215765,Transway1A,Tri519431,1,1329,165455,0,0
16,1231,1215766,Transway1A,Tri519431,1,1479,165455,0,0
16,1232,1215767,Transway1A,Tri519431,1,1628,165455,0,0
16,1228,1215768,Transway1A,Tri519432,1,1031,165455,0,0
16,1229,1215769,Transway1A,Tri519432,1,1178,165455,0,0
16,1230,1215770,Transway1A,Tri519432,1,1327,165455,0,0
16,1231,1215771,Transway1A,Tri519432,1,1477,165455,0,0
16,1232,1215772,Transway1A,Tri519432,1,1626,165455,0,0
16,1228,1215773,Transway1A,Tri519433,1,1032,165455,0,0
16,1229,1215774,Transway1A,Tri519433,1,1179,165455,0,0
16,1230,1215775,Transway1A,Tri519433,1,1328,165455,0,0
16,1231,1215776,Transway1A,Tri519433,1,1478,165455,0,0
16,1232,1215777,Transway1A,Tri519433,1,1627,165455,0,0
16,1228,1215778,Transway1A,Tri519434,1,1033,165455,0,0
16,1229,1215779,Transway1A,Tri519434,1,1180,165455,0,0
16,1230,1215780,Transway1A,Tri519434,1,1329,165455,0,0
16,1231,1215781,Transway1A,Tri519434,1,1479,165455,0,0
16,1232,1215782,Transway1A,Tri519434,1,1628,165455,0,0
16,1228,1215783,Transway1A,Tri519435,1,1032,165455,0,0
16,1229,1215784,Transway1A,Tri519435,1,1179,165455,0,0
16,1230,1215785,Transway1A,Tri519435,1,1328,165455,0,0
16,1231,1215786,Transway1A,Tri519435,1,1478,165455,0,0
16,1232,1215787,Transway1A,Tri519435,1,1627,165455,0,0
16,1228,1215788,Transway1A,Tri519436,1,1033,165455,0,0
16,1229,1215789,Transway1A,Tri519436,1,1180,165455,0,0
16,1230,1215790,Transway1A,Tri519436,1,1329,165455,0,0
16,1231,1215791,Transway1A,Tri519436,1,1479,165455,0,0
16,1232,1215792,Transway1A,Tri519436,1,1628,165455,0,0
16,1228,1215793,Transway1A,Tri519437,1,1032,165455,0,0
16,1229,1215794,Transway1A,Tri519437,1,1179,165455,0,0
16,1230,1215795,Transway1A,Tri519437,1,1328,165455,0,0
16,1231,1215796,Transway1A,Tri519437,1,1478,165455,0,0
16,1232,1215797,Transway1A,Tri519437,1,1627,165455,0,0
16,1228,1215798,Transway1A,Tri519438,1,1033,165455,0,0
16,1229,1215799,Transway1A,Tri519438,1,1180,165455,0,0
16,1230,1215800,Transway1A,Tri519438,1,1329,165455,0,0
16,1231,1215801,Transway1A,Tri519438,1,1479,165455,0,0
16,1232,1215802,Transway1A,Tri519438,1,1628,165455,0,0
16,1228,1215803,Transway1A,Tri519439,1,1032,165455,0,0
16,1229,1215804,Transway1A,Tri519439,1,1179,165455,0,0
16,1230,1215805,Transway1A,Tri519439,1,1328,165455,0,0
16,1231,1215806,Transway1A,Tri519439,1,1478,165455,0,0
16,1232,1215807,Transway1A,Tri519439,1,1627,165455,0,0
16,1228,1215808,Transway1A,Tri519441,1,1032,165455,0,0
16,1229,1215809,Transway1A,Tri519441,1,1179,165455,0,0
16,1230,1215810,Transway1A,Tri519441,1,1328,165455,0,0
16,1231,1215811,Transway1A,Tri519441,1,1478,165455,0,0
16,1232,1215812,Transway1A,Tri519441,1,1627,165455,0,0
16,1228,1215813,Transway1A,Tri519443,1,1032,165455,0,0
16,1229,1215814,Transway1A,Tri519443,1,1179,165455,0,0
16,1230,1215815,Transway1A,Tri519443,1,1328,165455,0,0
16,1231,1215816,Transway1A,Tri519443,1,1478,165455,0,0
16,1232,1215817,Transway1A,Tri519443,1,1627,165455,0,0
16,1226,1219927,Transway1A,Tri519512,1,792,165455,0,0
16,1226,1219928,Transway1A,Tri519513,1,793,165455,0,0
16,1226,1219929,Transway1A,Tri519514,1,792,165455,0,0
16,1226,1219930,Transway1A,Tri519515,1,793,165455,0,0
16,1226,1219931,Transway1A,Tri519516,1,792,165455,0,0
16,1226,1219932,Transway1A,Tri519517,1,793,165455,0,0
16,1226,1219933,Transway1A,Tri519518,1,792,165455,0,0
16,1226,1219934,Transway1A,Tri519519,1,793,165455,0,0
16,1226,1219935,Transway1A,Tri519520,1,794,165455,0,0
16,1226,1219936,Transway1A,Tri519521,1,792,165455,0,0
16,1226,1219937,Transway1A,Tri519522,1,793,165455,0,0
16,1226,1219938,Transway1A,Tri519523,1,794,165455,0,0
16,1226,1219939,Transway1A,Tri519524,1,792,165455,0,0
16,1226,1219940,Transway1A,Tri519525,1,793,165455,0,0
16,1226,1219941,Transway1A,Tri519526,1,794,165455,0,0
16,1226,1219942,Transway1A,Tri519527,1,792,165455,0,0
16,1226,1219943,Transway1A,Tri519528,1,793,165455,0,0
16,1226,1219944,Transway1A,Tri519529,1,794,165455,0,0
16,1226,1219945,Transway1A,Tri519530,1,792,165455,0,0
16,1226,1219946,Transway1A,Tri519531,1,793,165455,0,0
16,1226,1219947,Transway1A,Tri519532,1,794,165455,0,0
16,1226,1219948,Transway1A,Tri519533,1,792,165455,0,0
16,1226,1219949,Transway1A,Tri519534,1,793,165455,0,0
16,1226,1219950,Transway1A,Tri519535,1,794,165455,0,0
16,1226,1219951,Transway1A,Tri519536,1,792,165455,0,0
16,1226,1219952,Transway1A,Tri519537,1,793,165455,0,0
16,1226,1219953,Transway1A,Tri519538,1,794,165455,0,0
16,1226,1219954,Transway1A,Tri519539,1,792,165455,0,0
16,1226,1219955,Transway1A,Tri519540,1,793,165455,0,0
16,1226,1219956,Transway1A,Tri519541,1,794,165455,0,0
16,1226,1219957,Transway1A,Tri519542,1,792,165455,0,0
16,1226,1219958,Transway1A,Tri519543,1,793,165455,0,0
16,1226,1219959,Transway1A,Tri519544,1,794,165455,0,0
16,1226,1219960,Transway1A,Tri519545,1,793,165455,0,0
16,1226,1219961,Transway1A,Tri519546,1,794,165455,0,0
16,1226,1219962,Transway1A,Tri519547,1,793,165455,0,0
16,1226,1219963,Transway1A,Tri519548,1,794,165455,0,0
16,1226,1219964,Transway1A,Tri519549,1,793,165455,0,0
16,1226,1219965,Transway1A,Tri519550,1,793,165455,0,0
16,1226,1220010,Transway1A,Tri519551,0,792,165445,0,0
16,1226,1220011,Transway1A,Tri519552,0,793,165445,0,0
16,1226,1220012,Transway1A,Tri519553,0,792,165445,0,0
16,1226,1220013,Transway1A,Tri519554,0,793,165445,0,0
16,1226,1220014,Transway1A,Tri519555,0,792,165445,0,0
16,1226,1220015,Transway1A,Tri519556,0,793,165445,0,0
16,1226,1220016,Transway1A,Tri519557,0,792,165445,0,0
16,1226,1220017,Transway1A,Tri519558,0,793,165445,0,0
16,1226,1220018,Transway1A,Tri519588,0,794,165445,0,0
16,1226,1220019,Transway1A,Tri519589,0,792,165445,0,0
16,1226,1220020,Transway1A,Tri519559,0,793,165445,0,0
16,1226,1220021,Transway1A,Tri519560,0,794,165445,0,0
16,1226,1220022,Transway1A,Tri519561,0,792,165445,0,0
16,1226,1220023,Transway1A,Tri519562,0,793,165445,0,0
16,1226,1220024,Transway1A,Tri519563,0,794,165445,0,0
16,1226,1220025,Transway1A,Tri519564,0,792,165445,0,0
16,1226,1220026,Transway1A,Tri519565,0,793,165445,0,0
16,1226,1220027,Transway1A,Tri519566,0,794,165445,0,0
16,1226,1220028,Transway1A,Tri519567,0,792,165445,0,0
16,1226,1220029,Transway1A,Tri519568,0,793,165445,0,0
16,1226,1220030,Transway1A,Tri519569,0,794,165445,0,0
16,1226,1220031,Transway1A,Tri519570,0,792,165445,0,0
16,1226,1220032,Transway1A,Tri519571,0,793,165445,0,0
16,1226,1220033,Transway1A,Tri519572,0,794,165445,0,0
16,1226,1220034,Transway1A,Tri519573,0,792,165445,0,0
16,1226,1220035,Transway1A,Tri519574,0,793,165445,0,0
16,1226,1220036,Transway1A,Tri519575,0,794,165445,0,0
16,1226,1220037,Transway1A,Tri519576,0,792,165445,0,0
16,1226,1220038,Transway1A,Tri519577,0,793,165445,0,0
16,1226,1220039,Transway1A,Tri519578,0,794,165445,0,0
16,1226,1220040,Transway1A,Tri874072,0,830,165445,0,0
16,1226,1220041,Transway1A,Tri519579,0,792,165445,0,0
16,1226,1220042,Transway1A,Tri519580,0,793,165445,0,0
16,1226,1220043,Transway1A,Tri519581,0,794,165445,0,0
16,1226,1220044,Transway1A,Tri519582,0,793,165445,0,0
16,1226,1220045,Transway1A,Tri519583,0,794,165445,0,0
16,1226,1220046,Transway1A,Tri519584,0,793,165445,0,0
16,1226,1220047,Transway1A,Tri519585,0,794,165445,0,0
16,1226,1220048,Transway1A,Tri519586,0,793,165445,0,0
16,1226,1220049,Transway1A,Tri519587,0,793,165445,0,0
16,1228,1220306,Transway1A,Tri1692949,0,1100,165445,0,0
16,1228,1220307,Transway1A,Tri1692950,0,1100,165445,0,0
16,1228,1220308,Transway1A,Tri529797,0,1100,165445,0,0
16,1230,1220454,Transway1A,Tri1692952,0,1395,165445,0,0
16,1230,1220455,Transway1A,Tri1692951,0,1395,165445,0,0
16,1230,1220456,Transway1A,Tri723322,0,1395,165445,0,0
17,1225,1213005,NotinService,Tri929423,1,767,165470,0,0
17,1227,1213006,NotinService,Tri929423,1,113183,165470,0,0
17,1225,1213141,Transway1C,Tri519751,0,765,165462,0,0
17,1227,1213142,Transway1C,Tri519751,0,113182,165462,0,0
17,1225,1213143,Transway1C,Tri519750,0,764,165462,0,0
17,1227,1213144,Transway1C,Tri519750,0,113181,165462,0,0
17,1225,1213145,Transway1C,Tri519749,0,765,165462,0,0
17,1227,1213146,Transway1C,Tri519749,0,113182,165462,0,0
17,1225,1213147,Transway1C,Tri519748,0,764,165462,0,0
17,1227,1213148,Transway1C,Tri519748,0,113181,165462,0,0
17,1225,1213173,Transway1C,Tri519745,1,764,165474,0,0
17,1227,1213174,Transway1C,Tri519745,1,113181,165474,0,0
17,1225,1213175,Transway1C,Tri519744,1,767,165474,0,0
17,1227,1213176,Transway1C,Tri519744,1,113183,165474,0,0
17,1225,1213177,Transway1C,Tri519743,1,765,165474,0,0
17,1227,1213178,Transway1C,Tri519743,1,113182,165474,0,0
17,1225,1213179,Transway1C,Tri519742,1,759,165474,0,0
17,1227,1213180,Transway1C,Tri519742,1,113184,165474,0,0
17,1225,1213181,Transway1C,Tri519741,1,764,165474,0,0
17,1227,1213182,Transway1C,Tri519741,1,113181,165474,0,0
17,1225,1213183,Transway1C,Tri519740,1,767,165474,0,0
17,1227,1213184,Transway1C,Tri519740,1,113183,165474,0,0
17,1225,1213185,Transway1C,Tri519739,1,765,165474,0,0
17,1227,1213186,Transway1C,Tri519739,1,113182,165474,0,0
17,1225,1213187,Transway1C,Tri519738,1,759,165474,0,0
17,1227,1213188,Transway1C,Tri519738,1,113184,165474,0,0
17,1225,1213189,Transway1C,Tri519737,1,764,165474,0,0
17,1227,1213190,Transway1C,Tri519737,1,113181,165474,0,0
17,1225,1213191,Transway1C,Tri519736,1,767,165474,0,0
17,1227,1213192,Transway1C,Tri519736,1,113183,165474,0,0
17,1225,1213193,Transway1C,Tri519735,1,765,165474,0,0
17,1227,1213194,Transway1C,Tri519735,1,113182,165474,0,0
17,1225,1213195,Transway1C,Tri519734,1,759,165474,0,0
17,1227,1213196,Transway1C,Tri519734,1,113184,165474,0,0
17,1225,1213197,Transway1C,Tri519733,1,764,165474,0,0
17,1227,1213198,Transway1C,Tri519733,1,113181,165474,0,0
17,1225,1213199,Transway1C,Tri519732,1,767,165474,0,0
17,1227,1213200,Transway1C,Tri519732,1,113183,165474,0,0
17,1225,1213201,Transway1C,Tri519731,1,765,165474,0,0
17,1227,1213202,Transway1C,Tri519731,1,113182,165474,0,0
17,1225,1213490,Transway1C,Tri519730,1,764,165474,0,0
17,1227,1213491,Transway1C,Tri519730,1,113181,165474,0,0
17,1225,1213492,Transway1C,Tri519729,1,765,165474,0,0
17,1227,1213493,Transway1C,Tri519729,1,113182,165474,0,0
17,1225,1213494,Transway1C,Tri519728,1,764,165474,0,0
17,1227,1213495,Transway1C,Tri519728,1,113181,165474,0,0
17,1227,1213666,NotinService,Tri929422,1,113181,165470,0,0
17,1225,1213667,NotinService,Tri929422,1,764,165470,0,0
17,1227,1213678,Transway1C,Tri519752,0,113181,165462,0,0
17,1225,1213679,Transway1C,Tri519752,0,764,165462,0,0
17,1227,1213680,Transway1C,Tri519753,0,113184,165462,0,0
17,1225,1213681,Transway1C,Tri519753,0,759,165462,0,0
17,1227,1213682,Transway1C,Tri519754,0,113182,165462,0,0
17,1225,1213683,Transway1C,Tri519754,0,765,165462,0,0
17,1227,1213684,Transway1C,Tri519755,0,113183,165462,0,0
17,1225,1213685,Transway1C,Tri519755,0,767,165462,0,0
17,1227,1213686,Transway1C,Tri519756,0,113181,165462,0,0
17,1225,1213687,Transway1C,Tri519756,0,764,165462,0,0
17,1227,1213688,Transway1C,Tri519757,0,113184,165462,0,0
17,1225,1213689,Transway1C,Tri519757,0,759,165462,0,0
17,1227,1213690,Transway1C,Tri519758,0,113182,165462,0,0
17,1225,1213691,Transway1C,Tri519758,0,765,165462,0,0
17,1227,1213692,Transway1C,Tri519759,0,113183,165462,0,0
17,1225,1213693,Transway1C,Tri519759,0,767,165462,0,0
17,1227,1213694,Transway1C,Tri519760,0,113181,165462,0,0
17,1225,1213695,Transway1C,Tri519760,0,764,165462,0,0
17,1227,1213696,Transway1C,Tri519761,0,113184,165462,0,0
17,1225,1213697,Transway1C,Tri519761,0,759,165462,0,0
17,1227,1213698,Transway1C,Tri519762,0,113182,165462,0,0
17,1225,1213699,Transway1C,Tri519762,0,765,165462,0,0
17,1227,1213700,Transway1C,Tri519763,0,113183,165462,0,0
17,1225,1213701,Transway1C,Tri519763,0,767,165462,0,0
17,1227,1213702,Transway1C,Tri519764,0,113181,165462,0,0
17,1225,1213703,Transway1C,Tri519764,0,764,165462,0,0
17,1227,1213704,Transway1C,Tri519765,0,113184,165462,0,0
17,1225,1213705,Transway1C,Tri519765,0,759,165462,0,0
17,1227,1213706,Transway1C,Tri519766,0,113182,165462,0,0
17,1225,1213707,Transway1C,Tri519766,0,765,165462,0,0
17,1228,1216153,Transway1C,Tri1159959,0,1038,165467,0,0
17,1229,1216154,Transway1C,Tri1159959,0,1185,165467,0,0
17,1230,1216155,Transway1C,Tri1159959,0,1334,165467,0,0
17,1231,1216156,Transway1C,Tri1159959,0,1484,165467,0,0
17,1232,1216157,Transway1C,Tri1159959,0,1633,165467,0,0
17,1228,1216773,Transway1C,Tri1159960,0,1034,165462,0,0
17,1229,1216774,Transway1C,Tri1159960,0,1181,165462,0,0
17,1230,1216775,Transway1C,Tri1159960,0,1330,165462,0,0
17,1231,1216776,Transway1C,Tri1159960,0,1480,165462,0,0
17,1232,1216777,Transway1C,Tri1159960,0,1629,165462,0,0
17,1228,1217718,Transway1C,Tri1160131,1,1035,165474,0,0
17,1229,1217719,Transway1C,Tri1160131,1,1182,165474,0,0
17,1230,1217720,Transway1C,Tri1160131,1,1331,165474,0,0
17,1231,1217721,Transway1C,Tri1160131,1,1481,165474,0,0
17,1232,1217722,Transway1C,Tri1160131,1,1630,165474,0,0
17,1228,1217723,Transway1C,Tri1160132,1,1037,165474,0,0
17,1229,1217724,Transway1C,Tri1160132,1,1184,165474,0,0
17,1230,1217725,Transway1C,Tri1160132,1,1333,165474,0,0
17,1231,1217726,Transway1C,Tri1160132,1,1483,165474,0,0
17,1232,1217727,Transway1C,Tri1160132,1,1632,165474,0,0
17,1228,1217728,Transway1C,Tri1160133,1,1039,165474,0,0
17,1229,1217729,Transway1C,Tri1160133,1,1186,165474,0,0
17,1230,1217730,Transway1C,Tri1160133,1,1335,165474,0,0
17,1231,1217731,Transway1C,Tri1160133,1,1485,165474,0,0
17,1232,1217732,Transway1C,Tri1160133,1,1634,165474,0,0
17,1228,1217733,Transway1C,Tri1160134,1,1034,165474,0,0
17,1229,1217734,Transway1C,Tri1160134,1,1181,165474,0,0
17,1230,1217735,Transway1C,Tri1160134,1,1330,165474,0,0
17,1231,1217736,Transway1C,Tri1160134,1,1480,165474,0,0
17,1232,1217737,Transway1C,Tri1160134,1,1629,165474,0,0
17,1228,1217738,Transway1C,Tri1160135,1,1042,165474,0,0
17,1229,1217739,Transway1C,Tri1160135,1,1189,165474,0,0
17,1230,1217740,Transway1C,Tri1160135,1,1338,165474,0,0
17,1231,1217741,Transway1C,Tri1160135,1,1488,165474,0,0
17,1232,1217742,Transway1C,Tri1160135,1,1637,165474,0,0
17,1228,1217743,Transway1C,Tri1160136,1,1038,165474,0,0
17,1229,1217744,Transway1C,Tri1160136,1,1185,165474,0,0
17,1230,1217745,Transway1C,Tri1160136,1,1334,165474,0,0
17,1231,1217746,Transway1C,Tri1160136,1,1484,165474,0,0
17,1232,1217747,Transway1C,Tri1160136,1,1633,165474,0,0
17,1228,1217748,Transway1C,Tri1160137,1,1036,165474,0,0
17,1229,1217749,Transway1C,Tri1160137,1,1183,165474,0,0
17,1230,1217750,Transway1C,Tri1160137,1,1332,165474,0,0
17,1231,1217751,Transway1C,Tri1160137,1,1482,165474,0,0
17,1232,1217752,Transway1C,Tri1160137,1,1631,165474,0,0
17,1228,1217753,Transway1C,Tri1160138,1,1045,165474,0,0
17,1229,1217754,Transway1C,Tri1160138,1,1192,165474,0,0
17,1230,1217755,Transway1C,Tri1160138,1,1341,165474,0,0
17,1231,1217756,Transway1C,Tri1160138,1,1491,165474,0,0
17,1232,1217757,Transway1C,Tri1160138,1,1640,165474,0,0
17,1228,1217758,Transway1C,Tri1160139,1,1040,165474,0,0
17,1229,1217759,Transway1C,Tri1160139,1,1187,165474,0,0
17,1230,1217760,Transway1C,Tri1160139,1,1336,165474,0,0
17,1231,1217761,Transway1C,Tri1160139,1,1486,165474,0,0
17,1232,1217762,Transway1C,Tri1160139,1,1635,165474,0,0
17,1228,1217763,Transway1C,Tri1160140,1,1041,165474,0,0
17,1229,1217764,Transway1C,Tri1160140,1,1188,165474,0,0
17,1230,1217765,Transway1C,Tri1160140,1,1337,165474,0,0
17,1231,1217766,Transway1C,Tri1160140,1,1487,165474,0,0
17,1232,1217767,Transway1C,Tri1160140,1,1636,165474,0,0
17,1228,1217768,Transway1C,Tri1160141,1,1047,165474,0,0
17,1229,1217769,Transway1C,Tri1160141,1,1194,165474,0,0
17,1230,1217770,Transway1C,Tri1160141,1,1343,165474,0,0
17,1231,1217771,Transway1C,Tri1160141,1,1493,165474,0,0
17,1232,1217772,Transway1C,Tri1160141,1,1642,165474,0,0
17,1228,1217773,Transway1C,Tri1160142,1,1035,165474,0,0
17,1229,1217774,Transway1C,Tri1160142,1,1182,165474,0,0
17,1230,1217775,Transway1C,Tri1160142,1,1331,165474,0,0
17,1231,1217776,Transway1C,Tri1160142,1,1481,165474,0,0
17,1232,1217777,Transway1C,Tri1160142,1,1630,165474,0,0
17,1228,1217778,Transway1C,Tri1160143,1,1043,165474,0,0
17,1229,1217779,Transway1C,Tri1160143,1,1190,165474,0,0
17,1230,1217780,Transway1C,Tri1160143,1,1339,165474,0,0
17,1231,1217781,Transway1C,Tri1160143,1,1489,165474,0,0
17,1232,1217782,Transway1C,Tri1160143,1,1638,165474,0,0
17,1228,1217783,Transway1C,Tri1160144,1,1044,165474,0,0
17,1229,1217784,Transway1C,Tri1160144,1,1191,165474,0,0
17,1230,1217785,Transway1C,Tri1160144,1,1340,165474,0,0
17,1231,1217786,Transway1C,Tri1160144,1,1490,165474,0,0
17,1232,1217787,Transway1C,Tri1160144,1,1639,165474,0,0
17,1228,1217788,Transway1C,Tri1160145,1,1037,165474,0,0
17,1229,1217789,Transway1C,Tri1160145,1,1184,165474,0,0
17,1230,1217790,Transway1C,Tri1160145,1,1333,165474,0,0
17,1231,1217791,Transway1C,Tri1160145,1,1483,165474,0,0
17,1232,1217792,Transway1C,Tri1160145,1,1632,165474,0,0
17,1228,1217793,Transway1C,Tri1160146,1,1039,165474,0,0
17,1229,1217794,Transway1C,Tri1160146,1,1186,165474,0,0
17,1230,1217795,Transway1C,Tri1160146,1,1335,165474,0,0
17,1231,1217796,Transway1C,Tri1160146,1,1485,165474,0,0
17,1232,1217797,Transway1C,Tri1160146,1,1634,165474,0,0
17,1228,1217798,Transway1C,Tri1160147,1,1046,165474,0,0
17,1229,1217799,Transway1C,Tri1160147,1,1193,165474,0,0
17,1230,1217800,Transway1C,Tri1160147,1,1342,165474,0,0
17,1231,1217801,Transway1C,Tri1160147,1,1492,165474,0,0
17,1232,1217802,Transway1C,Tri1160147,1,1641,165474,0,0
17,1228,1217803,Transway1C,Tri1160148,1,1034,165474,0,0
17,1229,1217804,Transway1C,Tri1160148,1,1181,165474,0,0
17,1230,1217805,Transway1C,Tri1160148,1,1330,165474,0,0
17,1231,1217806,Transway1C,Tri1160148,1,1480,165474,0,0
17,1232,1217807,Transway1C,Tri1160148,1,1629,165474,0,0
17,1228,1217808,Transway1C,Tri1160149,1,1042,165474,0,0
17,1229,1217809,Transway1C,Tri1160149,1,1189,165474,0,0
17,1230,1217810,Transway1C,Tri1160149,1,1338,165474,0,0
17,1231,1217811,Transway1C,Tri1160149,1,1488,165474,0,0
17,1232,1217812,Transway1C,Tri1160149,1,1637,165474,0,0
17,1228,1217813,Transway1C,Tri1160150,1,1048,165474,0,0
17,1229,1217814,Transway1C,Tri1160150,1,1195,165474,0,0
17,1230,1217815,Transway1C,Tri1160150,1,1344,165474,0,0
17,1231,1217816,Transway1C,Tri1160150,1,1494,165474,0,0
17,1232,1217817,Transway1C,Tri1160150,1,1643,165474,0,0
17,1228,1217818,Transway1C,Tri1160151,1,1038,165474,0,0
17,1229,1217819,Transway1C,Tri1160151,1,1185,165474,0,0
17,1230,1217820,Transway1C,Tri1160151,1,1334,165474,0,0
17,1231,1217821,Transway1C,Tri1160151,1,1484,165474,0,0
17,1232,1217822,Transway1C,Tri1160151,1,1633,165474,0,0
17,1228,1217823,Transway1C,Tri1160152,1,1036,165474,0,0
17,1229,1217824,Transway1C,Tri1160152,1,1183,165474,0,0
17,1230,1217825,Transway1C,Tri1160152,1,1332,165474,0,0
17,1231,1217826,Transway1C,Tri1160152,1,1482,165474,0,0
17,1232,1217827,Transway1C,Tri1160152,1,1631,165474,0,0
17,1228,1217828,Transway1C,Tri1160153,1,1045,165474,0,0
17,1229,1217829,Transway1C,Tri1160153,1,1192,165474,0,0
17,1230,1217830,Transway1C,Tri1160153,1,1341,165474,0,0
17,1231,1217831,Transway1C,Tri1160153,1,1491,165474,0,0
17,1232,1217832,Transway1C,Tri1160153,1,1640,165474,0,0
17,1228,1217833,Transway1C,Tri1160154,1,1040,165474,0,0
17,1229,1217834,Transway1C,Tri1160154,1,1187,165474,0,0
17,1230,1217835,Transway1C,Tri1160154,1,1336,165474,0,0
17,1231,1217836,Transway1C,Tri1160154,1,1486,165474,0,0
17,1232,1217837,Transway1C,Tri1160154,1,1635,165474,0,0
17,1228,1217838,Transway1C,Tri1160155,1,1041,165474,0,0
17,1229,1217839,Transway1C,Tri1160155,1,1188,165474,0,0
17,1230,1217840,Transway1C,Tri1160155,1,1337,165474,0,0
17,1231,1217841,Transway1C,Tri1160155,1,1487,165474,0,0
17,1232,1217842,Transway1C,Tri1160155,1,1636,165474,0,0
17,1228,1217843,Transway1C,Tri1160156,1,1047,165474,0,0
17,1229,1217844,Transway1C,Tri1160156,1,1194,165474,0,0
17,1230,1217845,Transway1C,Tri1160156,1,1343,165474,0,0
17,1231,1217846,Transway1C,Tri1160156,1,1493,165474,0,0
17,1232,1217847,Transway1C,Tri1160156,1,1642,165474,0,0
17,1228,1217848,Transway1C,Tri1160157,1,1035,165474,0,0
17,1229,1217849,Transway1C,Tri1160157,1,1182,165474,0,0
17,1230,1217850,Transway1C,Tri1160157,1,1331,165474,0,0
17,1231,1217851,Transway1C,Tri1160157,1,1481,165474,0,0
17,1232,1217852,Transway1C,Tri1160157,1,1630,165474,0,0
17,1228,1217853,Transway1C,Tri1160158,1,1043,165474,0,0
17,1229,1217854,Transway1C,Tri1160158,1,1190,165474,0,0
17,1230,1217855,Transway1C,Tri1160158,1,1339,165474,0,0
17,1231,1217856,Transway1C,Tri1160158,1,1489,165474,0,0
17,1232,1217857,Transway1C,Tri1160158,1,1638,165474,0,0
17,1228,1217858,Transway1C,Tri1160159,1,1044,165474,0,0
17,1229,1217859,Transway1C,Tri1160159,1,1191,165474,0,0
17,1230,1217860,Transway1C,Tri1160159,1,1340,165474,0,0
17,1231,1217861,Transway1C,Tri1160159,1,1490,165474,0,0
17,1232,1217862,Transway1C,Tri1160159,1,1639,165474,0,0
17,1228,1217863,Transway1C,Tri1160160,1,1037,165474,0,0
17,1229,1217864,Transway1C,Tri1160160,1,1184,165474,0,0
17,1230,1217865,Transway1C,Tri1160160,1,1333,165474,0,0
17,1231,1217866,Transway1C,Tri1160160,1,1483,165474,0,0
17,1232,1217867,Transway1C,Tri1160160,1,1632,165474,0,0
17,1228,1217868,Transway1C,Tri1160161,1,1039,165474,0,0
17,1229,1217869,Transway1C,Tri1160161,1,1186,165474,0,0
17,1230,1217870,Transway1C,Tri1160161,1,1335,165474,0,0
17,1231,1217871,Transway1C,Tri1160161,1,1485,165474,0,0
17,1232,1217872,Transway1C,Tri1160161,1,1634,165474,0,0
17,1228,1217873,Transway1C,Tri1160162,1,1046,165474,0,0
17,1229,1217874,Transway1C,Tri1160162,1,1193,165474,0,0
17,1230,1217875,Transway1C,Tri1160162,1,1342,165474,0,0
17,1231,1217876,Transway1C,Tri1160162,1,1492,165474,0,0
17,1232,1217877,Transway1C,Tri1160162,1,1641,165474,0,0
17,1228,1217878,Transway1C,Tri1160163,1,1034,165474,0,0
17,1229,1217879,Transway1C,Tri1160163,1,1181,165474,0,0
17,1230,1217880,Transway1C,Tri1160163,1,1330,165474,0,0
17,1231,1217881,Transway1C,Tri1160163,1,1480,165474,0,0
17,1232,1217882,Transway1C,Tri1160163,1,1629,165474,0,0
17,1228,1217883,Transway1C,Tri1160164,1,1042,165474,0,0
17,1229,1217884,Transway1C,Tri1160164,1,1189,165474,0,0
17,1230,1217885,Transway1C,Tri1160164,1,1338,165474,0,0
17,1231,1217886,Transway1C,Tri1160164,1,1488,165474,0,0
17,1232,1217887,Transway1C,Tri1160164,1,1637,165474,0,0
17,1228,1217888,Transway1C,Tri1160165,1,1048,165474,0,0
17,1229,1217889,Transway1C,Tri1160165,1,1195,165474,0,0
17,1230,1217890,Transway1C,Tri1160165,1,1344,165474,0,0
17,1231,1217891,Transway1C,Tri1160165,1,1494,165474,0,0
17,1232,1217892,Transway1C,Tri1160165,1,1643,165474,0,0
17,1228,1217893,Transway1C,Tri1160166,1,1038,165474,0,0
17,1229,1217894,Transway1C,Tri1160166,1,1185,165474,0,0
17,1230,1217895,Transway1C,Tri1160166,1,1334,165474,0,0
17,1231,1217896,Transway1C,Tri1160166,1,1484,165474,0,0
17,1232,1217897,Transway1C,Tri1160166,1,1633,165474,0,0
17,1228,1217898,Transway1C,Tri1160167,1,1036,165474,0,0
17,1229,1217899,Transway1C,Tri1160167,1,1183,165474,0,0
17,1230,1217900,Transway1C,Tri1160167,1,1332,165474,0,0
17,1231,1217901,Transway1C,Tri1160167,1,1482,165474,0,0
17,1232,1217902,Transway1C,Tri1160167,1,1631,165474,0,0
17,1228,1217903,Transway1C,Tri1160168,1,1045,165474,0,0
17,1229,1217904,Transway1C,Tri1160168,1,1192,165474,0,0
17,1230,1217905,Transway1C,Tri1160168,1,1341,165474,0,0
17,1231,1217906,Transway1C,Tri1160168,1,1491,165474,0,0
17,1232,1217907,Transway1C,Tri1160168,1,1640,165474,0,0
17,1228,1217908,Transway1C,Tri1160169,1,1040,165474,0,0
17,1229,1217909,Transway1C,Tri1160169,1,1187,165474,0,0
17,1230,1217910,Transway1C,Tri1160169,1,1336,165474,0,0
17,1231,1217911,Transway1C,Tri1160169,1,1486,165474,0,0
17,1232,1217912,Transway1C,Tri1160169,1,1635,165474,0,0
17,1228,1217913,Transway1C,Tri1160170,1,1041,165474,0,0
17,1229,1217914,Transway1C,Tri1160170,1,1188,165474,0,0
17,1230,1217915,Transway1C,Tri1160170,1,1337,165474,0,0
17,1231,1217916,Transway1C,Tri1160170,1,1487,165474,0,0
17,1232,1217917,Transway1C,Tri1160170,1,1636,165474,0,0
17,1228,1217918,Transway1C,Tri1160171,1,1047,165474,0,0
17,1229,1217919,Transway1C,Tri1160171,1,1194,165474,0,0
17,1230,1217920,Transway1C,Tri1160171,1,1343,165474,0,0
17,1231,1217921,Transway1C,Tri1160171,1,1493,165474,0,0
17,1232,1217922,Transway1C,Tri1160171,1,1642,165474,0,0
17,1228,1217923,Transway1C,Tri1160172,1,1035,165474,0,0
17,1229,1217924,Transway1C,Tri1160172,1,1182,165474,0,0
17,1230,1217925,Transway1C,Tri1160172,1,1331,165474,0,0
17,1231,1217926,Transway1C,Tri1160172,1,1481,165474,0,0
17,1232,1217927,Transway1C,Tri1160172,1,1630,165474,0,0
17,1228,1217928,Transway1C,Tri1160173,1,1043,165474,0,0
17,1229,1217929,Transway1C,Tri1160173,1,1190,165474,0,0
17,1230,1217930,Transway1C,Tri1160173,1,1339,165474,0,0
17,1231,1217931,Transway1C,Tri1160173,1,1489,165474,0,0
17,1232,1217932,Transway1C,Tri1160173,1,1638,165474,0,0
17,1228,1217933,Transway1C,Tri1160174,1,1044,165474,0,0
17,1229,1217934,Transway1C,Tri1160174,1,1191,165474,0,0
17,1230,1217935,Transway1C,Tri1160174,1,1340,165474,0,0
17,1231,1217936,Transway1C,Tri1160174,1,1490,165474,0,0
17,1232,1217937,Transway1C,Tri1160174,1,1639,165474,0,0
17,1228,1217938,Transway1C,Tri1160175,1,1037,165474,0,0
17,1229,1217939,Transway1C,Tri1160175,1,1184,165474,0,0
17,1230,1217940,Transway1C,Tri1160175,1,1333,165474,0,0
17,1231,1217941,Transway1C,Tri1160175,1,1483,165474,0,0
17,1232,1217942,Transway1C,Tri1160175,1,1632,165474,0,0
17,1228,1217943,Transway1C,Tri1160176,1,1039,165474,0,0
17,1229,1217944,Transway1C,Tri1160176,1,1186,165474,0,0
17,1230,1217945,Transway1C,Tri1160176,1,1335,165474,0,0
17,1231,1217946,Transway1C,Tri1160176,1,1485,165474,0,0
17,1232,1217947,Transway1C,Tri1160176,1,1634,165474,0,0
17,1228,1217948,Transway1C,Tri1160177,1,1046,165474,0,0
17,1229,1217949,Transway1C,Tri1160177,1,1193,165474,0,0
17,1230,1217950,Transway1C,Tri1160177,1,1342,165474,0,0
17,1231,1217951,Transway1C,Tri1160177,1,1492,165474,0,0
17,1232,1217952,Transway1C,Tri1160177,1,1641,165474,0,0
17,1228,1217953,Transway1C,Tri1160178,1,1034,165474,0,0
17,1229,1217954,Transway1C,Tri1160178,1,1181,165474,0,0
17,1230,1217955,Transway1C,Tri1160178,1,1330,165474,0,0
17,1231,1217956,Transway1C,Tri1160178,1,1480,165474,0,0
17,1232,1217957,Transway1C,Tri1160178,1,1629,165474,0,0
17,1228,1217958,Transway1C,Tri1160179,1,1042,165474,0,0
17,1229,1217959,Transway1C,Tri1160179,1,1189,165474,0,0
17,1230,1217960,Transway1C,Tri1160179,1,1338,165474,0,0
17,1231,1217961,Transway1C,Tri1160179,1,1488,165474,0,0
17,1232,1217962,Transway1C,Tri1160179,1,1637,165474,0,0
17,1228,1217963,Transway1C,Tri1160180,1,1048,165474,0,0
17,1229,1217964,Transway1C,Tri1160180,1,1195,165474,0,0
17,1230,1217965,Transway1C,Tri1160180,1,1344,165474,0,0
17,1231,1217966,Transway1C,Tri1160180,1,1494,165474,0,0
17,1232,1217967,Transway1C,Tri1160180,1,1643,165474,0,0
17,1228,1217968,Transway1C,Tri1160181,1,1038,165474,0,0
17,1229,1217969,Transway1C,Tri1160181,1,1185,165474,0,0
17,1230,1217970,Transway1C,Tri1160181,1,1334,165474,0,0
17,1231,1217971,Transway1C,Tri1160181,1,1484,165474,0,0
17,1232,1217972,Transway1C,Tri1160181,1,1633,165474,0,0
17,1228,1217973,Transway1C,Tri1160182,1,1036,165474,0,0
17,1229,1217974,Transway1C,Tri1160182,1,1183,165474,0,0
17,1230,1217975,Transway1C,Tri1160182,1,1332,165474,0,0
17,1231,1217976,Transway1C,Tri1160182,1,1482,165474,0,0
17,1232,1217977,Transway1C,Tri1160182,1,1631,165474,0,0
17,1228,1217978,Transway1C,Tri1160183,1,1045,165474,0,0
17,1229,1217979,Transway1C,Tri1160183,1,1192,165474,0,0
17,1230,1217980,Transway1C,Tri1160183,1,1341,165474,0,0
17,1231,1217981,Transway1C,Tri1160183,1,1491,165474,0,0
17,1232,1217982,Transway1C,Tri1160183,1,1640,165474,0,0
17,1228,1217983,Transway1C,Tri1160184,1,1040,165474,0,0
17,1229,1217984,Transway1C,Tri1160184,1,1187,165474,0,0
17,1230,1217985,Transway1C,Tri1160184,1,1336,165474,0,0
17,1231,1217986,Transway1C,Tri1160184,1,1486,165474,0,0
17,1232,1217987,Transway1C,Tri1160184,1,1635,165474,0,0
17,1228,1217988,Transway1C,Tri1160185,1,1041,165474,0,0
17,1229,1217989,Transway1C,Tri1160185,1,1188,165474,0,0
17,1230,1217990,Transway1C,Tri1160185,1,1337,165474,0,0
17,1231,1217991,Transway1C,Tri1160185,1,1487,165474,0,0
17,1232,1217992,Transway1C,Tri1160185,1,1636,165474,0,0
17,1228,1217993,Transway1C,Tri1160186,1,1047,165474,0,0
17,1229,1217994,Transway1C,Tri1160186,1,1194,165474,0,0
17,1230,1217995,Transway1C,Tri1160186,1,1343,165474,0,0
17,1231,1217996,Transway1C,Tri1160186,1,1493,165474,0,0
17,1232,1217997,Transway1C,Tri1160186,1,1642,165474,0,0
17,1228,1217998,Transway1C,Tri1160187,1,1035,165474,0,0
17,1229,1217999,Transway1C,Tri1160187,1,1182,165474,0,0
17,1230,1218000,Transway1C,Tri1160187,1,1331,165474,0,0
17,1231,1218001,Transway1C,Tri1160187,1,1481,165474,0,0
17,1232,1218002,Transway1C,Tri1160187,1,1630,165474,0,0
17,1228,1218003,Transway1C,Tri1160188,1,1043,165474,0,0
17,1229,1218004,Transway1C,Tri1160188,1,1190,165474,0,0
17,1230,1218005,Transway1C,Tri1160188,1,1339,165474,0,0
17,1231,1218006,Transway1C,Tri1160188,1,1489,165474,0,0
17,1232,1218007,Transway1C,Tri1160188,1,1638,165474,0,0
17,1228,1218008,Transway1C,Tri1160189,1,1044,165474,0,0
17,1229,1218009,Transway1C,Tri1160189,1,1191,165474,0,0
17,1230,1218010,Transway1C,Tri1160189,1,1340,165474,0,0
17,1231,1218011,Transway1C,Tri1160189,1,1490,165474,0,0
17,1232,1218012,Transway1C,Tri1160189,1,1639,165474,0,0
17,1228,1218013,Transway1C,Tri1160190,1,1037,165474,0,0
17,1229,1218014,Transway1C,Tri1160190,1,1184,165474,0,0
17,1230,1218015,Transway1C,Tri1160190,1,1333,165474,0,0
17,1231,1218016,Transway1C,Tri1160190,1,1483,165474,0,0
17,1232,1218017,Transway1C,Tri1160190,1,1632,165474,0,0
17,1228,1218018,Transway1C,Tri1160191,1,1039,165474,0,0
17,1229,1218019,Transway1C,Tri1160191,1,1186,165474,0,0
17,1230,1218020,Transway1C,Tri1160191,1,1335,165474,0,0
17,1231,1218021,Transway1C,Tri1160191,1,1485,165474,0,0
17,1232,1218022,Transway1C,Tri1160191,1,1634,165474,0,0
17,1228,1218023,Transway1C,Tri1160192,1,1046,165474,0,0
17,1229,1218024,Transway1C,Tri1160192,1,1193,165474,0,0
17,1230,1218025,Transway1C,Tri1160192,1,1342,165474,0,0
17,1231,1218026,Transway1C,Tri1160192,1,1492,165474,0,0
17,1232,1218027,Transway1C,Tri1160192,1,1641,165474,0,0
17,1228,1218028,Transway1C,Tri1160193,1,1034,165474,0,0
17,1229,1218029,Transway1C,Tri1160193,1,1181,165474,0,0
17,1230,1218030,Transway1C,Tri1160193,1,1330,165474,0,0
17,1231,1218031,Transway1C,Tri1160193,1,1480,165474,0,0
17,1232,1218032,Transway1C,Tri1160193,1,1629,165474,0,0
17,1228,1218033,Transway1C,Tri1160194,1,1042,165474,0,0
17,1229,1218034,Transway1C,Tri1160194,1,1189,165474,0,0
17,1230,1218035,Transway1C,Tri1160194,1,1338,165474,0,0
17,1231,1218036,Transway1C,Tri1160194,1,1488,165474,0,0
17,1232,1218037,Transway1C,Tri1160194,1,1637,165474,0,0
17,1228,1218038,Transway1C,Tri1160195,1,1048,165474,0,0
17,1229,1218039,Transway1C,Tri1160195,1,1195,165474,0,0
17,1230,1218040,Transway1C,Tri1160195,1,1344,165474,0,0
17,1231,1218041,Transway1C,Tri1160195,1,1494,165474,0,0
17,1232,1218042,Transway1C,Tri1160195,1,1643,165474,0,0
17,1228,1218043,Transway1C,Tri1160196,1,1038,165474,0,0
17,1229,1218044,Transway1C,Tri1160196,1,1185,165474,0,0
17,1230,1218045,Transway1C,Tri1160196,1,1334,165474,0,0
17,1231,1218046,Transway1C,Tri1160196,1,1484,165474,0,0
17,1232,1218047,Transway1C,Tri1160196,1,1633,165474,0,0
17,1228,1218048,Transway1C,Tri1160197,1,1036,165474,0,0
17,1229,1218049,Transway1C,Tri1160197,1,1183,165474,0,0
17,1230,1218050,Transway1C,Tri1160197,1,1332,165474,0,0
17,1231,1218051,Transway1C,Tri1160197,1,1482,165474,0,0
17,1232,1218052,Transway1C,Tri1160197,1,1631,165474,0,0
17,1228,1218053,Transway1C,Tri1160198,1,1045,165474,0,0
17,1229,1218054,Transway1C,Tri1160198,1,1192,165474,0,0
17,1230,1218055,Transway1C,Tri1160198,1,1341,165474,0,0
17,1231,1218056,Transway1C,Tri1160198,1,1491,165474,0,0
17,1232,1218057,Transway1C,Tri1160198,1,1640,165474,0,0
17,1228,1218058,Transway1C,Tri1160199,1,1040,165474,0,0
17,1229,1218059,Transway1C,Tri1160199,1,1187,165474,0,0
17,1230,1218060,Transway1C,Tri1160199,1,1336,165474,0,0
17,1231,1218061,Transway1C,Tri1160199,1,1486,165474,0,0
17,1232,1218062,Transway1C,Tri1160199,1,1635,165474,0,0
17,1228,1218063,Transway1C,Tri1160200,1,1041,165474,0,0
17,1229,1218064,Transway1C,Tri1160200,1,1188,165474,0,0
17,1230,1218065,Transway1C,Tri1160200,1,1337,165474,0,0
17,1231,1218066,Transway1C,Tri1160200,1,1487,165474,0,0
17,1232,1218067,Transway1C,Tri1160200,1,1636,165474,0,0
17,1228,1218068,Transway1C,Tri1160201,1,1047,165474,0,0
17,1229,1218069,Transway1C,Tri1160201,1,1194,165474,0,0
17,1230,1218070,Transway1C,Tri1160201,1,1343,165474,0,0
17,1231,1218071,Transway1C,Tri1160201,1,1493,165474,0,0
17,1232,1218072,Transway1C,Tri1160201,1,1642,165474,0,0
17,1228,1218073,Transway1C,Tri1160202,1,1035,165474,0,0
17,1229,1218074,Transway1C,Tri1160202,1,1182,165474,0,0
17,1230,1218075,Transway1C,Tri1160202,1,1331,165474,0,0
17,1231,1218076,Transway1C,Tri1160202,1,1481,165474,0,0
17,1232,1218077,Transway1C,Tri1160202,1,1630,165474,0,0
17,1228,1218078,Transway1C,Tri1160229,1,1043,165474,0,0
17,1229,1218079,Transway1C,Tri1160229,1,1190,165474,0,0
17,1230,1218080,Transway1C,Tri1160229,1,1339,165474,0,0
17,1231,1218081,Transway1C,Tri1160229,1,1489,165474,0,0
17,1232,1218082,Transway1C,Tri1160229,1,1638,165474,0,0
17,1228,1218083,Transway1C,Tri1160230,1,1037,165474,0,0
17,1229,1218084,Transway1C,Tri1160230,1,1184,165474,0,0
17,1230,1218085,Transway1C,Tri1160230,1,1333,165474,0,0
17,1231,1218086,Transway1C,Tri1160230,1,1483,165474,0,0
17,1232,1218087,Transway1C,Tri1160230,1,1632,165474,0,0
17,1228,1218088,Transway1C,Tri1160231,1,1039,165474,0,0
17,1229,1218089,Transway1C,Tri1160231,1,1186,165474,0,0
17,1230,1218090,Transway1C,Tri1160231,1,1335,165474,0,0
17,1231,1218091,Transway1C,Tri1160231,1,1485,165474,0,0
17,1232,1218092,Transway1C,Tri1160231,1,1634,165474,0,0
17,1228,1218093,Transway1C,Tri1160232,1,1034,165474,0,0
17,1229,1218094,Transway1C,Tri1160232,1,1181,165474,0,0
17,1230,1218095,Transway1C,Tri1160232,1,1330,165474,0,0
17,1231,1218096,Transway1C,Tri1160232,1,1480,165474,0,0
17,1232,1218097,Transway1C,Tri1160232,1,1629,165474,0,0
17,1228,1218098,Transway1C,Tri1160233,1,1038,165474,0,0
17,1229,1218099,Transway1C,Tri1160233,1,1185,165474,0,0
17,1230,1218100,Transway1C,Tri1160233,1,1334,165474,0,0
17,1231,1218101,Transway1C,Tri1160233,1,1484,165474,0,0
17,1232,1218102,Transway1C,Tri1160233,1,1633,165474,0,0
17,1228,1218103,Transway1C,Tri1160234,1,1040,165474,0,0
17,1229,1218104,Transway1C,Tri1160234,1,1187,165474,0,0
17,1230,1218105,Transway1C,Tri1160234,1,1336,165474,0,0
17,1231,1218106,Transway1C,Tri1160234,1,1486,165474,0,0
17,1232,1218107,Transway1C,Tri1160234,1,1635,165474,0,0
17,1228,1218108,Transway1C,Tri1160235,1,1035,165474,0,0
17,1229,1218109,Transway1C,Tri1160235,1,1182,165474,0,0
17,1230,1218110,Transway1C,Tri1160235,1,1331,165474,0,0
17,1231,1218111,Transway1C,Tri1160235,1,1481,165474,0,0
17,1232,1218112,Transway1C,Tri1160235,1,1630,165474,0,0
17,1228,1218113,Transway1C,Tri1160236,1,1037,165474,0,0
17,1229,1218114,Transway1C,Tri1160236,1,1184,165474,0,0
17,1230,1218115,Transway1C,Tri1160236,1,1333,165474,0,0
17,1231,1218116,Transway1C,Tri1160236,1,1483,165474,0,0
17,1232,1218117,Transway1C,Tri1160236,1,1632,165474,0,0
17,1228,1218118,Transway1C,Tri1160237,1,1034,165474,0,0
17,1229,1218119,Transway1C,Tri1160237,1,1181,165474,0,0
17,1230,1218120,Transway1C,Tri1160237,1,1330,165474,0,0
17,1231,1218121,Transway1C,Tri1160237,1,1480,165474,0,0
17,1232,1218122,Transway1C,Tri1160237,1,1629,165474,0,0
17,1228,1218123,Transway1C,Tri1160238,1,1038,165474,0,0
17,1229,1218124,Transway1C,Tri1160238,1,1185,165474,0,0
17,1230,1218125,Transway1C,Tri1160238,1,1334,165474,0,0
17,1231,1218126,Transway1C,Tri1160238,1,1484,165474,0,0
17,1232,1218127,Transway1C,Tri1160238,1,1633,165474,0,0
17,1228,1218128,Transway1C,Tri1160239,1,1040,165474,0,0
17,1229,1218129,Transway1C,Tri1160239,1,1187,165474,0,0
17,1230,1218130,Transway1C,Tri1160239,1,1336,165474,0,0
17,1231,1218131,Transway1C,Tri1160239,1,1486,165474,0,0
17,1232,1218132,Transway1C,Tri1160239,1,1635,165474,0,0
17,1228,1218133,Transway1C,Tri1160240,1,1035,165474,0,0
17,1229,1218134,Transway1C,Tri1160240,1,1182,165474,0,0
17,1230,1218135,Transway1C,Tri1160240,1,1331,165474,0,0
17,1231,1218136,Transway1C,Tri1160240,1,1481,165474,0,0
17,1232,1218137,Transway1C,Tri1160240,1,1630,165474,0,0
17,1228,1218138,Transway1C,Tri1160241,1,1037,165474,0,0
17,1229,1218139,Transway1C,Tri1160241,1,1184,165474,0,0
17,1230,1218140,Transway1C,Tri1160241,1,1333,165474,0,0
17,1231,1218141,Transway1C,Tri1160241,1,1483,165474,0,0
17,1232,1218142,Transway1C,Tri1160241,1,1632,165474,0,0
17,1228,1218143,Transway1C,Tri1160242,1,1034,165474,0,0
17,1229,1218144,Transway1C,Tri1160242,1,1181,165474,0,0
17,1230,1218145,Transway1C,Tri1160242,1,1330,165474,0,0
17,1231,1218146,Transway1C,Tri1160242,1,1480,165474,0,0
17,1232,1218147,Transway1C,Tri1160242,1,1629,165474,0,0
17,1228,1218148,Transway1C,Tri1160243,1,1038,165474,0,0
17,1229,1218149,Transway1C,Tri1160243,1,1185,165474,0,0
17,1230,1218150,Transway1C,Tri1160243,1,1334,165474,0,0
17,1231,1218151,Transway1C,Tri1160243,1,1484,165474,0,0
17,1232,1218152,Transway1C,Tri1160243,1,1633,165474,0,0
17,1228,1218753,Transway1C,Tri1160046,0,1036,165462,0,0
17,1229,1218754,Transway1C,Tri1160046,0,1183,165462,0,0
17,1230,1218755,Transway1C,Tri1160046,0,1332,165462,0,0
17,1231,1218756,Transway1C,Tri1160046,0,1482,165462,0,0
17,1232,1218757,Transway1C,Tri1160046,0,1631,165462,0,0
17,1228,1218758,Transway1C,Tri1160047,0,1040,165462,0,0
17,1229,1218759,Transway1C,Tri1160047,0,1187,165462,0,0
17,1230,1218760,Transway1C,Tri1160047,0,1336,165462,0,0
17,1231,1218761,Transway1C,Tri1160047,0,1486,165462,0,0
17,1232,1218762,Transway1C,Tri1160047,0,1635,165462,0,0
17,1228,1218763,Transway1C,Tri1160048,0,1041,165462,0,0
17,1229,1218764,Transway1C,Tri1160048,0,1188,165462,0,0
17,1230,1218765,Transway1C,Tri1160048,0,1337,165462,0,0
17,1231,1218766,Transway1C,Tri1160048,0,1487,165462,0,0
17,1232,1218767,Transway1C,Tri1160048,0,1636,165462,0,0
17,1228,1218768,Transway1C,Tri1160049,0,1035,165462,0,0
17,1229,1218769,Transway1C,Tri1160049,0,1182,165462,0,0
17,1230,1218770,Transway1C,Tri1160049,0,1331,165462,0,0
17,1231,1218771,Transway1C,Tri1160049,0,1481,165462,0,0
17,1232,1218772,Transway1C,Tri1160049,0,1630,165462,0,0
17,1228,1218773,Transway1C,Tri1160050,0,1043,165462,0,0
17,1229,1218774,Transway1C,Tri1160050,0,1190,165462,0,0
17,1230,1218775,Transway1C,Tri1160050,0,1339,165462,0,0
17,1231,1218776,Transway1C,Tri1160050,0,1489,165462,0,0
17,1232,1218777,Transway1C,Tri1160050,0,1638,165462,0,0
17,1228,1218778,Transway1C,Tri1160051,0,1044,165462,0,0
17,1229,1218779,Transway1C,Tri1160051,0,1191,165462,0,0
17,1230,1218780,Transway1C,Tri1160051,0,1340,165462,0,0
17,1231,1218781,Transway1C,Tri1160051,0,1490,165462,0,0
17,1232,1218782,Transway1C,Tri1160051,0,1639,165462,0,0
17,1228,1218783,Transway1C,Tri1160052,0,1037,165462,0,0
17,1229,1218784,Transway1C,Tri1160052,0,1184,165462,0,0
17,1230,1218785,Transway1C,Tri1160052,0,1333,165462,0,0
17,1231,1218786,Transway1C,Tri1160052,0,1483,165462,0,0
17,1232,1218787,Transway1C,Tri1160052,0,1632,165462,0,0
17,1228,1218788,Transway1C,Tri1160053,0,1039,165462,0,0
17,1229,1218789,Transway1C,Tri1160053,0,1186,165462,0,0
17,1230,1218790,Transway1C,Tri1160053,0,1335,165462,0,0
17,1231,1218791,Transway1C,Tri1160053,0,1485,165462,0,0
17,1232,1218792,Transway1C,Tri1160053,0,1634,165462,0,0
17,1228,1218793,Transway1C,Tri1160054,0,1046,165462,0,0
17,1229,1218794,Transway1C,Tri1160054,0,1193,165462,0,0
17,1230,1218795,Transway1C,Tri1160054,0,1342,165462,0,0
17,1231,1218796,Transway1C,Tri1160054,0,1492,165462,0,0
17,1232,1218797,Transway1C,Tri1160054,0,1641,165462,0,0
17,1228,1218798,Transway1C,Tri1160055,0,1034,165462,0,0
17,1229,1218799,Transway1C,Tri1160055,0,1181,165462,0,0
17,1230,1218800,Transway1C,Tri1160055,0,1330,165462,0,0
17,1231,1218801,Transway1C,Tri1160055,0,1480,165462,0,0
17,1232,1218802,Transway1C,Tri1160055,0,1629,165462,0,0
17,1228,1218803,Transway1C,Tri1160056,0,1042,165462,0,0
17,1229,1218804,Transway1C,Tri1160056,0,1189,165462,0,0
17,1230,1218805,Transway1C,Tri1160056,0,1338,165462,0,0
17,1231,1218806,Transway1C,Tri1160056,0,1488,165462,0,0
17,1232,1218807,Transway1C,Tri1160056,0,1637,165462,0,0
17,1228,1218808,Transway1C,Tri1160057,0,1048,165462,0,0
17,1229,1218809,Transway1C,Tri1160057,0,1195,165462,0,0
17,1230,1218810,Transway1C,Tri1160057,0,1344,165462,0,0
17,1231,1218811,Transway1C,Tri1160057,0,1494,165462,0,0
17,1232,1218812,Transway1C,Tri1160057,0,1643,165462,0,0
17,1228,1218813,Transway1C,Tri1160058,0,1038,165462,0,0
17,1229,1218814,Transway1C,Tri1160058,0,1185,165462,0,0
17,1230,1218815,Transway1C,Tri1160058,0,1334,165462,0,0
17,1231,1218816,Transway1C,Tri1160058,0,1484,165462,0,0
17,1232,1218817,Transway1C,Tri1160058,0,1633,165462,0,0
17,1228,1218818,Transway1C,Tri1160059,0,1036,165462,0,0
17,1229,1218819,Transway1C,Tri1160059,0,1183,165462,0,0
17,1230,1218820,Transway1C,Tri1160059,0,1332,165462,0,0
17,1231,1218821,Transway1C,Tri1160059,0,1482,165462,0,0
17,1232,1218822,Transway1C,Tri1160059,0,1631,165462,0,0
17,1228,1218823,Transway1C,Tri1160060,0,1045,165462,0,0
17,1229,1218824,Transway1C,Tri1160060,0,1192,165462,0,0
17,1230,1218825,Transway1C,Tri1160060,0,1341,165462,0,0
17,1231,1218826,Transway1C,Tri1160060,0,1491,165462,0,0
17,1232,1218827,Transway1C,Tri1160060,0,1640,165462,0,0
17,1228,1218828,Transway1C,Tri1160061,0,1040,165462,0,0
17,1229,1218829,Transway1C,Tri1160061,0,1187,165462,0,0
17,1230,1218830,Transway1C,Tri1160061,0,1336,165462,0,0
17,1231,1218831,Transway1C,Tri1160061,0,1486,165462,0,0
17,1232,1218832,Transway1C,Tri1160061,0,1635,165462,0,0
17,1228,1218833,Transway1C,Tri1160062,0,1041,165462,0,0
17,1229,1218834,Transway1C,Tri1160062,0,1188,165462,0,0
17,1230,1218835,Transway1C,Tri1160062,0,1337,165462,0,0
17,1231,1218836,Transway1C,Tri1160062,0,1487,165462,0,0
17,1232,1218837,Transway1C,Tri1160062,0,1636,165462,0,0
17,1228,1218838,Transway1C,Tri1160063,0,1047,165462,0,0
17,1229,1218839,Transway1C,Tri1160063,0,1194,165462,0,0
17,1230,1218840,Transway1C,Tri1160063,0,1343,165462,0,0
17,1231,1218841,Transway1C,Tri1160063,0,1493,165462,0,0
17,1232,1218842,Transway1C,Tri1160063,0,1642,165462,0,0
17,1228,1218843,Transway1C,Tri1160064,0,1035,165462,0,0
17,1229,1218844,Transway1C,Tri1160064,0,1182,165462,0,0
17,1230,1218845,Transway1C,Tri1160064,0,1331,165462,0,0
17,1231,1218846,Transway1C,Tri1160064,0,1481,165462,0,0
17,1232,1218847,Transway1C,Tri1160064,0,1630,165462,0,0
17,1228,1218848,Transway1C,Tri1160065,0,1043,165462,0,0
17,1229,1218849,Transway1C,Tri1160065,0,1190,165462,0,0
17,1230,1218850,Transway1C,Tri1160065,0,1339,165462,0,0
17,1231,1218851,Transway1C,Tri1160065,0,1489,165462,0,0
17,1232,1218852,Transway1C,Tri1160065,0,1638,165462,0,0
17,1228,1218853,Transway1C,Tri1160066,0,1044,165462,0,0
17,1229,1218854,Transway1C,Tri1160066,0,1191,165462,0,0
17,1230,1218855,Transway1C,Tri1160066,0,1340,165462,0,0
17,1231,1218856,Transway1C,Tri1160066,0,1490,165462,0,0
17,1232,1218857,Transway1C,Tri1160066,0,1639,165462,0,0
17,1228,1218858,Transway1C,Tri1160067,0,1037,165462,0,0
17,1229,1218859,Transway1C,Tri1160067,0,1184,165462,0,0
17,1230,1218860,Transway1C,Tri1160067,0,1333,165462,0,0
17,1231,1218861,Transway1C,Tri1160067,0,1483,165462,0,0
17,1232,1218862,Transway1C,Tri1160067,0,1632,165462,0,0
17,1228,1218863,Transway1C,Tri1160068,0,1039,165462,0,0
17,1229,1218864,Transway1C,Tri1160068,0,1186,165462,0,0
17,1230,1218865,Transway1C,Tri1160068,0,1335,165462,0,0
17,1231,1218866,Transway1C,Tri1160068,0,1485,165462,0,0
17,1232,1218867,Transway1C,Tri1160068,0,1634,165462,0,0
17,1228,1218868,Transway1C,Tri1160069,0,1046,165462,0,0
17,1229,1218869,Transway1C,Tri1160069,0,1193,165462,0,0
17,1230,1218870,Transway1C,Tri1160069,0,1342,165462,0,0
17,1231,1218871,Transway1C,Tri1160069,0,1492,165462,0,0
17,1232,1218872,Transway1C,Tri1160069,0,1641,165462,0,0
17,1228,1218873,Transway1C,Tri1160070,0,1034,165462,0,0
17,1229,1218874,Transway1C,Tri1160070,0,1181,165462,0,0
17,1230,1218875,Transway1C,Tri1160070,0,1330,165462,0,0
17,1231,1218876,Transway1C,Tri1160070,0,1480,165462,0,0
17,1232,1218877,Transway1C,Tri1160070,0,1629,165462,0,0
17,1228,1218878,Transway1C,Tri1160071,0,1042,165462,0,0
17,1229,1218879,Transway1C,Tri1160071,0,1189,165462,0,0
17,1230,1218880,Transway1C,Tri1160071,0,1338,165462,0,0
17,1231,1218881,Transway1C,Tri1160071,0,1488,165462,0,0
17,1232,1218882,Transway1C,Tri1160071,0,1637,165462,0,0
17,1228,1218883,Transway1C,Tri1160072,0,1048,165462,0,0
17,1229,1218884,Transway1C,Tri1160072,0,1195,165462,0,0
17,1230,1218885,Transway1C,Tri1160072,0,1344,165462,0,0
17,1231,1218886,Transway1C,Tri1160072,0,1494,165462,0,0
17,1232,1218887,Transway1C,Tri1160072,0,1643,165462,0,0
17,1228,1218888,Transway1C,Tri1160073,0,1038,165462,0,0
17,1229,1218889,Transway1C,Tri1160073,0,1185,165462,0,0
17,1230,1218890,Transway1C,Tri1160073,0,1334,165462,0,0
17,1231,1218891,Transway1C,Tri1160073,0,1484,165462,0,0
17,1232,1218892,Transway1C,Tri1160073,0,1633,165462,0,0
17,1228,1218893,Transway1C,Tri1160074,0,1036,165462,0,0
17,1229,1218894,Transway1C,Tri1160074,0,1183,165462,0,0
17,1230,1218895,Transway1C,Tri1160074,0,1332,165462,0,0
17,1231,1218896,Transway1C,Tri1160074,0,1482,165462,0,0
17,1232,1218897,Transway1C,Tri1160074,0,1631,165462,0,0
17,1228,1218898,Transway1C,Tri1160075,0,1045,165462,0,0
17,1229,1218899,Transway1C,Tri1160075,0,1192,165462,0,0
17,1230,1218900,Transway1C,Tri1160075,0,1341,165462,0,0
17,1231,1218901,Transway1C,Tri1160075,0,1491,165462,0,0
17,1232,1218902,Transway1C,Tri1160075,0,1640,165462,0,0
17,1228,1218903,Transway1C,Tri1160076,0,1040,165462,0,0
17,1229,1218904,Transway1C,Tri1160076,0,1187,165462,0,0
17,1230,1218905,Transway1C,Tri1160076,0,1336,165462,0,0
17,1231,1218906,Transway1C,Tri1160076,0,1486,165462,0,0
17,1232,1218907,Transway1C,Tri1160076,0,1635,165462,0,0
17,1228,1218908,Transway1C,Tri1160077,0,1041,165462,0,0
17,1229,1218909,Transway1C,Tri1160077,0,1188,165462,0,0
17,1230,1218910,Transway1C,Tri1160077,0,1337,165462,0,0
17,1231,1218911,Transway1C,Tri1160077,0,1487,165462,0,0
17,1232,1218912,Transway1C,Tri1160077,0,1636,165462,0,0
17,1228,1218913,Transway1C,Tri1160078,0,1047,165462,0,0
17,1229,1218914,Transway1C,Tri1160078,0,1194,165462,0,0
17,1230,1218915,Transway1C,Tri1160078,0,1343,165462,0,0
17,1231,1218916,Transway1C,Tri1160078,0,1493,165462,0,0
17,1232,1218917,Transway1C,Tri1160078,0,1642,165462,0,0
17,1228,1218918,Transway1C,Tri1160079,0,1035,165462,0,0
17,1229,1218919,Transway1C,Tri1160079,0,1182,165462,0,0
17,1230,1218920,Transway1C,Tri1160079,0,1331,165462,0,0
17,1231,1218921,Transway1C,Tri1160079,0,1481,165462,0,0
17,1232,1218922,Transway1C,Tri1160079,0,1630,165462,0,0
17,1228,1218923,Transway1C,Tri1160080,0,1043,165462,0,0
17,1229,1218924,Transway1C,Tri1160080,0,1190,165462,0,0
17,1230,1218925,Transway1C,Tri1160080,0,1339,165462,0,0
17,1231,1218926,Transway1C,Tri1160080,0,1489,165462,0,0
17,1232,1218927,Transway1C,Tri1160080,0,1638,165462,0,0
17,1228,1218928,Transway1C,Tri1160081,0,1044,165462,0,0
17,1229,1218929,Transway1C,Tri1160081,0,1191,165462,0,0
17,1230,1218930,Transway1C,Tri1160081,0,1340,165462,0,0
17,1231,1218931,Transway1C,Tri1160081,0,1490,165462,0,0
17,1232,1218932,Transway1C,Tri1160081,0,1639,165462,0,0
17,1228,1218933,Transway1C,Tri1160082,0,1037,165462,0,0
17,1229,1218934,Transway1C,Tri1160082,0,1184,165462,0,0
17,1230,1218935,Transway1C,Tri1160082,0,1333,165462,0,0
17,1231,1218936,Transway1C,Tri1160082,0,1483,165462,0,0
17,1232,1218937,Transway1C,Tri1160082,0,1632,165462,0,0
17,1228,1218938,Transway1C,Tri1160083,0,1039,165462,0,0
17,1229,1218939,Transway1C,Tri1160083,0,1186,165462,0,0
17,1230,1218940,Transway1C,Tri1160083,0,1335,165462,0,0
17,1231,1218941,Transway1C,Tri1160083,0,1485,165462,0,0
17,1232,1218942,Transway1C,Tri1160083,0,1634,165462,0,0
17,1228,1218943,Transway1C,Tri1160084,0,1046,165462,0,0
17,1229,1218944,Transway1C,Tri1160084,0,1193,165462,0,0
17,1230,1218945,Transway1C,Tri1160084,0,1342,165462,0,0
17,1231,1218946,Transway1C,Tri1160084,0,1492,165462,0,0
17,1232,1218947,Transway1C,Tri1160084,0,1641,165462,0,0
17,1228,1218948,Transway1C,Tri1160085,0,1034,165462,0,0
17,1229,1218949,Transway1C,Tri1160085,0,1181,165462,0,0
17,1230,1218950,Transway1C,Tri1160085,0,1330,165462,0,0
17,1231,1218951,Transway1C,Tri1160085,0,1480,165462,0,0
17,1232,1218952,Transway1C,Tri1160085,0,1629,165462,0,0
17,1228,1218953,Transway1C,Tri1160086,0,1042,165462,0,0
17,1229,1218954,Transway1C,Tri1160086,0,1189,165462,0,0
17,1230,1218955,Transway1C,Tri1160086,0,1338,165462,0,0
17,1231,1218956,Transway1C,Tri1160086,0,1488,165462,0,0
17,1232,1218957,Transway1C,Tri1160086,0,1637,165462,0,0
17,1228,1218958,Transway1C,Tri1160087,0,1048,165462,0,0
17,1229,1218959,Transway1C,Tri1160087,0,1195,165462,0,0
17,1230,1218960,Transway1C,Tri1160087,0,1344,165462,0,0
17,1231,1218961,Transway1C,Tri1160087,0,1494,165462,0,0
17,1232,1218962,Transway1C,Tri1160087,0,1643,165462,0,0
17,1228,1218963,Transway1C,Tri1160088,0,1038,165462,0,0
17,1229,1218964,Transway1C,Tri1160088,0,1185,165462,0,0
17,1230,1218965,Transway1C,Tri1160088,0,1334,165462,0,0
17,1231,1218966,Transway1C,Tri1160088,0,1484,165462,0,0
17,1232,1218967,Transway1C,Tri1160088,0,1633,165462,0,0
17,1228,1218968,Transway1C,Tri1160089,0,1036,165462,0,0
17,1229,1218969,Transway1C,Tri1160089,0,1183,165462,0,0
17,1230,1218970,Transway1C,Tri1160089,0,1332,165462,0,0
17,1231,1218971,Transway1C,Tri1160089,0,1482,165462,0,0
17,1232,1218972,Transway1C,Tri1160089,0,1631,165462,0,0
17,1228,1218973,Transway1C,Tri1160090,0,1045,165462,0,0
17,1229,1218974,Transway1C,Tri1160090,0,1192,165462,0,0
17,1230,1218975,Transway1C,Tri1160090,0,1341,165462,0,0
17,1231,1218976,Transway1C,Tri1160090,0,1491,165462,0,0
17,1232,1218977,Transway1C,Tri1160090,0,1640,165462,0,0
17,1228,1218978,Transway1C,Tri1160091,0,1040,165462,0,0
17,1229,1218979,Transway1C,Tri1160091,0,1187,165462,0,0
17,1230,1218980,Transway1C,Tri1160091,0,1336,165462,0,0
17,1231,1218981,Transway1C,Tri1160091,0,1486,165462,0,0
17,1232,1218982,Transway1C,Tri1160091,0,1635,165462,0,0
17,1228,1218983,Transway1C,Tri1160092,0,1041,165462,0,0
17,1229,1218984,Transway1C,Tri1160092,0,1188,165462,0,0
17,1230,1218985,Transway1C,Tri1160092,0,1337,165462,0,0
17,1231,1218986,Transway1C,Tri1160092,0,1487,165462,0,0
17,1232,1218987,Transway1C,Tri1160092,0,1636,165462,0,0
17,1228,1218988,Transway1C,Tri1160093,0,1047,165462,0,0
17,1229,1218989,Transway1C,Tri1160093,0,1194,165462,0,0
17,1230,1218990,Transway1C,Tri1160093,0,1343,165462,0,0
17,1231,1218991,Transway1C,Tri1160093,0,1493,165462,0,0
17,1232,1218992,Transway1C,Tri1160093,0,1642,165462,0,0
17,1228,1218993,Transway1C,Tri1160094,0,1035,165462,0,0
17,1229,1218994,Transway1C,Tri1160094,0,1182,165462,0,0
17,1230,1218995,Transway1C,Tri1160094,0,1331,165462,0,0
17,1231,1218996,Transway1C,Tri1160094,0,1481,165462,0,0
17,1232,1218997,Transway1C,Tri1160094,0,1630,165462,0,0
17,1228,1218998,Transway1C,Tri1160095,0,1043,165462,0,0
17,1229,1218999,Transway1C,Tri1160095,0,1190,165462,0,0
17,1230,1219000,Transway1C,Tri1160095,0,1339,165462,0,0
17,1231,1219001,Transway1C,Tri1160095,0,1489,165462,0,0
17,1232,1219002,Transway1C,Tri1160095,0,1638,165462,0,0
17,1228,1219003,Transway1C,Tri1160096,0,1044,165462,0,0
17,1229,1219004,Transway1C,Tri1160096,0,1191,165462,0,0
17,1230,1219005,Transway1C,Tri1160096,0,1340,165462,0,0
17,1231,1219006,Transway1C,Tri1160096,0,1490,165462,0,0
17,1232,1219007,Transway1C,Tri1160096,0,1639,165462,0,0
17,1228,1219008,Transway1C,Tri1160097,0,1037,165462,0,0
17,1229,1219009,Transway1C,Tri1160097,0,1184,165462,0,0
17,1230,1219010,Transway1C,Tri1160097,0,1333,165462,0,0
17,1231,1219011,Transway1C,Tri1160097,0,1483,165462,0,0
17,1232,1219012,Transway1C,Tri1160097,0,1632,165462,0,0
17,1228,1219013,Transway1C,Tri1160098,0,1039,165462,0,0
17,1229,1219014,Transway1C,Tri1160098,0,1186,165462,0,0
17,1230,1219015,Transway1C,Tri1160098,0,1335,165462,0,0
17,1231,1219016,Transway1C,Tri1160098,0,1485,165462,0,0
17,1232,1219017,Transway1C,Tri1160098,0,1634,165462,0,0
17,1228,1219018,Transway1C,Tri1160099,0,1046,165462,0,0
17,1229,1219019,Transway1C,Tri1160099,0,1193,165462,0,0
17,1230,1219020,Transway1C,Tri1160099,0,1342,165462,0,0
17,1231,1219021,Transway1C,Tri1160099,0,1492,165462,0,0
17,1232,1219022,Transway1C,Tri1160099,0,1641,165462,0,0
17,1228,1219023,Transway1C,Tri1160100,0,1034,165462,0,0
17,1229,1219024,Transway1C,Tri1160100,0,1181,165462,0,0
17,1230,1219025,Transway1C,Tri1160100,0,1330,165462,0,0
17,1231,1219026,Transway1C,Tri1160100,0,1480,165462,0,0
17,1232,1219027,Transway1C,Tri1160100,0,1629,165462,0,0
17,1228,1219028,Transway1C,Tri1160101,0,1042,165462,0,0
17,1229,1219029,Transway1C,Tri1160101,0,1189,165462,0,0
17,1230,1219030,Transway1C,Tri1160101,0,1338,165462,0,0
17,1231,1219031,Transway1C,Tri1160101,0,1488,165462,0,0
17,1232,1219032,Transway1C,Tri1160101,0,1637,165462,0,0
17,1228,1219033,Transway1C,Tri1160102,0,1048,165462,0,0
17,1229,1219034,Transway1C,Tri1160102,0,1195,165462,0,0
17,1230,1219035,Transway1C,Tri1160102,0,1344,165462,0,0
17,1231,1219036,Transway1C,Tri1160102,0,1494,165462,0,0
17,1232,1219037,Transway1C,Tri1160102,0,1643,165462,0,0
17,1228,1219038,Transway1C,Tri1160103,0,1038,165462,0,0
17,1229,1219039,Transway1C,Tri1160103,0,1185,165462,0,0
17,1230,1219040,Transway1C,Tri1160103,0,1334,165462,0,0
17,1231,1219041,Transway1C,Tri1160103,0,1484,165462,0,0
17,1232,1219042,Transway1C,Tri1160103,0,1633,165462,0,0
17,1228,1219043,Transway1C,Tri1160104,0,1036,165462,0,0
17,1229,1219044,Transway1C,Tri1160104,0,1183,165462,0,0
17,1230,1219045,Transway1C,Tri1160104,0,1332,165462,0,0
17,1231,1219046,Transway1C,Tri1160104,0,1482,165462,0,0
17,1232,1219047,Transway1C,Tri1160104,0,1631,165462,0,0
17,1228,1219048,Transway1C,Tri1160105,0,1045,165462,0,0
17,1229,1219049,Transway1C,Tri1160105,0,1192,165462,0,0
17,1230,1219050,Transway1C,Tri1160105,0,1341,165462,0,0
17,1231,1219051,Transway1C,Tri1160105,0,1491,165462,0,0
17,1232,1219052,Transway1C,Tri1160105,0,1640,165462,0,0
17,1228,1219053,Transway1C,Tri1160106,0,1040,165462,0,0
17,1229,1219054,Transway1C,Tri1160106,0,1187,165462,0,0
17,1230,1219055,Transway1C,Tri1160106,0,1336,165462,0,0
17,1231,1219056,Transway1C,Tri1160106,0,1486,165462,0,0
17,1232,1219057,Transway1C,Tri1160106,0,1635,165462,0,0
17,1228,1219058,Transway1C,Tri1160107,0,1041,165462,0,0
17,1229,1219059,Transway1C,Tri1160107,0,1188,165462,0,0
17,1230,1219060,Transway1C,Tri1160107,0,1337,165462,0,0
17,1231,1219061,Transway1C,Tri1160107,0,1487,165462,0,0
17,1232,1219062,Transway1C,Tri1160107,0,1636,165462,0,0
17,1228,1219063,Transway1C,Tri1160108,0,1047,165462,0,0
17,1229,1219064,Transway1C,Tri1160108,0,1194,165462,0,0
17,1230,1219065,Transway1C,Tri1160108,0,1343,165462,0,0
17,1231,1219066,Transway1C,Tri1160108,0,1493,165462,0,0
17,1232,1219067,Transway1C,Tri1160108,0,1642,165462,0,0
17,1228,1219068,Transway1C,Tri1160109,0,1035,165462,0,0
17,1229,1219069,Transway1C,Tri1160109,0,1182,165462,0,0
17,1230,1219070,Transway1C,Tri1160109,0,1331,165462,0,0
17,1231,1219071,Transway1C,Tri1160109,0,1481,165462,0,0
17,1232,1219072,Transway1C,Tri1160109,0,1630,165462,0,0
17,1228,1219073,Transway1C,Tri1160110,0,1043,165462,0,0
17,1229,1219074,Transway1C,Tri1160110,0,1190,165462,0,0
17,1230,1219075,Transway1C,Tri1160110,0,1339,165462,0,0
17,1231,1219076,Transway1C,Tri1160110,0,1489,165462,0,0
17,1232,1219077,Transway1C,Tri1160110,0,1638,165462,0,0
17,1228,1219078,Transway1C,Tri1160111,0,1044,165462,0,0
17,1229,1219079,Transway1C,Tri1160111,0,1191,165462,0,0
17,1230,1219080,Transway1C,Tri1160111,0,1340,165462,0,0
17,1231,1219081,Transway1C,Tri1160111,0,1490,165462,0,0
17,1232,1219082,Transway1C,Tri1160111,0,1639,165462,0,0
17,1228,1219083,Transway1C,Tri1160112,0,1037,165462,0,0
17,1229,1219084,Transway1C,Tri1160112,0,1184,165462,0,0
17,1230,1219085,Transway1C,Tri1160112,0,1333,165462,0,0
17,1231,1219086,Transway1C,Tri1160112,0,1483,165462,0,0
17,1232,1219087,Transway1C,Tri1160112,0,1632,165462,0,0
17,1228,1219088,Transway1C,Tri1160113,0,1039,165462,0,0
17,1229,1219089,Transway1C,Tri1160113,0,1186,165462,0,0
17,1230,1219090,Transway1C,Tri1160113,0,1335,165462,0,0
17,1231,1219091,Transway1C,Tri1160113,0,1485,165462,0,0
17,1232,1219092,Transway1C,Tri1160113,0,1634,165462,0,0
17,1228,1219093,Transway1C,Tri1160114,0,1046,165462,0,0
17,1229,1219094,Transway1C,Tri1160114,0,1193,165462,0,0
17,1230,1219095,Transway1C,Tri1160114,0,1342,165462,0,0
17,1231,1219096,Transway1C,Tri1160114,0,1492,165462,0,0
17,1232,1219097,Transway1C,Tri1160114,0,1641,165462,0,0
17,1228,1219098,Transway1C,Tri1160115,0,1034,165462,0,0
17,1229,1219099,Transway1C,Tri1160115,0,1181,165462,0,0
17,1230,1219100,Transway1C,Tri1160115,0,1330,165462,0,0
17,1231,1219101,Transway1C,Tri1160115,0,1480,165462,0,0
17,1232,1219102,Transway1C,Tri1160115,0,1629,165462,0,0
17,1228,1219103,Transway1C,Tri1160116,0,1042,165462,0,0
17,1229,1219104,Transway1C,Tri1160116,0,1189,165462,0,0
17,1230,1219105,Transway1C,Tri1160116,0,1338,165462,0,0
17,1231,1219106,Transway1C,Tri1160116,0,1488,165462,0,0
17,1232,1219107,Transway1C,Tri1160116,0,1637,165462,0,0
17,1228,1219108,Transway1C,Tri1160117,0,1038,165462,0,0
17,1229,1219109,Transway1C,Tri1160117,0,1185,165462,0,0
17,1230,1219110,Transway1C,Tri1160117,0,1334,165462,0,0
17,1231,1219111,Transway1C,Tri1160117,0,1484,165462,0,0
17,1232,1219112,Transway1C,Tri1160117,0,1633,165462,0,0
17,1228,1219113,Transway1C,Tri1160118,0,1036,165462,0,0
17,1229,1219114,Transway1C,Tri1160118,0,1183,165462,0,0
17,1230,1219115,Transway1C,Tri1160118,0,1332,165462,0,0
17,1231,1219116,Transway1C,Tri1160118,0,1482,165462,0,0
17,1232,1219117,Transway1C,Tri1160118,0,1631,165462,0,0
17,1228,1219118,Transway1C,Tri1160119,0,1040,165462,0,0
17,1229,1219119,Transway1C,Tri1160119,0,1187,165462,0,0
17,1230,1219120,Transway1C,Tri1160119,0,1336,165462,0,0
17,1231,1219121,Transway1C,Tri1160119,0,1486,165462,0,0
17,1232,1219122,Transway1C,Tri1160119,0,1635,165462,0,0
17,1228,1219123,Transway1C,Tri1160120,0,1035,165462,0,0
17,1229,1219124,Transway1C,Tri1160120,0,1182,165462,0,0
17,1230,1219125,Transway1C,Tri1160120,0,1331,165462,0,0
17,1231,1219126,Transway1C,Tri1160120,0,1481,165462,0,0
17,1232,1219127,Transway1C,Tri1160120,0,1630,165462,0,0
17,1228,1219128,Transway1C,Tri1160121,0,1037,165462,0,0
17,1229,1219129,Transway1C,Tri1160121,0,1184,165462,0,0
17,1230,1219130,Transway1C,Tri1160121,0,1333,165462,0,0
17,1231,1219131,Transway1C,Tri1160121,0,1483,165462,0,0
17,1232,1219132,Transway1C,Tri1160121,0,1632,165462,0,0
17,1228,1219133,Transway1C,Tri1160122,0,1034,165462,0,0
17,1229,1219134,Transway1C,Tri1160122,0,1181,165462,0,0
17,1230,1219135,Transway1C,Tri1160122,0,1330,165462,0,0
17,1231,1219136,Transway1C,Tri1160122,0,1480,165462,0,0
17,1232,1219137,Transway1C,Tri1160122,0,1629,165462,0,0
17,1228,1219138,Transway1C,Tri1160123,0,1038,165462,0,0
17,1229,1219139,Transway1C,Tri1160123,0,1185,165462,0,0
17,1230,1219140,Transway1C,Tri1160123,0,1334,165462,0,0
17,1231,1219141,Transway1C,Tri1160123,0,1484,165462,0,0
17,1232,1219142,Transway1C,Tri1160123,0,1633,165462,0,0
17,1228,1219143,Transway1C,Tri1160124,0,1040,165462,0,0
17,1229,1219144,Transway1C,Tri1160124,0,1187,165462,0,0
17,1230,1219145,Transway1C,Tri1160124,0,1336,165462,0,0
17,1231,1219146,Transway1C,Tri1160124,0,1486,165462,0,0
17,1232,1219147,Transway1C,Tri1160124,0,1635,165462,0,0
17,1228,1219148,Transway1C,Tri1160125,0,1035,165462,0,0
17,1229,1219149,Transway1C,Tri1160125,0,1182,165462,0,0
17,1230,1219150,Transway1C,Tri1160125,0,1331,165462,0,0
17,1231,1219151,Transway1C,Tri1160125,0,1481,165462,0,0
17,1232,1219152,Transway1C,Tri1160125,0,1630,165462,0,0
17,1228,1219153,Transway1C,Tri1160126,0,1037,165462,0,0
17,1229,1219154,Transway1C,Tri1160126,0,1184,165462,0,0
17,1230,1219155,Transway1C,Tri1160126,0,1333,165462,0,0
17,1231,1219156,Transway1C,Tri1160126,0,1483,165462,0,0
17,1232,1219157,Transway1C,Tri1160126,0,1632,165462,0,0
17,1228,1219158,Transway1C,Tri1160127,0,1034,165462,0,0
17,1229,1219159,Transway1C,Tri1160127,0,1181,165462,0,0
17,1230,1219160,Transway1C,Tri1160127,0,1330,165462,0,0
17,1231,1219161,Transway1C,Tri1160127,0,1480,165462,0,0
17,1232,1219162,Transway1C,Tri1160127,0,1629,165462,0,0
17,1228,1219163,Transway1C,Tri1160128,0,1038,165462,0,0
17,1229,1219164,Transway1C,Tri1160128,0,1185,165462,0,0
17,1230,1219165,Transway1C,Tri1160128,0,1334,165462,0,0
17,1231,1219166,Transway1C,Tri1160128,0,1484,165462,0,0
17,1232,1219167,Transway1C,Tri1160128,0,1633,165462,0,0
17,1228,1219168,Transway1C,Tri1160129,0,1040,165462,0,0
17,1229,1219169,Transway1C,Tri1160129,0,1187,165462,0,0
17,1230,1219170,Transway1C,Tri1160129,0,1336,165462,0,0
17,1231,1219171,Transway1C,Tri1160129,0,1486,165462,0,0
17,1232,1219172,Transway1C,Tri1160129,0,1635,165462,0,0
17,1228,1219173,Transway1C,Tri1160130,0,1035,165462,0,0
17,1229,1219174,Transway1C,Tri1160130,0,1182,165462,0,0
17,1230,1219175,Transway1C,Tri1160130,0,1331,165462,0,0
17,1231,1219176,Transway1C,Tri1160130,0,1481,165462,0,0
17,1232,1219177,Transway1C,Tri1160130,0,1630,165462,0,0
17,1228,1219178,NotinService,Tri1160372,1,1037,165470,0,0
17,1229,1219179,NotinService,Tri1160372,1,1184,165470,0,0
17,1230,1219180,NotinService,Tri1160372,1,1333,165470,0,0
17,1231,1219181,NotinService,Tri1160372,1,1483,165470,0,0
17,1232,1219182,NotinService,Tri1160372,1,1632,165470,0,0
17,1228,1219183,NotinService,Tri1160373,1,1034,165470,0,0
17,1229,1219184,NotinService,Tri1160373,1,1181,165470,0,0
17,1230,1219185,NotinService,Tri1160373,1,1330,165470,0,0
17,1231,1219186,NotinService,Tri1160373,1,1480,165470,0,0
17,1232,1219187,NotinService,Tri1160373,1,1629,165470,0,0
17,1228,1219188,NotinService,Tri1160374,1,1038,165470,0,0
17,1229,1219189,NotinService,Tri1160374,1,1185,165470,0,0
17,1230,1219190,NotinService,Tri1160374,1,1334,165470,0,0
17,1231,1219191,NotinService,Tri1160374,1,1484,165470,0,0
17,1232,1219192,NotinService,Tri1160374,1,1633,165470,0,0
17,1226,1219544,Transway1C,Tri519675,0,795,165462,0,0
17,1226,1219594,Transway1C,Tri519598,1,796,165474,0,0
17,1226,1219595,Transway1C,Tri519599,1,821,165474,0,0
17,1226,1219596,Transway1C,Tri519600,1,795,165474,0,0
17,1226,1219597,Transway1C,Tri519601,1,818,165474,0,0
17,1226,1219598,Transway1C,Tri519602,1,822,165474,0,0
17,1226,1219599,Transway1C,Tri519603,1,796,165474,0,0
17,1226,1219600,Transway1C,Tri519604,1,821,165474,0,0
17,1226,1219601,Transway1C,Tri519654,1,795,165474,0,0
17,1226,1219602,Transway1C,Tri519657,1,822,165474,0,0
17,1226,1219603,Transway1C,Tri519658,1,823,165474,0,0
17,1226,1219604,Transway1C,Tri519659,1,821,165474,0,0
17,1226,1219605,Transway1C,Tri519660,1,795,165474,0,0
17,1226,1219606,Transway1C,Tri519661,1,824,165474,0,0
17,1226,1219607,Transway1C,Tri519662,1,822,165474,0,0
17,1226,1219608,Transway1C,Tri519663,1,823,165474,0,0
17,1226,1219609,Transway1C,Tri519664,1,821,165474,0,0
17,1226,1219610,Transway1C,Tri519665,1,795,165474,0,0
17,1226,1219611,Transway1C,Tri519666,1,824,165474,0,0
17,1226,1219612,Transway1C,Tri519667,1,822,165474,0,0
17,1226,1219613,Transway1C,Tri519668,1,823,165474,0,0
17,1226,1219614,Transway1C,Tri519669,1,821,165474,0,0
17,1226,1219615,Transway1C,Tri848699,1,795,165474,0,0
17,1226,1219619,Transway1C,Tri519685,0,795,165462,0,0
17,1226,1219620,Transway1C,Tri519687,0,824,165462,0,0
17,1226,1219621,Transway1C,Tri519688,0,818,165462,0,0
17,1226,1219622,Transway1C,Tri519689,0,822,165462,0,0
17,1226,1219623,Transway1C,Tri519690,0,823,165462,0,0
17,1226,1219624,Transway1C,Tri519691,0,796,165462,0,0
17,1226,1219625,Transway1C,Tri519692,0,821,165462,0,0
17,1226,1219626,Transway1C,Tri519693,0,825,165462,0,0
17,1226,1219627,Transway1C,Tri519694,0,795,165462,0,0
17,1226,1219628,Transway1C,Tri519695,0,824,165462,0,0
17,1226,1219629,Transway1C,Tri519696,0,818,165462,0,0
17,1226,1219630,Transway1C,Tri519697,0,822,165462,0,0
17,1226,1219631,Transway1C,Tri519698,0,823,165462,0,0
17,1226,1219632,Transway1C,Tri519699,0,796,165462,0,0
17,1226,1219633,Transway1C,Tri519700,0,821,165462,0,0
17,1226,1219634,Transway1C,Tri519701,0,825,165462,0,0
17,1226,1219635,Transway1C,Tri519702,0,795,165462,0,0
17,1226,1219636,Transway1C,Tri519703,0,824,165462,0,0
17,1226,1219637,Transway1C,Tri519704,0,818,165462,0,0
17,1226,1219638,Transway1C,Tri519705,0,822,165462,0,0
17,1226,1219639,Transway1C,Tri519706,0,823,165462,0,0
17,1226,1219640,Transway1C,Tri519707,0,796,165462,0,0
17,1226,1219641,Transway1C,Tri519708,0,821,165462,0,0
17,1226,1219642,Transway1C,Tri519709,0,825,165462,0,0
17,1226,1219643,Transway1C,Tri519710,0,795,165462,0,0
17,1226,1219644,Transway1C,Tri519711,0,824,165462,0,0
17,1226,1219645,Transway1C,Tri519712,0,822,165462,0,0
17,1226,1219646,Transway1C,Tri519713,0,823,165462,0,0
17,1226,1219647,Transway1C,Tri519714,0,821,165462,0,0
17,1226,1219654,Transway1C,Tri519676,0,818,165462,0,0
17,1226,1219655,Transway1C,Tri519677,0,822,165462,0,0
17,1226,1219656,Transway1C,Tri519678,0,796,165462,0,0
17,1226,1219657,Transway1C,Tri519679,0,821,165462,0,0
17,1226,1219658,Transway1C,Tri519680,0,795,165462,0,0
17,1226,1219659,Transway1C,Tri519681,0,818,165462,0,0
17,1226,1219660,Transway1C,Tri519682,0,822,165462,0,0
17,1226,1219661,Transway1C,Tri519683,0,796,165462,0,0
17,1226,1219662,Transway1C,Tri519684,0,821,165462,0,0
17,1226,1219663,Transway1C,Tri519715,0,795,165462,0,0
17,1226,1219664,Transway1C,Tri519716,0,824,165462,0,0
17,1226,1219665,Transway1C,Tri519717,0,822,165462,0,0
17,1226,1219666,Transway1C,Tri519718,0,823,165462,0,0
17,1226,1219667,Transway1C,Tri519719,0,821,165462,0,0
17,1226,1219668,Transway1C,Tri519720,0,795,165462,0,0
17,1226,1219669,Transway1C,Tri519721,0,824,165462,0,0
17,1226,1219670,Transway1C,Tri519722,0,822,165462,0,0
17,1226,1220195,NotinService,Tri926848,1,823,165470,0,0
17,1226,1220196,NotinService,Tri926849,1,821,165470,0,0
17,1226,1220197,NotinService,Tri926850,1,795,165470,0,0
17,1226,1220198,Transway1C,Tri519605,1,795,165474,0,0
17,1226,1220199,Transway1C,Tri519632,1,818,165474,0,0
17,1226,1220200,Transway1C,Tri519633,1,822,165474,0,0
17,1226,1220201,Transway1C,Tri519634,1,823,165474,0,0
17,1226,1220202,Transway1C,Tri519635,1,796,165474,0,0
17,1226,1220203,Transway1C,Tri519636,1,821,165474,0,0
17,1226,1220204,Transway1C,Tri519637,1,825,165474,0,0
17,1226,1220205,Transway1C,Tri519638,1,795,165474,0,0
17,1226,1220206,Transway1C,Tri519639,1,824,165474,0,0
17,1226,1220207,Transway1C,Tri519640,1,818,165474,0,0
17,1226,1220208,Transway1C,Tri519641,1,822,165474,0,0
17,1226,1220209,Transway1C,Tri519642,1,823,165474,0,0
17,1226,1220210,Transway1C,Tri519643,1,796,165474,0,0
17,1226,1220211,Transway1C,Tri519644,1,821,165474,0,0
17,1226,1220212,Transway1C,Tri519645,1,825,165474,0,0
17,1226,1220213,Transway1C,Tri519646,1,795,165474,0,0
17,1226,1220214,Transway1C,Tri519647,1,824,165474,0,0
17,1226,1220215,Transway1C,Tri519648,1,818,165474,0,0
17,1226,1220216,Transway1C,Tri519649,1,822,165474,0,0
17,1226,1220217,Transway1C,Tri519650,1,823,165474,0,0
17,1226,1220218,Transway1C,Tri519651,1,796,165474,0,0
17,1226,1220219,Transway1C,Tri519652,1,821,165474,0,0
17,1226,1220220,Transway1C,Tri519653,1,825,165474,0,0
17,1226,1220221,Transway1C,Tri519655,1,824,165474,0,0
17,1226,1220222,Transway1C,Tri519656,1,818,165474,0,0
18,1225,1213275,Crosstown2,Tri519258,1,769,165484,0,0
18,1227,1213276,Crosstown2,Tri519258,1,112544,165484,0,0
18,1225,1213277,Crosstown2,Tri519257,1,775,165484,0,0
18,1227,1213278,Crosstown2,Tri519257,1,112545,165484,0,0
18,1225,1213279,Crosstown2,Tri519256,1,776,165484,0,0
18,1227,1213280,Crosstown2,Tri519256,1,112543,165484,0,0
18,1225,1213281,Crosstown2,Tri519255,1,769,165484,0,0
18,1227,1213282,Crosstown2,Tri519255,1,112544,165484,0,0
18,1225,1213283,Crosstown2,Tri519254,1,775,165484,0,0
18,1227,1213284,Crosstown2,Tri519254,1,112545,165484,0,0
18,1225,1213285,Crosstown2,Tri519253,1,776,165484,0,0
18,1227,1213286,Crosstown2,Tri519253,1,112543,165484,0,0
18,1225,1213287,Crosstown2,Tri519252,1,769,165484,0,0
18,1227,1213288,Crosstown2,Tri519252,1,112544,165484,0,0
18,1225,1213289,Crosstown2,Tri519251,1,775,165484,0,0
18,1227,1213290,Crosstown2,Tri519251,1,112545,165484,0,0
18,1225,1213291,Crosstown2,Tri519250,1,776,165484,0,0
18,1227,1213292,Crosstown2,Tri519250,1,112543,165484,0,0
18,1225,1213293,Crosstown2,Tri519249,1,769,165484,0,0
18,1227,1213294,Crosstown2,Tri519249,1,112544,165484,0,0
18,1225,1213295,Crosstown2,Tri519248,1,775,165484,0,0
18,1227,1213296,Crosstown2,Tri519248,1,112545,165484,0,0
18,1225,1213297,Crosstown2,Tri519247,1,776,165484,0,0
18,1227,1213298,Crosstown2,Tri519247,1,112543,165484,0,0
18,1225,1213299,Crosstown2,Tri519246,1,769,165484,0,0
18,1227,1213300,Crosstown2,Tri519246,1,112544,165484,0,0
18,1225,1213301,Crosstown2,Tri519245,1,775,165484,0,0
18,1227,1213302,Crosstown2,Tri519245,1,112545,165484,0,0
18,1225,1213303,Crosstown2,Tri519244,1,776,165484,0,0
18,1227,1213304,Crosstown2,Tri519244,1,112543,165484,0,0
18,1225,1213305,Crosstown2,Tri519243,1,759,165484,0,0
18,1227,1213306,Crosstown2,Tri519243,1,113184,165484,0,0
18,1225,1213307,Crosstown2,Tri519242,1,775,165484,0,0
18,1227,1213308,Crosstown2,Tri519242,1,112545,165484,0,0
18,1225,1213309,Crosstown2,Tri519241,1,759,165484,0,0
18,1227,1213310,Crosstown2,Tri519241,1,113184,165484,0,0
18,1225,1213408,Crosstown2,Tri519276,0,776,165479,0,0
18,1227,1213409,Crosstown2,Tri519276,0,112543,165479,0,0
18,1225,1213410,Crosstown2,Tri519275,0,769,165479,0,0
18,1227,1213411,Crosstown2,Tri519275,0,112544,165479,0,0
18,1225,1213412,Crosstown2,Tri519274,0,775,165479,0,0
18,1227,1213413,Crosstown2,Tri519274,0,112545,165479,0,0
18,1225,1213414,Crosstown2,Tri519273,0,776,165479,0,0
18,1227,1213415,Crosstown2,Tri519273,0,112543,165479,0,0
18,1225,1213416,Crosstown2,Tri519272,0,769,165479,0,0
18,1227,1213417,Crosstown2,Tri519272,0,112544,165479,0,0
18,1225,1213418,Crosstown2,Tri519271,0,775,165479,0,0
18,1227,1213419,Crosstown2,Tri519271,0,112545,165479,0,0
18,1225,1213420,Crosstown2,Tri519270,0,776,165479,0,0
18,1227,1213421,Crosstown2,Tri519270,0,112543,165479,0,0
18,1225,1213422,Crosstown2,Tri519269,0,769,165479,0,0
18,1227,1213423,Crosstown2,Tri519269,0,112544,165479,0,0
18,1225,1213424,Crosstown2,Tri519268,0,775,165479,0,0
18,1227,1213425,Crosstown2,Tri519268,0,112545,165479,0,0
18,1225,1213426,Crosstown2,Tri519267,0,776,165479,0,0
18,1227,1213427,Crosstown2,Tri519267,0,112543,165479,0,0
18,1225,1213428,Crosstown2,Tri519266,0,769,165479,0,0
18,1227,1213429,Crosstown2,Tri519266,0,112544,165479,0,0
18,1225,1213430,Crosstown2,Tri519265,0,775,165479,0,0
18,1227,1213431,Crosstown2,Tri519265,0,112545,165479,0,0
18,1225,1213432,Crosstown2,Tri519264,0,776,165479,0,0
18,1227,1213433,Crosstown2,Tri519264,0,112543,165479,0,0
18,1225,1213434,Crosstown2,Tri519263,0,769,165479,0,0
18,1227,1213435,Crosstown2,Tri519263,0,112544,165479,0,0
18,1225,1213436,Crosstown2,Tri519262,0,775,165479,0,0
18,1227,1213437,Crosstown2,Tri519262,0,112545,165479,0,0
18,1225,1213438,Crosstown2,Tri519261,0,776,165479,0,0
18,1227,1213439,Crosstown2,Tri519261,0,112543,165479,0,0
18,1225,1213440,Crosstown2,Tri519260,0,759,165479,0,0
18,1227,1213441,Crosstown2,Tri519260,0,113184,165479,0,0
18,1225,1213442,Crosstown2,Tri519259,0,775,165479,0,0
18,1227,1213443,Crosstown2,Tri519259,0,112545,165479,0,0
18,1228,1213713,Crosstown2,Tri519160,0,1055,165479,0,0
18,1229,1213714,Crosstown2,Tri519160,0,1201,165479,0,0
18,1230,1213715,Crosstown2,Tri519160,0,1351,165479,0,0
18,1231,1213716,Crosstown2,Tri519160,0,1500,165479,0,0
18,1232,1213717,Crosstown2,Tri519160,0,1650,165479,0,0
18,1228,1213718,Crosstown2,Tri519161,0,1057,165479,0,0
18,1229,1213719,Crosstown2,Tri519161,0,1203,165479,0,0
18,1230,1213720,Crosstown2,Tri519161,0,1353,165479,0,0
18,1231,1213721,Crosstown2,Tri519161,0,1502,165479,0,0
18,1232,1213722,Crosstown2,Tri519161,0,1652,165479,0,0
18,1228,1213723,Crosstown2,Tri519189,0,1059,165479,0,0
18,1229,1213724,Crosstown2,Tri519189,0,1205,165479,0,0
18,1230,1213725,Crosstown2,Tri519189,0,1355,165479,0,0
18,1231,1213726,Crosstown2,Tri519189,0,1504,165479,0,0
18,1232,1213727,Crosstown2,Tri519189,0,1654,165479,0,0
18,1228,1213728,Crosstown2,Tri519190,0,1062,165479,0,0
18,1229,1213729,Crosstown2,Tri519190,0,1208,165479,0,0
18,1230,1213730,Crosstown2,Tri519190,0,1358,165479,0,0
18,1231,1213731,Crosstown2,Tri519190,0,1507,165479,0,0
18,1232,1213732,Crosstown2,Tri519190,0,1657,165479,0,0
18,1228,1213733,Crosstown2,Tri519191,0,1056,165479,0,0
18,1229,1213734,Crosstown2,Tri519191,0,1202,165479,0,0
18,1230,1213735,Crosstown2,Tri519191,0,1352,165479,0,0
18,1231,1213736,Crosstown2,Tri519191,0,1501,165479,0,0
18,1232,1213737,Crosstown2,Tri519191,0,1651,165479,0,0
18,1228,1213738,Crosstown2,Tri519192,0,1060,165479,0,0
18,1229,1213739,Crosstown2,Tri519192,0,1206,165479,0,0
18,1230,1213740,Crosstown2,Tri519192,0,1356,165479,0,0
18,1231,1213741,Crosstown2,Tri519192,0,1505,165479,0,0
18,1232,1213742,Crosstown2,Tri519192,0,1655,165479,0,0
18,1228,1213743,Crosstown2,Tri519193,0,1058,165479,0,0
18,1229,1213744,Crosstown2,Tri519193,0,1204,165479,0,0
18,1230,1213745,Crosstown2,Tri519193,0,1354,165479,0,0
18,1231,1213746,Crosstown2,Tri519193,0,1503,165479,0,0
18,1232,1213747,Crosstown2,Tri519193,0,1653,165479,0,0
18,1228,1213748,Crosstown2,Tri519194,0,1055,165479,0,0
18,1229,1213749,Crosstown2,Tri519194,0,1201,165479,0,0
18,1230,1213750,Crosstown2,Tri519194,0,1351,165479,0,0
18,1231,1213751,Crosstown2,Tri519194,0,1500,165479,0,0
18,1232,1213752,Crosstown2,Tri519194,0,1650,165479,0,0
18,1228,1213753,Crosstown2,Tri519195,0,1054,165479,0,0
18,1229,1213754,Crosstown2,Tri519195,0,1300,165479,0,0
18,1230,1213755,Crosstown2,Tri519195,0,1350,165479,0,0
18,1231,1213756,Crosstown2,Tri519195,0,1599,165479,0,0
18,1232,1213757,Crosstown2,Tri519195,0,1649,165479,0,0
18,1228,1213758,Crosstown2,Tri519196,0,1066,165479,0,0
18,1229,1213759,Crosstown2,Tri519196,0,1212,165479,0,0
18,1230,1213760,Crosstown2,Tri519196,0,1362,165479,0,0
18,1231,1213761,Crosstown2,Tri519196,0,1511,165479,0,0
18,1232,1213762,Crosstown2,Tri519196,0,1661,165479,0,0
18,1228,1213763,Crosstown2,Tri519197,0,1057,165479,0,0
18,1229,1213764,Crosstown2,Tri519197,0,1203,165479,0,0
18,1230,1213765,Crosstown2,Tri519197,0,1353,165479,0,0
18,1231,1213766,Crosstown2,Tri519197,0,1502,165479,0,0
18,1232,1213767,Crosstown2,Tri519197,0,1652,165479,0,0
18,1228,1213768,Crosstown2,Tri519198,0,1059,165479,0,0
18,1229,1213769,Crosstown2,Tri519198,0,1205,165479,0,0
18,1230,1213770,Crosstown2,Tri519198,0,1355,165479,0,0
18,1231,1213771,Crosstown2,Tri519198,0,1504,165479,0,0
18,1232,1213772,Crosstown2,Tri519198,0,1654,165479,0,0
18,1228,1213773,Crosstown2,Tri519199,0,1056,165479,0,0
18,1229,1213774,Crosstown2,Tri519199,0,1202,165479,0,0
18,1230,1213775,Crosstown2,Tri519199,0,1352,165479,0,0
18,1231,1213776,Crosstown2,Tri519199,0,1501,165479,0,0
18,1232,1213777,Crosstown2,Tri519199,0,1651,165479,0,0
18,1228,1213778,Crosstown2,Tri519200,0,1060,165479,0,0
18,1229,1213779,Crosstown2,Tri519200,0,1206,165479,0,0
18,1230,1213780,Crosstown2,Tri519200,0,1356,165479,0,0
18,1231,1213781,Crosstown2,Tri519200,0,1505,165479,0,0
18,1232,1213782,Crosstown2,Tri519200,0,1655,165479,0,0
18,1228,1213783,Crosstown2,Tri519201,0,1058,165479,0,0
18,1229,1213784,Crosstown2,Tri519201,0,1204,165479,0,0
18,1230,1213785,Crosstown2,Tri519201,0,1354,165479,0,0
18,1231,1213786,Crosstown2,Tri519201,0,1503,165479,0,0
18,1232,1213787,Crosstown2,Tri519201,0,1653,165479,0,0
18,1228,1213788,Crosstown2,Tri519202,0,1055,165479,0,0
18,1229,1213789,Crosstown2,Tri519202,0,1201,165479,0,0
18,1230,1213790,Crosstown2,Tri519202,0,1351,165479,0,0
18,1231,1213791,Crosstown2,Tri519202,0,1500,165479,0,0
18,1232,1213792,Crosstown2,Tri519202,0,1650,165479,0,0
18,1228,1213793,Crosstown2,Tri519203,0,1054,165479,0,0
18,1229,1213794,Crosstown2,Tri519203,0,1300,165479,0,0
18,1230,1213795,Crosstown2,Tri519203,0,1350,165479,0,0
18,1231,1213796,Crosstown2,Tri519203,0,1599,165479,0,0
18,1232,1213797,Crosstown2,Tri519203,0,1649,165479,0,0
18,1228,1213798,Crosstown2,Tri519204,0,1066,165479,0,0
18,1229,1213799,Crosstown2,Tri519204,0,1212,165479,0,0
18,1230,1213800,Crosstown2,Tri519204,0,1362,165479,0,0
18,1231,1213801,Crosstown2,Tri519204,0,1511,165479,0,0
18,1232,1213802,Crosstown2,Tri519204,0,1661,165479,0,0
18,1228,1213803,Crosstown2,Tri519205,0,1057,165479,0,0
18,1229,1213804,Crosstown2,Tri519205,0,1203,165479,0,0
18,1230,1213805,Crosstown2,Tri519205,0,1353,165479,0,0
18,1231,1213806,Crosstown2,Tri519205,0,1502,165479,0,0
18,1232,1213807,Crosstown2,Tri519205,0,1652,165479,0,0
18,1228,1213808,Crosstown2,Tri519206,0,1059,165479,0,0
18,1229,1213809,Crosstown2,Tri519206,0,1205,165479,0,0
18,1230,1213810,Crosstown2,Tri519206,0,1355,165479,0,0
18,1231,1213811,Crosstown2,Tri519206,0,1504,165479,0,0
18,1232,1213812,Crosstown2,Tri519206,0,1654,165479,0,0
18,1228,1213813,Crosstown2,Tri519207,0,1056,165479,0,0
18,1229,1213814,Crosstown2,Tri519207,0,1202,165479,0,0
18,1230,1213815,Crosstown2,Tri519207,0,1352,165479,0,0
18,1231,1213816,Crosstown2,Tri519207,0,1501,165479,0,0
18,1232,1213817,Crosstown2,Tri519207,0,1651,165479,0,0
18,1228,1213818,Crosstown2,Tri519226,0,1073,165479,0,0
18,1229,1213819,Crosstown2,Tri519226,0,1219,165479,0,0
18,1230,1213820,Crosstown2,Tri519226,0,1369,165479,0,0
18,1231,1213821,Crosstown2,Tri519226,0,1518,165479,0,0
18,1232,1213822,Crosstown2,Tri519226,0,1668,165479,0,0
18,1228,1213823,Crosstown2,Tri519227,0,1054,165479,0,0
18,1229,1213824,Crosstown2,Tri519227,0,1300,165479,0,0
18,1230,1213825,Crosstown2,Tri519227,0,1350,165479,0,0
18,1231,1213826,Crosstown2,Tri519227,0,1599,165479,0,0
18,1232,1213827,Crosstown2,Tri519227,0,1649,165479,0,0
18,1228,1213828,Crosstown2,Tri519228,0,1068,165479,0,0
18,1229,1213829,Crosstown2,Tri519228,0,1214,165479,0,0
18,1230,1213830,Crosstown2,Tri519228,0,1364,165479,0,0
18,1231,1213831,Crosstown2,Tri519228,0,1513,165479,0,0
18,1232,1213832,Crosstown2,Tri519228,0,1663,165479,0,0
18,1228,1213833,Crosstown2,Tri519229,0,1071,165479,0,0
18,1229,1213834,Crosstown2,Tri519229,0,1217,165479,0,0
18,1230,1213835,Crosstown2,Tri519229,0,1367,165479,0,0
18,1231,1213836,Crosstown2,Tri519229,0,1516,165479,0,0
18,1232,1213837,Crosstown2,Tri519229,0,1666,165479,0,0
18,1228,1213838,Crosstown2,Tri519230,0,1073,165479,0,0
18,1229,1213839,Crosstown2,Tri519230,0,1219,165479,0,0
18,1230,1213840,Crosstown2,Tri519230,0,1369,165479,0,0
18,1231,1213841,Crosstown2,Tri519230,0,1518,165479,0,0
18,1232,1213842,Crosstown2,Tri519230,0,1668,165479,0,0
18,1228,1213843,Crosstown2,Tri519231,0,1054,165479,0,0
18,1229,1213844,Crosstown2,Tri519231,0,1300,165479,0,0
18,1230,1213845,Crosstown2,Tri519231,0,1350,165479,0,0
18,1231,1213846,Crosstown2,Tri519231,0,1599,165479,0,0
18,1232,1213847,Crosstown2,Tri519231,0,1649,165479,0,0
18,1228,1213848,Crosstown2,Tri519232,0,1068,165479,0,0
18,1229,1213849,Crosstown2,Tri519232,0,1214,165479,0,0
18,1230,1213850,Crosstown2,Tri519232,0,1364,165479,0,0
18,1231,1213851,Crosstown2,Tri519232,0,1513,165479,0,0
18,1232,1213852,Crosstown2,Tri519232,0,1663,165479,0,0
18,1228,1213853,Crosstown2,Tri519233,0,1071,165479,0,0
18,1229,1213854,Crosstown2,Tri519233,0,1217,165479,0,0
18,1230,1213855,Crosstown2,Tri519233,0,1367,165479,0,0
18,1231,1213856,Crosstown2,Tri519233,0,1516,165479,0,0
18,1232,1213857,Crosstown2,Tri519233,0,1666,165479,0,0
18,1228,1213858,Crosstown2,Tri519234,0,1073,165479,0,0
18,1229,1213859,Crosstown2,Tri519234,0,1219,165479,0,0
18,1230,1213860,Crosstown2,Tri519234,0,1369,165479,0,0
18,1231,1213861,Crosstown2,Tri519234,0,1518,165479,0,0
18,1232,1213862,Crosstown2,Tri519234,0,1668,165479,0,0
18,1228,1213863,Crosstown2,Tri519235,0,1054,165479,0,0
18,1229,1213864,Crosstown2,Tri519235,0,1300,165479,0,0
18,1230,1213865,Crosstown2,Tri519235,0,1350,165479,0,0
18,1231,1213866,Crosstown2,Tri519235,0,1599,165479,0,0
18,1232,1213867,Crosstown2,Tri519235,0,1649,165479,0,0
18,1228,1213868,Crosstown2,Tri519236,0,1068,165479,0,0
18,1229,1213869,Crosstown2,Tri519236,0,1214,165479,0,0
18,1230,1213870,Crosstown2,Tri519236,0,1364,165479,0,0
18,1231,1213871,Crosstown2,Tri519236,0,1513,165479,0,0
18,1232,1213872,Crosstown2,Tri519236,0,1663,165479,0,0
18,1228,1213873,Crosstown2,Tri519237,0,1071,165479,0,0
18,1229,1213874,Crosstown2,Tri519237,0,1217,165479,0,0
18,1230,1213875,Crosstown2,Tri519237,0,1367,165479,0,0
18,1231,1213876,Crosstown2,Tri519237,0,1516,165479,0,0
18,1232,1213877,Crosstown2,Tri519237,0,1666,165479,0,0
18,1228,1213878,Crosstown2,Tri519238,0,1073,165479,0,0
18,1229,1213879,Crosstown2,Tri519238,0,1219,165479,0,0
18,1230,1213880,Crosstown2,Tri519238,0,1369,165479,0,0
18,1231,1213881,Crosstown2,Tri519238,0,1518,165479,0,0
18,1232,1213882,Crosstown2,Tri519238,0,1668,165479,0,0
18,1228,1213883,Crosstown2,Tri848702,0,1054,165479,0,0
18,1229,1213884,Crosstown2,Tri848702,0,1300,165479,0,0
18,1230,1213885,Crosstown2,Tri848702,0,1350,165479,0,0
18,1231,1213886,Crosstown2,Tri848702,0,1599,165479,0,0
18,1232,1213887,Crosstown2,Tri848702,0,1649,165479,0,0
18,1228,1215133,Crosstown2,Tri519162,0,1059,165479,0,0
18,1229,1215134,Crosstown2,Tri519162,0,1205,165479,0,0
18,1230,1215135,Crosstown2,Tri519162,0,1355,165479,0,0
18,1231,1215136,Crosstown2,Tri519162,0,1504,165479,0,0
18,1232,1215137,Crosstown2,Tri519162,0,1654,165479,0,0
18,1228,1215138,Crosstown2,Tri519163,0,1062,165479,0,0
18,1229,1215139,Crosstown2,Tri519163,0,1208,165479,0,0
18,1230,1215140,Crosstown2,Tri519163,0,1358,165479,0,0
18,1231,1215141,Crosstown2,Tri519163,0,1507,165479,0,0
18,1232,1215142,Crosstown2,Tri519163,0,1657,165479,0,0
18,1228,1215143,Crosstown2,Tri519164,0,1056,165479,0,0
18,1229,1215144,Crosstown2,Tri519164,0,1202,165479,0,0
18,1230,1215145,Crosstown2,Tri519164,0,1352,165479,0,0
18,1231,1215146,Crosstown2,Tri519164,0,1501,165479,0,0
18,1232,1215147,Crosstown2,Tri519164,0,1651,165479,0,0
18,1228,1215148,Crosstown2,Tri519165,0,1060,165479,0,0
18,1229,1215149,Crosstown2,Tri519165,0,1206,165479,0,0
18,1230,1215150,Crosstown2,Tri519165,0,1356,165479,0,0
18,1231,1215151,Crosstown2,Tri519165,0,1505,165479,0,0
18,1232,1215152,Crosstown2,Tri519165,0,1655,165479,0,0
18,1228,1215153,Crosstown2,Tri519166,0,1058,165479,0,0
18,1229,1215154,Crosstown2,Tri519166,0,1204,165479,0,0
18,1230,1215155,Crosstown2,Tri519166,0,1354,165479,0,0
18,1231,1215156,Crosstown2,Tri519166,0,1503,165479,0,0
18,1232,1215157,Crosstown2,Tri519166,0,1653,165479,0,0
18,1228,1215158,Crosstown2,Tri519167,0,1055,165479,0,0
18,1229,1215159,Crosstown2,Tri519167,0,1201,165479,0,0
18,1230,1215160,Crosstown2,Tri519167,0,1351,165479,0,0
18,1231,1215161,Crosstown2,Tri519167,0,1500,165479,0,0
18,1232,1215162,Crosstown2,Tri519167,0,1650,165479,0,0
18,1228,1215163,Crosstown2,Tri873950,0,1064,165479,0,0
18,1229,1215164,Crosstown2,Tri873950,0,1210,165479,0,0
18,1230,1215165,Crosstown2,Tri873950,0,1360,165479,0,0
18,1231,1215166,Crosstown2,Tri873950,0,1509,165479,0,0
18,1232,1215167,Crosstown2,Tri873950,0,1659,165479,0,0
18,1228,1215168,Crosstown2,Tri519168,0,1054,165479,0,0
18,1229,1215169,Crosstown2,Tri519168,0,1300,165479,0,0
18,1230,1215170,Crosstown2,Tri519168,0,1350,165479,0,0
18,1231,1215171,Crosstown2,Tri519168,0,1599,165479,0,0
18,1232,1215172,Crosstown2,Tri519168,0,1649,165479,0,0
18,1228,1215173,Crosstown2,Tri519169,0,1061,165479,0,0
18,1229,1215174,Crosstown2,Tri519169,0,1207,165479,0,0
18,1230,1215175,Crosstown2,Tri519169,0,1357,165479,0,0
18,1231,1215176,Crosstown2,Tri519169,0,1506,165479,0,0
18,1232,1215177,Crosstown2,Tri519169,0,1656,165479,0,0
18,1228,1215178,Crosstown2,Tri873979,0,1066,165479,0,0
18,1229,1215179,Crosstown2,Tri873979,0,1212,165479,0,0
18,1230,1215180,Crosstown2,Tri873979,0,1362,165479,0,0
18,1231,1215181,Crosstown2,Tri873979,0,1511,165479,0,0
18,1232,1215182,Crosstown2,Tri873979,0,1661,165479,0,0
18,1228,1215183,Crosstown2,Tri519170,0,1057,165479,0,0
18,1229,1215184,Crosstown2,Tri519170,0,1203,165479,0,0
18,1230,1215185,Crosstown2,Tri519170,0,1353,165479,0,0
18,1231,1215186,Crosstown2,Tri519170,0,1502,165479,0,0
18,1232,1215187,Crosstown2,Tri519170,0,1652,165479,0,0
18,1228,1215188,Crosstown2,Tri519208,0,1060,165479,0,0
18,1229,1215189,Crosstown2,Tri519208,0,1206,165479,0,0
18,1230,1215190,Crosstown2,Tri519208,0,1356,165479,0,0
18,1231,1215191,Crosstown2,Tri519208,0,1505,165479,0,0
18,1232,1215192,Crosstown2,Tri519208,0,1655,165479,0,0
18,1228,1215193,Crosstown2,Tri519209,0,1058,165479,0,0
18,1229,1215194,Crosstown2,Tri519209,0,1204,165479,0,0
18,1230,1215195,Crosstown2,Tri519209,0,1354,165479,0,0
18,1231,1215196,Crosstown2,Tri519209,0,1503,165479,0,0
18,1232,1215197,Crosstown2,Tri519209,0,1653,165479,0,0
18,1228,1215198,Crosstown2,Tri519210,0,1055,165479,0,0
18,1229,1215199,Crosstown2,Tri519210,0,1201,165479,0,0
18,1230,1215200,Crosstown2,Tri519210,0,1351,165479,0,0
18,1231,1215201,Crosstown2,Tri519210,0,1500,165479,0,0
18,1232,1215202,Crosstown2,Tri519210,0,1650,165479,0,0
18,1228,1215203,Crosstown2,Tri519240,0,1054,165479,0,0
18,1229,1215204,Crosstown2,Tri519240,0,1300,165479,0,0
18,1230,1215205,Crosstown2,Tri519240,0,1350,165479,0,0
18,1231,1215206,Crosstown2,Tri519240,0,1599,165479,0,0
18,1232,1215207,Crosstown2,Tri519240,0,1649,165479,0,0
18,1228,1215208,Crosstown2,Tri519211,0,1066,165479,0,0
18,1229,1215209,Crosstown2,Tri519211,0,1212,165479,0,0
18,1230,1215210,Crosstown2,Tri519211,0,1362,165479,0,0
18,1231,1215211,Crosstown2,Tri519211,0,1511,165479,0,0
18,1232,1215212,Crosstown2,Tri519211,0,1661,165479,0,0
18,1228,1215213,Crosstown2,Tri519212,0,1068,165479,0,0
18,1229,1215214,Crosstown2,Tri519212,0,1214,165479,0,0
18,1230,1215215,Crosstown2,Tri519212,0,1364,165479,0,0
18,1231,1215216,Crosstown2,Tri519212,0,1513,165479,0,0
18,1232,1215217,Crosstown2,Tri519212,0,1663,165479,0,0
18,1228,1215218,Crosstown2,Tri873951,0,1057,165479,0,0
18,1229,1215219,Crosstown2,Tri873951,0,1203,165479,0,0
18,1230,1215220,Crosstown2,Tri873951,0,1353,165479,0,0
18,1231,1215221,Crosstown2,Tri873951,0,1502,165479,0,0
18,1232,1215222,Crosstown2,Tri873951,0,1652,165479,0,0
18,1228,1215223,Crosstown2,Tri519213,0,1059,165479,0,0
18,1229,1215224,Crosstown2,Tri519213,0,1205,165479,0,0
18,1230,1215225,Crosstown2,Tri519213,0,1355,165479,0,0
18,1231,1215226,Crosstown2,Tri519213,0,1504,165479,0,0
18,1232,1215227,Crosstown2,Tri519213,0,1654,165479,0,0
18,1228,1215228,Crosstown2,Tri519214,0,1056,165479,0,0
18,1229,1215229,Crosstown2,Tri519214,0,1202,165479,0,0
18,1230,1215230,Crosstown2,Tri519214,0,1352,165479,0,0
18,1231,1215231,Crosstown2,Tri519214,0,1501,165479,0,0
18,1232,1215232,Crosstown2,Tri519214,0,1651,165479,0,0
18,1228,1215233,Crosstown2,Tri873952,0,1071,165479,0,0
18,1229,1215234,Crosstown2,Tri873952,0,1217,165479,0,0
18,1230,1215235,Crosstown2,Tri873952,0,1367,165479,0,0
18,1231,1215236,Crosstown2,Tri873952,0,1516,165479,0,0
18,1232,1215237,Crosstown2,Tri873952,0,1666,165479,0,0
18,1228,1215238,Crosstown2,Tri519215,0,1067,165479,0,0
18,1229,1215239,Crosstown2,Tri519215,0,1213,165479,0,0
18,1230,1215240,Crosstown2,Tri519215,0,1363,165479,0,0
18,1231,1215241,Crosstown2,Tri519215,0,1512,165479,0,0
18,1232,1215242,Crosstown2,Tri519215,0,1662,165479,0,0
18,1228,1215243,Crosstown2,Tri519216,0,1060,165479,0,0
18,1229,1215244,Crosstown2,Tri519216,0,1206,165479,0,0
18,1230,1215245,Crosstown2,Tri519216,0,1356,165479,0,0
18,1231,1215246,Crosstown2,Tri519216,0,1505,165479,0,0
18,1232,1215247,Crosstown2,Tri519216,0,1655,165479,0,0
18,1228,1215248,Crosstown2,Tri873953,0,1069,165479,0,0
18,1229,1215249,Crosstown2,Tri873953,0,1215,165479,0,0
18,1230,1215250,Crosstown2,Tri873953,0,1365,165479,0,0
18,1231,1215251,Crosstown2,Tri873953,0,1514,165479,0,0
18,1232,1215252,Crosstown2,Tri873953,0,1664,165479,0,0
18,1228,1215253,Crosstown2,Tri519217,0,1058,165479,0,0
18,1229,1215254,Crosstown2,Tri519217,0,1204,165479,0,0
18,1230,1215255,Crosstown2,Tri519217,0,1354,165479,0,0
18,1231,1215256,Crosstown2,Tri519217,0,1503,165479,0,0
18,1232,1215257,Crosstown2,Tri519217,0,1653,165479,0,0
18,1228,1215258,Crosstown2,Tri519218,0,1055,165479,0,0
18,1229,1215259,Crosstown2,Tri519218,0,1201,165479,0,0
18,1230,1215260,Crosstown2,Tri519218,0,1351,165479,0,0
18,1231,1215261,Crosstown2,Tri519218,0,1500,165479,0,0
18,1232,1215262,Crosstown2,Tri519218,0,1650,165479,0,0
18,1228,1215263,Crosstown2,Tri873954,0,1070,165479,0,0
18,1229,1215264,Crosstown2,Tri873954,0,1216,165479,0,0
18,1230,1215265,Crosstown2,Tri873954,0,1366,165479,0,0
18,1231,1215266,Crosstown2,Tri873954,0,1515,165479,0,0
18,1232,1215267,Crosstown2,Tri873954,0,1665,165479,0,0
18,1228,1215268,Crosstown2,Tri519219,0,1054,165479,0,0
18,1229,1215269,Crosstown2,Tri519219,0,1300,165479,0,0
18,1230,1215270,Crosstown2,Tri519219,0,1350,165479,0,0
18,1231,1215271,Crosstown2,Tri519219,0,1599,165479,0,0
18,1232,1215272,Crosstown2,Tri519219,0,1649,165479,0,0
18,1228,1215273,Crosstown2,Tri519220,0,1066,165479,0,0
18,1229,1215274,Crosstown2,Tri519220,0,1212,165479,0,0
18,1230,1215275,Crosstown2,Tri519220,0,1362,165479,0,0
18,1231,1215276,Crosstown2,Tri519220,0,1511,165479,0,0
18,1232,1215277,Crosstown2,Tri519220,0,1661,165479,0,0
18,1228,1215278,Crosstown2,Tri873955,0,1072,165479,0,0
18,1229,1215279,Crosstown2,Tri873955,0,1218,165479,0,0
18,1230,1215280,Crosstown2,Tri873955,0,1368,165479,0,0
18,1231,1215281,Crosstown2,Tri873955,0,1517,165479,0,0
18,1232,1215282,Crosstown2,Tri873955,0,1667,165479,0,0
18,1228,1215283,Crosstown2,Tri519221,0,1068,165479,0,0
18,1229,1215284,Crosstown2,Tri519221,0,1214,165479,0,0
18,1230,1215285,Crosstown2,Tri519221,0,1364,165479,0,0
18,1231,1215286,Crosstown2,Tri519221,0,1513,165479,0,0
18,1232,1215287,Crosstown2,Tri519221,0,1663,165479,0,0
18,1228,1215288,Crosstown2,Tri519222,0,1059,165479,0,0
18,1229,1215289,Crosstown2,Tri519222,0,1205,165479,0,0
18,1230,1215290,Crosstown2,Tri519222,0,1355,165479,0,0
18,1231,1215291,Crosstown2,Tri519222,0,1504,165479,0,0
18,1232,1215292,Crosstown2,Tri519222,0,1654,165479,0,0
18,1228,1215293,Crosstown2,Tri873956,0,1056,165479,0,0
18,1229,1215294,Crosstown2,Tri873956,0,1202,165479,0,0
18,1230,1215295,Crosstown2,Tri873956,0,1352,165479,0,0
18,1231,1215296,Crosstown2,Tri873956,0,1501,165479,0,0
18,1232,1215297,Crosstown2,Tri873956,0,1651,165479,0,0
18,1228,1215298,Crosstown2,Tri519223,0,1071,165479,0,0
18,1229,1215299,Crosstown2,Tri519223,0,1217,165479,0,0
18,1230,1215300,Crosstown2,Tri519223,0,1367,165479,0,0
18,1231,1215301,Crosstown2,Tri519223,0,1516,165479,0,0
18,1232,1215302,Crosstown2,Tri519223,0,1666,165479,0,0
18,1228,1215303,Crosstown2,Tri519224,0,1067,165479,0,0
18,1229,1215304,Crosstown2,Tri519224,0,1213,165479,0,0
18,1230,1215305,Crosstown2,Tri519224,0,1363,165479,0,0
18,1231,1215306,Crosstown2,Tri519224,0,1512,165479,0,0
18,1232,1215307,Crosstown2,Tri519224,0,1662,165479,0,0
18,1228,1215308,Crosstown2,Tri519225,0,1069,165479,0,0
18,1229,1215309,Crosstown2,Tri519225,0,1215,165479,0,0
18,1230,1215310,Crosstown2,Tri519225,0,1365,165479,0,0
18,1231,1215311,Crosstown2,Tri519225,0,1514,165479,0,0
18,1232,1215312,Crosstown2,Tri519225,0,1664,165479,0,0
18,1228,1217238,Crosstown2,Tri519099,1,1055,165484,0,0
18,1229,1217239,Crosstown2,Tri519099,1,1201,165484,0,0
18,1230,1217240,Crosstown2,Tri519099,1,1351,165484,0,0
18,1231,1217241,Crosstown2,Tri519099,1,1500,165484,0,0
18,1232,1217242,Crosstown2,Tri519099,1,1650,165484,0,0
18,1228,1217243,Crosstown2,Tri519100,1,1054,165484,0,0
18,1229,1217244,Crosstown2,Tri519100,1,1300,165484,0,0
18,1230,1217245,Crosstown2,Tri519100,1,1350,165484,0,0
18,1231,1217246,Crosstown2,Tri519100,1,1599,165484,0,0
18,1232,1217247,Crosstown2,Tri519100,1,1649,165484,0,0
18,1228,1217248,Crosstown2,Tri519101,1,1061,165484,0,0
18,1229,1217249,Crosstown2,Tri519101,1,1207,165484,0,0
18,1230,1217250,Crosstown2,Tri519101,1,1357,165484,0,0
18,1231,1217251,Crosstown2,Tri519101,1,1506,165484,0,0
18,1232,1217252,Crosstown2,Tri519101,1,1656,165484,0,0
18,1228,1217253,Crosstown2,Tri519102,1,1057,165484,0,0
18,1229,1217254,Crosstown2,Tri519102,1,1203,165484,0,0
18,1230,1217255,Crosstown2,Tri519102,1,1353,165484,0,0
18,1231,1217256,Crosstown2,Tri519102,1,1502,165484,0,0
18,1232,1217257,Crosstown2,Tri519102,1,1652,165484,0,0
18,1228,1217258,Crosstown2,Tri519103,1,1059,165484,0,0
18,1229,1217259,Crosstown2,Tri519103,1,1205,165484,0,0
18,1230,1217260,Crosstown2,Tri519103,1,1355,165484,0,0
18,1231,1217261,Crosstown2,Tri519103,1,1504,165484,0,0
18,1232,1217262,Crosstown2,Tri519103,1,1654,165484,0,0
18,1228,1217263,Crosstown2,Tri873947,1,1063,165484,0,0
18,1229,1217264,Crosstown2,Tri873947,1,1209,165484,0,0
18,1230,1217265,Crosstown2,Tri873947,1,1359,165484,0,0
18,1231,1217266,Crosstown2,Tri873947,1,1508,165484,0,0
18,1232,1217267,Crosstown2,Tri873947,1,1658,165484,0,0
18,1228,1217268,Crosstown2,Tri519104,1,1062,165484,0,0
18,1229,1217269,Crosstown2,Tri519104,1,1208,165484,0,0
18,1230,1217270,Crosstown2,Tri519104,1,1358,165484,0,0
18,1231,1217271,Crosstown2,Tri519104,1,1507,165484,0,0
18,1232,1217272,Crosstown2,Tri519104,1,1657,165484,0,0
18,1228,1217273,Crosstown2,Tri519105,1,1056,165484,0,0
18,1229,1217274,Crosstown2,Tri519105,1,1202,165484,0,0
18,1230,1217275,Crosstown2,Tri519105,1,1352,165484,0,0
18,1231,1217276,Crosstown2,Tri519105,1,1501,165484,0,0
18,1232,1217277,Crosstown2,Tri519105,1,1651,165484,0,0
18,1228,1217278,Crosstown2,Tri873948,1,1065,165484,0,0
18,1229,1217279,Crosstown2,Tri873948,1,1211,165484,0,0
18,1230,1217280,Crosstown2,Tri873948,1,1361,165484,0,0
18,1231,1217281,Crosstown2,Tri873948,1,1510,165484,0,0
18,1232,1217282,Crosstown2,Tri873948,1,1660,165484,0,0
18,1228,1217283,Crosstown2,Tri519106,1,1060,165484,0,0
18,1229,1217284,Crosstown2,Tri519106,1,1206,165484,0,0
18,1230,1217285,Crosstown2,Tri519106,1,1356,165484,0,0
18,1231,1217286,Crosstown2,Tri519106,1,1505,165484,0,0
18,1232,1217287,Crosstown2,Tri519106,1,1655,165484,0,0
18,1228,1217288,Crosstown2,Tri519107,1,1058,165484,0,0
18,1229,1217289,Crosstown2,Tri519107,1,1204,165484,0,0
18,1230,1217290,Crosstown2,Tri519107,1,1354,165484,0,0
18,1231,1217291,Crosstown2,Tri519107,1,1503,165484,0,0
18,1232,1217292,Crosstown2,Tri519107,1,1653,165484,0,0
18,1228,1217293,Crosstown2,Tri519108,1,1055,165484,0,0
18,1229,1217294,Crosstown2,Tri519108,1,1201,165484,0,0
18,1230,1217295,Crosstown2,Tri519108,1,1351,165484,0,0
18,1231,1217296,Crosstown2,Tri519108,1,1500,165484,0,0
18,1232,1217297,Crosstown2,Tri519108,1,1650,165484,0,0
18,1228,1217298,Crosstown2,Tri519109,1,1054,165484,0,0
18,1229,1217299,Crosstown2,Tri519109,1,1300,165484,0,0
18,1230,1217300,Crosstown2,Tri519109,1,1350,165484,0,0
18,1231,1217301,Crosstown2,Tri519109,1,1599,165484,0,0
18,1232,1217302,Crosstown2,Tri519109,1,1649,165484,0,0
18,1228,1217303,Crosstown2,Tri519127,1,1057,165484,0,0
18,1229,1217304,Crosstown2,Tri519127,1,1203,165484,0,0
18,1230,1217305,Crosstown2,Tri519127,1,1353,165484,0,0
18,1231,1217306,Crosstown2,Tri519127,1,1502,165484,0,0
18,1232,1217307,Crosstown2,Tri519127,1,1652,165484,0,0
18,1228,1217308,Crosstown2,Tri519128,1,1059,165484,0,0
18,1229,1217309,Crosstown2,Tri519128,1,1205,165484,0,0
18,1230,1217310,Crosstown2,Tri519128,1,1355,165484,0,0
18,1231,1217311,Crosstown2,Tri519128,1,1504,165484,0,0
18,1232,1217312,Crosstown2,Tri519128,1,1654,165484,0,0
18,1228,1217313,Crosstown2,Tri519129,1,1056,165484,0,0
18,1229,1217314,Crosstown2,Tri519129,1,1202,165484,0,0
18,1230,1217315,Crosstown2,Tri519129,1,1352,165484,0,0
18,1231,1217316,Crosstown2,Tri519129,1,1501,165484,0,0
18,1232,1217317,Crosstown2,Tri519129,1,1651,165484,0,0
18,1228,1217318,Crosstown2,Tri519130,1,1067,165484,0,0
18,1229,1217319,Crosstown2,Tri519130,1,1213,165484,0,0
18,1230,1217320,Crosstown2,Tri519130,1,1363,165484,0,0
18,1231,1217321,Crosstown2,Tri519130,1,1512,165484,0,0
18,1232,1217322,Crosstown2,Tri519130,1,1662,165484,0,0
18,1228,1217323,Crosstown2,Tri519131,1,1060,165484,0,0
18,1229,1217324,Crosstown2,Tri519131,1,1206,165484,0,0
18,1230,1217325,Crosstown2,Tri519131,1,1356,165484,0,0
18,1231,1217326,Crosstown2,Tri519131,1,1505,165484,0,0
18,1232,1217327,Crosstown2,Tri519131,1,1655,165484,0,0
18,1228,1217328,Crosstown2,Tri873972,1,1069,165484,0,0
18,1229,1217329,Crosstown2,Tri873972,1,1215,165484,0,0
18,1230,1217330,Crosstown2,Tri873972,1,1365,165484,0,0
18,1231,1217331,Crosstown2,Tri873972,1,1514,165484,0,0
18,1232,1217332,Crosstown2,Tri873972,1,1664,165484,0,0
18,1228,1217333,Crosstown2,Tri519132,1,1058,165484,0,0
18,1229,1217334,Crosstown2,Tri519132,1,1204,165484,0,0
18,1230,1217335,Crosstown2,Tri519132,1,1354,165484,0,0
18,1231,1217336,Crosstown2,Tri519132,1,1503,165484,0,0
18,1232,1217337,Crosstown2,Tri519132,1,1653,165484,0,0
18,1228,1217338,Crosstown2,Tri519133,1,1055,165484,0,0
18,1229,1217339,Crosstown2,Tri519133,1,1201,165484,0,0
18,1230,1217340,Crosstown2,Tri519133,1,1351,165484,0,0
18,1231,1217341,Crosstown2,Tri519133,1,1500,165484,0,0
18,1232,1217342,Crosstown2,Tri519133,1,1650,165484,0,0
18,1228,1217343,Crosstown2,Tri873973,1,1070,165484,0,0
18,1229,1217344,Crosstown2,Tri873973,1,1216,165484,0,0
18,1230,1217345,Crosstown2,Tri873973,1,1366,165484,0,0
18,1231,1217346,Crosstown2,Tri873973,1,1515,165484,0,0
18,1232,1217347,Crosstown2,Tri873973,1,1665,165484,0,0
18,1228,1217348,Crosstown2,Tri519134,1,1054,165484,0,0
18,1229,1217349,Crosstown2,Tri519134,1,1300,165484,0,0
18,1230,1217350,Crosstown2,Tri519134,1,1350,165484,0,0
18,1231,1217351,Crosstown2,Tri519134,1,1599,165484,0,0
18,1232,1217352,Crosstown2,Tri519134,1,1649,165484,0,0
18,1228,1217353,Crosstown2,Tri519135,1,1066,165484,0,0
18,1229,1217354,Crosstown2,Tri519135,1,1212,165484,0,0
18,1230,1217355,Crosstown2,Tri519135,1,1362,165484,0,0
18,1231,1217356,Crosstown2,Tri519135,1,1511,165484,0,0
18,1232,1217357,Crosstown2,Tri519135,1,1661,165484,0,0
18,1228,1217358,Crosstown2,Tri873974,1,1072,165484,0,0
18,1229,1217359,Crosstown2,Tri873974,1,1218,165484,0,0
18,1230,1217360,Crosstown2,Tri873974,1,1368,165484,0,0
18,1231,1217361,Crosstown2,Tri873974,1,1517,165484,0,0
18,1232,1217362,Crosstown2,Tri873974,1,1667,165484,0,0
18,1228,1217363,Crosstown2,Tri519136,1,1068,165484,0,0
18,1229,1217364,Crosstown2,Tri519136,1,1214,165484,0,0
18,1230,1217365,Crosstown2,Tri519136,1,1364,165484,0,0
18,1231,1217366,Crosstown2,Tri519136,1,1513,165484,0,0
18,1232,1217367,Crosstown2,Tri519136,1,1663,165484,0,0
18,1228,1217368,Crosstown2,Tri519137,1,1059,165484,0,0
18,1229,1217369,Crosstown2,Tri519137,1,1205,165484,0,0
18,1230,1217370,Crosstown2,Tri519137,1,1355,165484,0,0
18,1231,1217371,Crosstown2,Tri519137,1,1504,165484,0,0
18,1232,1217372,Crosstown2,Tri519137,1,1654,165484,0,0
18,1228,1217373,Crosstown2,Tri873975,1,1056,165484,0,0
18,1229,1217374,Crosstown2,Tri873975,1,1202,165484,0,0
18,1230,1217375,Crosstown2,Tri873975,1,1352,165484,0,0
18,1231,1217376,Crosstown2,Tri873975,1,1501,165484,0,0
18,1232,1217377,Crosstown2,Tri873975,1,1651,165484,0,0
18,1228,1217378,Crosstown2,Tri519138,1,1071,165484,0,0
18,1229,1217379,Crosstown2,Tri519138,1,1217,165484,0,0
18,1230,1217380,Crosstown2,Tri519138,1,1367,165484,0,0
18,1231,1217381,Crosstown2,Tri519138,1,1516,165484,0,0
18,1232,1217382,Crosstown2,Tri519138,1,1666,165484,0,0
18,1228,1217383,Crosstown2,Tri519139,1,1067,165484,0,0
18,1229,1217384,Crosstown2,Tri519139,1,1213,165484,0,0
18,1230,1217385,Crosstown2,Tri519139,1,1363,165484,0,0
18,1231,1217386,Crosstown2,Tri519139,1,1512,165484,0,0
18,1232,1217387,Crosstown2,Tri519139,1,1662,165484,0,0
18,1228,1217388,Crosstown2,Tri873976,1,1060,165484,0,0
18,1229,1217389,Crosstown2,Tri873976,1,1206,165484,0,0
18,1230,1217390,Crosstown2,Tri873976,1,1356,165484,0,0
18,1231,1217391,Crosstown2,Tri873976,1,1505,165484,0,0
18,1232,1217392,Crosstown2,Tri873976,1,1655,165484,0,0
18,1228,1217393,Crosstown2,Tri519140,1,1069,165484,0,0
18,1229,1217394,Crosstown2,Tri519140,1,1215,165484,0,0
18,1230,1217395,Crosstown2,Tri519140,1,1365,165484,0,0
18,1231,1217396,Crosstown2,Tri519140,1,1514,165484,0,0
18,1232,1217397,Crosstown2,Tri519140,1,1664,165484,0,0
18,1228,1217398,Crosstown2,Tri873977,1,1058,165484,0,0
18,1229,1217399,Crosstown2,Tri873977,1,1204,165484,0,0
18,1230,1217400,Crosstown2,Tri873977,1,1354,165484,0,0
18,1231,1217401,Crosstown2,Tri873977,1,1503,165484,0,0
18,1232,1217402,Crosstown2,Tri873977,1,1653,165484,0,0
18,1228,1217403,Crosstown2,Tri873978,1,1055,165484,0,0
18,1229,1217404,Crosstown2,Tri873978,1,1201,165484,0,0
18,1230,1217405,Crosstown2,Tri873978,1,1351,165484,0,0
18,1231,1217406,Crosstown2,Tri873978,1,1500,165484,0,0
18,1232,1217407,Crosstown2,Tri873978,1,1650,165484,0,0
18,1228,1217408,Crosstown2,Tri519142,1,1070,165484,0,0
18,1229,1217409,Crosstown2,Tri519142,1,1216,165484,0,0
18,1230,1217410,Crosstown2,Tri519142,1,1366,165484,0,0
18,1231,1217411,Crosstown2,Tri519142,1,1515,165484,0,0
18,1232,1217412,Crosstown2,Tri519142,1,1665,165484,0,0
18,1228,1217413,Crosstown2,Tri519143,1,1054,165484,0,0
18,1229,1217414,Crosstown2,Tri519143,1,1300,165484,0,0
18,1230,1217415,Crosstown2,Tri519143,1,1350,165484,0,0
18,1231,1217416,Crosstown2,Tri519143,1,1599,165484,0,0
18,1232,1217417,Crosstown2,Tri519143,1,1649,165484,0,0
18,1228,1217418,Crosstown2,Tri519144,1,1072,165484,0,0
18,1229,1217419,Crosstown2,Tri519144,1,1218,165484,0,0
18,1230,1217420,Crosstown2,Tri519144,1,1368,165484,0,0
18,1231,1217421,Crosstown2,Tri519144,1,1517,165484,0,0
18,1232,1217422,Crosstown2,Tri519144,1,1667,165484,0,0
18,1228,1217423,Crosstown2,Tri519145,1,1068,165484,0,0
18,1229,1217424,Crosstown2,Tri519145,1,1214,165484,0,0
18,1230,1217425,Crosstown2,Tri519145,1,1364,165484,0,0
18,1231,1217426,Crosstown2,Tri519145,1,1513,165484,0,0
18,1232,1217427,Crosstown2,Tri519145,1,1663,165484,0,0
18,1228,1218578,Crosstown2,Tri519097,1,1056,165484,0,0
18,1229,1218579,Crosstown2,Tri519097,1,1202,165484,0,0
18,1230,1218580,Crosstown2,Tri519097,1,1352,165484,0,0
18,1231,1218581,Crosstown2,Tri519097,1,1501,165484,0,0
18,1232,1218582,Crosstown2,Tri519097,1,1651,165484,0,0
18,1228,1218583,Crosstown2,Tri519098,1,1058,165484,0,0
18,1229,1218584,Crosstown2,Tri519098,1,1204,165484,0,0
18,1230,1218585,Crosstown2,Tri519098,1,1354,165484,0,0
18,1231,1218586,Crosstown2,Tri519098,1,1503,165484,0,0
18,1232,1218587,Crosstown2,Tri519098,1,1653,165484,0,0
18,1228,1218588,Crosstown2,Tri519110,1,1066,165484,0,0
18,1229,1218589,Crosstown2,Tri519110,1,1212,165484,0,0
18,1230,1218590,Crosstown2,Tri519110,1,1362,165484,0,0
18,1231,1218591,Crosstown2,Tri519110,1,1511,165484,0,0
18,1232,1218592,Crosstown2,Tri519110,1,1661,165484,0,0
18,1228,1218593,Crosstown2,Tri519111,1,1057,165484,0,0
18,1229,1218594,Crosstown2,Tri519111,1,1203,165484,0,0
18,1230,1218595,Crosstown2,Tri519111,1,1353,165484,0,0
18,1231,1218596,Crosstown2,Tri519111,1,1502,165484,0,0
18,1232,1218597,Crosstown2,Tri519111,1,1652,165484,0,0
18,1228,1218598,Crosstown2,Tri519112,1,1059,165484,0,0
18,1229,1218599,Crosstown2,Tri519112,1,1205,165484,0,0
18,1230,1218600,Crosstown2,Tri519112,1,1355,165484,0,0
18,1231,1218601,Crosstown2,Tri519112,1,1504,165484,0,0
18,1232,1218602,Crosstown2,Tri519112,1,1654,165484,0,0
18,1228,1218603,Crosstown2,Tri519113,1,1056,165484,0,0
18,1229,1218604,Crosstown2,Tri519113,1,1202,165484,0,0
18,1230,1218605,Crosstown2,Tri519113,1,1352,165484,0,0
18,1231,1218606,Crosstown2,Tri519113,1,1501,165484,0,0
18,1232,1218607,Crosstown2,Tri519113,1,1651,165484,0,0
18,1228,1218608,Crosstown2,Tri519114,1,1060,165484,0,0
18,1229,1218609,Crosstown2,Tri519114,1,1206,165484,0,0
18,1230,1218610,Crosstown2,Tri519114,1,1356,165484,0,0
18,1231,1218611,Crosstown2,Tri519114,1,1505,165484,0,0
18,1232,1218612,Crosstown2,Tri519114,1,1655,165484,0,0
18,1228,1218613,Crosstown2,Tri519115,1,1058,165484,0,0
18,1229,1218614,Crosstown2,Tri519115,1,1204,165484,0,0
18,1230,1218615,Crosstown2,Tri519115,1,1354,165484,0,0
18,1231,1218616,Crosstown2,Tri519115,1,1503,165484,0,0
18,1232,1218617,Crosstown2,Tri519115,1,1653,165484,0,0
18,1228,1218618,Crosstown2,Tri519116,1,1055,165484,0,0
18,1229,1218619,Crosstown2,Tri519116,1,1201,165484,0,0
18,1230,1218620,Crosstown2,Tri519116,1,1351,165484,0,0
18,1231,1218621,Crosstown2,Tri519116,1,1500,165484,0,0
18,1232,1218622,Crosstown2,Tri519116,1,1650,165484,0,0
18,1228,1218623,Crosstown2,Tri519117,1,1054,165484,0,0
18,1229,1218624,Crosstown2,Tri519117,1,1300,165484,0,0
18,1230,1218625,Crosstown2,Tri519117,1,1350,165484,0,0
18,1231,1218626,Crosstown2,Tri519117,1,1599,165484,0,0
18,1232,1218627,Crosstown2,Tri519117,1,1649,165484,0,0
18,1228,1218628,Crosstown2,Tri519118,1,1066,165484,0,0
18,1229,1218629,Crosstown2,Tri519118,1,1212,165484,0,0
18,1230,1218630,Crosstown2,Tri519118,1,1362,165484,0,0
18,1231,1218631,Crosstown2,Tri519118,1,1511,165484,0,0
18,1232,1218632,Crosstown2,Tri519118,1,1661,165484,0,0
18,1228,1218633,Crosstown2,Tri519119,1,1057,165484,0,0
18,1229,1218634,Crosstown2,Tri519119,1,1203,165484,0,0
18,1230,1218635,Crosstown2,Tri519119,1,1353,165484,0,0
18,1231,1218636,Crosstown2,Tri519119,1,1502,165484,0,0
18,1232,1218637,Crosstown2,Tri519119,1,1652,165484,0,0
18,1228,1218638,Crosstown2,Tri519120,1,1059,165484,0,0
18,1229,1218639,Crosstown2,Tri519120,1,1205,165484,0,0
18,1230,1218640,Crosstown2,Tri519120,1,1355,165484,0,0
18,1231,1218641,Crosstown2,Tri519120,1,1504,165484,0,0
18,1232,1218642,Crosstown2,Tri519120,1,1654,165484,0,0
18,1228,1218643,Crosstown2,Tri519121,1,1056,165484,0,0
18,1229,1218644,Crosstown2,Tri519121,1,1202,165484,0,0
18,1230,1218645,Crosstown2,Tri519121,1,1352,165484,0,0
18,1231,1218646,Crosstown2,Tri519121,1,1501,165484,0,0
18,1232,1218647,Crosstown2,Tri519121,1,1651,165484,0,0
18,1228,1218648,Crosstown2,Tri519122,1,1060,165484,0,0
18,1229,1218649,Crosstown2,Tri519122,1,1206,165484,0,0
18,1230,1218650,Crosstown2,Tri519122,1,1356,165484,0,0
18,1231,1218651,Crosstown2,Tri519122,1,1505,165484,0,0
18,1232,1218652,Crosstown2,Tri519122,1,1655,165484,0,0
18,1228,1218653,Crosstown2,Tri519123,1,1058,165484,0,0
18,1229,1218654,Crosstown2,Tri519123,1,1204,165484,0,0
18,1230,1218655,Crosstown2,Tri519123,1,1354,165484,0,0
18,1231,1218656,Crosstown2,Tri519123,1,1503,165484,0,0
18,1232,1218657,Crosstown2,Tri519123,1,1653,165484,0,0
18,1228,1218658,Crosstown2,Tri519124,1,1055,165484,0,0
18,1229,1218659,Crosstown2,Tri519124,1,1201,165484,0,0
18,1230,1218660,Crosstown2,Tri519124,1,1351,165484,0,0
18,1231,1218661,Crosstown2,Tri519124,1,1500,165484,0,0
18,1232,1218662,Crosstown2,Tri519124,1,1650,165484,0,0
18,1228,1218663,Crosstown2,Tri519125,1,1054,165484,0,0
18,1229,1218664,Crosstown2,Tri519125,1,1300,165484,0,0
18,1230,1218665,Crosstown2,Tri519125,1,1350,165484,0,0
18,1231,1218666,Crosstown2,Tri519125,1,1599,165484,0,0
18,1232,1218667,Crosstown2,Tri519125,1,1649,165484,0,0
18,1228,1218668,Crosstown2,Tri519126,1,1066,165484,0,0
18,1229,1218669,Crosstown2,Tri519126,1,1212,165484,0,0
18,1230,1218670,Crosstown2,Tri519126,1,1362,165484,0,0
18,1231,1218671,Crosstown2,Tri519126,1,1511,165484,0,0
18,1232,1218672,Crosstown2,Tri519126,1,1661,165484,0,0
18,1228,1218673,Crosstown2,Tri519146,1,1059,165484,0,0
18,1229,1218674,Crosstown2,Tri519146,1,1205,165484,0,0
18,1230,1218675,Crosstown2,Tri519146,1,1355,165484,0,0
18,1231,1218676,Crosstown2,Tri519146,1,1504,165484,0,0
18,1232,1218677,Crosstown2,Tri519146,1,1654,165484,0,0
18,1228,1218678,Crosstown2,Tri519147,1,1071,165484,0,0
18,1229,1218679,Crosstown2,Tri519147,1,1217,165484,0,0
18,1230,1218680,Crosstown2,Tri519147,1,1367,165484,0,0
18,1231,1218681,Crosstown2,Tri519147,1,1516,165484,0,0
18,1232,1218682,Crosstown2,Tri519147,1,1666,165484,0,0
18,1228,1218683,Crosstown2,Tri519148,1,1073,165484,0,0
18,1229,1218684,Crosstown2,Tri519148,1,1219,165484,0,0
18,1230,1218685,Crosstown2,Tri519148,1,1369,165484,0,0
18,1231,1218686,Crosstown2,Tri519148,1,1518,165484,0,0
18,1232,1218687,Crosstown2,Tri519148,1,1668,165484,0,0
18,1228,1218688,Crosstown2,Tri519149,1,1054,165484,0,0
18,1229,1218689,Crosstown2,Tri519149,1,1300,165484,0,0
18,1230,1218690,Crosstown2,Tri519149,1,1350,165484,0,0
18,1231,1218691,Crosstown2,Tri519149,1,1599,165484,0,0
18,1232,1218692,Crosstown2,Tri519149,1,1649,165484,0,0
18,1228,1218693,Crosstown2,Tri519150,1,1068,165484,0,0
18,1229,1218694,Crosstown2,Tri519150,1,1214,165484,0,0
18,1230,1218695,Crosstown2,Tri519150,1,1364,165484,0,0
18,1231,1218696,Crosstown2,Tri519150,1,1513,165484,0,0
18,1232,1218697,Crosstown2,Tri519150,1,1663,165484,0,0
18,1228,1218698,Crosstown2,Tri519151,1,1071,165484,0,0
18,1229,1218699,Crosstown2,Tri519151,1,1217,165484,0,0
18,1230,1218700,Crosstown2,Tri519151,1,1367,165484,0,0
18,1231,1218701,Crosstown2,Tri519151,1,1516,165484,0,0
18,1232,1218702,Crosstown2,Tri519151,1,1666,165484,0,0
18,1228,1218703,Crosstown2,Tri519152,1,1073,165484,0,0
18,1229,1218704,Crosstown2,Tri519152,1,1219,165484,0,0
18,1230,1218705,Crosstown2,Tri519152,1,1369,165484,0,0
18,1231,1218706,Crosstown2,Tri519152,1,1518,165484,0,0
18,1232,1218707,Crosstown2,Tri519152,1,1668,165484,0,0
18,1228,1218708,Crosstown2,Tri519153,1,1054,165484,0,0
18,1229,1218709,Crosstown2,Tri519153,1,1300,165484,0,0
18,1230,1218710,Crosstown2,Tri519153,1,1350,165484,0,0
18,1231,1218711,Crosstown2,Tri519153,1,1599,165484,0,0
18,1232,1218712,Crosstown2,Tri519153,1,1649,165484,0,0
18,1228,1218713,Crosstown2,Tri519154,1,1068,165484,0,0
18,1229,1218714,Crosstown2,Tri519154,1,1214,165484,0,0
18,1230,1218715,Crosstown2,Tri519154,1,1364,165484,0,0
18,1231,1218716,Crosstown2,Tri519154,1,1513,165484,0,0
18,1232,1218717,Crosstown2,Tri519154,1,1663,165484,0,0
18,1228,1218718,Crosstown2,Tri519155,1,1071,165484,0,0
18,1229,1218719,Crosstown2,Tri519155,1,1217,165484,0,0
18,1230,1218720,Crosstown2,Tri519155,1,1367,165484,0,0
18,1231,1218721,Crosstown2,Tri519155,1,1516,165484,0,0
18,1232,1218722,Crosstown2,Tri519155,1,1666,165484,0,0
18,1228,1218723,Crosstown2,Tri519156,1,1073,165484,0,0
18,1229,1218724,Crosstown2,Tri519156,1,1219,165484,0,0
18,1230,1218725,Crosstown2,Tri519156,1,1369,165484,0,0
18,1231,1218726,Crosstown2,Tri519156,1,1518,165484,0,0
18,1232,1218727,Crosstown2,Tri519156,1,1668,165484,0,0
18,1228,1218728,Crosstown2,Tri519157,1,1054,165484,0,0
18,1229,1218729,Crosstown2,Tri519157,1,1300,165484,0,0
18,1230,1218730,Crosstown2,Tri519157,1,1350,165484,0,0
18,1231,1218731,Crosstown2,Tri519157,1,1599,165484,0,0
18,1232,1218732,Crosstown2,Tri519157,1,1649,165484,0,0
18,1228,1218733,Crosstown2,Tri519158,1,1068,165484,0,0
18,1229,1218734,Crosstown2,Tri519158,1,1214,165484,0,0
18,1230,1218735,Crosstown2,Tri519158,1,1364,165484,0,0
18,1231,1218736,Crosstown2,Tri519158,1,1513,165484,0,0
18,1232,1218737,Crosstown2,Tri519158,1,1663,165484,0,0
18,1228,1218738,Crosstown2,Tri848701,1,1071,165484,0,0
18,1229,1218739,Crosstown2,Tri848701,1,1217,165484,0,0
18,1230,1218740,Crosstown2,Tri848701,1,1367,165484,0,0
18,1231,1218741,Crosstown2,Tri848701,1,1516,165484,0,0
18,1232,1218742,Crosstown2,Tri848701,1,1666,165484,0,0
18,1226,1219823,Crosstown2,Tri519287,1,827,165484,0,0
18,1226,1219824,Crosstown2,Tri519288,1,815,165484,0,0
18,1226,1219825,Crosstown2,Tri519289,1,826,165484,0,0
18,1226,1219826,Crosstown2,Tri519290,1,828,165484,0,0
18,1226,1219827,Crosstown2,Tri519291,1,827,165484,0,0
18,1226,1219828,Crosstown2,Tri519292,1,815,165484,0,0
18,1226,1219829,Crosstown2,Tri519293,1,826,165484,0,0
18,1226,1219830,Crosstown2,Tri519294,1,828,165484,0,0
18,1226,1219831,Crosstown2,Tri519295,1,827,165484,0,0
18,1226,1219832,Crosstown2,Tri519296,1,815,165484,0,0
18,1226,1219833,Crosstown2,Tri519297,1,816,165484,0,0
18,1226,1219834,Crosstown2,Tri519298,1,826,165484,0,0
18,1226,1219835,Crosstown2,Tri519299,1,828,165484,0,0
18,1226,1219836,Crosstown2,Tri519300,1,827,165484,0,0
18,1226,1219837,Crosstown2,Tri519301,1,817,165484,0,0
18,1226,1219838,Crosstown2,Tri519302,1,815,165484,0,0
18,1226,1219839,Crosstown2,Tri519303,1,816,165484,0,0
18,1226,1219840,Crosstown2,Tri519304,1,826,165484,0,0
18,1226,1219841,Crosstown2,Tri519305,1,828,165484,0,0
18,1226,1219842,Crosstown2,Tri519306,1,827,165484,0,0
18,1226,1219843,Crosstown2,Tri519307,1,817,165484,0,0
18,1226,1219844,Crosstown2,Tri519308,1,815,165484,0,0
18,1226,1219845,Crosstown2,Tri519309,1,816,165484,0,0
18,1226,1219846,Crosstown2,Tri519310,1,826,165484,0,0
18,1226,1219847,Crosstown2,Tri519311,1,828,165484,0,0
18,1226,1219848,Crosstown2,Tri519312,1,827,165484,0,0
18,1226,1219849,Crosstown2,Tri519313,1,817,165484,0,0
18,1226,1219850,Crosstown2,Tri519314,1,815,165484,0,0
18,1226,1219851,Crosstown2,Tri519315,1,816,165484,0,0
18,1226,1219852,Crosstown2,Tri519316,1,826,165484,0,0
18,1226,1219853,Crosstown2,Tri519317,1,828,165484,0,0
18,1226,1219854,Crosstown2,Tri519318,1,827,165484,0,0
18,1226,1219855,Crosstown2,Tri519319,1,817,165484,0,0
18,1226,1219856,Crosstown2,Tri519320,1,815,165484,0,0
18,1226,1219857,Crosstown2,Tri519321,1,826,165484,0,0
18,1226,1219858,Crosstown2,Tri519322,1,828,165484,0,0
18,1226,1219859,Crosstown2,Tri519323,1,827,165484,0,0
18,1226,1219860,Crosstown2,Tri519324,1,815,165484,0,0
18,1226,1219861,Crosstown2,Tri519325,1,826,165484,0,0
18,1226,1219862,Crosstown2,Tri519326,1,828,165484,0,0
18,1226,1219863,Crosstown2,Tri519327,1,827,165484,0,0
18,1226,1219864,Crosstown2,Tri519328,1,815,165484,0,0
18,1226,1219865,Crosstown2,Tri519329,1,826,165484,0,0
18,1226,1219866,Crosstown2,Tri519330,1,828,165484,0,0
18,1226,1219867,Crosstown2,Tri519331,1,827,165484,0,0
18,1226,1219868,Crosstown2,Tri519332,1,815,165484,0,0
18,1226,1219869,Crosstown2,Tri848704,1,826,165484,0,0
18,1226,1220108,Crosstown2,Tri519334,0,826,165479,0,0
18,1226,1220109,Crosstown2,Tri519335,0,828,165479,0,0
18,1226,1220110,Crosstown2,Tri519336,0,827,165479,0,0
18,1226,1220111,Crosstown2,Tri519337,0,815,165479,0,0
18,1226,1220112,Crosstown2,Tri519338,0,826,165479,0,0
18,1226,1220113,Crosstown2,Tri519339,0,828,165479,0,0
18,1226,1220114,Crosstown2,Tri519340,0,827,165479,0,0
18,1226,1220115,Crosstown2,Tri519341,0,815,165479,0,0
18,1226,1220116,Crosstown2,Tri519342,0,826,165479,0,0
18,1226,1220117,Crosstown2,Tri519343,0,828,165479,0,0
18,1226,1220118,Crosstown2,Tri519344,0,827,165479,0,0
18,1226,1220119,Crosstown2,Tri519345,0,817,165479,0,0
18,1226,1220120,Crosstown2,Tri519346,0,815,165479,0,0
18,1226,1220121,Crosstown2,Tri519347,0,816,165479,0,0
18,1226,1220122,Crosstown2,Tri519348,0,826,165479,0,0
18,1226,1220123,Crosstown2,Tri519349,0,828,165479,0,0
18,1226,1220124,Crosstown2,Tri519350,0,827,165479,0,0
18,1226,1220125,Crosstown2,Tri519351,0,817,165479,0,0
18,1226,1220126,Crosstown2,Tri519352,0,815,165479,0,0
18,1226,1220127,Crosstown2,Tri519353,0,816,165479,0,0
18,1226,1220128,Crosstown2,Tri519354,0,826,165479,0,0
18,1226,1220129,Crosstown2,Tri519355,0,828,165479,0,0
18,1226,1220130,Crosstown2,Tri519356,0,827,165479,0,0
18,1226,1220131,Crosstown2,Tri519357,0,817,165479,0,0
18,1226,1220132,Crosstown2,Tri519358,0,815,165479,0,0
18,1226,1220133,Crosstown2,Tri519359,0,816,165479,0,0
18,1226,1220134,Crosstown2,Tri519360,0,826,165479,0,0
18,1226,1220135,Crosstown2,Tri519361,0,828,165479,0,0
18,1226,1220136,Crosstown2,Tri519362,0,827,165479,0,0
18,1226,1220137,Crosstown2,Tri519363,0,817,165479,0,0
18,1226,1220138,Crosstown2,Tri519364,0,815,165479,0,0
18,1226,1220139,Crosstown2,Tri519365,0,816,165479,0,0
18,1226,1220140,Crosstown2,Tri519366,0,826,165479,0,0
18,1226,1220141,Crosstown2,Tri519367,0,828,165479,0,0
18,1226,1220142,Crosstown2,Tri519368,0,827,165479,0,0
18,1226,1220143,Crosstown2,Tri519369,0,815,165479,0,0
18,1226,1220144,Crosstown2,Tri519370,0,826,165479,0,0
18,1226,1220145,Crosstown2,Tri519371,0,828,165479,0,0
18,1226,1220146,Crosstown2,Tri519372,0,827,165479,0,0
18,1226,1220147,Crosstown2,Tri519373,0,815,165479,0,0
18,1226,1220148,Crosstown2,Tri519374,0,826,165479,0,0
18,1226,1220149,Crosstown2,Tri519375,0,828,165479,0,0
18,1226,1220150,Crosstown2,Tri519376,0,827,165479,0,0
18,1226,1220151,Crosstown2,Tri519377,0,815,165479,0,0
18,1226,1220152,Crosstown2,Tri519378,0,826,165479,0,0
18,1226,1220153,Crosstown2,Tri519379,0,828,165479,0,0
18,1226,1220154,Crosstown2,Tri848703,0,827,165479,0,0
18,1228,1220609,Crosstown2,Tri758848,1,4626,165482,0,0
18,1229,1220610,Crosstown2,Tri758848,1,4774,165482,0,0
18,1230,1220611,Crosstown2,Tri758848,1,4926,165482,0,0
18,1231,1220612,Crosstown2,Tri758848,1,5076,165482,0,0
18,1232,1220613,Crosstown2,Tri758848,1,5226,165482,0,0
19,1225,1213081,Central3,Tri1559487,0,74289,165490,0,0
19,1227,1213082,Central3,Tri1559487,0,113186,165490,0,0
19,1225,1213083,Central3,Tri1559486,0,74288,165490,0,0
19,1227,1213084,Central3,Tri1559486,0,113185,165490,0,0
19,1225,1213085,Central3,Tri1559485,0,74289,165490,0,0
19,1227,1213086,Central3,Tri1559485,0,113186,165490,0,0
19,1225,1213087,Central3,Tri1559484,0,74288,165490,0,0
19,1227,1213088,Central3,Tri1559484,0,113185,165490,0,0
19,1225,1213089,Central3,Tri1559483,0,74289,165490,0,0
19,1227,1213090,Central3,Tri1559483,0,113186,165490,0,0
19,1225,1213091,Central3,Tri1559482,0,74288,165490,0,0
19,1227,1213092,Central3,Tri1559482,0,113185,165490,0,0
19,1225,1213093,Central3,Tri1559481,0,74289,165490,0,0
19,1227,1213094,Central3,Tri1559481,0,113186,165490,0,0
19,1225,1213095,Central3,Tri1559480,0,74288,165490,0,0
19,1227,1213096,Central3,Tri1559480,0,113185,165490,0,0
19,1225,1213097,Central3,Tri1559479,0,74289,165490,0,0
19,1227,1213098,Central3,Tri1559479,0,113186,165490,0,0
19,1225,1213099,Central3,Tri1559478,0,74288,165490,0,0
19,1227,1213100,Central3,Tri1559478,0,113185,165490,0,0
19,1225,1213101,Central3,Tri1559477,0,74289,165490,0,0
19,1227,1213102,Central3,Tri1559477,0,113186,165490,0,0
19,1225,1213103,Central3,Tri1559476,0,74288,165490,0,0
19,1227,1213104,Central3,Tri1559476,0,113185,165490,0,0
19,1225,1213105,Central3,Tri1559499,1,74288,165496,0,0
19,1227,1213106,Central3,Tri1559499,1,113185,165496,0,0
19,1225,1213107,Central3,Tri1559498,1,74289,165496,0,0
19,1227,1213108,Central3,Tri1559498,1,113186,165496,0,0
19,1225,1213109,Central3,Tri1559497,1,74288,165496,0,0
19,1227,1213110,Central3,Tri1559497,1,113185,165496,0,0
19,1225,1213111,Central3,Tri1559496,1,74289,165496,0,0
19,1227,1213112,Central3,Tri1559496,1,113186,165496,0,0
19,1225,1213113,Central3,Tri1559495,1,74288,165496,0,0
19,1227,1213114,Central3,Tri1559495,1,113185,165496,0,0
19,1225,1213115,Central3,Tri1559494,1,74289,165496,0,0
19,1227,1213116,Central3,Tri1559494,1,113186,165496,0,0
19,1225,1213117,Central3,Tri1559493,1,74288,165496,0,0
19,1227,1213118,Central3,Tri1559493,1,113185,165496,0,0
19,1225,1213119,Central3,Tri1559492,1,74289,165496,0,0
19,1227,1213120,Central3,Tri1559492,1,113186,165496,0,0
19,1225,1213121,Central3,Tri1559491,1,74288,165496,0,0
19,1227,1213122,Central3,Tri1559491,1,113185,165496,0,0
19,1225,1213123,Central3,Tri1559490,1,74289,165496,0,0
19,1227,1213124,Central3,Tri1559490,1,113186,165496,0,0
19,1225,1213125,Central3,Tri1559489,1,74288,165496,0,0
19,1227,1213126,Central3,Tri1559489,1,113185,165496,0,0
19,1225,1213127,Central3,Tri1559488,1,74289,165496,0,0
19,1227,1213128,Central3,Tri1559488,1,113186,165496,0,0
19,1226,1220082,Central3,Tri1559500,1,74291,165496,0,0
19,1226,1220083,Central3,Tri1559501,1,74290,165496,0,0
19,1226,1220084,Central3,Tri1559502,1,74291,165496,0,0
19,1226,1220085,Central3,Tri1559503,1,74293,165496,0,0
19,1226,1220086,Central3,Tri1559504,1,74290,165496,0,0
19,1226,1220087,Central3,Tri1559505,1,74292,165496,0,0
19,1226,1220088,Central3,Tri1559506,1,74291,165496,0,0
19,1226,1220089,Central3,Tri1559507,1,74293,165496,0,0
19,1226,1220090,Central3,Tri1559508,1,74290,165496,0,0
19,1226,1220091,Central3,Tri1559509,1,74292,165496,0,0
19,1226,1220092,Central3,Tri1559510,1,74291,165496,0,0
19,1226,1220093,Central3,Tri1559511,1,74293,165496,0,0
19,1226,1220094,Central3,Tri1559512,1,74290,165496,0,0
19,1226,1220095,Central3,Tri1559513,1,74292,165496,0,0
19,1226,1220096,Central3,Tri1559514,1,74291,165496,0,0
19,1226,1220097,Central3,Tri1559515,1,74293,165496,0,0
19,1226,1220098,Central3,Tri1559516,1,74290,165496,0,0
19,1226,1220099,Central3,Tri1559517,1,74292,165496,0,0
19,1226,1220100,Central3,Tri1559518,1,74291,165496,0,0
19,1226,1220101,Central3,Tri1559519,1,74293,165496,0,0
19,1226,1220102,Central3,Tri1559520,1,74290,165496,0,0
19,1226,1220103,Central3,Tri1559521,1,74292,165496,0,0
19,1226,1220104,Central3,Tri1559522,1,74291,165496,0,0
19,1226,1220105,Central3,Tri1559523,1,74290,165496,0,0
19,1226,1220106,Central3,Tri1559524,1,74291,165496,0,0
19,1226,1220107,Central3,Tri1559525,1,74290,165496,0,0
19,1226,1220155,Central3,Tri1559450,0,74290,165490,0,0
19,1226,1220156,Central3,Tri1559451,0,74291,165490,0,0
19,1226,1220157,Central3,Tri1559452,0,74290,165490,0,0
19,1226,1220158,Central3,Tri1559453,0,74292,165490,0,0
19,1226,1220159,Central3,Tri1559454,0,74291,165490,0,0
19,1226,1220160,Central3,Tri1559455,0,74293,165490,0,0
19,1226,1220161,Central3,Tri1559456,0,74290,165490,0,0
19,1226,1220162,Central3,Tri1559457,0,74292,165490,0,0
19,1226,1220163,Central3,Tri1559458,0,74291,165490,0,0
19,1226,1220164,Central3,Tri1559459,0,74293,165490,0,0
19,1226,1220165,Central3,Tri1559460,0,74290,165490,0,0
19,1226,1220166,Central3,Tri1559461,0,74292,165490,0,0
19,1226,1220167,Central3,Tri1559462,0,74291,165490,0,0
19,1226,1220168,Central3,Tri1559463,0,74293,165490,0,0
19,1226,1220169,Central3,Tri1559464,0,74290,165490,0,0
19,1226,1220170,Central3,Tri1559465,0,74292,165490,0,0
19,1226,1220171,Central3,Tri1559466,0,74291,165490,0,0
19,1226,1220172,Central3,Tri1559467,0,74293,165490,0,0
19,1226,1220173,Central3,Tri1559468,0,74290,165490,0,0
19,1226,1220174,Central3,Tri1559469,0,74292,165490,0,0
19,1226,1220175,Central3,Tri1559470,0,74291,165490,0,0
19,1226,1220176,Central3,Tri1559471,0,74293,165490,0,0
19,1226,1220177,Central3,Tri1559472,0,74290,165490,0,0
19,1226,1220178,Central3,Tri1559473,0,74291,165490,0,0
19,1226,1220179,Central3,Tri1559474,0,74290,165490,0,0
19,1226,1220180,Central3,Tri1559475,0,74291,165490,0,0
19,1228,1220246,Central3,Tri1559865,0,1074,165490,0,0
19,1228,1220247,Central3,Tri1559866,0,1076,165490,0,0
19,1228,1220248,Central3,Tri1559867,0,1078,165490,0,0
19,1228,1220249,Central3,Tri1559868,0,1075,165490,0,0
19,1228,1220250,Central3,Tri1559869,0,1077,165490,0,0
19,1228,1220251,Central3,Tri1559870,0,1074,165490,0,0
19,1228,1220252,Central3,Tri1559871,0,1076,165490,0,0
19,1228,1220253,Central3,Tri1559872,0,1078,165490,0,0
19,1228,1220254,Central3,Tri1559873,0,1075,165490,0,0
19,1228,1220255,Central3,Tri1559874,0,1077,165490,0,0
19,1228,1220256,Central3,Tri1559875,0,1074,165490,0,0
19,1228,1220257,Central3,Tri1559876,0,1076,165490,0,0
19,1228,1220258,Central3,Tri1559877,0,1078,165490,0,0
19,1228,1220259,Central3,Tri1559878,0,1075,165490,0,0
19,1228,1220260,Central3,Tri1559879,0,1077,165490,0,0
19,1228,1220261,Central3,Tri1559880,0,1074,165490,0,0
19,1228,1220262,Central3,Tri1559881,0,1076,165490,0,0
19,1228,1220263,Central3,Tri1559882,0,1078,165490,0,0
19,1228,1220264,Central3,Tri1559883,0,1075,165490,0,0
19,1228,1220265,Central3,Tri1559884,0,1077,165490,0,0
19,1228,1220266,Central3,Tri1559885,0,1074,165490,0,0
19,1228,1220267,Central3,Tri1559886,0,1076,165490,0,0
19,1228,1220268,Central3,Tri1559887,0,1078,165490,0,0
19,1228,1220269,Central3,Tri1559888,0,1075,165490,0,0
19,1228,1220270,Central3,Tri1559889,0,1077,165490,0,0
19,1228,1220271,Central3,Tri1559890,0,1074,165490,0,0
19,1228,1220273,Central3,Tri1559829,1,1075,165495,0,0
19,1228,1220274,Central3,Tri1559830,1,1077,165495,0,0
19,1228,1220275,Central3,Tri1559831,1,1074,165495,0,0
19,1228,1220276,Central3,Tri1559832,1,1076,165495,0,0
19,1228,1220277,Central3,Tri1559833,1,1078,165495,0,0
19,1228,1220278,Central3,Tri1559834,1,1075,165495,0,0
19,1228,1220279,Central3,Tri1559835,1,1077,165495,0,0
19,1228,1220280,Central3,Tri1559836,1,1074,165495,0,0
19,1228,1220281,Central3,Tri1559837,1,1076,165495,0,0
19,1228,1220282,Central3,Tri1559838,1,1078,165495,0,0
19,1228,1220283,Central3,Tri1559839,1,1075,165495,0,0
19,1228,1220284,Central3,Tri1559840,1,1077,165495,0,0
19,1228,1220285,Central3,Tri1559841,1,1074,165495,0,0
19,1228,1220286,Central3,Tri1559842,1,1076,165495,0,0
19,1228,1220287,Central3,Tri1559843,1,1078,165495,0,0
19,1228,1220288,Central3,Tri1559844,1,1075,165495,0,0
19,1228,1220289,Central3,Tri1559845,1,1077,165495,0,0
19,1228,1220290,Central3,Tri1559846,1,1074,165495,0,0
19,1228,1220291,Central3,Tri1559847,1,1076,165495,0,0
19,1228,1220292,Central3,Tri1559848,1,1078,165495,0,0
19,1228,1220293,Central3,Tri1559849,1,1075,165495,0,0
19,1228,1220294,Central3,Tri1559850,1,1077,165495,0,0
19,1228,1220295,Central3,Tri1559851,1,1074,165495,0,0
19,1228,1220296,Central3,Tri1559852,1,1076,165495,0,0
19,1228,1220297,Central3,Tri1559853,1,1078,165495,0,0
19,1228,1220298,Central3,Tri1559891,0,1076,165490,0,0
19,1228,1220299,Central3,Tri1559892,0,1078,165490,0,0
19,1228,1220300,Central3,Tri1559893,0,1077,165490,0,0
19,1228,1220301,Central3,Tri1559894,0,1074,165490,0,0
19,1228,1220302,Central3,Tri1559895,0,1076,165490,0,0
19,1228,1220303,Central3,Tri1559896,0,1078,165490,0,0
19,1228,1220304,Central3,Tri1559897,0,1074,165490,0,0
19,1228,1220305,Central3,Tri1559898,0,1078,165490,0,0
19,1228,1220311,Central3,Tri1559854,1,1075,165496,0,0
19,1228,1220312,Central3,Tri1559855,1,1077,165496,0,0
19,1228,1220313,Central3,Tri1559856,1,1074,165496,0,0
19,1228,1220314,Central3,Tri1559857,1,1076,165496,0,0
19,1228,1220315,Central3,Tri1559858,1,1078,165496,0,0
19,1228,1220316,Central3,Tri1559859,1,1077,165496,0,0
19,1228,1220317,Central3,Tri1559860,1,1074,165496,0,0
19,1228,1220318,Central3,Tri1559862,1,1078,165496,0,0
19,1228,1220319,Central3,Tri1559864,1,1074,165496,0,0
19,1229,1220320,Central3,Tri1559575,0,1220,165490,0,0
19,1229,1220321,Central3,Tri1559576,0,1222,165490,0,0
19,1229,1220322,Central3,Tri1559577,0,1224,165490,0,0
19,1229,1220323,Central3,Tri1559578,0,1221,165490,0,0
19,1229,1220324,Central3,Tri1559579,0,1223,165490,0,0
19,1229,1220325,Central3,Tri1559580,0,1220,165490,0,0
19,1229,1220326,Central3,Tri1559581,0,1222,165490,0,0
19,1229,1220327,Central3,Tri1559582,0,1224,165490,0,0
19,1229,1220328,Central3,Tri1559583,0,1221,165490,0,0
19,1229,1220329,Central3,Tri1559584,0,1223,165490,0,0
19,1229,1220330,Central3,Tri1559585,0,1220,165490,0,0
19,1229,1220331,Central3,Tri1559586,0,1222,165490,0,0
19,1229,1220332,Central3,Tri1559587,0,1224,165490,0,0
19,1229,1220333,Central3,Tri1559588,0,1221,165490,0,0
19,1229,1220334,Central3,Tri1559589,0,1223,165490,0,0
19,1229,1220335,Central3,Tri1559590,0,1220,165490,0,0
19,1229,1220336,Central3,Tri1559591,0,1222,165490,0,0
19,1229,1220337,Central3,Tri1559592,0,1224,165490,0,0
19,1229,1220338,Central3,Tri1559593,0,1221,165490,0,0
19,1229,1220339,Central3,Tri1559594,0,1223,165490,0,0
19,1229,1220340,Central3,Tri1559595,0,1220,165490,0,0
19,1229,1220341,Central3,Tri1559596,0,1222,165490,0,0
19,1229,1220342,Central3,Tri1559597,0,1224,165490,0,0
19,1229,1220343,Central3,Tri1559598,0,1221,165490,0,0
19,1229,1220344,Central3,Tri1559599,0,1223,165490,0,0
19,1229,1220345,Central3,Tri1559600,0,1220,165490,0,0
19,1229,1220347,Central3,Tri1559550,1,1221,165495,0,0
19,1229,1220348,Central3,Tri1559563,1,1223,165495,0,0
19,1229,1220349,Central3,Tri1559551,1,1220,165495,0,0
19,1229,1220350,Central3,Tri1559564,1,1222,165495,0,0
19,1229,1220351,Central3,Tri1559552,1,1224,165495,0,0
19,1229,1220352,Central3,Tri1559565,1,1221,165495,0,0
19,1229,1220353,Central3,Tri1559553,1,1223,165495,0,0
19,1229,1220354,Central3,Tri1559566,1,1220,165495,0,0
19,1229,1220355,Central3,Tri1559554,1,1222,165495,0,0
19,1229,1220356,Central3,Tri1559567,1,1224,165495,0,0
19,1229,1220357,Central3,Tri1559555,1,1221,165495,0,0
19,1229,1220358,Central3,Tri1559568,1,1223,165495,0,0
19,1229,1220359,Central3,Tri1559556,1,1220,165495,0,0
19,1229,1220360,Central3,Tri1559569,1,1222,165495,0,0
19,1229,1220361,Central3,Tri1559557,1,1224,165495,0,0
19,1229,1220362,Central3,Tri1559570,1,1221,165495,0,0
19,1229,1220363,Central3,Tri1559558,1,1223,165495,0,0
19,1229,1220364,Central3,Tri1559571,1,1220,165495,0,0
19,1229,1220365,Central3,Tri1559559,1,1222,165495,0,0
19,1229,1220366,Central3,Tri1559572,1,1224,165495,0,0
19,1229,1220367,Central3,Tri1559560,1,1221,165495,0,0
19,1229,1220368,Central3,Tri1559573,1,1223,165495,0,0
19,1229,1220369,Central3,Tri1559561,1,1220,165495,0,0
19,1229,1220370,Central3,Tri1559574,1,1222,165495,0,0
19,1229,1220371,Central3,Tri1559562,1,1224,165495,0,0
19,1229,1220372,Central3,Tri1559607,0,1222,165490,0,0
19,1229,1220373,Central3,Tri1559608,0,1224,165490,0,0
19,1229,1220374,Central3,Tri1559609,0,1223,165490,0,0
19,1229,1220375,Central3,Tri1559610,0,1220,165490,0,0
19,1229,1220376,Central3,Tri1559611,0,1222,165490,0,0
19,1229,1220377,Central3,Tri1559612,0,1224,165490,0,0
19,1229,1220378,Central3,Tri1559617,0,1220,165490,0,0
19,1229,1220379,Central3,Tri1559618,0,1224,165490,0,0
19,1229,1220381,Central3,Tri1559539,1,1221,165496,0,0
19,1229,1220382,Central3,Tri1559540,1,1223,165496,0,0
19,1229,1220383,Central3,Tri1559541,1,1220,165496,0,0
19,1229,1220384,Central3,Tri1559542,1,1222,165496,0,0
19,1229,1220385,Central3,Tri1559543,1,1224,165496,0,0
19,1229,1220386,Central3,Tri1559544,1,1223,165496,0,0
19,1229,1220387,Central3,Tri1559545,1,1220,165496,0,0
19,1229,1220388,Central3,Tri1559547,1,1224,165496,0,0
19,1229,1220389,Central3,Tri1559549,1,1220,165496,0,0
19,1230,1220393,Central3,Tri1559655,0,1473,165490,0,0
19,1230,1220394,Central3,Tri1559656,0,1371,165490,0,0
19,1230,1220395,Central3,Tri1559657,0,1373,165490,0,0
19,1230,1220396,Central3,Tri1559658,0,1370,165490,0,0
19,1230,1220397,Central3,Tri1559659,0,1372,165490,0,0
19,1230,1220398,Central3,Tri1559660,0,1473,165490,0,0
19,1230,1220399,Central3,Tri1559661,0,1371,165490,0,0
19,1230,1220400,Central3,Tri1559662,0,1373,165490,0,0
19,1230,1220401,Central3,Tri1559663,0,1370,165490,0,0
19,1230,1220402,Central3,Tri1559664,0,1372,165490,0,0
19,1230,1220403,Central3,Tri1559665,0,1473,165490,0,0
19,1230,1220404,Central3,Tri1559666,0,1371,165490,0,0
19,1230,1220405,Central3,Tri1559667,0,1373,165490,0,0
19,1230,1220406,Central3,Tri1559668,0,1370,165490,0,0
19,1230,1220407,Central3,Tri1559669,0,1372,165490,0,0
19,1230,1220408,Central3,Tri1559670,0,1473,165490,0,0
19,1230,1220409,Central3,Tri1559671,0,1371,165490,0,0
19,1230,1220410,Central3,Tri1559672,0,1373,165490,0,0
19,1230,1220411,Central3,Tri1559673,0,1370,165490,0,0
19,1230,1220412,Central3,Tri1559674,0,1372,165490,0,0
19,1230,1220413,Central3,Tri1559675,0,1473,165490,0,0
19,1230,1220414,Central3,Tri1559676,0,1371,165490,0,0
19,1230,1220415,Central3,Tri1559677,0,1373,165490,0,0
19,1230,1220416,Central3,Tri1559678,0,1370,165490,0,0
19,1230,1220417,Central3,Tri1559679,0,1372,165490,0,0
19,1230,1220418,Central3,Tri1559680,0,1473,165490,0,0
19,1230,1220421,Central3,Tri1559619,1,1370,165495,0,0
19,1230,1220422,Central3,Tri1559620,1,1372,165495,0,0
19,1230,1220423,Central3,Tri1559621,1,1473,165495,0,0
19,1230,1220424,Central3,Tri1559622,1,1371,165495,0,0
19,1230,1220425,Central3,Tri1559623,1,1373,165495,0,0
19,1230,1220426,Central3,Tri1559624,1,1370,165495,0,0
19,1230,1220427,Central3,Tri1559625,1,1372,165495,0,0
19,1230,1220428,Central3,Tri1559626,1,1473,165495,0,0
19,1230,1220429,Central3,Tri1559627,1,1371,165495,0,0
19,1230,1220430,Central3,Tri1559628,1,1373,165495,0,0
19,1230,1220431,Central3,Tri1559629,1,1370,165495,0,0
19,1230,1220432,Central3,Tri1559630,1,1372,165495,0,0
19,1230,1220433,Central3,Tri1559631,1,1473,165495,0,0
19,1230,1220434,Central3,Tri1559632,1,1371,165495,0,0
19,1230,1220435,Central3,Tri1559633,1,1373,165495,0,0
19,1230,1220436,Central3,Tri1559634,1,1370,165495,0,0
19,1230,1220437,Central3,Tri1559635,1,1372,165495,0,0
19,1230,1220438,Central3,Tri1559636,1,1473,165495,0,0
19,1230,1220439,Central3,Tri1559637,1,1371,165495,0,0
19,1230,1220440,Central3,Tri1559638,1,1373,165495,0,0
19,1230,1220441,Central3,Tri1559639,1,1370,165495,0,0
19,1230,1220442,Central3,Tri1559640,1,1372,165495,0,0
19,1230,1220443,Central3,Tri1559641,1,1473,165495,0,0
19,1230,1220444,Central3,Tri1559642,1,1371,165495,0,0
19,1230,1220445,Central3,Tri1559643,1,1373,165495,0,0
19,1230,1220446,Central3,Tri1559681,0,1371,165490,0,0
19,1230,1220447,Central3,Tri1559682,0,1373,165490,0,0
19,1230,1220448,Central3,Tri1559683,0,1372,165490,0,0
19,1230,1220449,Central3,Tri1559684,0,1473,165490,0,0
19,1230,1220450,Central3,Tri1559685,0,1371,165490,0,0
19,1230,1220451,Central3,Tri1559686,0,1373,165490,0,0
19,1230,1220452,Central3,Tri1559687,0,1473,165490,0,0
19,1230,1220453,Central3,Tri1559688,0,1373,165490,0,0
19,1230,1220458,Central3,Tri1559644,1,1370,165496,0,0
19,1230,1220459,Central3,Tri1559645,1,1372,165496,0,0
19,1230,1220460,Central3,Tri1559646,1,1473,165496,0,0
19,1230,1220461,Central3,Tri1559647,1,1371,165496,0,0
19,1230,1220462,Central3,Tri1559648,1,1373,165496,0,0
19,1230,1220463,Central3,Tri1559649,1,1372,165496,0,0
19,1230,1220464,Central3,Tri1559650,1,1473,165496,0,0
19,1230,1220465,Central3,Tri1559652,1,1373,165496,0,0
19,1230,1220466,Central3,Tri1559654,1,1473,165496,0,0
19,1231,1220467,Central3,Tri1559725,0,1519,165490,0,0
19,1231,1220468,Central3,Tri1559726,0,1521,165490,0,0
19,1231,1220469,Central3,Tri1559727,0,1523,165490,0,0
19,1231,1220470,Central3,Tri1559728,0,1520,165490,0,0
19,1231,1220471,Central3,Tri1559729,0,1522,165490,0,0
19,1231,1220472,Central3,Tri1559730,0,1519,165490,0,0
19,1231,1220473,Central3,Tri1559731,0,1521,165490,0,0
19,1231,1220474,Central3,Tri1559732,0,1523,165490,0,0
19,1231,1220475,Central3,Tri1559733,0,1520,165490,0,0
19,1231,1220476,Central3,Tri1559734,0,1522,165490,0,0
19,1231,1220477,Central3,Tri1559735,0,1519,165490,0,0
19,1231,1220478,Central3,Tri1559736,0,1521,165490,0,0
19,1231,1220479,Central3,Tri1559737,0,1523,165490,0,0
19,1231,1220480,Central3,Tri1559738,0,1520,165490,0,0
19,1231,1220481,Central3,Tri1559739,0,1522,165490,0,0
19,1231,1220482,Central3,Tri1559740,0,1519,165490,0,0
19,1231,1220483,Central3,Tri1559741,0,1521,165490,0,0
19,1231,1220484,Central3,Tri1559742,0,1523,165490,0,0
19,1231,1220485,Central3,Tri1559743,0,1520,165490,0,0
19,1231,1220486,Central3,Tri1559744,0,1522,165490,0,0
19,1231,1220487,Central3,Tri1559745,0,1519,165490,0,0
19,1231,1220488,Central3,Tri1559746,0,1521,165490,0,0
19,1231,1220489,Central3,Tri1559747,0,1523,165490,0,0
19,1231,1220490,Central3,Tri1559748,0,1520,165490,0,0
19,1231,1220491,Central3,Tri1559749,0,1522,165490,0,0
19,1231,1220492,Central3,Tri1559750,0,1519,165490,0,0
19,1231,1220495,Central3,Tri1559689,1,1520,165495,0,0
19,1231,1220496,Central3,Tri1559690,1,1522,165495,0,0
19,1231,1220497,Central3,Tri1559691,1,1519,165495,0,0
19,1231,1220498,Central3,Tri1559692,1,1521,165495,0,0
19,1231,1220499,Central3,Tri1559693,1,1523,165495,0,0
19,1231,1220500,Central3,Tri1559694,1,1520,165495,0,0
19,1231,1220501,Central3,Tri1559695,1,1522,165495,0,0
19,1231,1220502,Central3,Tri1559696,1,1519,165495,0,0
19,1231,1220503,Central3,Tri1559697,1,1521,165495,0,0
19,1231,1220504,Central3,Tri1559698,1,1523,165495,0,0
19,1231,1220505,Central3,Tri1559699,1,1520,165495,0,0
19,1231,1220506,Central3,Tri1559700,1,1522,165495,0,0
19,1231,1220507,Central3,Tri1559701,1,1519,165495,0,0
19,1231,1220508,Central3,Tri1559702,1,1521,165495,0,0
19,1231,1220509,Central3,Tri1559703,1,1523,165495,0,0
19,1231,1220510,Central3,Tri1559704,1,1520,165495,0,0
19,1231,1220511,Central3,Tri1559705,1,1522,165495,0,0
19,1231,1220512,Central3,Tri1559706,1,1519,165495,0,0
19,1231,1220513,Central3,Tri1559707,1,1521,165495,0,0
19,1231,1220514,Central3,Tri1559708,1,1523,165495,0,0
19,1231,1220515,Central3,Tri1559709,1,1520,165495,0,0
19,1231,1220516,Central3,Tri1559710,1,1522,165495,0,0
19,1231,1220517,Central3,Tri1559711,1,1519,165495,0,0
19,1231,1220518,Central3,Tri1559712,1,1521,165495,0,0
19,1231,1220519,Central3,Tri1559713,1,1523,165495,0,0
19,1231,1220520,Central3,Tri1559751,0,1521,165490,0,0
19,1231,1220521,Central3,Tri1559752,0,1523,165490,0,0
19,1231,1220522,Central3,Tri1559753,0,1522,165490,0,0
19,1231,1220523,Central3,Tri1559754,0,1519,165490,0,0
19,1231,1220524,Central3,Tri1559755,0,1521,165490,0,0
19,1231,1220525,Central3,Tri1559756,0,1523,165490,0,0
19,1231,1220526,Central3,Tri1559757,0,1519,165490,0,0
19,1231,1220527,Central3,Tri1559758,0,1523,165490,0,0
19,1231,1220529,Central3,Tri1559714,1,1520,165496,0,0
19,1231,1220530,Central3,Tri1559715,1,1522,165496,0,0
19,1231,1220531,Central3,Tri1559716,1,1519,165496,0,0
19,1231,1220532,Central3,Tri1559717,1,1521,165496,0,0
19,1231,1220533,Central3,Tri1559718,1,1523,165496,0,0
19,1231,1220534,Central3,Tri1559719,1,1522,165496,0,0
19,1231,1220535,Central3,Tri1559720,1,1519,165496,0,0
19,1231,1220536,Central3,Tri1559722,1,1523,165496,0,0
19,1231,1220537,Central3,Tri1559724,1,1519,165496,0,0
19,1232,1220538,Central3,Tri1559795,0,1669,165490,0,0
19,1232,1220539,Central3,Tri1559796,0,1671,165490,0,0
19,1232,1220540,Central3,Tri1559797,0,1673,165490,0,0
19,1232,1220541,Central3,Tri1559798,0,1670,165490,0,0
19,1232,1220542,Central3,Tri1559799,0,1672,165490,0,0
19,1232,1220543,Central3,Tri1559800,0,1669,165490,0,0
19,1232,1220544,Central3,Tri1559801,0,1671,165490,0,0
19,1232,1220545,Central3,Tri1559802,0,1673,165490,0,0
19,1232,1220546,Central3,Tri1559803,0,1670,165490,0,0
19,1232,1220547,Central3,Tri1559804,0,1672,165490,0,0
19,1232,1220548,Central3,Tri1559805,0,1669,165490,0,0
19,1232,1220549,Central3,Tri1559806,0,1671,165490,0,0
19,1232,1220550,Central3,Tri1559807,0,1673,165490,0,0
19,1232,1220551,Central3,Tri1559808,0,1670,165490,0,0
19,1232,1220552,Central3,Tri1559809,0,1672,165490,0,0
19,1232,1220553,Central3,Tri1559810,0,1669,165490,0,0
19,1232,1220554,Central3,Tri1559811,0,1671,165490,0,0
19,1232,1220555,Central3,Tri1559812,0,1673,165490,0,0
19,1232,1220556,Central3,Tri1559813,0,1670,165490,0,0
19,1232,1220557,Central3,Tri1559814,0,1672,165490,0,0
19,1232,1220558,Central3,Tri1559815,0,1669,165490,0,0
19,1232,1220559,Central3,Tri1559816,0,1671,165490,0,0
19,1232,1220560,Central3,Tri1559817,0,1673,165490,0,0
19,1232,1220561,Central3,Tri1559818,0,1670,165490,0,0
19,1232,1220562,Central3,Tri1559819,0,1672,165490,0,0
19,1232,1220563,Central3,Tri1559820,0,1669,165490,0,0
19,1232,1220565,Central3,Tri1559759,1,1670,165495,0,0
19,1232,1220566,Central3,Tri1559760,1,1672,165495,0,0
19,1232,1220567,Central3,Tri1559761,1,1669,165495,0,0
19,1232,1220568,Central3,Tri1559762,1,1671,165495,0,0
19,1232,1220569,Central3,Tri1559763,1,1673,165495,0,0
19,1232,1220570,Central3,Tri1559764,1,1670,165495,0,0
19,1232,1220571,Central3,Tri1559765,1,1672,165495,0,0
19,1232,1220572,Central3,Tri1559766,1,1669,165495,0,0
19,1232,1220573,Central3,Tri1559767,1,1671,165495,0,0
19,1232,1220574,Central3,Tri1559768,1,1673,165495,0,0
19,1232,1220575,Central3,Tri1559769,1,1670,165495,0,0
19,1232,1220576,Central3,Tri1559770,1,1672,165495,0,0
19,1232,1220577,Central3,Tri1559771,1,1669,165495,0,0
19,1232,1220578,Central3,Tri1559772,1,1671,165495,0,0
19,1232,1220579,Central3,Tri1559773,1,1673,165495,0,0
19,1232,1220580,Central3,Tri1559774,1,1670,165495,0,0
19,1232,1220581,Central3,Tri1559775,1,1672,165495,0,0
19,1232,1220582,Central3,Tri1559776,1,1669,165495,0,0
19,1232,1220583,Central3,Tri1559777,1,1671,165495,0,0
19,1232,1220584,Central3,Tri1559778,1,1673,165495,0,0
19,1232,1220585,Central3,Tri1559779,1,1670,165495,0,0
19,1232,1220586,Central3,Tri1559780,1,1672,165495,0,0
19,1232,1220587,Central3,Tri1559781,1,1669,165495,0,0
19,1232,1220588,Central3,Tri1559782,1,1671,165495,0,0
19,1232,1220589,Central3,Tri1559783,1,1673,165495,0,0
19,1232,1220590,Central3,Tri1559821,0,1671,165490,0,0
19,1232,1220591,Central3,Tri1559822,0,1673,165490,0,0
19,1232,1220592,Central3,Tri1559823,0,1672,165490,0,0
19,1232,1220593,Central3,Tri1559824,0,1669,165490,0,0
19,1232,1220594,Central3,Tri1559825,0,1671,165490,0,0
19,1232,1220595,Central3,Tri1559826,0,1673,165490,0,0
19,1232,1220596,Central3,Tri1559827,0,1669,165490,0,0
19,1232,1220597,Central3,Tri1559828,0,1673,165490,0,0
19,1232,1220600,Central3,Tri1559784,1,1670,165496,0,0
19,1232,1220601,Central3,Tri1559785,1,1672,165496,0,0
19,1232,1220602,Central3,Tri1559786,1,1669,165496,0,0
19,1232,1220603,Central3,Tri1559787,1,1671,165496,0,0
19,1232,1220604,Central3,Tri1559788,1,1673,165496,0,0
19,1232,1220605,Central3,Tri1559789,1,1672,165496,0,0
19,1232,1220606,Central3,Tri1559790,1,1669,165496,0,0
19,1232,1220607,Central3,Tri1559792,1,1673,165496,0,0
19,1232,1220608,Central3,Tri1559794,1,1669,165496,0,0
20,1225,1213213,Ottawa4,Tri1560031,1,74275,165506,0,0
20,1227,1213214,Ottawa4,Tri1560031,1,113187,165506,0,0
20,1225,1213215,Ottawa4,Tri1560030,1,74276,165506,0,0
20,1227,1213216,Ottawa4,Tri1560030,1,113189,165506,0,0
20,1225,1213217,Ottawa4,Tri1560029,1,74274,165506,0,0
20,1227,1213218,Ottawa4,Tri1560029,1,113188,165506,0,0
20,1225,1213219,Ottawa4,Tri1560028,1,74275,165506,0,0
20,1227,1213220,Ottawa4,Tri1560028,1,113187,165506,0,0
20,1225,1213221,Ottawa4,Tri1560027,1,74276,165506,0,0
20,1227,1213222,Ottawa4,Tri1560027,1,113189,165506,0,0
20,1225,1213223,Ottawa4,Tri1560026,1,74274,165506,0,0
20,1227,1213224,Ottawa4,Tri1560026,1,113188,165506,0,0
20,1225,1213225,Ottawa4,Tri1560025,1,74275,165506,0,0
20,1227,1213226,Ottawa4,Tri1560025,1,113187,165506,0,0
20,1225,1213227,Ottawa4,Tri1560024,1,74276,165506,0,0
20,1227,1213228,Ottawa4,Tri1560024,1,113189,165506,0,0
20,1225,1213229,Ottawa4,Tri1560023,1,74274,165506,0,0
20,1227,1213230,Ottawa4,Tri1560023,1,113188,165506,0,0
20,1225,1213231,Ottawa4,Tri1560022,1,74275,165506,0,0
20,1227,1213232,Ottawa4,Tri1560022,1,113187,165506,0,0
20,1225,1213233,Ottawa4,Tri1560021,1,74276,165506,0,0
20,1227,1213234,Ottawa4,Tri1560021,1,113189,165506,0,0
20,1225,1213235,Ottawa4,Tri1560020,1,74274,165506,0,0
20,1227,1213236,Ottawa4,Tri1560020,1,113188,165506,0,0
20,1225,1213237,Ottawa4,Tri1560019,1,74275,165506,0,0
20,1227,1213238,Ottawa4,Tri1560019,1,113187,165506,0,0
20,1225,1213239,Ottawa4,Tri1560018,1,74276,165506,0,0
20,1227,1213240,Ottawa4,Tri1560018,1,113189,165506,0,0
20,1225,1213241,Ottawa4,Tri1560017,1,74274,165506,0,0
20,1227,1213242,Ottawa4,Tri1560017,1,113188,165506,0,0
20,1225,1213496,Ottawa4,Tri1560002,0,74276,165500,0,0
20,1227,1213497,Ottawa4,Tri1560002,0,113189,165500,0,0
20,1225,1213498,Ottawa4,Tri1560001,0,74274,165500,0,0
20,1227,1213499,Ottawa4,Tri1560001,0,113188,165500,0,0
20,1225,1213500,Ottawa4,Tri1560000,0,74275,165500,0,0
20,1227,1213501,Ottawa4,Tri1560000,0,113187,165500,0,0
20,1225,1213502,Ottawa4,Tri1559999,0,74276,165500,0,0
20,1227,1213503,Ottawa4,Tri1559999,0,113189,165500,0,0
20,1225,1213504,Ottawa4,Tri1559998,0,74274,165500,0,0
20,1227,1213505,Ottawa4,Tri1559998,0,113188,165500,0,0
20,1225,1213506,Ottawa4,Tri1559997,0,74275,165500,0,0
20,1227,1213507,Ottawa4,Tri1559997,0,113187,165500,0,0
20,1225,1213508,Ottawa4,Tri1559996,0,74276,165500,0,0
20,1227,1213509,Ottawa4,Tri1559996,0,113189,165500,0,0
20,1225,1213510,Ottawa4,Tri1559995,0,74274,165500,0,0
20,1227,1213511,Ottawa4,Tri1559995,0,113188,165500,0,0
20,1225,1213512,Ottawa4,Tri1559994,0,74275,165500,0,0
20,1227,1213513,Ottawa4,Tri1559994,0,113187,165500,0,0
20,1225,1213514,Ottawa4,Tri1559993,0,74276,165500,0,0
20,1227,1213515,Ottawa4,Tri1559993,0,113189,165500,0,0
20,1225,1213516,Ottawa4,Tri1559992,0,74274,165500,0,0
20,1227,1213517,Ottawa4,Tri1559992,0,113188,165500,0,0
20,1225,1213518,Ottawa4,Tri1559991,0,74275,165500,0,0
20,1227,1213519,Ottawa4,Tri1559991,0,113187,165500,0,0
20,1225,1213520,Ottawa4,Tri1559990,0,74276,165500,0,0
20,1227,1213521,Ottawa4,Tri1559990,0,113189,165500,0,0
20,1225,1213522,Ottawa4,Tri1559989,0,74274,165500,0,0
20,1227,1213523,Ottawa4,Tri1559989,0,113188,165500,0,0
20,1225,1213524,Ottawa4,Tri1559988,0,74275,165500,0,0
20,1227,1213525,Ottawa4,Tri1559988,0,113187,165500,0,0
20,1225,1213536,Ottawa4,Tri1569550,0,74275,165502,0,0
20,1227,1213537,Ottawa4,Tri1569550,0,113187,165502,0,0
20,1228,1214068,Ottawa4,Tri1569551,0,1084,165502,0,0
20,1229,1214069,Ottawa4,Tri1569551,0,1230,165502,0,0
20,1230,1214070,Ottawa4,Tri1569551,0,1379,165502,0,0
20,1231,1214071,Ottawa4,Tri1569551,0,1529,165502,0,0
20,1232,1214072,Ottawa4,Tri1569551,0,1679,165502,0,0
20,1228,1214443,Ottawa4,Tri1560229,0,1083,165500,0,0
20,1229,1214444,Ottawa4,Tri1560229,0,1229,165500,0,0
20,1230,1214445,Ottawa4,Tri1560229,0,1378,165500,0,0
20,1231,1214446,Ottawa4,Tri1560229,0,1528,165500,0,0
20,1232,1214447,Ottawa4,Tri1560229,0,1678,165500,0,0
20,1228,1214448,Ottawa4,Tri1560230,0,1087,165500,0,0
20,1229,1214449,Ottawa4,Tri1560230,0,1233,165500,0,0
20,1230,1214450,Ottawa4,Tri1560230,0,1382,165500,0,0
20,1231,1214451,Ottawa4,Tri1560230,0,1532,165500,0,0
20,1232,1214452,Ottawa4,Tri1560230,0,1682,165500,0,0
20,1228,1214453,Ottawa4,Tri1560231,0,1084,165500,0,0
20,1229,1214454,Ottawa4,Tri1560231,0,1230,165500,0,0
20,1230,1214455,Ottawa4,Tri1560231,0,1379,165500,0,0
20,1231,1214456,Ottawa4,Tri1560231,0,1529,165500,0,0
20,1232,1214457,Ottawa4,Tri1560231,0,1679,165500,0,0
20,1228,1214458,Ottawa4,Tri1560232,0,1088,165500,0,0
20,1229,1214459,Ottawa4,Tri1560232,0,1234,165500,0,0
20,1230,1214460,Ottawa4,Tri1560232,0,1383,165500,0,0
20,1231,1214461,Ottawa4,Tri1560232,0,1533,165500,0,0
20,1232,1214462,Ottawa4,Tri1560232,0,1683,165500,0,0
20,1228,1214463,Ottawa4,Tri1560233,0,1087,165500,0,0
20,1229,1214464,Ottawa4,Tri1560233,0,1233,165500,0,0
20,1230,1214465,Ottawa4,Tri1560233,0,1382,165500,0,0
20,1231,1214466,Ottawa4,Tri1560233,0,1532,165500,0,0
20,1232,1214467,Ottawa4,Tri1560233,0,1682,165500,0,0
20,1228,1214468,Ottawa4,Tri1560234,0,1084,165500,0,0
20,1229,1214469,Ottawa4,Tri1560234,0,1230,165500,0,0
20,1230,1214470,Ottawa4,Tri1560234,0,1379,165500,0,0
20,1231,1214471,Ottawa4,Tri1560234,0,1529,165500,0,0
20,1232,1214472,Ottawa4,Tri1560234,0,1679,165500,0,0
20,1228,1214473,Ottawa4,Tri1560235,0,1088,165500,0,0
20,1229,1214474,Ottawa4,Tri1560235,0,1234,165500,0,0
20,1230,1214475,Ottawa4,Tri1560235,0,1383,165500,0,0
20,1231,1214476,Ottawa4,Tri1560235,0,1533,165500,0,0
20,1232,1214477,Ottawa4,Tri1560235,0,1683,165500,0,0
20,1228,1214478,Ottawa4,Tri1560236,0,1087,165500,0,0
20,1229,1214479,Ottawa4,Tri1560236,0,1233,165500,0,0
20,1230,1214480,Ottawa4,Tri1560236,0,1382,165500,0,0
20,1231,1214481,Ottawa4,Tri1560236,0,1532,165500,0,0
20,1232,1214482,Ottawa4,Tri1560236,0,1682,165500,0,0
20,1228,1214483,Ottawa4,Tri1560237,0,1084,165500,0,0
20,1229,1214484,Ottawa4,Tri1560237,0,1230,165500,0,0
20,1230,1214485,Ottawa4,Tri1560237,0,1379,165500,0,0
20,1231,1214486,Ottawa4,Tri1560237,0,1529,165500,0,0
20,1232,1214487,Ottawa4,Tri1560237,0,1679,165500,0,0
20,1228,1216408,Ottawa4,Tri1560079,0,1084,165499,0,0
20,1229,1216409,Ottawa4,Tri1560079,0,1230,165499,0,0
20,1230,1216410,Ottawa4,Tri1560079,0,1379,165499,0,0
20,1231,1216411,Ottawa4,Tri1560079,0,1529,165499,0,0
20,1232,1216412,Ottawa4,Tri1560079,0,1679,165499,0,0
20,1228,1216413,Ottawa4,Tri1560080,0,1086,165499,0,0
20,1229,1216414,Ottawa4,Tri1560080,0,1232,165499,0,0
20,1230,1216415,Ottawa4,Tri1560080,0,1381,165499,0,0
20,1231,1216416,Ottawa4,Tri1560080,0,1531,165499,0,0
20,1232,1216417,Ottawa4,Tri1560080,0,1681,165499,0,0
20,1228,1216418,Ottawa4,Tri1560081,0,1088,165499,0,0
20,1229,1216419,Ottawa4,Tri1560081,0,1234,165499,0,0
20,1230,1216420,Ottawa4,Tri1560081,0,1383,165499,0,0
20,1231,1216421,Ottawa4,Tri1560081,0,1533,165499,0,0
20,1232,1216422,Ottawa4,Tri1560081,0,1683,165499,0,0
20,1228,1216423,Ottawa4,Tri1560082,0,1083,165499,0,0
20,1229,1216424,Ottawa4,Tri1560082,0,1229,165499,0,0
20,1230,1216425,Ottawa4,Tri1560082,0,1378,165499,0,0
20,1231,1216426,Ottawa4,Tri1560082,0,1528,165499,0,0
20,1232,1216427,Ottawa4,Tri1560082,0,1678,165499,0,0
20,1228,1216428,Ottawa4,Tri1560083,0,1085,165499,0,0
20,1229,1216429,Ottawa4,Tri1560083,0,1231,165499,0,0
20,1230,1216430,Ottawa4,Tri1560083,0,1380,165499,0,0
20,1231,1216431,Ottawa4,Tri1560083,0,1530,165499,0,0
20,1232,1216432,Ottawa4,Tri1560083,0,1680,165499,0,0
20,1228,1216433,Ottawa4,Tri1560084,0,1087,165499,0,0
20,1229,1216434,Ottawa4,Tri1560084,0,1233,165499,0,0
20,1230,1216435,Ottawa4,Tri1560084,0,1382,165499,0,0
20,1231,1216436,Ottawa4,Tri1560084,0,1532,165499,0,0
20,1232,1216437,Ottawa4,Tri1560084,0,1682,165499,0,0
20,1228,1216438,Ottawa4,Tri1560085,0,1089,165499,0,0
20,1229,1216439,Ottawa4,Tri1560085,0,1235,165499,0,0
20,1230,1216440,Ottawa4,Tri1560085,0,1384,165499,0,0
20,1231,1216441,Ottawa4,Tri1560085,0,1534,165499,0,0
20,1232,1216442,Ottawa4,Tri1560085,0,1684,165499,0,0
20,1228,1216443,Ottawa4,Tri1560086,0,1084,165499,0,0
20,1229,1216444,Ottawa4,Tri1560086,0,1230,165499,0,0
20,1230,1216445,Ottawa4,Tri1560086,0,1379,165499,0,0
20,1231,1216446,Ottawa4,Tri1560086,0,1529,165499,0,0
20,1232,1216447,Ottawa4,Tri1560086,0,1679,165499,0,0
20,1228,1216448,Ottawa4,Tri1560087,0,1086,165499,0,0
20,1229,1216449,Ottawa4,Tri1560087,0,1232,165499,0,0
20,1230,1216450,Ottawa4,Tri1560087,0,1381,165499,0,0
20,1231,1216451,Ottawa4,Tri1560087,0,1531,165499,0,0
20,1232,1216452,Ottawa4,Tri1560087,0,1681,165499,0,0
20,1228,1216453,Ottawa4,Tri1560088,0,1088,165499,0,0
20,1229,1216454,Ottawa4,Tri1560088,0,1234,165499,0,0
20,1230,1216455,Ottawa4,Tri1560088,0,1383,165499,0,0
20,1231,1216456,Ottawa4,Tri1560088,0,1533,165499,0,0
20,1232,1216457,Ottawa4,Tri1560088,0,1683,165499,0,0
20,1228,1216458,Ottawa4,Tri1560089,0,1083,165499,0,0
20,1229,1216459,Ottawa4,Tri1560089,0,1229,165499,0,0
20,1230,1216460,Ottawa4,Tri1560089,0,1378,165499,0,0
20,1231,1216461,Ottawa4,Tri1560089,0,1528,165499,0,0
20,1232,1216462,Ottawa4,Tri1560089,0,1678,165499,0,0
20,1228,1216463,Ottawa4,Tri1560090,0,1085,165499,0,0
20,1229,1216464,Ottawa4,Tri1560090,0,1231,165499,0,0
20,1230,1216465,Ottawa4,Tri1560090,0,1380,165499,0,0
20,1231,1216466,Ottawa4,Tri1560090,0,1530,165499,0,0
20,1232,1216467,Ottawa4,Tri1560090,0,1680,165499,0,0
20,1228,1216468,Ottawa4,Tri1560091,0,1087,165499,0,0
20,1229,1216469,Ottawa4,Tri1560091,0,1233,165499,0,0
20,1230,1216470,Ottawa4,Tri1560091,0,1382,165499,0,0
20,1231,1216471,Ottawa4,Tri1560091,0,1532,165499,0,0
20,1232,1216472,Ottawa4,Tri1560091,0,1682,165499,0,0
20,1228,1216473,Ottawa4,Tri1560092,0,1089,165499,0,0
20,1229,1216474,Ottawa4,Tri1560092,0,1235,165499,0,0
20,1230,1216475,Ottawa4,Tri1560092,0,1384,165499,0,0
20,1231,1216476,Ottawa4,Tri1560092,0,1534,165499,0,0
20,1232,1216477,Ottawa4,Tri1560092,0,1684,165499,0,0
20,1228,1216478,Ottawa4,Tri1560093,0,1084,165499,0,0
20,1229,1216479,Ottawa4,Tri1560093,0,1230,165499,0,0
20,1230,1216480,Ottawa4,Tri1560093,0,1379,165499,0,0
20,1231,1216481,Ottawa4,Tri1560093,0,1529,165499,0,0
20,1232,1216482,Ottawa4,Tri1560093,0,1679,165499,0,0
20,1228,1216483,Ottawa4,Tri1560094,0,1086,165499,0,0
20,1229,1216484,Ottawa4,Tri1560094,0,1232,165499,0,0
20,1230,1216485,Ottawa4,Tri1560094,0,1381,165499,0,0
20,1231,1216486,Ottawa4,Tri1560094,0,1531,165499,0,0
20,1232,1216487,Ottawa4,Tri1560094,0,1681,165499,0,0
20,1228,1216488,Ottawa4,Tri1560095,0,1088,165499,0,0
20,1229,1216489,Ottawa4,Tri1560095,0,1234,165499,0,0
20,1230,1216490,Ottawa4,Tri1560095,0,1383,165499,0,0
20,1231,1216491,Ottawa4,Tri1560095,0,1533,165499,0,0
20,1232,1216492,Ottawa4,Tri1560095,0,1683,165499,0,0
20,1228,1216493,Ottawa4,Tri1560096,0,1083,165499,0,0
20,1229,1216494,Ottawa4,Tri1560096,0,1229,165499,0,0
20,1230,1216495,Ottawa4,Tri1560096,0,1378,165499,0,0
20,1231,1216496,Ottawa4,Tri1560096,0,1528,165499,0,0
20,1232,1216497,Ottawa4,Tri1560096,0,1678,165499,0,0
20,1228,1216498,Ottawa4,Tri1560097,0,1085,165499,0,0
20,1229,1216499,Ottawa4,Tri1560097,0,1231,165499,0,0
20,1230,1216500,Ottawa4,Tri1560097,0,1380,165499,0,0
20,1231,1216501,Ottawa4,Tri1560097,0,1530,165499,0,0
20,1232,1216502,Ottawa4,Tri1560097,0,1680,165499,0,0
20,1228,1216503,Ottawa4,Tri1560098,0,1087,165499,0,0
20,1229,1216504,Ottawa4,Tri1560098,0,1233,165499,0,0
20,1230,1216505,Ottawa4,Tri1560098,0,1382,165499,0,0
20,1231,1216506,Ottawa4,Tri1560098,0,1532,165499,0,0
20,1232,1216507,Ottawa4,Tri1560098,0,1682,165499,0,0
20,1228,1216508,Ottawa4,Tri1560099,0,1089,165499,0,0
20,1229,1216509,Ottawa4,Tri1560099,0,1235,165499,0,0
20,1230,1216510,Ottawa4,Tri1560099,0,1384,165499,0,0
20,1231,1216511,Ottawa4,Tri1560099,0,1534,165499,0,0
20,1232,1216512,Ottawa4,Tri1560099,0,1684,165499,0,0
20,1228,1216513,Ottawa4,Tri1560100,0,1084,165499,0,0
20,1229,1216514,Ottawa4,Tri1560100,0,1230,165499,0,0
20,1230,1216515,Ottawa4,Tri1560100,0,1379,165499,0,0
20,1231,1216516,Ottawa4,Tri1560100,0,1529,165499,0,0
20,1232,1216517,Ottawa4,Tri1560100,0,1679,165499,0,0
20,1228,1216518,Ottawa4,Tri1560101,0,1086,165499,0,0
20,1229,1216519,Ottawa4,Tri1560101,0,1232,165499,0,0
20,1230,1216520,Ottawa4,Tri1560101,0,1381,165499,0,0
20,1231,1216521,Ottawa4,Tri1560101,0,1531,165499,0,0
20,1232,1216522,Ottawa4,Tri1560101,0,1681,165499,0,0
20,1228,1216523,Ottawa4,Tri1560102,0,1088,165499,0,0
20,1229,1216524,Ottawa4,Tri1560102,0,1234,165499,0,0
20,1230,1216525,Ottawa4,Tri1560102,0,1383,165499,0,0
20,1231,1216526,Ottawa4,Tri1560102,0,1533,165499,0,0
20,1232,1216527,Ottawa4,Tri1560102,0,1683,165499,0,0
20,1228,1216528,Ottawa4,Tri1560103,0,1083,165499,0,0
20,1229,1216529,Ottawa4,Tri1560103,0,1229,165499,0,0
20,1230,1216530,Ottawa4,Tri1560103,0,1378,165499,0,0
20,1231,1216531,Ottawa4,Tri1560103,0,1528,165499,0,0
20,1232,1216532,Ottawa4,Tri1560103,0,1678,165499,0,0
20,1228,1216533,Ottawa4,Tri1560104,0,1085,165499,0,0
20,1229,1216534,Ottawa4,Tri1560104,0,1231,165499,0,0
20,1230,1216535,Ottawa4,Tri1560104,0,1380,165499,0,0
20,1231,1216536,Ottawa4,Tri1560104,0,1530,165499,0,0
20,1232,1216537,Ottawa4,Tri1560104,0,1680,165499,0,0
20,1228,1216538,Ottawa4,Tri1560105,0,1087,165499,0,0
20,1229,1216539,Ottawa4,Tri1560105,0,1233,165499,0,0
20,1230,1216540,Ottawa4,Tri1560105,0,1382,165499,0,0
20,1231,1216541,Ottawa4,Tri1560105,0,1532,165499,0,0
20,1232,1216542,Ottawa4,Tri1560105,0,1682,165499,0,0
20,1228,1216543,Ottawa4,Tri1560106,0,1089,165499,0,0
20,1229,1216544,Ottawa4,Tri1560106,0,1235,165499,0,0
20,1230,1216545,Ottawa4,Tri1560106,0,1384,165499,0,0
20,1231,1216546,Ottawa4,Tri1560106,0,1534,165499,0,0
20,1232,1216547,Ottawa4,Tri1560106,0,1684,165499,0,0
20,1228,1216548,Ottawa4,Tri1560107,0,1084,165499,0,0
20,1229,1216549,Ottawa4,Tri1560107,0,1230,165499,0,0
20,1230,1216550,Ottawa4,Tri1560107,0,1379,165499,0,0
20,1231,1216551,Ottawa4,Tri1560107,0,1529,165499,0,0
20,1232,1216552,Ottawa4,Tri1560107,0,1679,165499,0,0
20,1228,1216553,Ottawa4,Tri1560108,0,1086,165499,0,0
20,1229,1216554,Ottawa4,Tri1560108,0,1232,165499,0,0
20,1230,1216555,Ottawa4,Tri1560108,0,1381,165499,0,0
20,1231,1216556,Ottawa4,Tri1560108,0,1531,165499,0,0
20,1232,1216557,Ottawa4,Tri1560108,0,1681,165499,0,0
20,1228,1216558,Ottawa4,Tri1560109,0,1088,165499,0,0
20,1229,1216559,Ottawa4,Tri1560109,0,1234,165499,0,0
20,1230,1216560,Ottawa4,Tri1560109,0,1383,165499,0,0
20,1231,1216561,Ottawa4,Tri1560109,0,1533,165499,0,0
20,1232,1216562,Ottawa4,Tri1560109,0,1683,165499,0,0
20,1228,1216563,Ottawa4,Tri1560110,0,1083,165499,0,0
20,1229,1216564,Ottawa4,Tri1560110,0,1229,165499,0,0
20,1230,1216565,Ottawa4,Tri1560110,0,1378,165499,0,0
20,1231,1216566,Ottawa4,Tri1560110,0,1528,165499,0,0
20,1232,1216567,Ottawa4,Tri1560110,0,1678,165499,0,0
20,1228,1216568,Ottawa4,Tri1560111,0,1085,165499,0,0
20,1229,1216569,Ottawa4,Tri1560111,0,1231,165499,0,0
20,1230,1216570,Ottawa4,Tri1560111,0,1380,165499,0,0
20,1231,1216571,Ottawa4,Tri1560111,0,1530,165499,0,0
20,1232,1216572,Ottawa4,Tri1560111,0,1680,165499,0,0
20,1228,1216573,Ottawa4,Tri1560112,0,1087,165499,0,0
20,1229,1216574,Ottawa4,Tri1560112,0,1233,165499,0,0
20,1230,1216575,Ottawa4,Tri1560112,0,1382,165499,0,0
20,1231,1216576,Ottawa4,Tri1560112,0,1532,165499,0,0
20,1232,1216577,Ottawa4,Tri1560112,0,1682,165499,0,0
20,1228,1216578,Ottawa4,Tri1560113,0,1089,165499,0,0
20,1229,1216579,Ottawa4,Tri1560113,0,1235,165499,0,0
20,1230,1216580,Ottawa4,Tri1560113,0,1384,165499,0,0
20,1231,1216581,Ottawa4,Tri1560113,0,1534,165499,0,0
20,1232,1216582,Ottawa4,Tri1560113,0,1684,165499,0,0
20,1228,1216583,Ottawa4,Tri1560114,0,1084,165499,0,0
20,1229,1216584,Ottawa4,Tri1560114,0,1230,165499,0,0
20,1230,1216585,Ottawa4,Tri1560114,0,1379,165499,0,0
20,1231,1216586,Ottawa4,Tri1560114,0,1529,165499,0,0
20,1232,1216587,Ottawa4,Tri1560114,0,1679,165499,0,0
20,1228,1216588,Ottawa4,Tri1560115,0,1086,165499,0,0
20,1229,1216589,Ottawa4,Tri1560115,0,1232,165499,0,0
20,1230,1216590,Ottawa4,Tri1560115,0,1381,165499,0,0
20,1231,1216591,Ottawa4,Tri1560115,0,1531,165499,0,0
20,1232,1216592,Ottawa4,Tri1560115,0,1681,165499,0,0
20,1228,1216593,Ottawa4,Tri1560116,0,1088,165499,0,0
20,1229,1216594,Ottawa4,Tri1560116,0,1234,165499,0,0
20,1230,1216595,Ottawa4,Tri1560116,0,1383,165499,0,0
20,1231,1216596,Ottawa4,Tri1560116,0,1533,165499,0,0
20,1232,1216597,Ottawa4,Tri1560116,0,1683,165499,0,0
20,1228,1216778,Ottawa4,Tri1560032,1,1083,165506,0,0
20,1229,1216779,Ottawa4,Tri1560032,1,1229,165506,0,0
20,1230,1216780,Ottawa4,Tri1560032,1,1378,165506,0,0
20,1231,1216781,Ottawa4,Tri1560032,1,1528,165506,0,0
20,1232,1216782,Ottawa4,Tri1560032,1,1678,165506,0,0
20,1228,1216783,Ottawa4,Tri1560033,1,1085,165506,0,0
20,1229,1216784,Ottawa4,Tri1560033,1,1231,165506,0,0
20,1230,1216785,Ottawa4,Tri1560033,1,1380,165506,0,0
20,1231,1216786,Ottawa4,Tri1560033,1,1530,165506,0,0
20,1232,1216787,Ottawa4,Tri1560033,1,1680,165506,0,0
20,1228,1216788,Ottawa4,Tri1560034,1,1087,165506,0,0
20,1229,1216789,Ottawa4,Tri1560034,1,1233,165506,0,0
20,1230,1216790,Ottawa4,Tri1560034,1,1382,165506,0,0
20,1231,1216791,Ottawa4,Tri1560034,1,1532,165506,0,0
20,1232,1216792,Ottawa4,Tri1560034,1,1682,165506,0,0
20,1228,1216793,Ottawa4,Tri1560035,1,1089,165506,0,0
20,1229,1216794,Ottawa4,Tri1560035,1,1235,165506,0,0
20,1230,1216795,Ottawa4,Tri1560035,1,1384,165506,0,0
20,1231,1216796,Ottawa4,Tri1560035,1,1534,165506,0,0
20,1232,1216797,Ottawa4,Tri1560035,1,1684,165506,0,0
20,1228,1216798,Ottawa4,Tri1560036,1,1084,165506,0,0
20,1229,1216799,Ottawa4,Tri1560036,1,1230,165506,0,0
20,1230,1216800,Ottawa4,Tri1560036,1,1379,165506,0,0
20,1231,1216801,Ottawa4,Tri1560036,1,1529,165506,0,0
20,1232,1216802,Ottawa4,Tri1560036,1,1679,165506,0,0
20,1228,1216803,Ottawa4,Tri1560037,1,1086,165506,0,0
20,1229,1216804,Ottawa4,Tri1560037,1,1232,165506,0,0
20,1230,1216805,Ottawa4,Tri1560037,1,1381,165506,0,0
20,1231,1216806,Ottawa4,Tri1560037,1,1531,165506,0,0
20,1232,1216807,Ottawa4,Tri1560037,1,1681,165506,0,0
20,1228,1216808,Ottawa4,Tri1560038,1,1088,165506,0,0
20,1229,1216809,Ottawa4,Tri1560038,1,1234,165506,0,0
20,1230,1216810,Ottawa4,Tri1560038,1,1383,165506,0,0
20,1231,1216811,Ottawa4,Tri1560038,1,1533,165506,0,0
20,1232,1216812,Ottawa4,Tri1560038,1,1683,165506,0,0
20,1228,1216813,Ottawa4,Tri1560039,1,1083,165506,0,0
20,1229,1216814,Ottawa4,Tri1560039,1,1229,165506,0,0
20,1230,1216815,Ottawa4,Tri1560039,1,1378,165506,0,0
20,1231,1216816,Ottawa4,Tri1560039,1,1528,165506,0,0
20,1232,1216817,Ottawa4,Tri1560039,1,1678,165506,0,0
20,1228,1216818,Ottawa4,Tri1560040,1,1085,165506,0,0
20,1229,1216819,Ottawa4,Tri1560040,1,1231,165506,0,0
20,1230,1216820,Ottawa4,Tri1560040,1,1380,165506,0,0
20,1231,1216821,Ottawa4,Tri1560040,1,1530,165506,0,0
20,1232,1216822,Ottawa4,Tri1560040,1,1680,165506,0,0
20,1228,1216823,Ottawa4,Tri1560041,1,1087,165506,0,0
20,1229,1216824,Ottawa4,Tri1560041,1,1233,165506,0,0
20,1230,1216825,Ottawa4,Tri1560041,1,1382,165506,0,0
20,1231,1216826,Ottawa4,Tri1560041,1,1532,165506,0,0
20,1232,1216827,Ottawa4,Tri1560041,1,1682,165506,0,0
20,1228,1216828,Ottawa4,Tri1560042,1,1089,165506,0,0
20,1229,1216829,Ottawa4,Tri1560042,1,1235,165506,0,0
20,1230,1216830,Ottawa4,Tri1560042,1,1384,165506,0,0
20,1231,1216831,Ottawa4,Tri1560042,1,1534,165506,0,0
20,1232,1216832,Ottawa4,Tri1560042,1,1684,165506,0,0
20,1228,1216833,Ottawa4,Tri1560043,1,1084,165506,0,0
20,1229,1216834,Ottawa4,Tri1560043,1,1230,165506,0,0
20,1230,1216835,Ottawa4,Tri1560043,1,1379,165506,0,0
20,1231,1216836,Ottawa4,Tri1560043,1,1529,165506,0,0
20,1232,1216837,Ottawa4,Tri1560043,1,1679,165506,0,0
20,1228,1216838,Ottawa4,Tri1560044,1,1086,165506,0,0
20,1229,1216839,Ottawa4,Tri1560044,1,1232,165506,0,0
20,1230,1216840,Ottawa4,Tri1560044,1,1381,165506,0,0
20,1231,1216841,Ottawa4,Tri1560044,1,1531,165506,0,0
20,1232,1216842,Ottawa4,Tri1560044,1,1681,165506,0,0
20,1228,1216843,Ottawa4,Tri1560045,1,1088,165506,0,0
20,1229,1216844,Ottawa4,Tri1560045,1,1234,165506,0,0
20,1230,1216845,Ottawa4,Tri1560045,1,1383,165506,0,0
20,1231,1216846,Ottawa4,Tri1560045,1,1533,165506,0,0
20,1232,1216847,Ottawa4,Tri1560045,1,1683,165506,0,0
20,1228,1216848,Ottawa4,Tri1560046,1,1083,165506,0,0
20,1229,1216849,Ottawa4,Tri1560046,1,1229,165506,0,0
20,1230,1216850,Ottawa4,Tri1560046,1,1378,165506,0,0
20,1231,1216851,Ottawa4,Tri1560046,1,1528,165506,0,0
20,1232,1216852,Ottawa4,Tri1560046,1,1678,165506,0,0
20,1228,1216853,Ottawa4,Tri1560047,1,1085,165506,0,0
20,1229,1216854,Ottawa4,Tri1560047,1,1231,165506,0,0
20,1230,1216855,Ottawa4,Tri1560047,1,1380,165506,0,0
20,1231,1216856,Ottawa4,Tri1560047,1,1530,165506,0,0
20,1232,1216857,Ottawa4,Tri1560047,1,1680,165506,0,0
20,1228,1216858,Ottawa4,Tri1560048,1,1087,165506,0,0
20,1229,1216859,Ottawa4,Tri1560048,1,1233,165506,0,0
20,1230,1216860,Ottawa4,Tri1560048,1,1382,165506,0,0
20,1231,1216861,Ottawa4,Tri1560048,1,1532,165506,0,0
20,1232,1216862,Ottawa4,Tri1560048,1,1682,165506,0,0
20,1228,1216863,Ottawa4,Tri1560049,1,1089,165506,0,0
20,1229,1216864,Ottawa4,Tri1560049,1,1235,165506,0,0
20,1230,1216865,Ottawa4,Tri1560049,1,1384,165506,0,0
20,1231,1216866,Ottawa4,Tri1560049,1,1534,165506,0,0
20,1232,1216867,Ottawa4,Tri1560049,1,1684,165506,0,0
20,1228,1216868,Ottawa4,Tri1560050,1,1084,165506,0,0
20,1229,1216869,Ottawa4,Tri1560050,1,1230,165506,0,0
20,1230,1216870,Ottawa4,Tri1560050,1,1379,165506,0,0
20,1231,1216871,Ottawa4,Tri1560050,1,1529,165506,0,0
20,1232,1216872,Ottawa4,Tri1560050,1,1679,165506,0,0
20,1228,1216873,Ottawa4,Tri1560051,1,1086,165506,0,0
20,1229,1216874,Ottawa4,Tri1560051,1,1232,165506,0,0
20,1230,1216875,Ottawa4,Tri1560051,1,1381,165506,0,0
20,1231,1216876,Ottawa4,Tri1560051,1,1531,165506,0,0
20,1232,1216877,Ottawa4,Tri1560051,1,1681,165506,0,0
20,1228,1216878,Ottawa4,Tri1560052,1,1088,165506,0,0
20,1229,1216879,Ottawa4,Tri1560052,1,1234,165506,0,0
20,1230,1216880,Ottawa4,Tri1560052,1,1383,165506,0,0
20,1231,1216881,Ottawa4,Tri1560052,1,1533,165506,0,0
20,1232,1216882,Ottawa4,Tri1560052,1,1683,165506,0,0
20,1228,1216883,Ottawa4,Tri1560053,1,1083,165506,0,0
20,1229,1216884,Ottawa4,Tri1560053,1,1229,165506,0,0
20,1230,1216885,Ottawa4,Tri1560053,1,1378,165506,0,0
20,1231,1216886,Ottawa4,Tri1560053,1,1528,165506,0,0
20,1232,1216887,Ottawa4,Tri1560053,1,1678,165506,0,0
20,1228,1216888,Ottawa4,Tri1560054,1,1085,165506,0,0
20,1229,1216889,Ottawa4,Tri1560054,1,1231,165506,0,0
20,1230,1216890,Ottawa4,Tri1560054,1,1380,165506,0,0
20,1231,1216891,Ottawa4,Tri1560054,1,1530,165506,0,0
20,1232,1216892,Ottawa4,Tri1560054,1,1680,165506,0,0
20,1228,1216893,Ottawa4,Tri1560055,1,1087,165506,0,0
20,1229,1216894,Ottawa4,Tri1560055,1,1233,165506,0,0
20,1230,1216895,Ottawa4,Tri1560055,1,1382,165506,0,0
20,1231,1216896,Ottawa4,Tri1560055,1,1532,165506,0,0
20,1232,1216897,Ottawa4,Tri1560055,1,1682,165506,0,0
20,1228,1216898,Ottawa4,Tri1560056,1,1089,165506,0,0
20,1229,1216899,Ottawa4,Tri1560056,1,1235,165506,0,0
20,1230,1216900,Ottawa4,Tri1560056,1,1384,165506,0,0
20,1231,1216901,Ottawa4,Tri1560056,1,1534,165506,0,0
20,1232,1216902,Ottawa4,Tri1560056,1,1684,165506,0,0
20,1228,1216903,Ottawa4,Tri1560057,1,1084,165506,0,0
20,1229,1216904,Ottawa4,Tri1560057,1,1230,165506,0,0
20,1230,1216905,Ottawa4,Tri1560057,1,1379,165506,0,0
20,1231,1216906,Ottawa4,Tri1560057,1,1529,165506,0,0
20,1232,1216907,Ottawa4,Tri1560057,1,1679,165506,0,0
20,1228,1216908,Ottawa4,Tri1560058,1,1086,165506,0,0
20,1229,1216909,Ottawa4,Tri1560058,1,1232,165506,0,0
20,1230,1216910,Ottawa4,Tri1560058,1,1381,165506,0,0
20,1231,1216911,Ottawa4,Tri1560058,1,1531,165506,0,0
20,1232,1216912,Ottawa4,Tri1560058,1,1681,165506,0,0
20,1228,1216913,Ottawa4,Tri1560059,1,1088,165506,0,0
20,1229,1216914,Ottawa4,Tri1560059,1,1234,165506,0,0
20,1230,1216915,Ottawa4,Tri1560059,1,1383,165506,0,0
20,1231,1216916,Ottawa4,Tri1560059,1,1533,165506,0,0
20,1232,1216917,Ottawa4,Tri1560059,1,1683,165506,0,0
20,1228,1216918,Ottawa4,Tri1560060,1,1083,165506,0,0
20,1229,1216919,Ottawa4,Tri1560060,1,1229,165506,0,0
20,1230,1216920,Ottawa4,Tri1560060,1,1378,165506,0,0
20,1231,1216921,Ottawa4,Tri1560060,1,1528,165506,0,0
20,1232,1216922,Ottawa4,Tri1560060,1,1678,165506,0,0
20,1228,1216923,Ottawa4,Tri1560061,1,1085,165506,0,0
20,1229,1216924,Ottawa4,Tri1560061,1,1231,165506,0,0
20,1230,1216925,Ottawa4,Tri1560061,1,1380,165506,0,0
20,1231,1216926,Ottawa4,Tri1560061,1,1530,165506,0,0
20,1232,1216927,Ottawa4,Tri1560061,1,1680,165506,0,0
20,1228,1216928,Ottawa4,Tri1560062,1,1087,165506,0,0
20,1229,1216929,Ottawa4,Tri1560062,1,1233,165506,0,0
20,1230,1216930,Ottawa4,Tri1560062,1,1382,165506,0,0
20,1231,1216931,Ottawa4,Tri1560062,1,1532,165506,0,0
20,1232,1216932,Ottawa4,Tri1560062,1,1682,165506,0,0
20,1228,1216933,Ottawa4,Tri1560063,1,1089,165506,0,0
20,1229,1216934,Ottawa4,Tri1560063,1,1235,165506,0,0
20,1230,1216935,Ottawa4,Tri1560063,1,1384,165506,0,0
20,1231,1216936,Ottawa4,Tri1560063,1,1534,165506,0,0
20,1232,1216937,Ottawa4,Tri1560063,1,1684,165506,0,0
20,1228,1216938,Ottawa4,Tri1560064,1,1084,165506,0,0
20,1229,1216939,Ottawa4,Tri1560064,1,1230,165506,0,0
20,1230,1216940,Ottawa4,Tri1560064,1,1379,165506,0,0
20,1231,1216941,Ottawa4,Tri1560064,1,1529,165506,0,0
20,1232,1216942,Ottawa4,Tri1560064,1,1679,165506,0,0
20,1228,1216943,Ottawa4,Tri1560065,1,1086,165506,0,0
20,1229,1216944,Ottawa4,Tri1560065,1,1232,165506,0,0
20,1230,1216945,Ottawa4,Tri1560065,1,1381,165506,0,0
20,1231,1216946,Ottawa4,Tri1560065,1,1531,165506,0,0
20,1232,1216947,Ottawa4,Tri1560065,1,1681,165506,0,0
20,1228,1216948,Ottawa4,Tri1560066,1,1088,165506,0,0
20,1229,1216949,Ottawa4,Tri1560066,1,1234,165506,0,0
20,1230,1216950,Ottawa4,Tri1560066,1,1383,165506,0,0
20,1231,1216951,Ottawa4,Tri1560066,1,1533,165506,0,0
20,1232,1216952,Ottawa4,Tri1560066,1,1683,165506,0,0
20,1228,1216953,Ottawa4,Tri1560067,1,1083,165506,0,0
20,1229,1216954,Ottawa4,Tri1560067,1,1229,165506,0,0
20,1230,1216955,Ottawa4,Tri1560067,1,1378,165506,0,0
20,1231,1216956,Ottawa4,Tri1560067,1,1528,165506,0,0
20,1232,1216957,Ottawa4,Tri1560067,1,1678,165506,0,0
20,1228,1216958,Ottawa4,Tri1560068,1,1085,165506,0,0
20,1229,1216959,Ottawa4,Tri1560068,1,1231,165506,0,0
20,1230,1216960,Ottawa4,Tri1560068,1,1380,165506,0,0
20,1231,1216961,Ottawa4,Tri1560068,1,1530,165506,0,0
20,1232,1216962,Ottawa4,Tri1560068,1,1680,165506,0,0
20,1228,1216963,Ottawa4,Tri1560069,1,1087,165506,0,0
20,1229,1216964,Ottawa4,Tri1560069,1,1233,165506,0,0
20,1230,1216965,Ottawa4,Tri1560069,1,1382,165506,0,0
20,1231,1216966,Ottawa4,Tri1560069,1,1532,165506,0,0
20,1232,1216967,Ottawa4,Tri1560069,1,1682,165506,0,0
20,1228,1216968,Ottawa4,Tri1560070,1,1084,165506,0,0
20,1229,1216969,Ottawa4,Tri1560070,1,1230,165506,0,0
20,1230,1216970,Ottawa4,Tri1560070,1,1379,165506,0,0
20,1231,1216971,Ottawa4,Tri1560070,1,1529,165506,0,0
20,1232,1216972,Ottawa4,Tri1560070,1,1679,165506,0,0
20,1228,1216973,Ottawa4,Tri1560071,1,1088,165506,0,0
20,1229,1216974,Ottawa4,Tri1560071,1,1234,165506,0,0
20,1230,1216975,Ottawa4,Tri1560071,1,1383,165506,0,0
20,1231,1216976,Ottawa4,Tri1560071,1,1533,165506,0,0
20,1232,1216977,Ottawa4,Tri1560071,1,1683,165506,0,0
20,1228,1216978,Ottawa4,Tri1560072,1,1087,165506,0,0
20,1229,1216979,Ottawa4,Tri1560072,1,1233,165506,0,0
20,1230,1216980,Ottawa4,Tri1560072,1,1382,165506,0,0
20,1231,1216981,Ottawa4,Tri1560072,1,1532,165506,0,0
20,1232,1216982,Ottawa4,Tri1560072,1,1682,165506,0,0
20,1228,1216983,Ottawa4,Tri1560073,1,1084,165506,0,0
20,1229,1216984,Ottawa4,Tri1560073,1,1230,165506,0,0
20,1230,1216985,Ottawa4,Tri1560073,1,1379,165506,0,0
20,1231,1216986,Ottawa4,Tri1560073,1,1529,165506,0,0
20,1232,1216987,Ottawa4,Tri1560073,1,1679,165506,0,0
20,1228,1216988,Ottawa4,Tri1560074,1,1088,165506,0,0
20,1229,1216989,Ottawa4,Tri1560074,1,1234,165506,0,0
20,1230,1216990,Ottawa4,Tri1560074,1,1383,165506,0,0
20,1231,1216991,Ottawa4,Tri1560074,1,1533,165506,0,0
20,1232,1216992,Ottawa4,Tri1560074,1,1683,165506,0,0
20,1228,1216993,Ottawa4,Tri1560075,1,1087,165506,0,0
20,1229,1216994,Ottawa4,Tri1560075,1,1233,165506,0,0
20,1230,1216995,Ottawa4,Tri1560075,1,1382,165506,0,0
20,1231,1216996,Ottawa4,Tri1560075,1,1532,165506,0,0
20,1232,1216997,Ottawa4,Tri1560075,1,1682,165506,0,0
20,1228,1216998,Ottawa4,Tri1560076,1,1084,165506,0,0
20,1229,1216999,Ottawa4,Tri1560076,1,1230,165506,0,0
20,1230,1217000,Ottawa4,Tri1560076,1,1379,165506,0,0
20,1231,1217001,Ottawa4,Tri1560076,1,1529,165506,0,0
20,1232,1217002,Ottawa4,Tri1560076,1,1679,165506,0,0
20,1228,1217003,Ottawa4,Tri1560077,1,1088,165506,0,0
20,1229,1217004,Ottawa4,Tri1560077,1,1234,165506,0,0
20,1230,1217005,Ottawa4,Tri1560077,1,1383,165506,0,0
20,1231,1217006,Ottawa4,Tri1560077,1,1533,165506,0,0
20,1232,1217007,Ottawa4,Tri1560077,1,1683,165506,0,0
20,1228,1217008,Ottawa4,Tri1560078,1,1087,165506,0,0
20,1229,1217009,Ottawa4,Tri1560078,1,1233,165506,0,0
20,1230,1217010,Ottawa4,Tri1560078,1,1382,165506,0,0
20,1231,1217011,Ottawa4,Tri1560078,1,1532,165506,0,0
20,1232,1217012,Ottawa4,Tri1560078,1,1682,165506,0,0
20,1226,1219491,Ottawa4,Tri1559923,1,74279,165506,0,0
20,1226,1219492,Ottawa4,Tri1559924,1,74281,165506,0,0
20,1226,1219493,Ottawa4,Tri1559925,1,74280,165506,0,0
20,1226,1219494,Ottawa4,Tri1559926,1,74277,165506,0,0
20,1226,1219495,Ottawa4,Tri1559927,1,74279,165506,0,0
20,1226,1219496,Ottawa4,Tri1559928,1,74281,165506,0,0
20,1226,1219497,Ottawa4,Tri1559929,1,74280,165506,0,0
20,1226,1219498,Ottawa4,Tri1559930,1,74277,165506,0,0
20,1226,1219499,Ottawa4,Tri1559931,1,74279,165506,0,0
20,1226,1219500,Ottawa4,Tri1559932,1,74281,165506,0,0
20,1226,1219501,Ottawa4,Tri1559933,1,74280,165506,0,0
20,1226,1219502,Ottawa4,Tri1559934,1,74277,165506,0,0
20,1226,1219503,Ottawa4,Tri1559935,1,74279,165506,0,0
20,1226,1219504,Ottawa4,Tri1559936,1,74281,165506,0,0
20,1226,1219505,Ottawa4,Tri1559937,1,74280,165506,0,0
20,1226,1219506,Ottawa4,Tri1559938,1,74277,165506,0,0
20,1226,1219507,Ottawa4,Tri1559939,1,74279,165506,0,0
20,1226,1219558,Ottawa4,Tri1569549,0,74278,165502,0,0
20,1226,1219887,Ottawa4,Tri1559346,1,74277,165506,0,0
20,1226,1219888,Ottawa4,Tri1559347,1,74279,165506,0,0
20,1226,1219889,Ottawa4,Tri1559348,1,74278,165506,0,0
20,1226,1219890,Ottawa4,Tri1559349,1,74277,165506,0,0
20,1226,1219891,Ottawa4,Tri1559940,1,74281,165506,0,0
20,1226,1219892,Ottawa4,Tri1559941,1,74280,165506,0,0
20,1226,1219893,Ottawa4,Tri1559942,1,74277,165506,0,0
20,1226,1219894,Ottawa4,Tri1559943,1,74281,165506,0,0
20,1226,1219895,Ottawa4,Tri1559944,1,74280,165506,0,0
20,1226,1219896,Ottawa4,Tri1559945,1,74277,165506,0,0
20,1226,1219897,Ottawa4,Tri1559946,1,74281,165506,0,0
20,1226,1219898,Ottawa4,Tri1559947,1,74280,165506,0,0
20,1226,1219899,Ottawa4,Tri1559948,1,74277,165506,0,0
20,1226,1219980,Ottawa4,Tri1668672,0,74278,165500,0,0
20,1226,1219981,Ottawa4,Tri1668673,0,74277,165500,0,0
20,1226,1219982,Ottawa4,Tri1668674,0,74279,165500,0,0
20,1226,1219983,Ottawa4,Tri1668675,0,74278,165500,0,0
20,1226,1219984,Ottawa4,Tri1668715,0,74280,165500,0,0
20,1226,1219985,Ottawa4,Tri1668676,0,74277,165500,0,0
20,1226,1219986,Ottawa4,Tri1668685,0,74279,165500,0,0
20,1226,1219987,Ottawa4,Tri1668686,0,74281,165500,0,0
20,1226,1219988,Ottawa4,Tri1668687,0,74280,165500,0,0
20,1226,1219989,Ottawa4,Tri1668689,0,74277,165500,0,0
20,1226,1219990,Ottawa4,Tri1668690,0,74279,165500,0,0
20,1226,1219991,Ottawa4,Tri1668691,0,74281,165500,0,0
20,1226,1219992,Ottawa4,Tri1668692,0,74280,165500,0,0
20,1226,1219993,Ottawa4,Tri1668693,0,74277,165500,0,0
20,1226,1219994,Ottawa4,Tri1668701,0,74279,165500,0,0
20,1226,1219995,Ottawa4,Tri1668698,0,74281,165500,0,0
20,1226,1219996,Ottawa4,Tri1668699,0,74280,165500,0,0
20,1226,1219997,Ottawa4,Tri1668700,0,74277,165500,0,0
20,1226,1219998,Ottawa4,Tri1668702,0,74279,165500,0,0
20,1226,1219999,Ottawa4,Tri1668704,0,74281,165500,0,0
20,1226,1220000,Ottawa4,Tri1668705,0,74280,165500,0,0
20,1226,1220001,Ottawa4,Tri1668706,0,74277,165500,0,0
20,1226,1220002,Ottawa4,Tri1668707,0,74279,165500,0,0
20,1226,1220003,Ottawa4,Tri1668708,0,74281,165500,0,0
20,1226,1220004,Ottawa4,Tri1668709,0,74280,165500,0,0
20,1226,1220005,Ottawa4,Tri1668710,0,74277,165500,0,0
20,1226,1220006,Ottawa4,Tri1668711,0,74281,165500,0,0
20,1226,1220007,Ottawa4,Tri1668712,0,74280,165500,0,0
20,1226,1220008,Ottawa4,Tri1668713,0,74277,165500,0,0
20,1226,1220009,Ottawa4,Tri1668714,0,74281,165500,0,0
21,1225,1213472,Dougall6,Tri525797,0,766,165509,0,0
21,1227,1213473,Dougall6,Tri525797,0,113191,165509,0,0
21,1225,1213474,Dougall6,Tri520065,0,766,165509,0,0
21,1227,1213475,Dougall6,Tri520065,0,113191,165509,0,0
21,1225,1213476,Dougall6,Tri520063,0,766,165509,0,0
21,1227,1213477,Dougall6,Tri520063,0,113191,165509,0,0
21,1225,1213478,Dougall6,Tri520062,0,766,165509,0,0
21,1227,1213479,Dougall6,Tri520062,0,113191,165509,0,0
21,1225,1213480,Dougall6,Tri520061,0,766,165509,0,0
21,1227,1213481,Dougall6,Tri520061,0,113191,165509,0,0
21,1225,1213482,Dougall6,Tri520060,0,766,165509,0,0
21,1227,1213483,Dougall6,Tri520060,0,113191,165509,0,0
21,1225,1213484,Dougall6,Tri520059,0,766,165509,0,0
21,1227,1213485,Dougall6,Tri520059,0,113191,165509,0,0
21,1225,1213486,Dougall6,Tri520058,0,766,165509,0,0
21,1227,1213487,Dougall6,Tri520058,0,113191,165509,0,0
21,1225,1213488,Dougall6,Tri520057,0,766,165509,0,0
21,1227,1213489,Dougall6,Tri520057,0,113191,165509,0,0
21,1225,1213596,Dougall6,Tri520056,1,766,165519,0,0
21,1227,1213597,Dougall6,Tri520056,1,113191,165519,0,0
21,1225,1213598,Dougall6,Tri520055,1,766,165519,0,0
21,1227,1213599,Dougall6,Tri520055,1,113191,165519,0,0
21,1225,1213600,Dougall6,Tri520054,1,766,165519,0,0
21,1227,1213601,Dougall6,Tri520054,1,113191,165519,0,0
21,1225,1213602,Dougall6,Tri520052,1,766,165519,0,0
21,1227,1213603,Dougall6,Tri520052,1,113191,165519,0,0
21,1225,1213604,Dougall6,Tri520051,1,766,165519,0,0
21,1227,1213605,Dougall6,Tri520051,1,113191,165519,0,0
21,1225,1213606,Dougall6,Tri520050,1,766,165519,0,0
21,1227,1213607,Dougall6,Tri520050,1,113191,165519,0,0
21,1225,1213608,Dougall6,Tri520049,1,766,165519,0,0
21,1227,1213609,Dougall6,Tri520049,1,113191,165519,0,0
21,1225,1213610,Dougall6,Tri520048,1,766,165519,0,0
21,1227,1213611,Dougall6,Tri520048,1,113191,165519,0,0
21,1225,1213612,Dougall6,Tri520047,1,766,165519,0,0
21,1227,1213613,Dougall6,Tri520047,1,113191,165519,0,0
21,1228,1214063,Dougall6,Tri519940,1,1094,165519,0,0
21,1229,1214064,Dougall6,Tri519940,1,1240,165519,0,0
21,1230,1214065,Dougall6,Tri519940,1,1389,165519,0,0
21,1231,1214066,Dougall6,Tri519940,1,1539,165519,0,0
21,1232,1214067,Dougall6,Tri519940,1,1689,165519,0,0
21,1228,1214228,Dougall6,Tri519945,0,1093,165509,0,0
21,1229,1214229,Dougall6,Tri519945,0,1239,165509,0,0
21,1230,1214230,Dougall6,Tri519945,0,1388,165509,0,0
21,1231,1214231,Dougall6,Tri519945,0,1538,165509,0,0
21,1232,1214232,Dougall6,Tri519945,0,1688,165509,0,0
21,1228,1214233,Dougall6,Tri519946,0,1094,165509,0,0
21,1229,1214234,Dougall6,Tri519946,0,1240,165509,0,0
21,1230,1214235,Dougall6,Tri519946,0,1389,165509,0,0
21,1231,1214236,Dougall6,Tri519946,0,1539,165509,0,0
21,1232,1214237,Dougall6,Tri519946,0,1689,165509,0,0
21,1228,1214238,Dougall6,Tri519947,0,1093,165509,0,0
21,1229,1214239,Dougall6,Tri519947,0,1239,165509,0,0
21,1230,1214240,Dougall6,Tri519947,0,1388,165509,0,0
21,1231,1214241,Dougall6,Tri519947,0,1538,165509,0,0
21,1232,1214242,Dougall6,Tri519947,0,1688,165509,0,0
21,1228,1214243,Dougall6,Tri519948,0,1094,165509,0,0
21,1229,1214244,Dougall6,Tri519948,0,1240,165509,0,0
21,1230,1214245,Dougall6,Tri519948,0,1389,165509,0,0
21,1231,1214246,Dougall6,Tri519948,0,1539,165509,0,0
21,1232,1214247,Dougall6,Tri519948,0,1689,165509,0,0
21,1228,1214248,Dougall6,Tri519949,0,1093,165509,0,0
21,1229,1214249,Dougall6,Tri519949,0,1239,165509,0,0
21,1230,1214250,Dougall6,Tri519949,0,1388,165509,0,0
21,1231,1214251,Dougall6,Tri519949,0,1538,165509,0,0
21,1232,1214252,Dougall6,Tri519949,0,1688,165509,0,0
21,1228,1214253,Dougall6,Tri519950,0,1094,165509,0,0
21,1229,1214254,Dougall6,Tri519950,0,1240,165509,0,0
21,1230,1214255,Dougall6,Tri519950,0,1389,165509,0,0
21,1231,1214256,Dougall6,Tri519950,0,1539,165509,0,0
21,1232,1214257,Dougall6,Tri519950,0,1689,165509,0,0
21,1228,1214258,Dougall6,Tri519951,0,1093,165509,0,0
21,1229,1214259,Dougall6,Tri519951,0,1239,165509,0,0
21,1230,1214260,Dougall6,Tri519951,0,1388,165509,0,0
21,1231,1214261,Dougall6,Tri519951,0,1538,165509,0,0
21,1232,1214262,Dougall6,Tri519951,0,1688,165509,0,0
21,1228,1214263,Dougall6,Tri519952,0,1094,165509,0,0
21,1229,1214264,Dougall6,Tri519952,0,1240,165509,0,0
21,1230,1214265,Dougall6,Tri519952,0,1389,165509,0,0
21,1231,1214266,Dougall6,Tri519952,0,1539,165509,0,0
21,1232,1214267,Dougall6,Tri519952,0,1689,165509,0,0
21,1228,1214268,Dougall6,Tri519953,0,1093,165509,0,0
21,1229,1214269,Dougall6,Tri519953,0,1239,165509,0,0
21,1230,1214270,Dougall6,Tri519953,0,1388,165509,0,0
21,1231,1214271,Dougall6,Tri519953,0,1538,165509,0,0
21,1232,1214272,Dougall6,Tri519953,0,1688,165509,0,0
21,1228,1214273,Dougall6,Tri519954,0,1094,165509,0,0
21,1229,1214274,Dougall6,Tri519954,0,1240,165509,0,0
21,1230,1214275,Dougall6,Tri519954,0,1389,165509,0,0
21,1231,1214276,Dougall6,Tri519954,0,1539,165509,0,0
21,1232,1214277,Dougall6,Tri519954,0,1689,165509,0,0
21,1228,1214278,Dougall6,Tri519955,0,1093,165509,0,0
21,1229,1214279,Dougall6,Tri519955,0,1239,165509,0,0
21,1230,1214280,Dougall6,Tri519955,0,1388,165509,0,0
21,1231,1214281,Dougall6,Tri519955,0,1538,165509,0,0
21,1232,1214282,Dougall6,Tri519955,0,1688,165509,0,0
21,1228,1214283,Dougall6,Tri519956,0,1094,165509,0,0
21,1229,1214284,Dougall6,Tri519956,0,1240,165509,0,0
21,1230,1214285,Dougall6,Tri519956,0,1389,165509,0,0
21,1231,1214286,Dougall6,Tri519956,0,1539,165509,0,0
21,1232,1214287,Dougall6,Tri519956,0,1689,165509,0,0
21,1228,1214288,Dougall6,Tri519957,0,1093,165509,0,0
21,1229,1214289,Dougall6,Tri519957,0,1239,165509,0,0
21,1230,1214290,Dougall6,Tri519957,0,1388,165509,0,0
21,1231,1214291,Dougall6,Tri519957,0,1538,165509,0,0
21,1232,1214292,Dougall6,Tri519957,0,1688,165509,0,0
21,1228,1214293,Dougall6,Tri519958,0,1094,165509,0,0
21,1229,1214294,Dougall6,Tri519958,0,1240,165509,0,0
21,1230,1214295,Dougall6,Tri519958,0,1389,165509,0,0
21,1231,1214296,Dougall6,Tri519958,0,1539,165509,0,0
21,1232,1214297,Dougall6,Tri519958,0,1689,165509,0,0
21,1228,1214298,Dougall6,Tri519959,0,1093,165509,0,0
21,1229,1214299,Dougall6,Tri519959,0,1239,165509,0,0
21,1230,1214300,Dougall6,Tri519959,0,1388,165509,0,0
21,1231,1214301,Dougall6,Tri519959,0,1538,165509,0,0
21,1232,1214302,Dougall6,Tri519959,0,1688,165509,0,0
21,1228,1214303,Dougall6,Tri519960,0,1094,165509,0,0
21,1229,1214304,Dougall6,Tri519960,0,1240,165509,0,0
21,1230,1214305,Dougall6,Tri519960,0,1389,165509,0,0
21,1231,1214306,Dougall6,Tri519960,0,1539,165509,0,0
21,1232,1214307,Dougall6,Tri519960,0,1689,165509,0,0
21,1228,1214308,Dougall6,Tri519961,0,1093,165509,0,0
21,1229,1214309,Dougall6,Tri519961,0,1239,165509,0,0
21,1230,1214310,Dougall6,Tri519961,0,1388,165509,0,0
21,1231,1214311,Dougall6,Tri519961,0,1538,165509,0,0
21,1232,1214312,Dougall6,Tri519961,0,1688,165509,0,0
21,1228,1214648,Dougall6,Tri519962,0,1094,165509,0,0
21,1229,1214649,Dougall6,Tri519962,0,1240,165509,0,0
21,1230,1214650,Dougall6,Tri519962,0,1389,165509,0,0
21,1231,1214651,Dougall6,Tri519962,0,1539,165509,0,0
21,1232,1214652,Dougall6,Tri519962,0,1689,165509,0,0
21,1228,1214728,Dougall6,Tri519972,0,1093,165509,0,0
21,1229,1214729,Dougall6,Tri519972,0,1239,165509,0,0
21,1230,1214730,Dougall6,Tri519972,0,1388,165509,0,0
21,1231,1214731,Dougall6,Tri519972,0,1538,165509,0,0
21,1232,1214732,Dougall6,Tri519972,0,1688,165509,0,0
21,1228,1214733,Dougall6,Tri519973,0,1093,165509,0,0
21,1229,1214734,Dougall6,Tri519973,0,1239,165509,0,0
21,1230,1214735,Dougall6,Tri519973,0,1388,165509,0,0
21,1231,1214736,Dougall6,Tri519973,0,1538,165509,0,0
21,1232,1214737,Dougall6,Tri519973,0,1688,165509,0,0
21,1228,1214738,Dougall6,Tri519974,0,1093,165509,0,0
21,1229,1214739,Dougall6,Tri519974,0,1239,165509,0,0
21,1230,1214740,Dougall6,Tri519974,0,1388,165509,0,0
21,1231,1214741,Dougall6,Tri519974,0,1538,165509,0,0
21,1232,1214742,Dougall6,Tri519974,0,1688,165509,0,0
21,1228,1214743,Dougall6,Tri519975,0,1093,165509,0,0
21,1229,1214744,Dougall6,Tri519975,0,1239,165509,0,0
21,1230,1214745,Dougall6,Tri519975,0,1388,165509,0,0
21,1231,1214746,Dougall6,Tri519975,0,1538,165509,0,0
21,1232,1214747,Dougall6,Tri519975,0,1688,165509,0,0
21,1228,1217233,Dougall6,Tri548647,0,1094,165509,0,0
21,1229,1217234,Dougall6,Tri548647,0,1240,165509,0,0
21,1230,1217235,Dougall6,Tri548647,0,1389,165509,0,0
21,1231,1217236,Dougall6,Tri548647,0,1539,165509,0,0
21,1232,1217237,Dougall6,Tri548647,0,1689,165509,0,0
21,1228,1219343,Dougall6,Tri519922,1,1093,165519,0,0
21,1229,1219344,Dougall6,Tri519922,1,1239,165519,0,0
21,1230,1219345,Dougall6,Tri519922,1,1388,165519,0,0
21,1231,1219346,Dougall6,Tri519922,1,1538,165519,0,0
21,1232,1219347,Dougall6,Tri519922,1,1688,165519,0,0
21,1228,1219348,Dougall6,Tri519923,1,1094,165519,0,0
21,1229,1219349,Dougall6,Tri519923,1,1240,165519,0,0
21,1230,1219350,Dougall6,Tri519923,1,1389,165519,0,0
21,1231,1219351,Dougall6,Tri519923,1,1539,165519,0,0
21,1232,1219352,Dougall6,Tri519923,1,1689,165519,0,0
21,1228,1219353,Dougall6,Tri519924,1,1093,165519,0,0
21,1229,1219354,Dougall6,Tri519924,1,1239,165519,0,0
21,1230,1219355,Dougall6,Tri519924,1,1388,165519,0,0
21,1231,1219356,Dougall6,Tri519924,1,1538,165519,0,0
21,1232,1219357,Dougall6,Tri519924,1,1688,165519,0,0
21,1228,1219358,Dougall6,Tri519925,1,1094,165519,0,0
21,1229,1219359,Dougall6,Tri519925,1,1240,165519,0,0
21,1230,1219360,Dougall6,Tri519925,1,1389,165519,0,0
21,1231,1219361,Dougall6,Tri519925,1,1539,165519,0,0
21,1232,1219362,Dougall6,Tri519925,1,1689,165519,0,0
21,1228,1219363,Dougall6,Tri519926,1,1093,165519,0,0
21,1229,1219364,Dougall6,Tri519926,1,1239,165519,0,0
21,1230,1219365,Dougall6,Tri519926,1,1388,165519,0,0
21,1231,1219366,Dougall6,Tri519926,1,1538,165519,0,0
21,1232,1219367,Dougall6,Tri519926,1,1688,165519,0,0
21,1228,1219368,Dougall6,Tri519927,1,1094,165519,0,0
21,1229,1219369,Dougall6,Tri519927,1,1240,165519,0,0
21,1230,1219370,Dougall6,Tri519927,1,1389,165519,0,0
21,1231,1219371,Dougall6,Tri519927,1,1539,165519,0,0
21,1232,1219372,Dougall6,Tri519927,1,1689,165519,0,0
21,1228,1219373,Dougall6,Tri519928,1,1093,165519,0,0
21,1229,1219374,Dougall6,Tri519928,1,1239,165519,0,0
21,1230,1219375,Dougall6,Tri519928,1,1388,165519,0,0
21,1231,1219376,Dougall6,Tri519928,1,1538,165519,0,0
21,1232,1219377,Dougall6,Tri519928,1,1688,165519,0,0
21,1228,1219378,Dougall6,Tri519929,1,1094,165519,0,0
21,1229,1219379,Dougall6,Tri519929,1,1240,165519,0,0
21,1230,1219380,Dougall6,Tri519929,1,1389,165519,0,0
21,1231,1219381,Dougall6,Tri519929,1,1539,165519,0,0
21,1232,1219382,Dougall6,Tri519929,1,1689,165519,0,0
21,1228,1219383,Dougall6,Tri519930,1,1093,165519,0,0
21,1229,1219384,Dougall6,Tri519930,1,1239,165519,0,0
21,1230,1219385,Dougall6,Tri519930,1,1388,165519,0,0
21,1231,1219386,Dougall6,Tri519930,1,1538,165519,0,0
21,1232,1219387,Dougall6,Tri519930,1,1688,165519,0,0
21,1228,1219388,Dougall6,Tri519931,1,1094,165519,0,0
21,1229,1219389,Dougall6,Tri519931,1,1240,165519,0,0
21,1230,1219390,Dougall6,Tri519931,1,1389,165519,0,0
21,1231,1219391,Dougall6,Tri519931,1,1539,165519,0,0
21,1232,1219392,Dougall6,Tri519931,1,1689,165519,0,0
21,1228,1219393,Dougall6,Tri519932,1,1093,165519,0,0
21,1229,1219394,Dougall6,Tri519932,1,1239,165519,0,0
21,1230,1219395,Dougall6,Tri519932,1,1388,165519,0,0
21,1231,1219396,Dougall6,Tri519932,1,1538,165519,0,0
21,1232,1219397,Dougall6,Tri519932,1,1688,165519,0,0
21,1228,1219398,Dougall6,Tri519933,1,1094,165519,0,0
21,1229,1219399,Dougall6,Tri519933,1,1240,165519,0,0
21,1230,1219400,Dougall6,Tri519933,1,1389,165519,0,0
21,1231,1219401,Dougall6,Tri519933,1,1539,165519,0,0
21,1232,1219402,Dougall6,Tri519933,1,1689,165519,0,0
21,1228,1219403,Dougall6,Tri519934,1,1093,165519,0,0
21,1229,1219404,Dougall6,Tri519934,1,1239,165519,0,0
21,1230,1219405,Dougall6,Tri519934,1,1388,165519,0,0
21,1231,1219406,Dougall6,Tri519934,1,1538,165519,0,0
21,1232,1219407,Dougall6,Tri519934,1,1688,165519,0,0
21,1228,1219408,Dougall6,Tri519935,1,1094,165519,0,0
21,1229,1219409,Dougall6,Tri519935,1,1240,165519,0,0
21,1230,1219410,Dougall6,Tri519935,1,1389,165519,0,0
21,1231,1219411,Dougall6,Tri519935,1,1539,165519,0,0
21,1232,1219412,Dougall6,Tri519935,1,1689,165519,0,0
21,1228,1219413,Dougall6,Tri519936,1,1093,165519,0,0
21,1229,1219414,Dougall6,Tri519936,1,1239,165519,0,0
21,1230,1219415,Dougall6,Tri519936,1,1388,165519,0,0
21,1231,1219416,Dougall6,Tri519936,1,1538,165519,0,0
21,1232,1219417,Dougall6,Tri519936,1,1688,165519,0,0
21,1228,1219418,Dougall6,Tri519937,1,1094,165519,0,0
21,1229,1219419,Dougall6,Tri519937,1,1240,165519,0,0
21,1230,1219420,Dougall6,Tri519937,1,1389,165519,0,0
21,1231,1219421,Dougall6,Tri519937,1,1539,165519,0,0
21,1232,1219422,Dougall6,Tri519937,1,1689,165519,0,0
21,1228,1219423,Dougall6,Tri519938,1,1093,165519,0,0
21,1229,1219424,Dougall6,Tri519938,1,1239,165519,0,0
21,1230,1219425,Dougall6,Tri519938,1,1388,165519,0,0
21,1231,1219426,Dougall6,Tri519938,1,1538,165519,0,0
21,1232,1219427,Dougall6,Tri519938,1,1688,165519,0,0
21,1228,1219428,Dougall6,Tri519941,1,1093,165519,0,0
21,1229,1219429,Dougall6,Tri519941,1,1239,165519,0,0
21,1230,1219430,Dougall6,Tri519941,1,1388,165519,0,0
21,1231,1219431,Dougall6,Tri519941,1,1538,165519,0,0
21,1232,1219432,Dougall6,Tri519941,1,1688,165519,0,0
21,1228,1219433,Dougall6,Tri519942,1,1093,165519,0,0
21,1229,1219434,Dougall6,Tri519942,1,1239,165519,0,0
21,1230,1219435,Dougall6,Tri519942,1,1388,165519,0,0
21,1231,1219436,Dougall6,Tri519942,1,1538,165519,0,0
21,1232,1219437,Dougall6,Tri519942,1,1688,165519,0,0
21,1228,1219438,Dougall6,Tri519943,1,1093,165519,0,0
21,1229,1219439,Dougall6,Tri519943,1,1239,165519,0,0
21,1230,1219440,Dougall6,Tri519943,1,1388,165519,0,0
21,1231,1219441,Dougall6,Tri519943,1,1538,165519,0,0
21,1232,1219442,Dougall6,Tri519943,1,1688,165519,0,0
21,1228,1219443,Dougall6,Tri519944,1,1093,165519,0,0
21,1229,1219444,Dougall6,Tri519944,1,1239,165519,0,0
21,1230,1219445,Dougall6,Tri519944,1,1388,165519,0,0
21,1231,1219446,Dougall6,Tri519944,1,1538,165519,0,0
21,1232,1219447,Dougall6,Tri519944,1,1688,165519,0,0
21,1226,1219510,Dougall6,Tri519998,1,811,165519,0,0
21,1226,1219511,Dougall6,Tri519999,1,811,165519,0,0
21,1226,1219512,Dougall6,Tri520000,1,798,165519,0,0
21,1226,1219513,Dougall6,Tri543951,1,811,165519,0,0
21,1226,1219514,Dougall6,Tri543952,1,811,165519,0,0
21,1226,1219515,Dougall6,Tri543953,1,811,165519,0,0
21,1226,1219516,Dougall6,Tri543954,1,811,165519,0,0
21,1226,1219532,Dougall6,Tri520026,0,798,165509,0,0
21,1226,1219533,Dougall6,Tri520027,0,811,165509,0,0
21,1226,1219534,Dougall6,Tri520028,0,798,165509,0,0
21,1226,1219535,Dougall6,Tri520029,0,811,165509,0,0
21,1226,1219536,Dougall6,Tri520030,0,798,165509,0,0
21,1226,1219537,Dougall6,Tri520031,0,811,165509,0,0
21,1226,1219538,Dougall6,Tri520032,0,798,165509,0,0
21,1226,1219539,Dougall6,Tri520033,0,811,165509,0,0
21,1226,1219540,Dougall6,Tri520034,0,798,165509,0,0
21,1226,1219541,Dougall6,Tri520035,0,811,165509,0,0
21,1226,1219542,Dougall6,Tri520036,0,798,165509,0,0
21,1226,1219543,Dougall6,Tri520037,0,811,165509,0,0
21,1226,1219672,Dougall6,Tri520014,0,811,165509,0,0
21,1226,1219673,Dougall6,Tri520015,0,811,165509,0,0
21,1226,1219674,Dougall6,Tri520016,0,811,165509,0,0
21,1226,1219675,Dougall6,Tri543947,0,811,165509,0,0
21,1226,1219676,Dougall6,Tri543948,0,811,165509,0,0
21,1226,1219677,Dougall6,Tri543949,0,811,165509,0,0
21,1226,1219678,Dougall6,Tri543950,0,811,165509,0,0
21,1226,1219753,Dougall6,Tri520013,0,811,165509,0,0
21,1226,1219967,Dougall6,Tri519997,1,811,165519,0,0
21,1226,1220183,Dougall6,Tri520001,1,811,165519,0,0
21,1226,1220184,Dougall6,Tri520002,1,798,165519,0,0
21,1226,1220185,Dougall6,Tri520003,1,811,165519,0,0
21,1226,1220186,Dougall6,Tri520004,1,798,165519,0,0
21,1226,1220187,Dougall6,Tri520005,1,811,165519,0,0
21,1226,1220188,Dougall6,Tri520006,1,798,165519,0,0
21,1226,1220189,Dougall6,Tri520007,1,811,165519,0,0
21,1226,1220190,Dougall6,Tri520008,1,798,165519,0,0
21,1226,1220191,Dougall6,Tri520009,1,811,165519,0,0
21,1226,1220192,Dougall6,Tri520010,1,798,165519,0,0
21,1226,1220193,Dougall6,Tri520011,1,811,165519,0,0
21,1226,1220194,Dougall6,Tri520012,1,798,165519,0,0
22,1225,1213452,Walkerville8,Tri624650,0,768,165530,0,0
22,1227,1213453,Walkerville8,Tri624650,0,113192,165530,0,0
22,1225,1213454,Walkerville8,Tri624649,0,768,165530,0,0
22,1227,1213455,Walkerville8,Tri624649,0,113192,165530,0,0
22,1225,1213456,Walkerville8,Tri584770,0,768,165530,0,0
22,1227,1213457,Walkerville8,Tri584770,0,113192,165530,0,0
22,1225,1213458,Walkerville8,Tri584768,0,768,165530,0,0
22,1227,1213459,Walkerville8,Tri584768,0,113192,165530,0,0
22,1225,1213460,Walkerville8,Tri584767,0,768,165530,0,0
22,1227,1213461,Walkerville8,Tri584767,0,113192,165530,0,0
22,1225,1213462,Walkerville8,Tri584765,0,768,165530,0,0
22,1227,1213463,Walkerville8,Tri584765,0,113192,165530,0,0
22,1225,1213464,Walkerville8,Tri584764,0,768,165530,0,0
22,1227,1213465,Walkerville8,Tri584764,0,113192,165530,0,0
22,1225,1213466,Walkerville8,Tri584763,0,768,165530,0,0
22,1227,1213467,Walkerville8,Tri584763,0,113192,165530,0,0
22,1225,1213468,Walkerville8,Tri584761,0,768,165530,0,0
22,1227,1213469,Walkerville8,Tri584761,0,113192,165530,0,0
22,1225,1213470,Walkerville8,Tri584760,0,768,165530,0,0
22,1227,1213471,Walkerville8,Tri584760,0,113192,165530,0,0
22,1225,1213576,Walkerville8,Tri624652,1,768,165543,0,0
22,1227,1213577,Walkerville8,Tri624652,1,113192,165543,0,0
22,1225,1213578,Walkerville8,Tri584758,1,768,165543,0,0
22,1227,1213579,Walkerville8,Tri584758,1,113192,165543,0,0
22,1225,1213580,Walkerville8,Tri584757,1,768,165543,0,0
22,1227,1213581,Walkerville8,Tri584757,1,113192,165543,0,0
22,1225,1213582,Walkerville8,Tri584756,1,768,165543,0,0
22,1227,1213583,Walkerville8,Tri584756,1,113192,165543,0,0
22,1225,1213584,Walkerville8,Tri584754,1,768,165543,0,0
22,1227,1213585,Walkerville8,Tri584754,1,113192,165543,0,0
22,1225,1213586,Walkerville8,Tri584753,1,768,165543,0,0
22,1227,1213587,Walkerville8,Tri584753,1,113192,165543,0,0
22,1225,1213588,Walkerville8,Tri584751,1,768,165543,0,0
22,1227,1213589,Walkerville8,Tri584751,1,113192,165543,0,0
22,1225,1213590,Walkerville8,Tri584750,1,768,165543,0,0
22,1227,1213591,Walkerville8,Tri584750,1,113192,165543,0,0
22,1225,1213592,Walkerville8,Tri584748,1,768,165543,0,0
22,1227,1213593,Walkerville8,Tri584748,1,113192,165543,0,0
22,1225,1213594,Walkerville8,Tri584747,1,768,165543,0,0
22,1227,1213595,Walkerville8,Tri584747,1,113192,165543,0,0
22,1228,1214003,Walkerville8,Tri624703,0,1100,165530,0,0
22,1229,1214004,Walkerville8,Tri624703,0,1246,165530,0,0
22,1230,1214005,Walkerville8,Tri624703,0,1395,165530,0,0
22,1231,1214006,Walkerville8,Tri624703,0,1545,165530,0,0
22,1232,1214007,Walkerville8,Tri624703,0,1695,165530,0,0
22,1228,1214008,Walkerville8,Tri629972,0,1097,165530,0,0
22,1229,1214009,Walkerville8,Tri629972,0,1243,165530,0,0
22,1230,1214010,Walkerville8,Tri629972,0,1392,165530,0,0
22,1231,1214011,Walkerville8,Tri629972,0,1542,165530,0,0
22,1232,1214012,Walkerville8,Tri629972,0,1692,165530,0,0
22,1228,1214013,Walkerville8,Tri624704,0,1097,165530,0,0
22,1229,1214014,Walkerville8,Tri624704,0,1243,165530,0,0
22,1230,1214015,Walkerville8,Tri624704,0,1392,165530,0,0
22,1231,1214016,Walkerville8,Tri624704,0,1542,165530,0,0
22,1232,1214017,Walkerville8,Tri624704,0,1692,165530,0,0
22,1228,1214018,Walkerville8,Tri624705,0,1097,165530,0,0
22,1229,1214019,Walkerville8,Tri624705,0,1243,165530,0,0
22,1230,1214020,Walkerville8,Tri624705,0,1392,165530,0,0
22,1231,1214021,Walkerville8,Tri624705,0,1542,165530,0,0
22,1232,1214022,Walkerville8,Tri624705,0,1692,165530,0,0
22,1228,1214023,Walkerville8,Tri624679,1,1097,165547,0,0
22,1229,1214024,Walkerville8,Tri624679,1,1243,165547,0,0
22,1230,1214025,Walkerville8,Tri624679,1,1392,165547,0,0
22,1231,1214026,Walkerville8,Tri624679,1,1542,165547,0,0
22,1232,1214027,Walkerville8,Tri624679,1,1692,165547,0,0
22,1228,1214153,Walkerville8,Tri624654,1,1099,165543,0,0
22,1229,1214154,Walkerville8,Tri624654,1,1245,165543,0,0
22,1230,1214155,Walkerville8,Tri624654,1,1394,165543,0,0
22,1231,1214156,Walkerville8,Tri624654,1,1544,165543,0,0
22,1232,1214157,Walkerville8,Tri624654,1,1694,165543,0,0
22,1228,1214158,Walkerville8,Tri624655,1,1098,165543,0,0
22,1229,1214159,Walkerville8,Tri624655,1,1244,165543,0,0
22,1230,1214160,Walkerville8,Tri624655,1,1393,165543,0,0
22,1231,1214161,Walkerville8,Tri624655,1,1543,165543,0,0
22,1232,1214162,Walkerville8,Tri624655,1,1693,165543,0,0
22,1228,1214163,Walkerville8,Tri624656,1,1097,165543,0,0
22,1229,1214164,Walkerville8,Tri624656,1,1243,165543,0,0
22,1230,1214165,Walkerville8,Tri624656,1,1392,165543,0,0
22,1231,1214166,Walkerville8,Tri624656,1,1542,165543,0,0
22,1232,1214167,Walkerville8,Tri624656,1,1692,165543,0,0
22,1228,1214168,Walkerville8,Tri624657,1,1099,165543,0,0
22,1229,1214169,Walkerville8,Tri624657,1,1245,165543,0,0
22,1230,1214170,Walkerville8,Tri624657,1,1394,165543,0,0
22,1231,1214171,Walkerville8,Tri624657,1,1544,165543,0,0
22,1232,1214172,Walkerville8,Tri624657,1,1694,165543,0,0
22,1228,1214173,Walkerville8,Tri624658,1,1098,165543,0,0
22,1229,1214174,Walkerville8,Tri624658,1,1244,165543,0,0
22,1230,1214175,Walkerville8,Tri624658,1,1393,165543,0,0
22,1231,1214176,Walkerville8,Tri624658,1,1543,165543,0,0
22,1232,1214177,Walkerville8,Tri624658,1,1693,165543,0,0
22,1228,1214178,Walkerville8,Tri624667,1,1100,165543,0,0
22,1229,1214179,Walkerville8,Tri624667,1,1246,165543,0,0
22,1230,1214180,Walkerville8,Tri624667,1,1395,165543,0,0
22,1231,1214181,Walkerville8,Tri624667,1,1545,165543,0,0
22,1232,1214182,Walkerville8,Tri624667,1,1695,165543,0,0
22,1228,1214183,Walkerville8,Tri624668,1,1097,165543,0,0
22,1229,1214184,Walkerville8,Tri624668,1,1243,165543,0,0
22,1230,1214185,Walkerville8,Tri624668,1,1392,165543,0,0
22,1231,1214186,Walkerville8,Tri624668,1,1542,165543,0,0
22,1232,1214187,Walkerville8,Tri624668,1,1692,165543,0,0
22,1228,1214188,Walkerville8,Tri624669,1,1098,165543,0,0
22,1229,1214189,Walkerville8,Tri624669,1,1244,165543,0,0
22,1230,1214190,Walkerville8,Tri624669,1,1393,165543,0,0
22,1231,1214191,Walkerville8,Tri624669,1,1543,165543,0,0
22,1232,1214192,Walkerville8,Tri624669,1,1693,165543,0,0
22,1228,1214193,Walkerville8,Tri624670,1,1100,165543,0,0
22,1229,1214194,Walkerville8,Tri624670,1,1246,165543,0,0
22,1230,1214195,Walkerville8,Tri624670,1,1395,165543,0,0
22,1231,1214196,Walkerville8,Tri624670,1,1545,165543,0,0
22,1232,1214197,Walkerville8,Tri624670,1,1695,165543,0,0
22,1228,1214198,Walkerville8,Tri624671,1,1097,165543,0,0
22,1229,1214199,Walkerville8,Tri624671,1,1243,165543,0,0
22,1230,1214200,Walkerville8,Tri624671,1,1392,165543,0,0
22,1231,1214201,Walkerville8,Tri624671,1,1542,165543,0,0
22,1232,1214202,Walkerville8,Tri624671,1,1692,165543,0,0
22,1228,1214203,Walkerville8,Tri624672,1,1098,165543,0,0
22,1229,1214204,Walkerville8,Tri624672,1,1244,165543,0,0
22,1230,1214205,Walkerville8,Tri624672,1,1393,165543,0,0
22,1231,1214206,Walkerville8,Tri624672,1,1543,165543,0,0
22,1232,1214207,Walkerville8,Tri624672,1,1693,165543,0,0
22,1228,1214208,Walkerville8,Tri624673,1,1100,165543,0,0
22,1229,1214209,Walkerville8,Tri624673,1,1246,165543,0,0
22,1230,1214210,Walkerville8,Tri624673,1,1395,165543,0,0
22,1231,1214211,Walkerville8,Tri624673,1,1545,165543,0,0
22,1232,1214212,Walkerville8,Tri624673,1,1695,165543,0,0
22,1228,1214213,Walkerville8,Tri624674,1,1097,165543,0,0
22,1229,1214214,Walkerville8,Tri624674,1,1243,165543,0,0
22,1230,1214215,Walkerville8,Tri624674,1,1392,165543,0,0
22,1231,1214216,Walkerville8,Tri624674,1,1542,165543,0,0
22,1232,1214217,Walkerville8,Tri624674,1,1692,165543,0,0
22,1228,1214218,Walkerville8,Tri624675,1,1098,165543,0,0
22,1229,1214219,Walkerville8,Tri624675,1,1244,165543,0,0
22,1230,1214220,Walkerville8,Tri624675,1,1393,165543,0,0
22,1231,1214221,Walkerville8,Tri624675,1,1543,165543,0,0
22,1232,1214222,Walkerville8,Tri624675,1,1693,165543,0,0
22,1228,1214588,Walkerville8,Tri624681,0,1099,165533,0,0
22,1229,1214589,Walkerville8,Tri624681,0,1245,165533,0,0
22,1230,1214590,Walkerville8,Tri624681,0,1394,165533,0,0
22,1231,1214591,Walkerville8,Tri624681,0,1544,165533,0,0
22,1232,1214592,Walkerville8,Tri624681,0,1694,165533,0,0
22,1228,1214593,Walkerville8,Tri624682,0,1098,165533,0,0
22,1229,1214594,Walkerville8,Tri624682,0,1244,165533,0,0
22,1230,1214595,Walkerville8,Tri624682,0,1393,165533,0,0
22,1231,1214596,Walkerville8,Tri624682,0,1543,165533,0,0
22,1232,1214597,Walkerville8,Tri624682,0,1693,165533,0,0
22,1228,1214598,Walkerville8,Tri624683,0,1097,165533,0,0
22,1229,1214599,Walkerville8,Tri624683,0,1243,165533,0,0
22,1230,1214600,Walkerville8,Tri624683,0,1392,165533,0,0
22,1231,1214601,Walkerville8,Tri624683,0,1542,165533,0,0
22,1232,1214602,Walkerville8,Tri624683,0,1692,165533,0,0
22,1228,1214603,Walkerville8,Tri624684,0,1099,165533,0,0
22,1229,1214604,Walkerville8,Tri624684,0,1245,165533,0,0
22,1230,1214605,Walkerville8,Tri624684,0,1394,165533,0,0
22,1231,1214606,Walkerville8,Tri624684,0,1544,165533,0,0
22,1232,1214607,Walkerville8,Tri624684,0,1694,165533,0,0
22,1228,1214608,Walkerville8,Tri624685,0,1098,165533,0,0
22,1229,1214609,Walkerville8,Tri624685,0,1244,165533,0,0
22,1230,1214610,Walkerville8,Tri624685,0,1393,165533,0,0
22,1231,1214611,Walkerville8,Tri624685,0,1543,165533,0,0
22,1232,1214612,Walkerville8,Tri624685,0,1693,165533,0,0
22,1228,1214613,Walkerville8,Tri624694,0,1100,165533,0,0
22,1229,1214614,Walkerville8,Tri624694,0,1246,165533,0,0
22,1230,1214615,Walkerville8,Tri624694,0,1395,165533,0,0
22,1231,1214616,Walkerville8,Tri624694,0,1545,165533,0,0
22,1232,1214617,Walkerville8,Tri624694,0,1695,165533,0,0
22,1228,1214618,Walkerville8,Tri624695,0,1097,165533,0,0
22,1229,1214619,Walkerville8,Tri624695,0,1243,165533,0,0
22,1230,1214620,Walkerville8,Tri624695,0,1392,165533,0,0
22,1231,1214621,Walkerville8,Tri624695,0,1542,165533,0,0
22,1232,1214622,Walkerville8,Tri624695,0,1692,165533,0,0
22,1228,1214623,Walkerville8,Tri624696,0,1098,165533,0,0
22,1229,1214624,Walkerville8,Tri624696,0,1244,165533,0,0
22,1230,1214625,Walkerville8,Tri624696,0,1393,165533,0,0
22,1231,1214626,Walkerville8,Tri624696,0,1543,165533,0,0
22,1232,1214627,Walkerville8,Tri624696,0,1693,165533,0,0
22,1228,1214628,Walkerville8,Tri624697,0,1100,165533,0,0
22,1229,1214629,Walkerville8,Tri624697,0,1246,165533,0,0
22,1230,1214630,Walkerville8,Tri624697,0,1395,165533,0,0
22,1231,1214631,Walkerville8,Tri624697,0,1545,165533,0,0
22,1232,1214632,Walkerville8,Tri624697,0,1695,165533,0,0
22,1228,1214633,Walkerville8,Tri624698,0,1097,165533,0,0
22,1229,1214634,Walkerville8,Tri624698,0,1243,165533,0,0
22,1230,1214635,Walkerville8,Tri624698,0,1392,165533,0,0
22,1231,1214636,Walkerville8,Tri624698,0,1542,165533,0,0
22,1232,1214637,Walkerville8,Tri624698,0,1692,165533,0,0
22,1228,1214638,Walkerville8,Tri624699,0,1098,165533,0,0
22,1229,1214639,Walkerville8,Tri624699,0,1244,165533,0,0
22,1230,1214640,Walkerville8,Tri624699,0,1393,165533,0,0
22,1231,1214641,Walkerville8,Tri624699,0,1543,165533,0,0
22,1232,1214642,Walkerville8,Tri624699,0,1693,165533,0,0
22,1228,1214643,Walkerville8,Tri624700,0,1100,165533,0,0
22,1229,1214644,Walkerville8,Tri624700,0,1246,165533,0,0
22,1230,1214645,Walkerville8,Tri624700,0,1395,165533,0,0
22,1231,1214646,Walkerville8,Tri624700,0,1545,165533,0,0
22,1232,1214647,Walkerville8,Tri624700,0,1695,165533,0,0
22,1228,1215583,Walkerville8,Tri1711372,1,1061,165543,0,0
22,1228,1216723,Walkerville8,Tri624653,1,1097,165543,0,0
22,1229,1215584,Walkerville8,Tri1711372,1,1207,165543,0,0
22,1229,1216724,Walkerville8,Tri624653,1,1243,165543,0,0
22,1230,1215585,Walkerville8,Tri1711372,1,1357,165543,0,0
22,1230,1216725,Walkerville8,Tri624653,1,1392,165543,0,0
22,1231,1215586,Walkerville8,Tri1711372,1,1506,165543,0,0
22,1231,1216726,Walkerville8,Tri624653,1,1542,165543,0,0
22,1232,1215587,Walkerville8,Tri1711372,1,1656,165543,0,0
22,1232,1216727,Walkerville8,Tri624653,1,1692,165543,0,0
22,1228,1215818,Walkerville8,Tri624676,1,1100,165543,0,0
22,1229,1215819,Walkerville8,Tri624676,1,1246,165543,0,0
22,1230,1215820,Walkerville8,Tri624676,1,1395,165543,0,0
22,1231,1215821,Walkerville8,Tri624676,1,1545,165543,0,0
22,1232,1215822,Walkerville8,Tri624676,1,1695,165543,0,0
22,1228,1215823,Walkerville8,Tri624677,1,1097,165543,0,0
22,1229,1215824,Walkerville8,Tri624677,1,1243,165543,0,0
22,1230,1215825,Walkerville8,Tri624677,1,1392,165543,0,0
22,1231,1215826,Walkerville8,Tri624677,1,1542,165543,0,0
22,1232,1215827,Walkerville8,Tri624677,1,1692,165543,0,0
22,1228,1215828,Walkerville8,Tri624678,1,1097,165543,0,0
22,1229,1215829,Walkerville8,Tri624678,1,1243,165543,0,0
22,1230,1215830,Walkerville8,Tri624678,1,1392,165543,0,0
22,1231,1215831,Walkerville8,Tri624678,1,1542,165543,0,0
22,1232,1215832,Walkerville8,Tri624678,1,1692,165543,0,0
22,1228,1216728,Walkerville8,Tri624659,1,1097,165543,0,0
22,1229,1216729,Walkerville8,Tri624659,1,1243,165543,0,0
22,1230,1216730,Walkerville8,Tri624659,1,1392,165543,0,0
22,1231,1216731,Walkerville8,Tri624659,1,1542,165543,0,0
22,1232,1216732,Walkerville8,Tri624659,1,1692,165543,0,0
22,1228,1216733,Walkerville8,Tri624660,1,1098,165543,0,0
22,1229,1216734,Walkerville8,Tri624660,1,1244,165543,0,0
22,1230,1216735,Walkerville8,Tri624660,1,1393,165543,0,0
22,1231,1216736,Walkerville8,Tri624660,1,1543,165543,0,0
22,1232,1216737,Walkerville8,Tri624660,1,1693,165543,0,0
22,1228,1216738,Walkerville8,Tri624661,1,1097,165543,0,0
22,1229,1216739,Walkerville8,Tri624661,1,1243,165543,0,0
22,1230,1216740,Walkerville8,Tri624661,1,1392,165543,0,0
22,1231,1216741,Walkerville8,Tri624661,1,1542,165543,0,0
22,1232,1216742,Walkerville8,Tri624661,1,1692,165543,0,0
22,1228,1216743,Walkerville8,Tri624662,1,1098,165543,0,0
22,1229,1216744,Walkerville8,Tri624662,1,1244,165543,0,0
22,1230,1216745,Walkerville8,Tri624662,1,1393,165543,0,0
22,1231,1216746,Walkerville8,Tri624662,1,1543,165543,0,0
22,1232,1216747,Walkerville8,Tri624662,1,1693,165543,0,0
22,1228,1216748,Walkerville8,Tri624663,1,1097,165543,0,0
22,1229,1216749,Walkerville8,Tri624663,1,1243,165543,0,0
22,1230,1216750,Walkerville8,Tri624663,1,1392,165543,0,0
22,1231,1216751,Walkerville8,Tri624663,1,1542,165543,0,0
22,1232,1216752,Walkerville8,Tri624663,1,1692,165543,0,0
22,1228,1216753,Walkerville8,Tri624664,1,1098,165543,0,0
22,1229,1216754,Walkerville8,Tri624664,1,1244,165543,0,0
22,1230,1216755,Walkerville8,Tri624664,1,1393,165543,0,0
22,1231,1216756,Walkerville8,Tri624664,1,1543,165543,0,0
22,1232,1216757,Walkerville8,Tri624664,1,1693,165543,0,0
22,1228,1216758,Walkerville8,Tri624665,1,1097,165543,0,0
22,1229,1216759,Walkerville8,Tri624665,1,1243,165543,0,0
22,1230,1216760,Walkerville8,Tri624665,1,1392,165543,0,0
22,1231,1216761,Walkerville8,Tri624665,1,1542,165543,0,0
22,1232,1216762,Walkerville8,Tri624665,1,1692,165543,0,0
22,1228,1216763,Walkerville8,Tri624666,1,1098,165543,0,0
22,1229,1216764,Walkerville8,Tri624666,1,1244,165543,0,0
22,1230,1216765,Walkerville8,Tri624666,1,1393,165543,0,0
22,1231,1216766,Walkerville8,Tri624666,1,1543,165543,0,0
22,1232,1216767,Walkerville8,Tri624666,1,1693,165543,0,0
22,1228,1218158,Walkerville8,Tri624797,0,1098,165533,0,0
22,1229,1218159,Walkerville8,Tri624797,0,1244,165533,0,0
22,1230,1218160,Walkerville8,Tri624797,0,1393,165533,0,0
22,1231,1218161,Walkerville8,Tri624797,0,1543,165533,0,0
22,1232,1218162,Walkerville8,Tri624797,0,1693,165533,0,0
22,1228,1218163,Walkerville8,Tri624680,0,1097,165533,0,0
22,1229,1218164,Walkerville8,Tri624680,0,1243,165533,0,0
22,1230,1218165,Walkerville8,Tri624680,0,1392,165533,0,0
22,1231,1218166,Walkerville8,Tri624680,0,1542,165533,0,0
22,1232,1218167,Walkerville8,Tri624680,0,1692,165533,0,0
22,1228,1218168,Walkerville8,Tri624686,0,1097,165533,0,0
22,1229,1218169,Walkerville8,Tri624686,0,1243,165533,0,0
22,1230,1218170,Walkerville8,Tri624686,0,1392,165533,0,0
22,1231,1218171,Walkerville8,Tri624686,0,1542,165533,0,0
22,1232,1218172,Walkerville8,Tri624686,0,1692,165533,0,0
22,1228,1218173,Walkerville8,Tri624687,0,1098,165533,0,0
22,1229,1218174,Walkerville8,Tri624687,0,1244,165533,0,0
22,1230,1218175,Walkerville8,Tri624687,0,1393,165533,0,0
22,1231,1218176,Walkerville8,Tri624687,0,1543,165533,0,0
22,1232,1218177,Walkerville8,Tri624687,0,1693,165533,0,0
22,1228,1218178,Walkerville8,Tri624688,0,1097,165533,0,0
22,1229,1218179,Walkerville8,Tri624688,0,1243,165533,0,0
22,1230,1218180,Walkerville8,Tri624688,0,1392,165533,0,0
22,1231,1218181,Walkerville8,Tri624688,0,1542,165533,0,0
22,1232,1218182,Walkerville8,Tri624688,0,1692,165533,0,0
22,1228,1218183,Walkerville8,Tri624689,0,1098,165533,0,0
22,1229,1218184,Walkerville8,Tri624689,0,1244,165533,0,0
22,1230,1218185,Walkerville8,Tri624689,0,1393,165533,0,0
22,1231,1218186,Walkerville8,Tri624689,0,1543,165533,0,0
22,1232,1218187,Walkerville8,Tri624689,0,1693,165533,0,0
22,1228,1218188,Walkerville8,Tri624690,0,1097,165533,0,0
22,1229,1218189,Walkerville8,Tri624690,0,1243,165533,0,0
22,1230,1218190,Walkerville8,Tri624690,0,1392,165533,0,0
22,1231,1218191,Walkerville8,Tri624690,0,1542,165533,0,0
22,1232,1218192,Walkerville8,Tri624690,0,1692,165533,0,0
22,1228,1218193,Walkerville8,Tri624691,0,1098,165533,0,0
22,1229,1218194,Walkerville8,Tri624691,0,1244,165533,0,0
22,1230,1218195,Walkerville8,Tri624691,0,1393,165533,0,0
22,1231,1218196,Walkerville8,Tri624691,0,1543,165533,0,0
22,1232,1218197,Walkerville8,Tri624691,0,1693,165533,0,0
22,1228,1218198,Walkerville8,Tri624692,0,1097,165533,0,0
22,1229,1218199,Walkerville8,Tri624692,0,1243,165533,0,0
22,1230,1218200,Walkerville8,Tri624692,0,1392,165533,0,0
22,1231,1218201,Walkerville8,Tri624692,0,1542,165533,0,0
22,1232,1218202,Walkerville8,Tri624692,0,1692,165533,0,0
22,1228,1218203,Walkerville8,Tri624693,0,1098,165533,0,0
22,1229,1218204,Walkerville8,Tri624693,0,1244,165533,0,0
22,1230,1218205,Walkerville8,Tri624693,0,1393,165533,0,0
22,1231,1218206,Walkerville8,Tri624693,0,1543,165533,0,0
22,1232,1218207,Walkerville8,Tri624693,0,1693,165533,0,0
22,1228,1218208,Walkerville8,Tri624701,0,1097,165533,0,0
22,1229,1218209,Walkerville8,Tri624701,0,1243,165533,0,0
22,1230,1218210,Walkerville8,Tri624701,0,1392,165533,0,0
22,1231,1218211,Walkerville8,Tri624701,0,1542,165533,0,0
22,1232,1218212,Walkerville8,Tri624701,0,1692,165533,0,0
22,1228,1218213,Walkerville8,Tri624702,0,1098,165533,0,0
22,1229,1218214,Walkerville8,Tri624702,0,1244,165533,0,0
22,1230,1218215,Walkerville8,Tri624702,0,1393,165533,0,0
22,1231,1218216,Walkerville8,Tri624702,0,1543,165533,0,0
22,1232,1218217,Walkerville8,Tri624702,0,1693,165533,0,0
22,1226,1219679,Walkerville8,Tri624712,1,804,165543,0,0
22,1226,1219680,Walkerville8,Tri624713,1,791,165543,0,0
22,1226,1219681,Walkerville8,Tri624714,1,804,165543,0,0
22,1226,1219682,Walkerville8,Tri624715,1,791,165543,0,0
22,1226,1219683,Walkerville8,Tri624716,1,804,165543,0,0
22,1226,1219684,Walkerville8,Tri624717,1,791,165543,0,0
22,1226,1219685,Walkerville8,Tri624718,1,804,165543,0,0
22,1226,1219686,Walkerville8,Tri629973,1,791,165543,0,0
22,1226,1219687,Walkerville8,Tri624719,1,804,165543,0,0
22,1226,1219688,Walkerville8,Tri624720,1,791,165543,0,0
22,1226,1219689,Walkerville8,Tri624721,1,804,165543,0,0
22,1226,1219690,Walkerville8,Tri624729,0,804,165530,0,0
22,1226,1219691,Walkerville8,Tri624730,0,791,165530,0,0
22,1226,1219692,Walkerville8,Tri624731,0,804,165530,0,0
22,1226,1219693,Walkerville8,Tri624732,0,791,165530,0,0
22,1226,1219694,Walkerville8,Tri624733,0,804,165530,0,0
22,1226,1219695,Walkerville8,Tri629976,0,791,165530,0,0
22,1226,1219696,Walkerville8,Tri624734,0,804,165530,0,0
22,1226,1219697,Walkerville8,Tri624735,0,791,165530,0,0
22,1226,1219698,Walkerville8,Tri624736,0,804,165530,0,0
22,1226,1219699,Walkerville8,Tri624737,0,791,165530,0,0
22,1226,1219700,Walkerville8,Tri629977,0,804,165530,0,0
22,1226,1219814,Walkerville8,Tri584850,0,791,165530,0,0
22,1226,1219815,Walkerville8,Tri624725,0,791,165530,0,0
22,1226,1219816,Walkerville8,Tri624727,0,791,165530,0,0
22,1226,1219817,Walkerville8,Tri624738,0,791,165530,0,0
22,1226,1219818,Walkerville8,Tri624739,0,804,165530,0,0
22,1226,1219819,Walkerville8,Tri624740,0,804,165530,0,0
22,1226,1219820,Walkerville8,Tri629978,0,804,165530,0,0
22,1226,1219821,Walkerville8,Tri629979,0,804,165530,0,0
22,1226,1220060,Walkerville8,Tri584829,1,791,165543,0,0
22,1226,1220061,Walkerville8,Tri624709,1,791,165543,0,0
22,1226,1220062,Walkerville8,Tri624711,1,791,165543,0,0
22,1226,1220063,Walkerville8,Tri624722,1,791,165543,0,0
22,1226,1220064,Walkerville8,Tri624723,1,804,165543,0,0
22,1226,1220065,Walkerville8,Tri624724,1,804,165543,0,0
22,1226,1220066,Walkerville8,Tri629974,1,804,165543,0,0
22,1226,1220067,Walkerville8,Tri629975,1,804,165543,0,0
23,1228,1214038,Parent14,Tri525773,1,1104,165563,0,0
23,1229,1214039,Parent14,Tri525773,1,1250,165563,0,0
23,1230,1214040,Parent14,Tri525773,1,1399,165563,0,0
23,1231,1214041,Parent14,Tri525773,1,1549,165563,0,0
23,1232,1214042,Parent14,Tri525773,1,1699,165563,0,0
23,1228,1214043,Parent14,Tri525774,1,1104,165563,0,0
23,1229,1214044,Parent14,Tri525774,1,1250,165563,0,0
23,1230,1214045,Parent14,Tri525774,1,1399,165563,0,0
23,1231,1214046,Parent14,Tri525774,1,1549,165563,0,0
23,1232,1214047,Parent14,Tri525774,1,1699,165563,0,0
23,1228,1214048,Parent14,Tri525775,1,1104,165563,0,0
23,1229,1214049,Parent14,Tri525775,1,1250,165563,0,0
23,1230,1214050,Parent14,Tri525775,1,1399,165563,0,0
23,1231,1214051,Parent14,Tri525775,1,1549,165563,0,0
23,1232,1214052,Parent14,Tri525775,1,1699,165563,0,0
23,1228,1214053,Parent14,Tri525776,1,1104,165563,0,0
23,1229,1214054,Parent14,Tri525776,1,1250,165563,0,0
23,1230,1214055,Parent14,Tri525776,1,1399,165563,0,0
23,1231,1214056,Parent14,Tri525776,1,1549,165563,0,0
23,1232,1214057,Parent14,Tri525776,1,1699,165563,0,0
23,1228,1214058,Parent14,Tri525777,1,1104,165563,0,0
23,1229,1214059,Parent14,Tri525777,1,1250,165563,0,0
23,1230,1214060,Parent14,Tri525777,1,1399,165563,0,0
23,1231,1214061,Parent14,Tri525777,1,1549,165563,0,0
23,1232,1214062,Parent14,Tri525777,1,1699,165563,0,0
23,1228,1214663,Parent14,Tri525770,1,1103,165563,0,0
23,1229,1214664,Parent14,Tri525770,1,1249,165563,0,0
23,1230,1214665,Parent14,Tri525770,1,1398,165563,0,0
23,1231,1214666,Parent14,Tri525770,1,1548,165563,0,0
23,1232,1214667,Parent14,Tri525770,1,1698,165563,0,0
23,1228,1214668,Parent14,Tri525771,1,1104,165563,0,0
23,1229,1214669,Parent14,Tri525771,1,1250,165563,0,0
23,1230,1214670,Parent14,Tri525771,1,1399,165563,0,0
23,1231,1214671,Parent14,Tri525771,1,1549,165563,0,0
23,1232,1214672,Parent14,Tri525771,1,1699,165563,0,0
23,1228,1214673,Parent14,Tri525772,1,1103,165563,0,0
23,1229,1214674,Parent14,Tri525772,1,1249,165563,0,0
23,1230,1214675,Parent14,Tri525772,1,1398,165563,0,0
23,1231,1214676,Parent14,Tri525772,1,1548,165563,0,0
23,1232,1214677,Parent14,Tri525772,1,1698,165563,0,0
23,1228,1214678,Parent14,Tri525778,1,1104,165563,0,0
23,1229,1214679,Parent14,Tri525778,1,1250,165563,0,0
23,1230,1214680,Parent14,Tri525778,1,1399,165563,0,0
23,1231,1214681,Parent14,Tri525778,1,1549,165563,0,0
23,1232,1214682,Parent14,Tri525778,1,1699,165563,0,0
23,1228,1214683,Parent14,Tri525779,1,1105,165563,0,0
23,1229,1214684,Parent14,Tri525779,1,1251,165563,0,0
23,1230,1214685,Parent14,Tri525779,1,1400,165563,0,0
23,1231,1214686,Parent14,Tri525779,1,1550,165563,0,0
23,1232,1214687,Parent14,Tri525779,1,1700,165563,0,0
23,1228,1214688,Parent14,Tri525780,1,1104,165563,0,0
23,1229,1214689,Parent14,Tri525780,1,1250,165563,0,0
23,1230,1214690,Parent14,Tri525780,1,1399,165563,0,0
23,1231,1214691,Parent14,Tri525780,1,1549,165563,0,0
23,1232,1214692,Parent14,Tri525780,1,1699,165563,0,0
23,1228,1214693,Parent14,Tri525781,1,1105,165563,0,0
23,1229,1214694,Parent14,Tri525781,1,1251,165563,0,0
23,1230,1214695,Parent14,Tri525781,1,1400,165563,0,0
23,1231,1214696,Parent14,Tri525781,1,1550,165563,0,0
23,1232,1214697,Parent14,Tri525781,1,1700,165563,0,0
23,1228,1214698,Parent14,Tri525782,1,1104,165563,0,0
23,1229,1214699,Parent14,Tri525782,1,1250,165563,0,0
23,1230,1214700,Parent14,Tri525782,1,1399,165563,0,0
23,1231,1214701,Parent14,Tri525782,1,1549,165563,0,0
23,1232,1214702,Parent14,Tri525782,1,1699,165563,0,0
23,1228,1214703,Parent14,Tri525783,1,1105,165563,0,0
23,1229,1214704,Parent14,Tri525783,1,1251,165563,0,0
23,1230,1214705,Parent14,Tri525783,1,1400,165563,0,0
23,1231,1214706,Parent14,Tri525783,1,1550,165563,0,0
23,1232,1214707,Parent14,Tri525783,1,1700,165563,0,0
23,1228,1214708,Parent14,Tri525784,1,1104,165563,0,0
23,1229,1214709,Parent14,Tri525784,1,1250,165563,0,0
23,1230,1214710,Parent14,Tri525784,1,1399,165563,0,0
23,1231,1214711,Parent14,Tri525784,1,1549,165563,0,0
23,1232,1214712,Parent14,Tri525784,1,1699,165563,0,0
23,1228,1217198,Parent14,Tri525758,0,1103,165557,0,0
23,1229,1217199,Parent14,Tri525758,0,1249,165557,0,0
23,1230,1217200,Parent14,Tri525758,0,1398,165557,0,0
23,1231,1217201,Parent14,Tri525758,0,1548,165557,0,0
23,1232,1217202,Parent14,Tri525758,0,1698,165557,0,0
23,1228,1217203,Parent14,Tri525759,0,1104,165557,0,0
23,1229,1217204,Parent14,Tri525759,0,1250,165557,0,0
23,1230,1217205,Parent14,Tri525759,0,1399,165557,0,0
23,1231,1217206,Parent14,Tri525759,0,1549,165557,0,0
23,1232,1217207,Parent14,Tri525759,0,1699,165557,0,0
23,1228,1217208,Parent14,Tri525760,0,1104,165557,0,0
23,1229,1217209,Parent14,Tri525760,0,1250,165557,0,0
23,1230,1217210,Parent14,Tri525760,0,1399,165557,0,0
23,1231,1217211,Parent14,Tri525760,0,1549,165557,0,0
23,1232,1217212,Parent14,Tri525760,0,1699,165557,0,0
23,1228,1217213,Parent14,Tri525761,0,1104,165557,0,0
23,1229,1217214,Parent14,Tri525761,0,1250,165557,0,0
23,1230,1217215,Parent14,Tri525761,0,1399,165557,0,0
23,1231,1217216,Parent14,Tri525761,0,1549,165557,0,0
23,1232,1217217,Parent14,Tri525761,0,1699,165557,0,0
23,1228,1217218,Parent14,Tri525762,0,1104,165557,0,0
23,1229,1217219,Parent14,Tri525762,0,1250,165557,0,0
23,1230,1217220,Parent14,Tri525762,0,1399,165557,0,0
23,1231,1217221,Parent14,Tri525762,0,1549,165557,0,0
23,1232,1217222,Parent14,Tri525762,0,1699,165557,0,0
23,1228,1217223,Parent14,Tri525763,0,1104,165557,0,0
23,1229,1217224,Parent14,Tri525763,0,1250,165557,0,0
23,1230,1217225,Parent14,Tri525763,0,1399,165557,0,0
23,1231,1217226,Parent14,Tri525763,0,1549,165557,0,0
23,1232,1217227,Parent14,Tri525763,0,1699,165557,0,0
23,1228,1217228,Parent14,Tri525769,0,1105,165557,0,0
23,1229,1217229,Parent14,Tri525769,0,1251,165557,0,0
23,1230,1217230,Parent14,Tri525769,0,1400,165557,0,0
23,1231,1217231,Parent14,Tri525769,0,1550,165557,0,0
23,1232,1217232,Parent14,Tri525769,0,1700,165557,0,0
23,1228,1217678,Parent14,Tri525755,0,1104,165557,0,0
23,1229,1217679,Parent14,Tri525755,0,1250,165557,0,0
23,1230,1217680,Parent14,Tri525755,0,1399,165557,0,0
23,1231,1217681,Parent14,Tri525755,0,1549,165557,0,0
23,1232,1217682,Parent14,Tri525755,0,1699,165557,0,0
23,1228,1217683,Parent14,Tri525756,0,1103,165557,0,0
23,1229,1217684,Parent14,Tri525756,0,1249,165557,0,0
23,1230,1217685,Parent14,Tri525756,0,1398,165557,0,0
23,1231,1217686,Parent14,Tri525756,0,1548,165557,0,0
23,1232,1217687,Parent14,Tri525756,0,1698,165557,0,0
23,1228,1217688,Parent14,Tri525757,0,1104,165557,0,0
23,1229,1217689,Parent14,Tri525757,0,1250,165557,0,0
23,1230,1217690,Parent14,Tri525757,0,1399,165557,0,0
23,1231,1217691,Parent14,Tri525757,0,1549,165557,0,0
23,1232,1217692,Parent14,Tri525757,0,1699,165557,0,0
23,1228,1217693,Parent14,Tri525764,0,1104,165557,0,0
23,1229,1217694,Parent14,Tri525764,0,1250,165557,0,0
23,1230,1217695,Parent14,Tri525764,0,1399,165557,0,0
23,1231,1217696,Parent14,Tri525764,0,1549,165557,0,0
23,1232,1217697,Parent14,Tri525764,0,1699,165557,0,0
23,1228,1217698,Parent14,Tri525765,0,1105,165557,0,0
23,1229,1217699,Parent14,Tri525765,0,1251,165557,0,0
23,1230,1217700,Parent14,Tri525765,0,1400,165557,0,0
23,1231,1217701,Parent14,Tri525765,0,1550,165557,0,0
23,1232,1217702,Parent14,Tri525765,0,1700,165557,0,0
23,1228,1217703,Parent14,Tri525766,0,1104,165557,0,0
23,1229,1217704,Parent14,Tri525766,0,1250,165557,0,0
23,1230,1217705,Parent14,Tri525766,0,1399,165557,0,0
23,1231,1217706,Parent14,Tri525766,0,1549,165557,0,0
23,1232,1217707,Parent14,Tri525766,0,1699,165557,0,0
23,1228,1217708,Parent14,Tri525767,0,1105,165557,0,0
23,1229,1217709,Parent14,Tri525767,0,1251,165557,0,0
23,1230,1217710,Parent14,Tri525767,0,1400,165557,0,0
23,1231,1217711,Parent14,Tri525767,0,1550,165557,0,0
23,1232,1217712,Parent14,Tri525767,0,1700,165557,0,0
23,1228,1217713,Parent14,Tri525768,0,1104,165557,0,0
23,1229,1217714,Parent14,Tri525768,0,1250,165557,0,0
23,1230,1217715,Parent14,Tri525768,0,1399,165557,0,0
23,1231,1217716,Parent14,Tri525768,0,1549,165557,0,0
23,1232,1217717,Parent14,Tri525768,0,1699,165557,0,0
23,1226,1219775,Parent14,Tri525735,0,810,165557,0,0
23,1226,1219776,Parent14,Tri525736,0,810,165557,0,0
23,1226,1219777,Parent14,Tri525737,0,810,165557,0,0
23,1226,1219778,Parent14,Tri525738,0,810,165557,0,0
23,1226,1219779,Parent14,Tri525739,0,810,165557,0,0
23,1226,1219780,Parent14,Tri525740,0,810,165557,0,0
23,1226,1219781,Parent14,Tri525741,0,810,165557,0,0
23,1226,1219782,Parent14,Tri525742,0,810,165557,0,0
23,1226,1219783,Parent14,Tri525743,0,810,165557,0,0
23,1226,1219784,Parent14,Tri525744,0,810,165557,0,0
23,1226,1220050,Parent14,Tri525745,1,810,165563,0,0
23,1226,1220051,Parent14,Tri525746,1,810,165563,0,0
23,1226,1220052,Parent14,Tri525747,1,810,165563,0,0
23,1226,1220053,Parent14,Tri525748,1,810,165563,0,0
23,1226,1220054,Parent14,Tri525749,1,810,165563,0,0
23,1226,1220055,Parent14,Tri525750,1,810,165563,0,0
23,1226,1220056,Parent14,Tri525751,1,810,165563,0,0
23,1226,1220057,Parent14,Tri525752,1,810,165563,0,0
23,1226,1220058,Parent14,Tri525753,1,810,165563,0,0
23,1226,1220059,Parent14,Tri525754,1,810,165563,0,0
24,1225,1213149,TunnelBus,Tri1560263,1,81078,165570,0,0
24,1227,1213150,TunnelBus,Tri1560263,1,113210,165570,0,0
24,1225,1213151,TunnelBus,Tri1560262,1,81078,165570,0,0
24,1227,1213152,TunnelBus,Tri1560262,1,113210,165570,0,0
24,1225,1213153,TunnelBus,Tri1560261,1,81078,165570,0,0
24,1227,1213154,TunnelBus,Tri1560261,1,113210,165570,0,0
24,1225,1213155,TunnelBus,Tri1560260,1,81078,165570,0,0
24,1227,1213156,TunnelBus,Tri1560260,1,113210,165570,0,0
24,1225,1213157,TunnelBus,Tri1560259,1,81078,165570,0,0
24,1227,1213158,TunnelBus,Tri1560259,1,113210,165570,0,0
24,1225,1213159,TunnelBus,Tri1560258,1,74282,165570,0,0
24,1227,1213160,TunnelBus,Tri1560258,1,113209,165570,0,0
24,1225,1213161,TunnelBus,Tri1560257,1,74282,165570,0,0
24,1227,1213162,TunnelBus,Tri1560257,1,113209,165570,0,0
24,1225,1213163,TunnelBus,Tri1560256,1,81078,165570,0,0
24,1227,1213164,TunnelBus,Tri1560256,1,113210,165570,0,0
24,1225,1213165,TunnelBus,Tri1560255,1,74282,165570,0,0
24,1227,1213166,TunnelBus,Tri1560255,1,113209,165570,0,0
24,1225,1213167,TunnelBus,Tri1560254,1,74282,165570,0,0
24,1227,1213168,TunnelBus,Tri1560254,1,113209,165570,0,0
24,1225,1213169,TunnelBus,Tri1560253,1,74282,165570,0,0
24,1227,1213170,TunnelBus,Tri1560253,1,113209,165570,0,0
24,1225,1213171,TunnelBus,Tri1629022,1,74282,165570,0,0
24,1227,1213172,TunnelBus,Tri1629022,1,113209,165570,0,0
24,1225,1213243,TunnelBus,Tri1560248,0,81078,165568,0,0
24,1227,1213244,TunnelBus,Tri1560248,0,113210,165568,0,0
24,1225,1213245,TunnelBus,Tri1560247,0,81078,165568,0,0
24,1227,1213246,TunnelBus,Tri1560247,0,113210,165568,0,0
24,1225,1213247,TunnelBus,Tri1560246,0,81078,165568,0,0
24,1227,1213248,TunnelBus,Tri1560246,0,113210,165568,0,0
24,1225,1213249,TunnelBus,Tri1560245,0,81078,165568,0,0
24,1227,1213250,TunnelBus,Tri1560245,0,113210,165568,0,0
24,1225,1213251,TunnelBus,Tri1560244,0,81078,165568,0,0
24,1227,1213252,TunnelBus,Tri1560244,0,113210,165568,0,0
24,1225,1213253,TunnelBus,Tri1560243,0,74282,165568,0,0
24,1227,1213254,TunnelBus,Tri1560243,0,113209,165568,0,0
24,1225,1213255,TunnelBus,Tri1560242,0,74282,165568,0,0
24,1227,1213256,TunnelBus,Tri1560242,0,113209,165568,0,0
24,1225,1213257,TunnelBus,Tri1560241,0,81078,165568,0,0
24,1227,1213258,TunnelBus,Tri1560241,0,113210,165568,0,0
24,1225,1213259,TunnelBus,Tri1560240,0,74282,165568,0,0
24,1227,1213260,TunnelBus,Tri1560240,0,113209,165568,0,0
24,1225,1213261,TunnelBus,Tri1560239,0,74282,165568,0,0
24,1227,1213262,TunnelBus,Tri1560239,0,113209,165568,0,0
24,1225,1213263,TunnelBus,Tri1560238,0,74282,165568,0,0
24,1227,1213264,TunnelBus,Tri1560238,0,113209,165568,0,0
24,1225,1213265,TunnelBus,Tri1629023,0,74282,165568,0,0
24,1227,1213266,TunnelBus,Tri1629023,0,113209,165568,0,0
24,1228,1216278,TunnelBus,Tri1560317,0,74287,165568,0,0
24,1229,1216279,TunnelBus,Tri1560317,0,74284,165568,0,0
24,1230,1216280,TunnelBus,Tri1560317,0,74285,165568,0,0
24,1231,1216281,TunnelBus,Tri1560317,0,74283,165568,0,0
24,1232,1216282,TunnelBus,Tri1560317,0,74286,165568,0,0
24,1228,1216283,TunnelBus,Tri1560318,0,74287,165568,0,0
24,1229,1216284,TunnelBus,Tri1560318,0,74284,165568,0,0
24,1230,1216285,TunnelBus,Tri1560318,0,74285,165568,0,0
24,1231,1216286,TunnelBus,Tri1560318,0,74283,165568,0,0
24,1232,1216287,TunnelBus,Tri1560318,0,74286,165568,0,0
24,1228,1216288,TunnelBus,Tri1560319,0,74287,165568,0,0
24,1229,1216289,TunnelBus,Tri1560319,0,74284,165568,0,0
24,1230,1216290,TunnelBus,Tri1560319,0,74285,165568,0,0
24,1231,1216291,TunnelBus,Tri1560319,0,74283,165568,0,0
24,1232,1216292,TunnelBus,Tri1560319,0,74286,165568,0,0
24,1228,1216293,TunnelBus,Tri1560320,0,74287,165568,0,0
24,1229,1216294,TunnelBus,Tri1560320,0,74284,165568,0,0
24,1230,1216295,TunnelBus,Tri1560320,0,74285,165568,0,0
24,1231,1216296,TunnelBus,Tri1560320,0,74283,165568,0,0
24,1232,1216297,TunnelBus,Tri1560320,0,74286,165568,0,0
24,1228,1216298,TunnelBus,Tri1560321,0,74287,165568,0,0
24,1229,1216299,TunnelBus,Tri1560321,0,74284,165568,0,0
24,1230,1216300,TunnelBus,Tri1560321,0,74285,165568,0,0
24,1231,1216301,TunnelBus,Tri1560321,0,74283,165568,0,0
24,1232,1216302,TunnelBus,Tri1560321,0,74286,165568,0,0
24,1228,1216303,TunnelBus,Tri1560322,0,74287,165568,0,0
24,1229,1216304,TunnelBus,Tri1560322,0,74284,165568,0,0
24,1230,1216305,TunnelBus,Tri1560322,0,74285,165568,0,0
24,1231,1216306,TunnelBus,Tri1560322,0,74283,165568,0,0
24,1232,1216307,TunnelBus,Tri1560322,0,74286,165568,0,0
24,1228,1216308,TunnelBus,Tri1560323,0,74287,165568,0,0
24,1229,1216309,TunnelBus,Tri1560323,0,74284,165568,0,0
24,1230,1216310,TunnelBus,Tri1560323,0,74285,165568,0,0
24,1231,1216311,TunnelBus,Tri1560323,0,74283,165568,0,0
24,1232,1216312,TunnelBus,Tri1560323,0,74286,165568,0,0
24,1228,1216313,TunnelBus,Tri1560324,0,74287,165568,0,0
24,1229,1216314,TunnelBus,Tri1560324,0,74284,165568,0,0
24,1230,1216315,TunnelBus,Tri1560324,0,74285,165568,0,0
24,1231,1216316,TunnelBus,Tri1560324,0,74283,165568,0,0
24,1232,1216317,TunnelBus,Tri1560324,0,74286,165568,0,0
24,1228,1216318,TunnelBus,Tri1560325,0,74287,165568,0,0
24,1229,1216319,TunnelBus,Tri1560325,0,74284,165568,0,0
24,1230,1216320,TunnelBus,Tri1560325,0,74285,165568,0,0
24,1231,1216321,TunnelBus,Tri1560325,0,74283,165568,0,0
24,1232,1216322,TunnelBus,Tri1560325,0,74286,165568,0,0
24,1228,1216323,TunnelBus,Tri1560326,0,74287,165568,0,0
24,1229,1216324,TunnelBus,Tri1560326,0,74284,165568,0,0
24,1230,1216325,TunnelBus,Tri1560326,0,74285,165568,0,0
24,1231,1216326,TunnelBus,Tri1560326,0,74283,165568,0,0
24,1232,1216327,TunnelBus,Tri1560326,0,74286,165568,0,0
24,1228,1216328,TunnelBus,Tri1560327,0,74287,165568,0,0
24,1229,1216329,TunnelBus,Tri1560327,0,74284,165568,0,0
24,1230,1216330,TunnelBus,Tri1560327,0,74285,165568,0,0
24,1231,1216331,TunnelBus,Tri1560327,0,74283,165568,0,0
24,1232,1216332,TunnelBus,Tri1560327,0,74286,165568,0,0
24,1228,1216333,TunnelBus,Tri1560328,0,74287,165568,0,0
24,1229,1216334,TunnelBus,Tri1560328,0,74284,165568,0,0
24,1230,1216335,TunnelBus,Tri1560328,0,74285,165568,0,0
24,1231,1216336,TunnelBus,Tri1560328,0,74283,165568,0,0
24,1232,1216337,TunnelBus,Tri1560328,0,74286,165568,0,0
24,1228,1216338,TunnelBus,Tri1560329,0,74287,165568,0,0
24,1229,1216339,TunnelBus,Tri1560329,0,74284,165568,0,0
24,1230,1216340,TunnelBus,Tri1560329,0,74285,165568,0,0
24,1231,1216341,TunnelBus,Tri1560329,0,74283,165568,0,0
24,1232,1216342,TunnelBus,Tri1560329,0,74286,165568,0,0
24,1228,1216343,TunnelBus,Tri1560330,0,74287,165568,0,0
24,1229,1216344,TunnelBus,Tri1560330,0,74284,165568,0,0
24,1230,1216345,TunnelBus,Tri1560330,0,74285,165568,0,0
24,1231,1216346,TunnelBus,Tri1560330,0,74283,165568,0,0
24,1232,1216347,TunnelBus,Tri1560330,0,74286,165568,0,0
24,1228,1216348,TunnelBus,Tri1560331,0,74287,165568,0,0
24,1229,1216349,TunnelBus,Tri1560331,0,74284,165568,0,0
24,1230,1216350,TunnelBus,Tri1560331,0,74285,165568,0,0
24,1231,1216351,TunnelBus,Tri1560331,0,74283,165568,0,0
24,1232,1216352,TunnelBus,Tri1560331,0,74286,165568,0,0
24,1228,1216353,TunnelBus,Tri1560332,0,74287,165568,0,0
24,1229,1216354,TunnelBus,Tri1560332,0,74284,165568,0,0
24,1230,1216355,TunnelBus,Tri1560332,0,74285,165568,0,0
24,1231,1216356,TunnelBus,Tri1560332,0,74283,165568,0,0
24,1232,1216357,TunnelBus,Tri1560332,0,74286,165568,0,0
24,1228,1216358,TunnelBus,Tri1799167,0,113598,165568,0,0
24,1228,1216363,TunnelBus,Tri1799168,0,113598,165568,0,0
24,1228,1217108,TunnelBus,Tri1560336,1,74287,165570,0,0
24,1229,1217109,TunnelBus,Tri1560336,1,74284,165570,0,0
24,1230,1217110,TunnelBus,Tri1560336,1,74285,165570,0,0
24,1231,1217111,TunnelBus,Tri1560336,1,74283,165570,0,0
24,1232,1217112,TunnelBus,Tri1560336,1,74286,165570,0,0
24,1228,1217113,TunnelBus,Tri1560337,1,74287,165570,0,0
24,1229,1217114,TunnelBus,Tri1560337,1,74284,165570,0,0
24,1230,1217115,TunnelBus,Tri1560337,1,74285,165570,0,0
24,1231,1217116,TunnelBus,Tri1560337,1,74283,165570,0,0
24,1232,1217117,TunnelBus,Tri1560337,1,74286,165570,0,0
24,1228,1217118,TunnelBus,Tri1560338,1,74287,165570,0,0
24,1229,1217119,TunnelBus,Tri1560338,1,74284,165570,0,0
24,1230,1217120,TunnelBus,Tri1560338,1,74285,165570,0,0
24,1231,1217121,TunnelBus,Tri1560338,1,74283,165570,0,0
24,1232,1217122,TunnelBus,Tri1560338,1,74286,165570,0,0
24,1228,1217123,TunnelBus,Tri1560339,1,74287,165570,0,0
24,1229,1217124,TunnelBus,Tri1560339,1,74284,165570,0,0
24,1230,1217125,TunnelBus,Tri1560339,1,74285,165570,0,0
24,1231,1217126,TunnelBus,Tri1560339,1,74283,165570,0,0
24,1232,1217127,TunnelBus,Tri1560339,1,74286,165570,0,0
24,1228,1217128,TunnelBus,Tri1560340,1,74287,165570,0,0
24,1229,1217129,TunnelBus,Tri1560340,1,74284,165570,0,0
24,1230,1217130,TunnelBus,Tri1560340,1,74285,165570,0,0
24,1231,1217131,TunnelBus,Tri1560340,1,74283,165570,0,0
24,1232,1217132,TunnelBus,Tri1560340,1,74286,165570,0,0
24,1228,1217133,TunnelBus,Tri1560341,1,74287,165570,0,0
24,1229,1217134,TunnelBus,Tri1560341,1,74284,165570,0,0
24,1230,1217135,TunnelBus,Tri1560341,1,74285,165570,0,0
24,1231,1217136,TunnelBus,Tri1560341,1,74283,165570,0,0
24,1232,1217137,TunnelBus,Tri1560341,1,74286,165570,0,0
24,1228,1217138,TunnelBus,Tri1560342,1,74287,165570,0,0
24,1229,1217139,TunnelBus,Tri1560342,1,74284,165570,0,0
24,1230,1217140,TunnelBus,Tri1560342,1,74285,165570,0,0
24,1231,1217141,TunnelBus,Tri1560342,1,74283,165570,0,0
24,1232,1217142,TunnelBus,Tri1560342,1,74286,165570,0,0
24,1228,1217143,TunnelBus,Tri1560343,1,74287,165570,0,0
24,1229,1217144,TunnelBus,Tri1560343,1,74284,165570,0,0
24,1230,1217145,TunnelBus,Tri1560343,1,74285,165570,0,0
24,1231,1217146,TunnelBus,Tri1560343,1,74283,165570,0,0
24,1232,1217147,TunnelBus,Tri1560343,1,74286,165570,0,0
24,1228,1217148,TunnelBus,Tri1560344,1,74287,165570,0,0
24,1229,1217149,TunnelBus,Tri1560344,1,74284,165570,0,0
24,1230,1217150,TunnelBus,Tri1560344,1,74285,165570,0,0
24,1231,1217151,TunnelBus,Tri1560344,1,74283,165570,0,0
24,1232,1217152,TunnelBus,Tri1560344,1,74286,165570,0,0
24,1228,1217153,TunnelBus,Tri1560345,1,74287,165570,0,0
24,1229,1217154,TunnelBus,Tri1560345,1,74284,165570,0,0
24,1230,1217155,TunnelBus,Tri1560345,1,74285,165570,0,0
24,1231,1217156,TunnelBus,Tri1560345,1,74283,165570,0,0
24,1232,1217157,TunnelBus,Tri1560345,1,74286,165570,0,0
24,1228,1217158,TunnelBus,Tri1560346,1,74287,165570,0,0
24,1229,1217159,TunnelBus,Tri1560346,1,74284,165570,0,0
24,1230,1217160,TunnelBus,Tri1560346,1,74285,165570,0,0
24,1231,1217161,TunnelBus,Tri1560346,1,74283,165570,0,0
24,1232,1217162,TunnelBus,Tri1560346,1,74286,165570,0,0
24,1228,1217163,TunnelBus,Tri1560347,1,74287,165570,0,0
24,1229,1217164,TunnelBus,Tri1560347,1,74284,165570,0,0
24,1230,1217165,TunnelBus,Tri1560347,1,74285,165570,0,0
24,1231,1217166,TunnelBus,Tri1560347,1,74283,165570,0,0
24,1232,1217167,TunnelBus,Tri1560347,1,74286,165570,0,0
24,1228,1217168,TunnelBus,Tri1560348,1,74287,165570,0,0
24,1229,1217169,TunnelBus,Tri1560348,1,74284,165570,0,0
24,1230,1217170,TunnelBus,Tri1560348,1,74285,165570,0,0
24,1231,1217171,TunnelBus,Tri1560348,1,74283,165570,0,0
24,1232,1217172,TunnelBus,Tri1560348,1,74286,165570,0,0
24,1228,1217173,TunnelBus,Tri1560349,1,74287,165570,0,0
24,1229,1217174,TunnelBus,Tri1560349,1,74284,165570,0,0
24,1230,1217175,TunnelBus,Tri1560349,1,74285,165570,0,0
24,1231,1217176,TunnelBus,Tri1560349,1,74283,165570,0,0
24,1232,1217177,TunnelBus,Tri1560349,1,74286,165570,0,0
24,1228,1217178,TunnelBus,Tri1560350,1,74287,165570,0,0
24,1229,1217179,TunnelBus,Tri1560350,1,74284,165570,0,0
24,1230,1217180,TunnelBus,Tri1560350,1,74285,165570,0,0
24,1231,1217181,TunnelBus,Tri1560350,1,74283,165570,0,0
24,1232,1217182,TunnelBus,Tri1560350,1,74286,165570,0,0
24,1228,1217183,TunnelBus,Tri1560351,1,74287,165570,0,0
24,1229,1217184,TunnelBus,Tri1560351,1,74284,165570,0,0
24,1230,1217185,TunnelBus,Tri1560351,1,74285,165570,0,0
24,1231,1217186,TunnelBus,Tri1560351,1,74283,165570,0,0
24,1232,1217187,TunnelBus,Tri1560351,1,74286,165570,0,0
24,1228,1217188,TunnelBus,Tri1799169,1,113598,165570,0,0
24,1228,1217193,TunnelBus,Tri1799170,1,113598,165570,0,0
24,1226,1219785,TunnelBus,Tri1629047,0,74362,165568,0,0
24,1226,1219786,TunnelBus,Tri1629048,0,74362,165568,0,0
24,1226,1219871,TunnelBus,Tri1560283,0,74362,165568,0,0
24,1226,1219872,TunnelBus,Tri1560284,0,74362,165568,0,0
24,1226,1219873,TunnelBus,Tri1560285,0,74363,165568,0,0
24,1226,1219874,TunnelBus,Tri1560286,0,74362,165568,0,0
24,1226,1219875,TunnelBus,Tri1560287,0,74362,165568,0,0
24,1226,1219876,TunnelBus,Tri1560288,0,74362,165568,0,0
24,1226,1219877,TunnelBus,Tri1560289,0,74364,165568,0,0
24,1226,1219878,TunnelBus,Tri1560290,0,74364,165568,0,0
24,1226,1219879,TunnelBus,Tri1560291,0,74364,165568,0,0
24,1226,1219880,TunnelBus,Tri1560292,0,74364,165568,0,0
24,1226,1219881,TunnelBus,Tri1560293,0,74364,165568,0,0
24,1226,1219882,TunnelBus,Tri1560294,0,74364,165568,0,0
24,1226,1219883,TunnelBus,Tri1560295,0,74364,165568,0,0
24,1226,1219884,TunnelBus,Tri1560296,0,74364,165568,0,0
24,1226,1219885,TunnelBus,Tri1799162,0,74364,165568,0,0
24,1226,1219886,TunnelBus,Tri1799163,0,74364,165568,0,0
24,1226,1219901,TunnelBus,Tri1629049,1,74362,165570,0,0
24,1226,1219902,TunnelBus,Tri1629050,1,74362,165570,0,0
24,1226,1219903,TunnelBus,Tri1560300,1,74362,165570,0,0
24,1226,1219904,TunnelBus,Tri1560301,1,74362,165570,0,0
24,1226,1219905,TunnelBus,Tri1560302,1,74363,165570,0,0
24,1226,1219906,TunnelBus,Tri1560303,1,74362,165570,0,0
24,1226,1219907,TunnelBus,Tri1560304,1,74362,165570,0,0
24,1226,1219908,TunnelBus,Tri1560305,1,74362,165570,0,0
24,1226,1219909,TunnelBus,Tri1560306,1,74364,165570,0,0
24,1226,1219910,TunnelBus,Tri1560307,1,74364,165570,0,0
24,1226,1219911,TunnelBus,Tri1560308,1,74364,165570,0,0
24,1226,1219912,TunnelBus,Tri1560309,1,74364,165570,0,0
24,1226,1219913,TunnelBus,Tri1560310,1,74364,165570,0,0
24,1226,1219914,TunnelBus,Tri1560311,1,74364,165570,0,0
24,1226,1219915,TunnelBus,Tri1560312,1,74364,165570,0,0
24,1226,1219916,TunnelBus,Tri1560313,1,74364,165570,0,0
24,1226,1219917,TunnelBus,Tri1799166,1,74364,165570,0,0
24,1226,1219918,TunnelBus,Tri1799165,1,74364,165570,0,0
26,1228,1216158,7 WB,Tri1155460,0,1096,165573,0,0
26,1229,1216159,7 WB,Tri1155460,0,1242,165573,0,0
26,1230,1216160,7 WB,Tri1155460,0,1391,165573,0,0
26,1231,1216161,7 WB,Tri1155460,0,1541,165573,0,0
26,1232,1216162,7 WB,Tri1155460,0,1691,165573,0,0
26,1228,1216163,7 WB,Tri1155461,0,47593,165573,0,0
26,1229,1216164,7 WB,Tri1155461,0,47757,165573,0,0
26,1230,1216165,7 WB,Tri1155461,0,47921,165573,0,0
26,1231,1216166,7 WB,Tri1155461,0,48084,165573,0,0
26,1232,1216167,7 WB,Tri1155461,0,48247,165573,0,0
26,1228,1216168,7 WB,Tri1155462,0,1095,165573,0,0
26,1229,1216169,7 WB,Tri1155462,0,1241,165573,0,0
26,1230,1216170,7 WB,Tri1155462,0,1390,165573,0,0
26,1231,1216171,7 WB,Tri1155462,0,1540,165573,0,0
26,1232,1216172,7 WB,Tri1155462,0,1690,165573,0,0
26,1228,1216173,7 WB,Tri1155463,0,47594,165573,0,0
26,1229,1216174,7 WB,Tri1155463,0,47758,165573,0,0
26,1230,1216175,7 WB,Tri1155463,0,47922,165573,0,0
26,1231,1216176,7 WB,Tri1155463,0,48085,165573,0,0
26,1232,1216177,7 WB,Tri1155463,0,48248,165573,0,0
26,1228,1216178,7 WB,Tri1155464,0,1096,165573,0,0
26,1229,1216179,7 WB,Tri1155464,0,1242,165573,0,0
26,1230,1216180,7 WB,Tri1155464,0,1391,165573,0,0
26,1231,1216181,7 WB,Tri1155464,0,1541,165573,0,0
26,1232,1216182,7 WB,Tri1155464,0,1691,165573,0,0
26,1228,1216183,7 WB,Tri1155465,0,47593,165573,0,0
26,1229,1216184,7 WB,Tri1155465,0,47757,165573,0,0
26,1230,1216185,7 WB,Tri1155465,0,47921,165573,0,0
26,1231,1216186,7 WB,Tri1155465,0,48084,165573,0,0
26,1232,1216187,7 WB,Tri1155465,0,48247,165573,0,0
26,1228,1216188,7 WB,Tri1155466,0,1095,165573,0,0
26,1229,1216189,7 WB,Tri1155466,0,1241,165573,0,0
26,1230,1216190,7 WB,Tri1155466,0,1390,165573,0,0
26,1231,1216191,7 WB,Tri1155466,0,1540,165573,0,0
26,1232,1216192,7 WB,Tri1155466,0,1690,165573,0,0
26,1228,1216193,7 WB,Tri1155467,0,47594,165573,0,0
26,1229,1216194,7 WB,Tri1155467,0,47758,165573,0,0
26,1230,1216195,7 WB,Tri1155467,0,47922,165573,0,0
26,1231,1216196,7 WB,Tri1155467,0,48085,165573,0,0
26,1232,1216197,7 WB,Tri1155467,0,48248,165573,0,0
26,1228,1216198,7 WB,Tri1155468,0,1096,165573,0,0
26,1229,1216199,7 WB,Tri1155468,0,1242,165573,0,0
26,1230,1216200,7 WB,Tri1155468,0,1391,165573,0,0
26,1231,1216201,7 WB,Tri1155468,0,1541,165573,0,0
26,1232,1216202,7 WB,Tri1155468,0,1691,165573,0,0
26,1228,1216203,7 WB,Tri1155469,0,47593,165573,0,0
26,1229,1216204,7 WB,Tri1155469,0,47757,165573,0,0
26,1230,1216205,7 WB,Tri1155469,0,47921,165573,0,0
26,1231,1216206,7 WB,Tri1155469,0,48084,165573,0,0
26,1232,1216207,7 WB,Tri1155469,0,48247,165573,0,0
26,1228,1216208,7 WB,Tri1155470,0,1095,165573,0,0
26,1229,1216209,7 WB,Tri1155470,0,1241,165573,0,0
26,1230,1216210,7 WB,Tri1155470,0,1390,165573,0,0
26,1231,1216211,7 WB,Tri1155470,0,1540,165573,0,0
26,1232,1216212,7 WB,Tri1155470,0,1690,165573,0,0
26,1228,1216213,7 WB,Tri1155471,0,47594,165573,0,0
26,1229,1216214,7 WB,Tri1155471,0,47758,165573,0,0
26,1230,1216215,7 WB,Tri1155471,0,47922,165573,0,0
26,1231,1216216,7 WB,Tri1155471,0,48085,165573,0,0
26,1232,1216217,7 WB,Tri1155471,0,48248,165573,0,0
26,1228,1216218,7 WB,Tri1155472,0,1096,165573,0,0
26,1229,1216219,7 WB,Tri1155472,0,1242,165573,0,0
26,1230,1216220,7 WB,Tri1155472,0,1391,165573,0,0
26,1231,1216221,7 WB,Tri1155472,0,1541,165573,0,0
26,1232,1216222,7 WB,Tri1155472,0,1691,165573,0,0
26,1228,1216223,7 WB,Tri1155473,0,47593,165573,0,0
26,1229,1216224,7 WB,Tri1155473,0,47757,165573,0,0
26,1230,1216225,7 WB,Tri1155473,0,47921,165573,0,0
26,1231,1216226,7 WB,Tri1155473,0,48084,165573,0,0
26,1232,1216227,7 WB,Tri1155473,0,48247,165573,0,0
26,1228,1216228,7 WB,Tri1155474,0,1095,165573,0,0
26,1229,1216229,7 WB,Tri1155474,0,1241,165573,0,0
26,1230,1216230,7 WB,Tri1155474,0,1390,165573,0,0
26,1231,1216231,7 WB,Tri1155474,0,1540,165573,0,0
26,1232,1216232,7 WB,Tri1155474,0,1690,165573,0,0
26,1228,1216233,7 WB,Tri1155475,0,47594,165573,0,0
26,1229,1216234,7 WB,Tri1155475,0,47758,165573,0,0
26,1230,1216235,7 WB,Tri1155475,0,47922,165573,0,0
26,1231,1216236,7 WB,Tri1155475,0,48085,165573,0,0
26,1232,1216237,7 WB,Tri1155475,0,48248,165573,0,0
26,1228,1216238,7 WB,Tri1155476,0,1096,165573,0,0
26,1229,1216239,7 WB,Tri1155476,0,1242,165573,0,0
26,1230,1216240,7 WB,Tri1155476,0,1391,165573,0,0
26,1231,1216241,7 WB,Tri1155476,0,1541,165573,0,0
26,1232,1216242,7 WB,Tri1155476,0,1691,165573,0,0
26,1228,1216243,7 WB,Tri1155477,0,47593,165573,0,0
26,1229,1216244,7 WB,Tri1155477,0,47757,165573,0,0
26,1230,1216245,7 WB,Tri1155477,0,47921,165573,0,0
26,1231,1216246,7 WB,Tri1155477,0,48084,165573,0,0
26,1232,1216247,7 WB,Tri1155477,0,48247,165573,0,0
26,1228,1216248,7 WB,Tri1155478,0,1095,165573,0,0
26,1229,1216249,7 WB,Tri1155478,0,1241,165573,0,0
26,1230,1216250,7 WB,Tri1155478,0,1390,165573,0,0
26,1231,1216251,7 WB,Tri1155478,0,1540,165573,0,0
26,1232,1216252,7 WB,Tri1155478,0,1690,165573,0,0
26,1228,1216253,7 WB,Tri1155479,0,47594,165573,0,0
26,1229,1216254,7 WB,Tri1155479,0,47758,165573,0,0
26,1230,1216255,7 WB,Tri1155479,0,47922,165573,0,0
26,1231,1216256,7 WB,Tri1155479,0,48085,165573,0,0
26,1232,1216257,7 WB,Tri1155479,0,48248,165573,0,0
26,1228,1216258,7 WB,Tri1155480,0,1096,165573,0,0
26,1229,1216259,7 WB,Tri1155480,0,1242,165573,0,0
26,1230,1216260,7 WB,Tri1155480,0,1391,165573,0,0
26,1231,1216261,7 WB,Tri1155480,0,1541,165573,0,0
26,1232,1216262,7 WB,Tri1155480,0,1691,165573,0,0
26,1228,1216263,7 WB,Tri1155481,0,47593,165573,0,0
26,1229,1216264,7 WB,Tri1155481,0,47757,165573,0,0
26,1230,1216265,7 WB,Tri1155481,0,47921,165573,0,0
26,1231,1216266,7 WB,Tri1155481,0,48084,165573,0,0
26,1232,1216267,7 WB,Tri1155481,0,48247,165573,0,0
26,1228,1216268,7 WB,Tri1155482,0,1095,165573,0,0
26,1229,1216269,7 WB,Tri1155482,0,1241,165573,0,0
26,1230,1216270,7 WB,Tri1155482,0,1390,165573,0,0
26,1231,1216271,7 WB,Tri1155482,0,1540,165573,0,0
26,1232,1216272,7 WB,Tri1155482,0,1690,165573,0,0
26,1228,1216273,7 WB,Tri1155483,0,47594,165573,0,0
26,1229,1216274,7 WB,Tri1155483,0,47758,165573,0,0
26,1230,1216275,7 WB,Tri1155483,0,47922,165573,0,0
26,1231,1216276,7 WB,Tri1155483,0,48085,165573,0,0
26,1232,1216277,7 WB,Tri1155483,0,48248,165573,0,0
26,1228,1219193,7 EB,Tri1155436,1,1095,165576,0,0
26,1229,1219194,7 EB,Tri1155436,1,1241,165576,0,0
26,1230,1219195,7 EB,Tri1155436,1,1390,165576,0,0
26,1231,1219196,7 EB,Tri1155436,1,1540,165576,0,0
26,1232,1219197,7 EB,Tri1155436,1,1690,165576,0,0
26,1228,1219198,7 EB,Tri1155437,1,47594,165576,0,0
26,1229,1219199,7 EB,Tri1155437,1,47758,165576,0,0
26,1230,1219200,7 EB,Tri1155437,1,47922,165576,0,0
26,1231,1219201,7 EB,Tri1155437,1,48085,165576,0,0
26,1232,1219202,7 EB,Tri1155437,1,48248,165576,0,0
26,1228,1219203,7 EB,Tri1155438,1,1096,165576,0,0
26,1229,1219204,7 EB,Tri1155438,1,1242,165576,0,0
26,1230,1219205,7 EB,Tri1155438,1,1391,165576,0,0
26,1231,1219206,7 EB,Tri1155438,1,1541,165576,0,0
26,1232,1219207,7 EB,Tri1155438,1,1691,165576,0,0
26,1228,1219208,7 EB,Tri1155439,1,47593,165576,0,0
26,1229,1219209,7 EB,Tri1155439,1,47757,165576,0,0
26,1230,1219210,7 EB,Tri1155439,1,47921,165576,0,0
26,1231,1219211,7 EB,Tri1155439,1,48084,165576,0,0
26,1232,1219212,7 EB,Tri1155439,1,48247,165576,0,0
26,1228,1219213,7 EB,Tri1155440,1,1095,165576,0,0
26,1229,1219214,7 EB,Tri1155440,1,1241,165576,0,0
26,1230,1219215,7 EB,Tri1155440,1,1390,165576,0,0
26,1231,1219216,7 EB,Tri1155440,1,1540,165576,0,0
26,1232,1219217,7 EB,Tri1155440,1,1690,165576,0,0
26,1228,1219218,7 EB,Tri1155441,1,47594,165576,0,0
26,1229,1219219,7 EB,Tri1155441,1,47758,165576,0,0
26,1230,1219220,7 EB,Tri1155441,1,47922,165576,0,0
26,1231,1219221,7 EB,Tri1155441,1,48085,165576,0,0
26,1232,1219222,7 EB,Tri1155441,1,48248,165576,0,0
26,1228,1219223,7 EB,Tri1155442,1,1096,165576,0,0
26,1229,1219224,7 EB,Tri1155442,1,1242,165576,0,0
26,1230,1219225,7 EB,Tri1155442,1,1391,165576,0,0
26,1231,1219226,7 EB,Tri1155442,1,1541,165576,0,0
26,1232,1219227,7 EB,Tri1155442,1,1691,165576,0,0
26,1228,1219228,7 EB,Tri1155443,1,47593,165576,0,0
26,1229,1219229,7 EB,Tri1155443,1,47757,165576,0,0
26,1230,1219230,7 EB,Tri1155443,1,47921,165576,0,0
26,1231,1219231,7 EB,Tri1155443,1,48084,165576,0,0
26,1232,1219232,7 EB,Tri1155443,1,48247,165576,0,0
26,1228,1219233,7 EB,Tri1155444,1,1095,165576,0,0
26,1229,1219234,7 EB,Tri1155444,1,1241,165576,0,0
26,1230,1219235,7 EB,Tri1155444,1,1390,165576,0,0
26,1231,1219236,7 EB,Tri1155444,1,1540,165576,0,0
26,1232,1219237,7 EB,Tri1155444,1,1690,165576,0,0
26,1228,1219238,7 EB,Tri1155445,1,47594,165576,0,0
26,1229,1219239,7 EB,Tri1155445,1,47758,165576,0,0
26,1230,1219240,7 EB,Tri1155445,1,47922,165576,0,0
26,1231,1219241,7 EB,Tri1155445,1,48085,165576,0,0
26,1232,1219242,7 EB,Tri1155445,1,48248,165576,0,0
26,1228,1219243,7 EB,Tri1155446,1,1096,165576,0,0
26,1229,1219244,7 EB,Tri1155446,1,1242,165576,0,0
26,1230,1219245,7 EB,Tri1155446,1,1391,165576,0,0
26,1231,1219246,7 EB,Tri1155446,1,1541,165576,0,0
26,1232,1219247,7 EB,Tri1155446,1,1691,165576,0,0
26,1228,1219248,7 EB,Tri1155447,1,47593,165576,0,0
26,1229,1219249,7 EB,Tri1155447,1,47757,165576,0,0
26,1230,1219250,7 EB,Tri1155447,1,47921,165576,0,0
26,1231,1219251,7 EB,Tri1155447,1,48084,165576,0,0
26,1232,1219252,7 EB,Tri1155447,1,48247,165576,0,0
26,1228,1219253,7 EB,Tri1155448,1,1095,165576,0,0
26,1229,1219254,7 EB,Tri1155448,1,1241,165576,0,0
26,1230,1219255,7 EB,Tri1155448,1,1390,165576,0,0
26,1231,1219256,7 EB,Tri1155448,1,1540,165576,0,0
26,1232,1219257,7 EB,Tri1155448,1,1690,165576,0,0
26,1228,1219258,7 EB,Tri1155449,1,47594,165576,0,0
26,1229,1219259,7 EB,Tri1155449,1,47758,165576,0,0
26,1230,1219260,7 EB,Tri1155449,1,47922,165576,0,0
26,1231,1219261,7 EB,Tri1155449,1,48085,165576,0,0
26,1232,1219262,7 EB,Tri1155449,1,48248,165576,0,0
26,1228,1219263,7 EB,Tri1155450,1,1096,165576,0,0
26,1229,1219264,7 EB,Tri1155450,1,1242,165576,0,0
26,1230,1219265,7 EB,Tri1155450,1,1391,165576,0,0
26,1231,1219266,7 EB,Tri1155450,1,1541,165576,0,0
26,1232,1219267,7 EB,Tri1155450,1,1691,165576,0,0
26,1228,1219268,7 EB,Tri1155451,1,47593,165576,0,0
26,1229,1219269,7 EB,Tri1155451,1,47757,165576,0,0
26,1230,1219270,7 EB,Tri1155451,1,47921,165576,0,0
26,1231,1219271,7 EB,Tri1155451,1,48084,165576,0,0
26,1232,1219272,7 EB,Tri1155451,1,48247,165576,0,0
26,1228,1219273,7 EB,Tri1155452,1,1095,165576,0,0
26,1229,1219274,7 EB,Tri1155452,1,1241,165576,0,0
26,1230,1219275,7 EB,Tri1155452,1,1390,165576,0,0
26,1231,1219276,7 EB,Tri1155452,1,1540,165576,0,0
26,1232,1219277,7 EB,Tri1155452,1,1690,165576,0,0
26,1228,1219278,7 EB,Tri1155453,1,47594,165576,0,0
26,1229,1219279,7 EB,Tri1155453,1,47758,165576,0,0
26,1230,1219280,7 EB,Tri1155453,1,47922,165576,0,0
26,1231,1219281,7 EB,Tri1155453,1,48085,165576,0,0
26,1232,1219282,7 EB,Tri1155453,1,48248,165576,0,0
26,1228,1219283,7 EB,Tri1155454,1,1096,165576,0,0
26,1229,1219284,7 EB,Tri1155454,1,1242,165576,0,0
26,1230,1219285,7 EB,Tri1155454,1,1391,165576,0,0
26,1231,1219286,7 EB,Tri1155454,1,1541,165576,0,0
26,1232,1219287,7 EB,Tri1155454,1,1691,165576,0,0
26,1228,1219288,7 EB,Tri1155455,1,47593,165576,0,0
26,1229,1219289,7 EB,Tri1155455,1,47757,165576,0,0
26,1230,1219290,7 EB,Tri1155455,1,47921,165576,0,0
26,1231,1219291,7 EB,Tri1155455,1,48084,165576,0,0
26,1232,1219292,7 EB,Tri1155455,1,48247,165576,0,0
26,1228,1219293,7 EB,Tri1155456,1,1095,165576,0,0
26,1229,1219294,7 EB,Tri1155456,1,1241,165576,0,0
26,1230,1219295,7 EB,Tri1155456,1,1390,165576,0,0
26,1231,1219296,7 EB,Tri1155456,1,1540,165576,0,0
26,1232,1219297,7 EB,Tri1155456,1,1690,165576,0,0
26,1228,1219298,7 EB,Tri1155457,1,47594,165576,0,0
26,1229,1219299,7 EB,Tri1155457,1,47758,165576,0,0
26,1230,1219300,7 EB,Tri1155457,1,47922,165576,0,0
26,1231,1219301,7 EB,Tri1155457,1,48085,165576,0,0
26,1232,1219302,7 EB,Tri1155457,1,48248,165576,0,0
26,1228,1219303,7 EB,Tri1155458,1,1096,165576,0,0
26,1229,1219304,7 EB,Tri1155458,1,1242,165576,0,0
26,1230,1219305,7 EB,Tri1155458,1,1391,165576,0,0
26,1231,1219306,7 EB,Tri1155458,1,1541,165576,0,0
26,1232,1219307,7 EB,Tri1155458,1,1691,165576,0,0
26,1228,1219308,7 EB,Tri1155459,1,47593,165576,0,0
26,1229,1219309,7 EB,Tri1155459,1,47757,165576,0,0
26,1230,1219310,7 EB,Tri1155459,1,47921,165576,0,0
26,1231,1219311,7 EB,Tri1155459,1,48084,165576,0,0
26,1232,1219312,7 EB,Tri1155459,1,48247,165576,0,0
26,1226,1219517,7 WB,Tri525599,0,819,165573,0,0
26,1226,1219518,7 WB,Tri848107,0,820,165573,0,0
26,1226,1219519,7 WB,Tri848108,0,819,165573,0,0
26,1226,1219520,7 WB,Tri848109,0,820,165573,0,0
26,1226,1219521,7 WB,Tri848110,0,819,165573,0,0
26,1226,1219522,7 WB,Tri848111,0,820,165573,0,0
26,1226,1219523,7 WB,Tri848112,0,819,165573,0,0
26,1226,1219524,7 WB,Tri848113,0,820,165573,0,0
26,1226,1219525,7 WB,Tri848114,0,819,165573,0,0
26,1226,1219526,7 WB,Tri848115,0,820,165573,0,0
26,1226,1219527,7 WB,Tri848116,0,819,165573,0,0
26,1226,1219528,7 WB,Tri848117,0,820,165573,0,0
26,1226,1219529,7 WB,Tri848118,0,819,165573,0,0
26,1226,1219530,7 WB,Tri848119,0,820,165573,0,0
26,1226,1219531,7 WB,Tri848120,0,819,165573,0,0
26,1226,1219545,SouthWindsor,Tri926807,0,819,165574,0,0
26,1226,1220229,7 EB,Tri525622,1,820,165576,0,0
26,1226,1220230,7 EB,Tri848093,1,819,165576,0,0
26,1226,1220231,7 EB,Tri848094,1,820,165576,0,0
26,1226,1220232,7 EB,Tri848095,1,819,165576,0,0
26,1226,1220233,7 EB,Tri848096,1,820,165576,0,0
26,1226,1220234,7 EB,Tri848097,1,819,165576,0,0
26,1226,1220235,7 EB,Tri848098,1,820,165576,0,0
26,1226,1220236,7 EB,Tri848099,1,819,165576,0,0
26,1226,1220237,7 EB,Tri848100,1,820,165576,0,0
26,1226,1220238,7 EB,Tri848101,1,819,165576,0,0
26,1226,1220239,7 EB,Tri848102,1,820,165576,0,0
26,1226,1220240,7 EB,Tri848103,1,819,165576,0,0
26,1226,1220241,7 EB,Tri848104,1,820,165576,0,0
26,1226,1220242,7 EB,Tri848105,1,819,165576,0,0
26,1226,1220243,7 EB,Tri848106,1,820,165576,0,0
6435,1225,1213311,115 North,Tri520299,0,112454,165577,0,0
6435,1227,1213312,115 North,Tri520299,0,113190,165577,0,0
6435,1225,1213313,115 North,Tri520298,0,112454,165577,0,0
6435,1227,1213314,115 North,Tri520298,0,113190,165577,0,0
6435,1225,1213315,115 North,Tri520297,0,112454,165577,0,0
6435,1227,1213316,115 North,Tri520297,0,113190,165577,0,0
6435,1225,1213317,115 North,Tri520296,0,112454,165577,0,0
6435,1227,1213318,115 North,Tri520296,0,113190,165577,0,0
6435,1225,1213319,115 North,Tri520295,0,112454,165577,0,0
6435,1227,1213320,115 North,Tri520295,0,113190,165577,0,0
6435,1225,1213321,115 North,Tri520294,0,112454,165577,0,0
6435,1227,1213322,115 North,Tri520294,0,113190,165577,0,0
6435,1225,1213323,115 North,Tri520293,0,112454,165577,0,0
6435,1227,1213324,115 North,Tri520293,0,113190,165577,0,0
6435,1225,1213325,115 North,Tri520292,0,112454,165577,0,0
6435,1227,1213326,115 North,Tri520292,0,113190,165577,0,0
6435,1225,1213327,115 North,Tri520291,0,112454,165577,0,0
6435,1227,1213328,115 North,Tri520291,0,113190,165577,0,0
6435,1225,1213329,115 North,Tri520290,0,112454,165577,0,0
6435,1227,1213330,115 North,Tri520290,0,113190,165577,0,0
6435,1225,1213646,115 South,Tri520289,1,112454,165584,0,0
6435,1227,1213647,115 South,Tri520289,1,113190,165584,0,0
6435,1225,1213648,115 South,Tri520288,1,112454,165584,0,0
6435,1227,1213649,115 South,Tri520288,1,113190,165584,0,0
6435,1225,1213650,115 South,Tri520287,1,112454,165584,0,0
6435,1227,1213651,115 South,Tri520287,1,113190,165584,0,0
6435,1225,1213652,115 South,Tri520286,1,112454,165584,0,0
6435,1227,1213653,115 South,Tri520286,1,113190,165584,0,0
6435,1225,1213654,115 South,Tri520285,1,112454,165584,0,0
6435,1227,1213655,115 South,Tri520285,1,113190,165584,0,0
6435,1225,1213656,115 South,Tri520284,1,112454,165584,0,0
6435,1227,1213657,115 South,Tri520284,1,113190,165584,0,0
6435,1225,1213658,115 South,Tri520283,1,112454,165584,0,0
6435,1227,1213659,115 South,Tri520283,1,113190,165584,0,0
6435,1225,1213660,115 South,Tri520282,1,112454,165584,0,0
6435,1227,1213661,115 South,Tri520282,1,113190,165584,0,0
6435,1225,1213662,115 South,Tri520281,1,112454,165584,0,0
6435,1227,1213663,115 South,Tri520281,1,113190,165584,0,0
6435,1225,1213664,115 South,Tri520280,1,112454,165584,0,0
6435,1227,1213665,115 South,Tri520280,1,113190,165584,0,0
6435,1228,1215313,115 South,Tri1160244,1,112621,165584,0,0
6435,1229,1215314,115 South,Tri1160244,1,112706,165584,0,0
6435,1230,1215315,115 South,Tri1160244,1,112787,165584,0,0
6435,1231,1215316,115 South,Tri1160244,1,112868,165584,0,0
6435,1232,1215317,115 South,Tri1160244,1,112948,165584,0,0
6435,1228,1215318,115 South,Tri1160245,1,112622,165584,0,0
6435,1229,1215319,115 South,Tri1160245,1,112707,165584,0,0
6435,1230,1215320,115 South,Tri1160245,1,112788,165584,0,0
6435,1231,1215321,115 South,Tri1160245,1,112869,165584,0,0
6435,1232,1215322,115 South,Tri1160245,1,112949,165584,0,0
6435,1228,1215323,115 South,Tri1160246,1,112623,165584,0,0
6435,1229,1215324,115 South,Tri1160246,1,112708,165584,0,0
6435,1230,1215325,115 South,Tri1160246,1,112789,165584,0,0
6435,1231,1215326,115 South,Tri1160246,1,112870,165584,0,0
6435,1232,1215327,115 South,Tri1160246,1,112950,165584,0,0
6435,1228,1215328,115 South,Tri1160247,1,112624,165584,0,0
6435,1229,1215329,115 South,Tri1160247,1,112709,165584,0,0
6435,1230,1215330,115 South,Tri1160247,1,112790,165584,0,0
6435,1231,1215331,115 South,Tri1160247,1,112871,165584,0,0
6435,1232,1215332,115 South,Tri1160247,1,112951,165584,0,0
6435,1228,1215333,115 South,Tri1160248,1,112621,165584,0,0
6435,1229,1215334,115 South,Tri1160248,1,112706,165584,0,0
6435,1230,1215335,115 South,Tri1160248,1,112787,165584,0,0
6435,1231,1215336,115 South,Tri1160248,1,112868,165584,0,0
6435,1232,1215337,115 South,Tri1160248,1,112948,165584,0,0
6435,1228,1215338,115 South,Tri1160249,1,112622,165584,0,0
6435,1229,1215339,115 South,Tri1160249,1,112707,165584,0,0
6435,1230,1215340,115 South,Tri1160249,1,112788,165584,0,0
6435,1231,1215341,115 South,Tri1160249,1,112869,165584,0,0
6435,1232,1215342,115 South,Tri1160249,1,112949,165584,0,0
6435,1228,1215343,115 South,Tri1160250,1,112623,165584,0,0
6435,1229,1215344,115 South,Tri1160250,1,112708,165584,0,0
6435,1230,1215345,115 South,Tri1160250,1,112789,165584,0,0
6435,1231,1215346,115 South,Tri1160250,1,112870,165584,0,0
6435,1232,1215347,115 South,Tri1160250,1,112950,165584,0,0
6435,1228,1215348,115 South,Tri1160251,1,112624,165584,0,0
6435,1229,1215349,115 South,Tri1160251,1,112709,165584,0,0
6435,1230,1215350,115 South,Tri1160251,1,112790,165584,0,0
6435,1231,1215351,115 South,Tri1160251,1,112871,165584,0,0
6435,1232,1215352,115 South,Tri1160251,1,112951,165584,0,0
6435,1228,1215353,115 South,Tri1160252,1,112621,165584,0,0
6435,1229,1215354,115 South,Tri1160252,1,112706,165584,0,0
6435,1230,1215355,115 South,Tri1160252,1,112787,165584,0,0
6435,1231,1215356,115 South,Tri1160252,1,112868,165584,0,0
6435,1232,1215357,115 South,Tri1160252,1,112948,165584,0,0
6435,1228,1215358,115 South,Tri1160253,1,112622,165584,0,0
6435,1229,1215359,115 South,Tri1160253,1,112707,165584,0,0
6435,1230,1215360,115 South,Tri1160253,1,112788,165584,0,0
6435,1231,1215361,115 South,Tri1160253,1,112869,165584,0,0
6435,1232,1215362,115 South,Tri1160253,1,112949,165584,0,0
6435,1228,1215363,115 South,Tri1160254,1,112623,165584,0,0
6435,1229,1215364,115 South,Tri1160254,1,112708,165584,0,0
6435,1230,1215365,115 South,Tri1160254,1,112789,165584,0,0
6435,1231,1215366,115 South,Tri1160254,1,112870,165584,0,0
6435,1232,1215367,115 South,Tri1160254,1,112950,165584,0,0
6435,1228,1215368,115 South,Tri1160255,1,112624,165584,0,0
6435,1229,1215369,115 South,Tri1160255,1,112709,165584,0,0
6435,1230,1215370,115 South,Tri1160255,1,112790,165584,0,0
6435,1231,1215371,115 South,Tri1160255,1,112871,165584,0,0
6435,1232,1215372,115 South,Tri1160255,1,112951,165584,0,0
6435,1228,1215373,115 South,Tri1160256,1,112621,165584,0,0
6435,1229,1215374,115 South,Tri1160256,1,112706,165584,0,0
6435,1230,1215375,115 South,Tri1160256,1,112787,165584,0,0
6435,1231,1215376,115 South,Tri1160256,1,112868,165584,0,0
6435,1232,1215377,115 South,Tri1160256,1,112948,165584,0,0
6435,1228,1215378,115 South,Tri1160257,1,112622,165584,0,0
6435,1229,1215379,115 South,Tri1160257,1,112707,165584,0,0
6435,1230,1215380,115 South,Tri1160257,1,112788,165584,0,0
6435,1231,1215381,115 South,Tri1160257,1,112869,165584,0,0
6435,1232,1215382,115 South,Tri1160257,1,112949,165584,0,0
6435,1228,1215383,115 South,Tri1160258,1,112623,165584,0,0
6435,1229,1215384,115 South,Tri1160258,1,112708,165584,0,0
6435,1230,1215385,115 South,Tri1160258,1,112789,165584,0,0
6435,1231,1215386,115 South,Tri1160258,1,112870,165584,0,0
6435,1232,1215387,115 South,Tri1160258,1,112950,165584,0,0
6435,1228,1215388,115 South,Tri1160259,1,112624,165584,0,0
6435,1229,1215389,115 South,Tri1160259,1,112709,165584,0,0
6435,1230,1215390,115 South,Tri1160259,1,112790,165584,0,0
6435,1231,1215391,115 South,Tri1160259,1,112871,165584,0,0
6435,1232,1215392,115 South,Tri1160259,1,112951,165584,0,0
6435,1228,1215393,115 South,Tri1160260,1,112621,165584,0,0
6435,1229,1215394,115 South,Tri1160260,1,112706,165584,0,0
6435,1230,1215395,115 South,Tri1160260,1,112787,165584,0,0
6435,1231,1215396,115 South,Tri1160260,1,112868,165584,0,0
6435,1232,1215397,115 South,Tri1160260,1,112948,165584,0,0
6435,1228,1215398,115 South,Tri1160261,1,112622,165584,0,0
6435,1229,1215399,115 South,Tri1160261,1,112707,165584,0,0
6435,1230,1215400,115 South,Tri1160261,1,112788,165584,0,0
6435,1231,1215401,115 South,Tri1160261,1,112869,165584,0,0
6435,1232,1215402,115 South,Tri1160261,1,112949,165584,0,0
6435,1228,1215403,115 South,Tri1160262,1,112623,165584,0,0
6435,1229,1215404,115 South,Tri1160262,1,112708,165584,0,0
6435,1230,1215405,115 South,Tri1160262,1,112789,165584,0,0
6435,1231,1215406,115 South,Tri1160262,1,112870,165584,0,0
6435,1232,1215407,115 South,Tri1160262,1,112950,165584,0,0
6435,1228,1215408,115 South,Tri1160263,1,112624,165584,0,0
6435,1229,1215409,115 South,Tri1160263,1,112709,165584,0,0
6435,1230,1215410,115 South,Tri1160263,1,112790,165584,0,0
6435,1231,1215411,115 South,Tri1160263,1,112871,165584,0,0
6435,1232,1215412,115 South,Tri1160263,1,112951,165584,0,0
6435,1228,1215413,115 South,Tri1160264,1,112621,165584,0,0
6435,1229,1215414,115 South,Tri1160264,1,112706,165584,0,0
6435,1230,1215415,115 South,Tri1160264,1,112787,165584,0,0
6435,1231,1215416,115 South,Tri1160264,1,112868,165584,0,0
6435,1232,1215417,115 South,Tri1160264,1,112948,165584,0,0
6435,1228,1215418,115 South,Tri1160265,1,112622,165584,0,0
6435,1229,1215419,115 South,Tri1160265,1,112707,165584,0,0
6435,1230,1215420,115 South,Tri1160265,1,112788,165584,0,0
6435,1231,1215421,115 South,Tri1160265,1,112869,165584,0,0
6435,1232,1215422,115 South,Tri1160265,1,112949,165584,0,0
6435,1228,1215423,115 South,Tri1160266,1,112623,165584,0,0
6435,1229,1215424,115 South,Tri1160266,1,112708,165584,0,0
6435,1230,1215425,115 South,Tri1160266,1,112789,165584,0,0
6435,1231,1215426,115 South,Tri1160266,1,112870,165584,0,0
6435,1232,1215427,115 South,Tri1160266,1,112950,165584,0,0
6435,1228,1215428,115 South,Tri1160267,1,112624,165584,0,0
6435,1229,1215429,115 South,Tri1160267,1,112709,165584,0,0
6435,1230,1215430,115 South,Tri1160267,1,112790,165584,0,0
6435,1231,1215431,115 South,Tri1160267,1,112871,165584,0,0
6435,1232,1215432,115 South,Tri1160267,1,112951,165584,0,0
6435,1228,1215433,115 South,Tri1160268,1,112621,165584,0,0
6435,1229,1215434,115 South,Tri1160268,1,112706,165584,0,0
6435,1230,1215435,115 South,Tri1160268,1,112787,165584,0,0
6435,1231,1215436,115 South,Tri1160268,1,112868,165584,0,0
6435,1232,1215437,115 South,Tri1160268,1,112948,165584,0,0
6435,1228,1215438,115 South,Tri1160269,1,112622,165584,0,0
6435,1229,1215439,115 South,Tri1160269,1,112707,165584,0,0
6435,1230,1215440,115 South,Tri1160269,1,112788,165584,0,0
6435,1231,1215441,115 South,Tri1160269,1,112869,165584,0,0
6435,1232,1215442,115 South,Tri1160269,1,112949,165584,0,0
6435,1228,1215443,115 South,Tri1160270,1,112623,165584,0,0
6435,1229,1215444,115 South,Tri1160270,1,112708,165584,0,0
6435,1230,1215445,115 South,Tri1160270,1,112789,165584,0,0
6435,1231,1215446,115 South,Tri1160270,1,112870,165584,0,0
6435,1232,1215447,115 South,Tri1160270,1,112950,165584,0,0
6435,1228,1215448,115 South,Tri1160271,1,112624,165584,0,0
6435,1229,1215449,115 South,Tri1160271,1,112709,165584,0,0
6435,1230,1215450,115 South,Tri1160271,1,112790,165584,0,0
6435,1231,1215451,115 South,Tri1160271,1,112871,165584,0,0
6435,1232,1215452,115 South,Tri1160271,1,112951,165584,0,0
6435,1228,1215453,115 South,Tri1160272,1,112621,165584,0,0
6435,1229,1215454,115 South,Tri1160272,1,112706,165584,0,0
6435,1230,1215455,115 South,Tri1160272,1,112787,165584,0,0
6435,1231,1215456,115 South,Tri1160272,1,112868,165584,0,0
6435,1232,1215457,115 South,Tri1160272,1,112948,165584,0,0
6435,1228,1215458,115 South,Tri1160273,1,112622,165584,0,0
6435,1229,1215459,115 South,Tri1160273,1,112707,165584,0,0
6435,1230,1215460,115 South,Tri1160273,1,112788,165584,0,0
6435,1231,1215461,115 South,Tri1160273,1,112869,165584,0,0
6435,1232,1215462,115 South,Tri1160273,1,112949,165584,0,0
6435,1228,1215463,115 South,Tri1160274,1,112623,165584,0,0
6435,1229,1215464,115 South,Tri1160274,1,112708,165584,0,0
6435,1230,1215465,115 South,Tri1160274,1,112789,165584,0,0
6435,1231,1215466,115 South,Tri1160274,1,112870,165584,0,0
6435,1232,1215467,115 South,Tri1160274,1,112950,165584,0,0
6435,1228,1215468,115 South,Tri1160275,1,112624,165584,0,0
6435,1229,1215469,115 South,Tri1160275,1,112709,165584,0,0
6435,1230,1215470,115 South,Tri1160275,1,112790,165584,0,0
6435,1231,1215471,115 South,Tri1160275,1,112871,165584,0,0
6435,1232,1215472,115 South,Tri1160275,1,112951,165584,0,0
6435,1228,1215473,115 South,Tri1160276,1,112621,165584,0,0
6435,1229,1215474,115 South,Tri1160276,1,112706,165584,0,0
6435,1230,1215475,115 South,Tri1160276,1,112787,165584,0,0
6435,1231,1215476,115 South,Tri1160276,1,112868,165584,0,0
6435,1232,1215477,115 South,Tri1160276,1,112948,165584,0,0
6435,1228,1215478,115 South,Tri1160277,1,112622,165584,0,0
6435,1229,1215479,115 South,Tri1160277,1,112707,165584,0,0
6435,1230,1215480,115 South,Tri1160277,1,112788,165584,0,0
6435,1231,1215481,115 South,Tri1160277,1,112869,165584,0,0
6435,1232,1215482,115 South,Tri1160277,1,112949,165584,0,0
6435,1228,1215483,115 South,Tri1160278,1,112623,165584,0,0
6435,1229,1215484,115 South,Tri1160278,1,112708,165584,0,0
6435,1230,1215485,115 South,Tri1160278,1,112789,165584,0,0
6435,1231,1215486,115 South,Tri1160278,1,112870,165584,0,0
6435,1232,1215487,115 South,Tri1160278,1,112950,165584,0,0
6435,1228,1215488,115 South,Tri1160279,1,112624,165584,0,0
6435,1229,1215489,115 South,Tri1160279,1,112709,165584,0,0
6435,1230,1215490,115 South,Tri1160279,1,112790,165584,0,0
6435,1231,1215491,115 South,Tri1160279,1,112871,165584,0,0
6435,1232,1215492,115 South,Tri1160279,1,112951,165584,0,0
6435,1228,1215493,115 South,Tri1160280,1,112621,165584,0,0
6435,1229,1215494,115 South,Tri1160280,1,112706,165584,0,0
6435,1230,1215495,115 South,Tri1160280,1,112787,165584,0,0
6435,1231,1215496,115 South,Tri1160280,1,112868,165584,0,0
6435,1232,1215497,115 South,Tri1160280,1,112948,165584,0,0
6435,1228,1215498,115 South,Tri1160281,1,112622,165584,0,0
6435,1229,1215499,115 South,Tri1160281,1,112707,165584,0,0
6435,1230,1215500,115 South,Tri1160281,1,112788,165584,0,0
6435,1231,1215501,115 South,Tri1160281,1,112869,165584,0,0
6435,1232,1215502,115 South,Tri1160281,1,112949,165584,0,0
6435,1228,1215503,115 South,Tri1160282,1,112623,165584,0,0
6435,1229,1215504,115 South,Tri1160282,1,112708,165584,0,0
6435,1230,1215505,115 South,Tri1160282,1,112789,165584,0,0
6435,1231,1215506,115 South,Tri1160282,1,112870,165584,0,0
6435,1232,1215507,115 South,Tri1160282,1,112950,165584,0,0
6435,1228,1215508,115 South,Tri1160283,1,112624,165584,0,0
6435,1229,1215509,115 South,Tri1160283,1,112709,165584,0,0
6435,1230,1215510,115 South,Tri1160283,1,112790,165584,0,0
6435,1231,1215511,115 South,Tri1160283,1,112871,165584,0,0
6435,1232,1215512,115 South,Tri1160283,1,112951,165584,0,0
6435,1228,1215513,115 South,Tri1160284,1,112621,165584,0,0
6435,1229,1215514,115 South,Tri1160284,1,112706,165584,0,0
6435,1230,1215515,115 South,Tri1160284,1,112787,165584,0,0
6435,1231,1215516,115 South,Tri1160284,1,112868,165584,0,0
6435,1232,1215517,115 South,Tri1160284,1,112948,165584,0,0
6435,1228,1215518,115 South,Tri1160285,1,112622,165584,0,0
6435,1229,1215519,115 South,Tri1160285,1,112707,165584,0,0
6435,1230,1215520,115 South,Tri1160285,1,112788,165584,0,0
6435,1231,1215521,115 South,Tri1160285,1,112869,165584,0,0
6435,1232,1215522,115 South,Tri1160285,1,112949,165584,0,0
6435,1228,1215523,115 South,Tri1160286,1,112623,165584,0,0
6435,1229,1215524,115 South,Tri1160286,1,112708,165584,0,0
6435,1230,1215525,115 South,Tri1160286,1,112789,165584,0,0
6435,1231,1215526,115 South,Tri1160286,1,112870,165584,0,0
6435,1232,1215527,115 South,Tri1160286,1,112950,165584,0,0
6435,1228,1215528,115 South,Tri1160287,1,112624,165584,0,0
6435,1229,1215529,115 South,Tri1160287,1,112709,165584,0,0
6435,1230,1215530,115 South,Tri1160287,1,112790,165584,0,0
6435,1231,1215531,115 South,Tri1160287,1,112871,165584,0,0
6435,1232,1215532,115 South,Tri1160287,1,112951,165584,0,0
6435,1228,1215533,115 South,Tri1160288,1,112621,165584,0,0
6435,1229,1215534,115 South,Tri1160288,1,112706,165584,0,0
6435,1230,1215535,115 South,Tri1160288,1,112787,165584,0,0
6435,1231,1215536,115 South,Tri1160288,1,112868,165584,0,0
6435,1232,1215537,115 South,Tri1160288,1,112948,165584,0,0
6435,1228,1215538,115 South,Tri1160289,1,112622,165584,0,0
6435,1229,1215539,115 South,Tri1160289,1,112707,165584,0,0
6435,1230,1215540,115 South,Tri1160289,1,112788,165584,0,0
6435,1231,1215541,115 South,Tri1160289,1,112869,165584,0,0
6435,1232,1215542,115 South,Tri1160289,1,112949,165584,0,0
6435,1228,1215543,115 South,Tri1160290,1,112623,165584,0,0
6435,1229,1215544,115 South,Tri1160290,1,112708,165584,0,0
6435,1230,1215545,115 South,Tri1160290,1,112789,165584,0,0
6435,1231,1215546,115 South,Tri1160290,1,112870,165584,0,0
6435,1232,1215547,115 South,Tri1160290,1,112950,165584,0,0
6435,1228,1215548,115 South,Tri1160291,1,112624,165584,0,0
6435,1229,1215549,115 South,Tri1160291,1,112709,165584,0,0
6435,1230,1215550,115 South,Tri1160291,1,112790,165584,0,0
6435,1231,1215551,115 South,Tri1160291,1,112871,165584,0,0
6435,1232,1215552,115 South,Tri1160291,1,112951,165584,0,0
6435,1228,1215553,115 South,Tri1160292,1,112621,165584,0,0
6435,1229,1215554,115 South,Tri1160292,1,112706,165584,0,0
6435,1230,1215555,115 South,Tri1160292,1,112787,165584,0,0
6435,1231,1215556,115 South,Tri1160292,1,112868,165584,0,0
6435,1232,1215557,115 South,Tri1160292,1,112948,165584,0,0
6435,1228,1215558,115 South,Tri1160293,1,112622,165584,0,0
6435,1229,1215559,115 South,Tri1160293,1,112707,165584,0,0
6435,1230,1215560,115 South,Tri1160293,1,112788,165584,0,0
6435,1231,1215561,115 South,Tri1160293,1,112869,165584,0,0
6435,1232,1215562,115 South,Tri1160293,1,112949,165584,0,0
6435,1228,1215563,115 South,Tri1160294,1,112623,165584,0,0
6435,1229,1215564,115 South,Tri1160294,1,112708,165584,0,0
6435,1230,1215565,115 South,Tri1160294,1,112789,165584,0,0
6435,1231,1215566,115 South,Tri1160294,1,112870,165584,0,0
6435,1232,1215567,115 South,Tri1160294,1,112950,165584,0,0
6435,1228,1215568,115 South,Tri1160295,1,112624,165584,0,0
6435,1229,1215569,115 South,Tri1160295,1,112709,165584,0,0
6435,1230,1215570,115 South,Tri1160295,1,112790,165584,0,0
6435,1231,1215571,115 South,Tri1160295,1,112871,165584,0,0
6435,1232,1215572,115 South,Tri1160295,1,112951,165584,0,0
6435,1228,1215573,115 South,Tri1160296,1,112621,165584,0,0
6435,1229,1215574,115 South,Tri1160296,1,112706,165584,0,0
6435,1230,1215575,115 South,Tri1160296,1,112787,165584,0,0
6435,1231,1215576,115 South,Tri1160296,1,112868,165584,0,0
6435,1232,1215577,115 South,Tri1160296,1,112948,165584,0,0
6435,1228,1218338,115 North,Tri1160301,0,112621,165577,0,0
6435,1229,1218339,115 North,Tri1160301,0,112706,165577,0,0
6435,1230,1218340,115 North,Tri1160301,0,112787,165577,0,0
6435,1231,1218341,115 North,Tri1160301,0,112868,165577,0,0
6435,1232,1218342,115 North,Tri1160301,0,112948,165577,0,0
6435,1228,1218343,115 North,Tri1160302,0,112622,165577,0,0
6435,1229,1218344,115 North,Tri1160302,0,112707,165577,0,0
6435,1230,1218345,115 North,Tri1160302,0,112788,165577,0,0
6435,1231,1218346,115 North,Tri1160302,0,112869,165577,0,0
6435,1232,1218347,115 North,Tri1160302,0,112949,165577,0,0
6435,1228,1218348,115 North,Tri1160303,0,112623,165577,0,0
6435,1229,1218349,115 North,Tri1160303,0,112708,165577,0,0
6435,1230,1218350,115 North,Tri1160303,0,112789,165577,0,0
6435,1231,1218351,115 North,Tri1160303,0,112870,165577,0,0
6435,1232,1218352,115 North,Tri1160303,0,112950,165577,0,0
6435,1228,1218353,115 North,Tri1160304,0,112624,165577,0,0
6435,1229,1218354,115 North,Tri1160304,0,112709,165577,0,0
6435,1230,1218355,115 North,Tri1160304,0,112790,165577,0,0
6435,1231,1218356,115 North,Tri1160304,0,112871,165577,0,0
6435,1232,1218357,115 North,Tri1160304,0,112951,165577,0,0
6435,1228,1218358,115 North,Tri1160305,0,112621,165577,0,0
6435,1229,1218359,115 North,Tri1160305,0,112706,165577,0,0
6435,1230,1218360,115 North,Tri1160305,0,112787,165577,0,0
6435,1231,1218361,115 North,Tri1160305,0,112868,165577,0,0
6435,1232,1218362,115 North,Tri1160305,0,112948,165577,0,0
6435,1228,1218363,115 North,Tri1160306,0,112622,165577,0,0
6435,1229,1218364,115 North,Tri1160306,0,112707,165577,0,0
6435,1230,1218365,115 North,Tri1160306,0,112788,165577,0,0
6435,1231,1218366,115 North,Tri1160306,0,112869,165577,0,0
6435,1232,1218367,115 North,Tri1160306,0,112949,165577,0,0
6435,1228,1218368,115 North,Tri1160307,0,112623,165577,0,0
6435,1229,1218369,115 North,Tri1160307,0,112708,165577,0,0
6435,1230,1218370,115 North,Tri1160307,0,112789,165577,0,0
6435,1232,1218337,115 North,Tri1160300,0,112951,165577,0,0
6435,1231,1218336,115 North,Tri1160300,0,112871,165577,0,0
6435,1230,1218335,115 North,Tri1160300,0,112790,165577,0,0
6435,1229,1218334,115 North,Tri1160300,0,112709,165577,0,0
6435,1228,1218333,115 North,Tri1160300,0,112624,165577,0,0
6435,1232,1218332,115 North,Tri1160299,0,112950,165577,0,0
6435,1231,1218331,115 North,Tri1160299,0,112870,165577,0,0
6435,1230,1218330,115 North,Tri1160299,0,112789,165577,0,0
6435,1229,1218329,115 North,Tri1160299,0,112708,165577,0,0
6435,1228,1218328,115 North,Tri1160299,0,112623,165577,0,0
6435,1232,1218327,115 North,Tri1160298,0,112949,165577,0,0
6435,1231,1218326,115 North,Tri1160298,0,112869,165577,0,0
6435,1230,1218325,115 North,Tri1160298,0,112788,165577,0,0
6435,1229,1218324,115 North,Tri1160298,0,112707,165577,0,0
6435,1228,1218323,115 North,Tri1160298,0,112622,165577,0,0
6435,1232,1218322,115 North,Tri1160297,0,112948,165577,0,0
6435,1231,1218321,115 North,Tri1160297,0,112868,165577,0,0
6435,1230,1218320,115 North,Tri1160297,0,112787,165577,0,0
6435,1229,1218319,115 North,Tri1160297,0,112706,165577,0,0
6435,1228,1218318,115 North,Tri1160297,0,112621,165577,0,0
6435,1231,1218371,115 North,Tri1160307,0,112870,165577,0,0
6435,1232,1218372,115 North,Tri1160307,0,112950,165577,0,0
6435,1228,1218373,115 North,Tri1160308,0,112624,165577,0,0
6435,1229,1218374,115 North,Tri1160308,0,112709,165577,0,0
6435,1230,1218375,115 North,Tri1160308,0,112790,165577,0,0
6435,1231,1218376,115 North,Tri1160308,0,112871,165577,0,0
6435,1232,1218377,115 North,Tri1160308,0,112951,165577,0,0
6435,1228,1218378,115 North,Tri1160309,0,112621,165577,0,0
6435,1229,1218379,115 North,Tri1160309,0,112706,165577,0,0
6435,1230,1218380,115 North,Tri1160309,0,112787,165577,0,0
6435,1231,1218381,115 North,Tri1160309,0,112868,165577,0,0
6435,1232,1218382,115 North,Tri1160309,0,112948,165577,0,0
6435,1228,1218383,115 North,Tri1160310,0,112622,165577,0,0
6435,1229,1218384,115 North,Tri1160310,0,112707,165577,0,0
6435,1230,1218385,115 North,Tri1160310,0,112788,165577,0,0
6435,1231,1218386,115 North,Tri1160310,0,112869,165577,0,0
6435,1232,1218387,115 North,Tri1160310,0,112949,165577,0,0
6435,1228,1218388,115 North,Tri1160311,0,112623,165577,0,0
6435,1229,1218389,115 North,Tri1160311,0,112708,165577,0,0
6435,1230,1218390,115 North,Tri1160311,0,112789,165577,0,0
6435,1231,1218391,115 North,Tri1160311,0,112870,165577,0,0
6435,1232,1218392,115 North,Tri1160311,0,112950,165577,0,0
6435,1228,1218393,115 North,Tri1160312,0,112624,165577,0,0
6435,1229,1218394,115 North,Tri1160312,0,112709,165577,0,0
6435,1230,1218395,115 North,Tri1160312,0,112790,165577,0,0
6435,1231,1218396,115 North,Tri1160312,0,112871,165577,0,0
6435,1232,1218397,115 North,Tri1160312,0,112951,165577,0,0
6435,1228,1218398,115 North,Tri1160313,0,112621,165577,0,0
6435,1229,1218399,115 North,Tri1160313,0,112706,165577,0,0
6435,1230,1218400,115 North,Tri1160313,0,112787,165577,0,0
6435,1231,1218401,115 North,Tri1160313,0,112868,165577,0,0
6435,1232,1218402,115 North,Tri1160313,0,112948,165577,0,0
6435,1228,1218403,115 North,Tri1160314,0,112622,165577,0,0
6435,1229,1218404,115 North,Tri1160314,0,112707,165577,0,0
6435,1230,1218405,115 North,Tri1160314,0,112788,165577,0,0
6435,1231,1218406,115 North,Tri1160314,0,112869,165577,0,0
6435,1232,1218407,115 North,Tri1160314,0,112949,165577,0,0
6435,1228,1218408,115 North,Tri1160315,0,112623,165577,0,0
6435,1229,1218409,115 North,Tri1160315,0,112708,165577,0,0
6435,1230,1218410,115 North,Tri1160315,0,112789,165577,0,0
6435,1231,1218411,115 North,Tri1160315,0,112870,165577,0,0
6435,1232,1218412,115 North,Tri1160315,0,112950,165577,0,0
6435,1228,1218413,115 North,Tri1160316,0,112624,165577,0,0
6435,1229,1218414,115 North,Tri1160316,0,112709,165577,0,0
6435,1230,1218415,115 North,Tri1160316,0,112790,165577,0,0
6435,1231,1218416,115 North,Tri1160316,0,112871,165577,0,0
6435,1232,1218417,115 North,Tri1160316,0,112951,165577,0,0
6435,1228,1218418,115 North,Tri1160317,0,112621,165577,0,0
6435,1229,1218419,115 North,Tri1160317,0,112706,165577,0,0
6435,1230,1218420,115 North,Tri1160317,0,112787,165577,0,0
6435,1231,1218421,115 North,Tri1160317,0,112868,165577,0,0
6435,1232,1218422,115 North,Tri1160317,0,112948,165577,0,0
6435,1228,1218423,115 North,Tri1160318,0,112622,165577,0,0
6435,1229,1218424,115 North,Tri1160318,0,112707,165577,0,0
6435,1230,1218425,115 North,Tri1160318,0,112788,165577,0,0
6435,1231,1218426,115 North,Tri1160318,0,112869,165577,0,0
6435,1232,1218427,115 North,Tri1160318,0,112949,165577,0,0
6435,1228,1218428,115 North,Tri1160319,0,112623,165577,0,0
6435,1229,1218429,115 North,Tri1160319,0,112708,165577,0,0
6435,1230,1218430,115 North,Tri1160319,0,112789,165577,0,0
6435,1231,1218431,115 North,Tri1160319,0,112870,165577,0,0
6435,1232,1218432,115 North,Tri1160319,0,112950,165577,0,0
6435,1228,1218433,115 North,Tri1160320,0,112624,165577,0,0
6435,1229,1218434,115 North,Tri1160320,0,112709,165577,0,0
6435,1230,1218435,115 North,Tri1160320,0,112790,165577,0,0
6435,1231,1218436,115 North,Tri1160320,0,112871,165577,0,0
6435,1232,1218437,115 North,Tri1160320,0,112951,165577,0,0
6435,1228,1218438,115 North,Tri1160321,0,112621,165577,0,0
6435,1229,1218439,115 North,Tri1160321,0,112706,165577,0,0
6435,1230,1218440,115 North,Tri1160321,0,112787,165577,0,0
6435,1231,1218441,115 North,Tri1160321,0,112868,165577,0,0
6435,1232,1218442,115 North,Tri1160321,0,112948,165577,0,0
6435,1228,1218443,115 North,Tri1160322,0,112622,165577,0,0
6435,1229,1218444,115 North,Tri1160322,0,112707,165577,0,0
6435,1230,1218445,115 North,Tri1160322,0,112788,165577,0,0
6435,1231,1218446,115 North,Tri1160322,0,112869,165577,0,0
6435,1232,1218447,115 North,Tri1160322,0,112949,165577,0,0
6435,1228,1218448,115 North,Tri1160323,0,112623,165577,0,0
6435,1229,1218449,115 North,Tri1160323,0,112708,165577,0,0
6435,1230,1218450,115 North,Tri1160323,0,112789,165577,0,0
6435,1231,1218451,115 North,Tri1160323,0,112870,165577,0,0
6435,1232,1218452,115 North,Tri1160323,0,112950,165577,0,0
6435,1228,1218453,115 North,Tri1160324,0,112624,165577,0,0
6435,1229,1218454,115 North,Tri1160324,0,112709,165577,0,0
6435,1230,1218455,115 North,Tri1160324,0,112790,165577,0,0
6435,1231,1218456,115 North,Tri1160324,0,112871,165577,0,0
6435,1232,1218457,115 North,Tri1160324,0,112951,165577,0,0
6435,1228,1218458,115 North,Tri1160325,0,112621,165577,0,0
6435,1229,1218459,115 North,Tri1160325,0,112706,165577,0,0
6435,1230,1218460,115 North,Tri1160325,0,112787,165577,0,0
6435,1231,1218461,115 North,Tri1160325,0,112868,165577,0,0
6435,1232,1218462,115 North,Tri1160325,0,112948,165577,0,0
6435,1228,1218463,115 North,Tri1160326,0,112622,165577,0,0
6435,1229,1218464,115 North,Tri1160326,0,112707,165577,0,0
6435,1230,1218465,115 North,Tri1160326,0,112788,165577,0,0
6435,1231,1218466,115 North,Tri1160326,0,112869,165577,0,0
6435,1232,1218467,115 North,Tri1160326,0,112949,165577,0,0
6435,1228,1218468,115 North,Tri1160327,0,112623,165577,0,0
6435,1229,1218469,115 North,Tri1160327,0,112708,165577,0,0
6435,1230,1218470,115 North,Tri1160327,0,112789,165577,0,0
6435,1231,1218471,115 North,Tri1160327,0,112870,165577,0,0
6435,1232,1218472,115 North,Tri1160327,0,112950,165577,0,0
6435,1228,1218473,115 North,Tri1160328,0,112624,165577,0,0
6435,1229,1218474,115 North,Tri1160328,0,112709,165577,0,0
6435,1230,1218475,115 North,Tri1160328,0,112790,165577,0,0
6435,1231,1218476,115 North,Tri1160328,0,112871,165577,0,0
6435,1232,1218477,115 North,Tri1160328,0,112951,165577,0,0
6435,1228,1218478,115 North,Tri1160329,0,112621,165577,0,0
6435,1229,1218479,115 North,Tri1160329,0,112706,165577,0,0
6435,1230,1218480,115 North,Tri1160329,0,112787,165577,0,0
6435,1231,1218481,115 North,Tri1160329,0,112868,165577,0,0
6435,1232,1218482,115 North,Tri1160329,0,112948,165577,0,0
6435,1228,1218483,115 North,Tri1160330,0,112622,165577,0,0
6435,1229,1218484,115 North,Tri1160330,0,112707,165577,0,0
6435,1230,1218485,115 North,Tri1160330,0,112788,165577,0,0
6435,1231,1218486,115 North,Tri1160330,0,112869,165577,0,0
6435,1232,1218487,115 North,Tri1160330,0,112949,165577,0,0
6435,1228,1218488,115 North,Tri1160331,0,112623,165577,0,0
6435,1229,1218489,115 North,Tri1160331,0,112708,165577,0,0
6435,1230,1218490,115 North,Tri1160331,0,112789,165577,0,0
6435,1231,1218491,115 North,Tri1160331,0,112870,165577,0,0
6435,1232,1218492,115 North,Tri1160331,0,112950,165577,0,0
6435,1228,1218493,115 North,Tri1160332,0,112624,165577,0,0
6435,1229,1218494,115 North,Tri1160332,0,112709,165577,0,0
6435,1230,1218495,115 North,Tri1160332,0,112790,165577,0,0
6435,1231,1218496,115 North,Tri1160332,0,112871,165577,0,0
6435,1232,1218497,115 North,Tri1160332,0,112951,165577,0,0
6435,1228,1218498,115 North,Tri1160333,0,112621,165577,0,0
6435,1229,1218499,115 North,Tri1160333,0,112706,165577,0,0
6435,1230,1218500,115 North,Tri1160333,0,112787,165577,0,0
6435,1231,1218501,115 North,Tri1160333,0,112868,165577,0,0
6435,1232,1218502,115 North,Tri1160333,0,112948,165577,0,0
6435,1228,1218503,115 North,Tri1160334,0,112622,165577,0,0
6435,1229,1218504,115 North,Tri1160334,0,112707,165577,0,0
6435,1230,1218505,115 North,Tri1160334,0,112788,165577,0,0
6435,1231,1218506,115 North,Tri1160334,0,112869,165577,0,0
6435,1232,1218507,115 North,Tri1160334,0,112949,165577,0,0
6435,1228,1218508,115 North,Tri1160335,0,112623,165577,0,0
6435,1229,1218509,115 North,Tri1160335,0,112708,165577,0,0
6435,1230,1218510,115 North,Tri1160335,0,112789,165577,0,0
6435,1231,1218511,115 North,Tri1160335,0,112870,165577,0,0
6435,1232,1218512,115 North,Tri1160335,0,112950,165577,0,0
6435,1228,1218513,115 North,Tri1160336,0,112624,165577,0,0
6435,1229,1218514,115 North,Tri1160336,0,112709,165577,0,0
6435,1230,1218515,115 North,Tri1160336,0,112790,165577,0,0
6435,1231,1218516,115 North,Tri1160336,0,112871,165577,0,0
6435,1232,1218517,115 North,Tri1160336,0,112951,165577,0,0
6435,1228,1218518,115 North,Tri1160337,0,112621,165577,0,0
6435,1229,1218519,115 North,Tri1160337,0,112706,165577,0,0
6435,1230,1218520,115 North,Tri1160337,0,112787,165577,0,0
6435,1231,1218521,115 North,Tri1160337,0,112868,165577,0,0
6435,1232,1218522,115 North,Tri1160337,0,112948,165577,0,0
6435,1228,1218523,115 North,Tri1160338,0,112622,165577,0,0
6435,1229,1218524,115 North,Tri1160338,0,112707,165577,0,0
6435,1230,1218525,115 North,Tri1160338,0,112788,165577,0,0
6435,1231,1218526,115 North,Tri1160338,0,112869,165577,0,0
6435,1232,1218527,115 North,Tri1160338,0,112949,165577,0,0
6435,1228,1218528,115 North,Tri1160339,0,112623,165577,0,0
6435,1229,1218529,115 North,Tri1160339,0,112708,165577,0,0
6435,1230,1218530,115 North,Tri1160339,0,112789,165577,0,0
6435,1231,1218531,115 North,Tri1160339,0,112870,165577,0,0
6435,1232,1218532,115 North,Tri1160339,0,112950,165577,0,0
6435,1228,1218533,115 North,Tri1160340,0,112624,165577,0,0
6435,1229,1218534,115 North,Tri1160340,0,112709,165577,0,0
6435,1230,1218535,115 North,Tri1160340,0,112790,165577,0,0
6435,1231,1218536,115 North,Tri1160340,0,112871,165577,0,0
6435,1232,1218537,115 North,Tri1160340,0,112951,165577,0,0
6435,1228,1218538,115 North,Tri1160341,0,112621,165577,0,0
6435,1229,1218539,115 North,Tri1160341,0,112706,165577,0,0
6435,1230,1218540,115 North,Tri1160341,0,112787,165577,0,0
6435,1231,1218541,115 North,Tri1160341,0,112868,165577,0,0
6435,1232,1218542,115 North,Tri1160341,0,112948,165577,0,0
6435,1228,1218543,115 North,Tri1160342,0,112622,165577,0,0
6435,1229,1218544,115 North,Tri1160342,0,112707,165577,0,0
6435,1230,1218545,115 North,Tri1160342,0,112788,165577,0,0
6435,1231,1218546,115 North,Tri1160342,0,112869,165577,0,0
6435,1232,1218547,115 North,Tri1160342,0,112949,165577,0,0
6435,1228,1218548,115 North,Tri1160343,0,112623,165577,0,0
6435,1229,1218549,115 North,Tri1160343,0,112708,165577,0,0
6435,1230,1218550,115 North,Tri1160343,0,112789,165577,0,0
6435,1231,1218551,115 North,Tri1160343,0,112870,165577,0,0
6435,1232,1218552,115 North,Tri1160343,0,112950,165577,0,0
6435,1228,1218553,115 North,Tri1160344,0,112624,165577,0,0
6435,1229,1218554,115 North,Tri1160344,0,112709,165577,0,0
6435,1230,1218555,115 North,Tri1160344,0,112790,165577,0,0
6435,1231,1218556,115 North,Tri1160344,0,112871,165577,0,0
6435,1232,1218557,115 North,Tri1160344,0,112951,165577,0,0
6435,1228,1218558,115 North,Tri1160345,0,112621,165577,0,0
6435,1229,1218559,115 North,Tri1160345,0,112706,165577,0,0
6435,1230,1218560,115 North,Tri1160345,0,112787,165577,0,0
6435,1231,1218561,115 North,Tri1160345,0,112868,165577,0,0
6435,1232,1218562,115 North,Tri1160345,0,112948,165577,0,0
6435,1228,1218563,115 North,Tri1160346,0,112622,165577,0,0
6435,1229,1218564,115 North,Tri1160346,0,112707,165577,0,0
6435,1230,1218565,115 North,Tri1160346,0,112788,165577,0,0
6435,1231,1218566,115 North,Tri1160346,0,112869,165577,0,0
6435,1232,1218567,115 North,Tri1160346,0,112949,165577,0,0
6435,1228,1218568,115 North,Tri1160347,0,112623,165577,0,0
6435,1229,1218569,115 North,Tri1160347,0,112708,165577,0,0
6435,1230,1218570,115 North,Tri1160347,0,112789,165577,0,0
6435,1231,1218571,115 North,Tri1160347,0,112870,165577,0,0
6435,1232,1218572,115 North,Tri1160347,0,112950,165577,0,0
6435,1228,1218573,115 North,Tri1160348,0,112624,165577,0,0
6435,1229,1218574,115 North,Tri1160348,0,112709,165577,0,0
6435,1230,1218575,115 North,Tri1160348,0,112790,165577,0,0
6435,1231,1218576,115 North,Tri1160348,0,112871,165577,0,0
6435,1232,1218577,115 North,Tri1160348,0,112951,165577,0,0
6435,1226,1219754,115 North,Tri520264,0,114778,165577,0,0
6435,1226,1219755,115 North,Tri520265,0,114778,165577,0,0
6435,1226,1219756,115 North,Tri520266,0,114778,165577,0,0
6435,1226,1219757,115 North,Tri520267,0,114778,165577,0,0
6435,1226,1219758,115 North,Tri586886,0,114779,165577,0,0
6435,1226,1219759,115 North,Tri586887,0,114778,165577,0,0
6435,1226,1219760,115 North,Tri586888,0,114779,165577,0,0
6435,1226,1219761,115 North,Tri586889,0,114778,165577,0,0
6435,1226,1219762,115 North,Tri586890,0,114779,165577,0,0
6435,1226,1219763,115 North,Tri586891,0,114778,165577,0,0
6435,1226,1219764,115 North,Tri586892,0,114779,165577,0,0
6435,1226,1219765,115 North,Tri586893,0,114778,165577,0,0
6435,1226,1219766,115 North,Tri586894,0,114779,165577,0,0
6435,1226,1219767,115 North,Tri586895,0,114778,165577,0,0
6435,1226,1219768,115 North,Tri586896,0,114779,165577,0,0
6435,1226,1219769,115 North,Tri586897,0,114778,165577,0,0
6435,1226,1219770,115 North,Tri586898,0,114779,165577,0,0
6435,1226,1219771,115 North,Tri586899,0,114778,165577,0,0
6435,1226,1219772,115 North,Tri586900,0,114779,165577,0,0
6435,1226,1219773,115 North,Tri586901,0,114778,165577,0,0
6435,1226,1219774,115 North,Tri586902,0,114779,165577,0,0
6435,1226,1219792,115 South,Tri520247,1,114778,165584,0,0
6435,1226,1219793,115 South,Tri520248,1,114778,165584,0,0
6435,1226,1219794,115 South,Tri520249,1,114778,165584,0,0
6435,1226,1219795,115 South,Tri520250,1,114778,165584,0,0
6435,1226,1219796,115 South,Tri520252,1,114779,165584,0,0
6435,1226,1219797,115 South,Tri520253,1,114778,165584,0,0
6435,1226,1219798,115 South,Tri520254,1,114779,165584,0,0
6435,1226,1219799,115 South,Tri520255,1,114778,165584,0,0
6435,1226,1219800,115 South,Tri520256,1,114779,165584,0,0
6435,1226,1219801,115 South,Tri586872,1,114778,165584,0,0
6435,1226,1219802,115 South,Tri586873,1,114779,165584,0,0
6435,1226,1219803,115 South,Tri586874,1,114778,165584,0,0
6435,1226,1219804,115 South,Tri586875,1,114779,165584,0,0
6435,1226,1219805,115 South,Tri586876,1,114778,165584,0,0
6435,1226,1219806,115 South,Tri586877,1,114779,165584,0,0
6435,1226,1219807,115 South,Tri586878,1,114778,165584,0,0
6435,1226,1219808,115 South,Tri586879,1,114779,165584,0,0
6435,1226,1219809,115 South,Tri586880,1,114778,165584,0,0
6435,1226,1219810,115 South,Tri586881,1,114779,165584,0,0
6435,1226,1219811,115 South,Tri586882,1,114778,165584,0,0
6435,1226,1219812,115 South,Tri586883,1,114779,165584,0,0
6435,1226,1219813,115 South,Tri586884,1,114778,165584,0,0
28,1228,1213898,Lauzon10,Tri848616,1,1102,165595,0,0
28,1229,1213899,Lauzon10,Tri848616,1,1248,165595,0,0
28,1230,1213900,Lauzon10,Tri848616,1,1397,165595,0,0
28,1231,1213901,Lauzon10,Tri848616,1,1547,165595,0,0
28,1232,1213902,Lauzon10,Tri848616,1,1697,165595,0,0
28,1228,1213903,Lauzon10,Tri848618,1,1101,165595,0,0
28,1229,1213904,Lauzon10,Tri848618,1,1247,165595,0,0
28,1230,1213905,Lauzon10,Tri848618,1,1396,165595,0,0
28,1231,1213906,Lauzon10,Tri848618,1,1546,165595,0,0
28,1232,1213907,Lauzon10,Tri848618,1,1696,165595,0,0
28,1228,1213908,Lauzon10,Tri848620,1,1102,165595,0,0
28,1229,1213909,Lauzon10,Tri848620,1,1248,165595,0,0
28,1230,1213910,Lauzon10,Tri848620,1,1397,165595,0,0
28,1231,1213911,Lauzon10,Tri848620,1,1547,165595,0,0
28,1232,1213912,Lauzon10,Tri848620,1,1697,165595,0,0
28,1228,1213913,Lauzon10,Tri848622,1,1101,165595,0,0
28,1229,1213914,Lauzon10,Tri848622,1,1247,165595,0,0
28,1230,1213915,Lauzon10,Tri848622,1,1396,165595,0,0
28,1231,1213916,Lauzon10,Tri848622,1,1546,165595,0,0
28,1232,1213917,Lauzon10,Tri848622,1,1696,165595,0,0
28,1228,1213918,Lauzon10,Tri848624,1,1102,165595,0,0
28,1229,1213919,Lauzon10,Tri848624,1,1248,165595,0,0
28,1230,1213920,Lauzon10,Tri848624,1,1397,165595,0,0
28,1231,1213921,Lauzon10,Tri848624,1,1547,165595,0,0
28,1232,1213922,Lauzon10,Tri848624,1,1697,165595,0,0
28,1228,1213923,Lauzon10,Tri848626,1,1101,165595,0,0
28,1229,1213924,Lauzon10,Tri848626,1,1247,165595,0,0
28,1230,1213925,Lauzon10,Tri848626,1,1396,165595,0,0
28,1231,1213926,Lauzon10,Tri848626,1,1546,165595,0,0
28,1232,1213927,Lauzon10,Tri848626,1,1696,165595,0,0
28,1228,1213928,Lauzon10,Tri848628,1,1102,165595,0,0
28,1229,1213929,Lauzon10,Tri848628,1,1248,165595,0,0
28,1230,1213930,Lauzon10,Tri848628,1,1397,165595,0,0
28,1231,1213931,Lauzon10,Tri848628,1,1547,165595,0,0
28,1232,1213932,Lauzon10,Tri848628,1,1697,165595,0,0
28,1228,1213933,Lauzon10,Tri848630,1,1101,165595,0,0
28,1229,1213934,Lauzon10,Tri848630,1,1247,165595,0,0
28,1230,1213935,Lauzon10,Tri848630,1,1396,165595,0,0
28,1231,1213936,Lauzon10,Tri848630,1,1546,165595,0,0
28,1232,1213937,Lauzon10,Tri848630,1,1696,165595,0,0
28,1228,1213938,Lauzon10,Tri848632,1,1102,165595,0,0
28,1229,1213939,Lauzon10,Tri848632,1,1248,165595,0,0
28,1230,1213940,Lauzon10,Tri848632,1,1397,165595,0,0
28,1231,1213941,Lauzon10,Tri848632,1,1547,165595,0,0
28,1232,1213942,Lauzon10,Tri848632,1,1697,165595,0,0
28,1228,1213943,Lauzon10,Tri848634,1,1101,165595,0,0
28,1229,1213944,Lauzon10,Tri848634,1,1247,165595,0,0
28,1230,1213945,Lauzon10,Tri848634,1,1396,165595,0,0
28,1231,1213946,Lauzon10,Tri848634,1,1546,165595,0,0
28,1232,1213947,Lauzon10,Tri848634,1,1696,165595,0,0
28,1228,1213948,Lauzon10,Tri848636,1,1102,165595,0,0
28,1229,1213949,Lauzon10,Tri848636,1,1248,165595,0,0
28,1230,1213950,Lauzon10,Tri848636,1,1397,165595,0,0
28,1231,1213951,Lauzon10,Tri848636,1,1547,165595,0,0
28,1232,1213952,Lauzon10,Tri848636,1,1697,165595,0,0
28,1228,1213953,Lauzon10,Tri848638,1,1101,165595,0,0
28,1229,1213954,Lauzon10,Tri848638,1,1247,165595,0,0
28,1230,1213955,Lauzon10,Tri848638,1,1396,165595,0,0
28,1231,1213956,Lauzon10,Tri848638,1,1546,165595,0,0
28,1232,1213957,Lauzon10,Tri848638,1,1696,165595,0,0
28,1228,1213958,Lauzon10,Tri848640,1,1102,165595,0,0
28,1229,1213959,Lauzon10,Tri848640,1,1248,165595,0,0
28,1230,1213960,Lauzon10,Tri848640,1,1397,165595,0,0
28,1231,1213961,Lauzon10,Tri848640,1,1547,165595,0,0
28,1232,1213962,Lauzon10,Tri848640,1,1697,165595,0,0
28,1228,1213963,Lauzon10,Tri848642,1,1101,165595,0,0
28,1229,1213964,Lauzon10,Tri848642,1,1247,165595,0,0
28,1230,1213965,Lauzon10,Tri848642,1,1396,165595,0,0
28,1231,1213966,Lauzon10,Tri848642,1,1546,165595,0,0
28,1232,1213967,Lauzon10,Tri848642,1,1696,165595,0,0
28,1228,1213968,Lauzon10,Tri848644,1,1102,165595,0,0
28,1229,1213969,Lauzon10,Tri848644,1,1248,165595,0,0
28,1230,1213970,Lauzon10,Tri848644,1,1397,165595,0,0
28,1231,1213971,Lauzon10,Tri848644,1,1547,165595,0,0
28,1232,1213972,Lauzon10,Tri848644,1,1697,165595,0,0
28,1228,1213973,Lauzon10,Tri848646,1,1101,165595,0,0
28,1229,1213974,Lauzon10,Tri848646,1,1247,165595,0,0
28,1230,1213975,Lauzon10,Tri848646,1,1396,165595,0,0
28,1231,1213976,Lauzon10,Tri848646,1,1546,165595,0,0
28,1232,1213977,Lauzon10,Tri848646,1,1696,165595,0,0
28,1228,1213978,Lauzon10,Tri848648,1,1102,165595,0,0
28,1229,1213979,Lauzon10,Tri848648,1,1248,165595,0,0
28,1230,1213980,Lauzon10,Tri848648,1,1397,165595,0,0
28,1231,1213981,Lauzon10,Tri848648,1,1547,165595,0,0
28,1232,1213982,Lauzon10,Tri848648,1,1697,165595,0,0
28,1228,1213983,Lauzon10,Tri848650,1,1101,165595,0,0
28,1229,1213984,Lauzon10,Tri848650,1,1247,165595,0,0
28,1230,1213985,Lauzon10,Tri848650,1,1396,165595,0,0
28,1231,1213986,Lauzon10,Tri848650,1,1546,165595,0,0
28,1232,1213987,Lauzon10,Tri848650,1,1696,165595,0,0
28,1228,1214498,Lauzon10,Tri848617,0,1101,165589,0,0
28,1229,1214499,Lauzon10,Tri848617,0,1247,165589,0,0
28,1230,1214500,Lauzon10,Tri848617,0,1396,165589,0,0
28,1231,1214501,Lauzon10,Tri848617,0,1546,165589,0,0
28,1232,1214502,Lauzon10,Tri848617,0,1696,165589,0,0
28,1228,1214503,Lauzon10,Tri848619,0,1102,165589,0,0
28,1229,1214504,Lauzon10,Tri848619,0,1248,165589,0,0
28,1230,1214505,Lauzon10,Tri848619,0,1397,165589,0,0
28,1231,1214506,Lauzon10,Tri848619,0,1547,165589,0,0
28,1232,1214507,Lauzon10,Tri848619,0,1697,165589,0,0
28,1228,1214508,Lauzon10,Tri848621,0,1101,165589,0,0
28,1229,1214509,Lauzon10,Tri848621,0,1247,165589,0,0
28,1230,1214510,Lauzon10,Tri848621,0,1396,165589,0,0
28,1231,1214511,Lauzon10,Tri848621,0,1546,165589,0,0
28,1232,1214512,Lauzon10,Tri848621,0,1696,165589,0,0
28,1228,1214513,Lauzon10,Tri848623,0,1102,165589,0,0
28,1229,1214514,Lauzon10,Tri848623,0,1248,165589,0,0
28,1230,1214515,Lauzon10,Tri848623,0,1397,165589,0,0
28,1231,1214516,Lauzon10,Tri848623,0,1547,165589,0,0
28,1232,1214517,Lauzon10,Tri848623,0,1697,165589,0,0
28,1228,1214518,Lauzon10,Tri848625,0,1101,165589,0,0
28,1229,1214519,Lauzon10,Tri848625,0,1247,165589,0,0
28,1230,1214520,Lauzon10,Tri848625,0,1396,165589,0,0
28,1231,1214521,Lauzon10,Tri848625,0,1546,165589,0,0
28,1232,1214522,Lauzon10,Tri848625,0,1696,165589,0,0
28,1228,1214523,Lauzon10,Tri848627,0,1102,165589,0,0
28,1229,1214524,Lauzon10,Tri848627,0,1248,165589,0,0
28,1230,1214525,Lauzon10,Tri848627,0,1397,165589,0,0
28,1231,1214526,Lauzon10,Tri848627,0,1547,165589,0,0
28,1232,1214527,Lauzon10,Tri848627,0,1697,165589,0,0
28,1228,1214528,Lauzon10,Tri848629,0,1101,165589,0,0
28,1229,1214529,Lauzon10,Tri848629,0,1247,165589,0,0
28,1230,1214530,Lauzon10,Tri848629,0,1396,165589,0,0
28,1231,1214531,Lauzon10,Tri848629,0,1546,165589,0,0
28,1232,1214532,Lauzon10,Tri848629,0,1696,165589,0,0
28,1228,1214533,Lauzon10,Tri848631,0,1102,165589,0,0
28,1229,1214534,Lauzon10,Tri848631,0,1248,165589,0,0
28,1230,1214535,Lauzon10,Tri848631,0,1397,165589,0,0
28,1231,1214536,Lauzon10,Tri848631,0,1547,165589,0,0
28,1232,1214537,Lauzon10,Tri848631,0,1697,165589,0,0
28,1228,1214538,Lauzon10,Tri848633,0,1101,165589,0,0
28,1229,1214539,Lauzon10,Tri848633,0,1247,165589,0,0
28,1230,1214540,Lauzon10,Tri848633,0,1396,165589,0,0
28,1231,1214541,Lauzon10,Tri848633,0,1546,165589,0,0
28,1232,1214542,Lauzon10,Tri848633,0,1696,165589,0,0
28,1228,1214543,Lauzon10,Tri848635,0,1102,165589,0,0
28,1229,1214544,Lauzon10,Tri848635,0,1248,165589,0,0
28,1230,1214545,Lauzon10,Tri848635,0,1397,165589,0,0
28,1231,1214546,Lauzon10,Tri848635,0,1547,165589,0,0
28,1232,1214547,Lauzon10,Tri848635,0,1697,165589,0,0
28,1228,1214548,Lauzon10,Tri848637,0,1101,165589,0,0
28,1229,1214549,Lauzon10,Tri848637,0,1247,165589,0,0
28,1230,1214550,Lauzon10,Tri848637,0,1396,165589,0,0
28,1231,1214551,Lauzon10,Tri848637,0,1546,165589,0,0
28,1232,1214552,Lauzon10,Tri848637,0,1696,165589,0,0
28,1228,1214553,Lauzon10,Tri848639,0,1102,165589,0,0
28,1229,1214554,Lauzon10,Tri848639,0,1248,165589,0,0
28,1230,1214555,Lauzon10,Tri848639,0,1397,165589,0,0
28,1231,1214556,Lauzon10,Tri848639,0,1547,165589,0,0
28,1232,1214557,Lauzon10,Tri848639,0,1697,165589,0,0
28,1228,1214558,Lauzon10,Tri848641,0,1101,165589,0,0
28,1229,1214559,Lauzon10,Tri848641,0,1247,165589,0,0
28,1230,1214560,Lauzon10,Tri848641,0,1396,165589,0,0
28,1231,1214561,Lauzon10,Tri848641,0,1546,165589,0,0
28,1232,1214562,Lauzon10,Tri848641,0,1696,165589,0,0
28,1228,1214563,Lauzon10,Tri848643,0,1102,165589,0,0
28,1229,1214564,Lauzon10,Tri848643,0,1248,165589,0,0
28,1230,1214565,Lauzon10,Tri848643,0,1397,165589,0,0
28,1231,1214566,Lauzon10,Tri848643,0,1547,165589,0,0
28,1232,1214567,Lauzon10,Tri848643,0,1697,165589,0,0
28,1228,1214568,Lauzon10,Tri848645,0,1101,165589,0,0
28,1229,1214569,Lauzon10,Tri848645,0,1247,165589,0,0
28,1230,1214570,Lauzon10,Tri848645,0,1396,165589,0,0
28,1231,1214571,Lauzon10,Tri848645,0,1546,165589,0,0
28,1232,1214572,Lauzon10,Tri848645,0,1696,165589,0,0
28,1228,1214573,Lauzon10,Tri848647,0,1102,165589,0,0
28,1229,1214574,Lauzon10,Tri848647,0,1248,165589,0,0
28,1230,1214575,Lauzon10,Tri848647,0,1397,165589,0,0
28,1231,1214576,Lauzon10,Tri848647,0,1547,165589,0,0
28,1232,1214577,Lauzon10,Tri848647,0,1697,165589,0,0
28,1228,1214578,Lauzon10,Tri848649,0,1101,165589,0,0
28,1229,1214579,Lauzon10,Tri848649,0,1247,165589,0,0
28,1230,1214580,Lauzon10,Tri848649,0,1396,165589,0,0
28,1231,1214581,Lauzon10,Tri848649,0,1546,165589,0,0
28,1232,1214582,Lauzon10,Tri848649,0,1696,165589,0,0
28,1228,1214583,Lauzon10,Tri848651,0,1102,165589,0,0
28,1229,1214584,Lauzon10,Tri848651,0,1248,165589,0,0
28,1230,1214585,Lauzon10,Tri848651,0,1397,165589,0,0
28,1231,1214586,Lauzon10,Tri848651,0,1547,165589,0,0
28,1232,1214587,Lauzon10,Tri848651,0,1697,165589,0,0
28,1228,1217013,Lauzon10,Tri848652,1,1102,165596,0,0
28,1229,1217014,Lauzon10,Tri848652,1,1248,165596,0,0
28,1230,1217015,Lauzon10,Tri848652,1,1397,165596,0,0
28,1231,1217016,Lauzon10,Tri848652,1,1547,165596,0,0
28,1232,1217017,Lauzon10,Tri848652,1,1697,165596,0,0
28,1228,1217018,Lauzon10,Tri848654,1,1101,165596,0,0
28,1229,1217019,Lauzon10,Tri848654,1,1247,165596,0,0
28,1230,1217020,Lauzon10,Tri848654,1,1396,165596,0,0
28,1231,1217021,Lauzon10,Tri848654,1,1546,165596,0,0
28,1232,1217022,Lauzon10,Tri848654,1,1696,165596,0,0
28,1228,1217023,Lauzon10,Tri848656,1,1102,165596,0,0
28,1229,1217024,Lauzon10,Tri848656,1,1248,165596,0,0
28,1230,1217025,Lauzon10,Tri848656,1,1397,165596,0,0
28,1231,1217026,Lauzon10,Tri848656,1,1547,165596,0,0
28,1232,1217027,Lauzon10,Tri848656,1,1697,165596,0,0
28,1228,1217028,Lauzon10,Tri848658,1,1101,165596,0,0
28,1229,1217029,Lauzon10,Tri848658,1,1247,165596,0,0
28,1230,1217030,Lauzon10,Tri848658,1,1396,165596,0,0
28,1231,1217031,Lauzon10,Tri848658,1,1546,165596,0,0
28,1232,1217032,Lauzon10,Tri848658,1,1696,165596,0,0
28,1228,1217033,Lauzon10,Tri874016,1,1102,165596,0,0
28,1229,1217034,Lauzon10,Tri874016,1,1248,165596,0,0
28,1230,1217035,Lauzon10,Tri874016,1,1397,165596,0,0
28,1231,1217036,Lauzon10,Tri874016,1,1547,165596,0,0
28,1232,1217037,Lauzon10,Tri874016,1,1697,165596,0,0
28,1228,1217638,Lauzon10,Tri848653,0,1101,165590,0,0
28,1229,1217639,Lauzon10,Tri848653,0,1247,165590,0,0
28,1230,1217640,Lauzon10,Tri848653,0,1396,165590,0,0
28,1231,1217641,Lauzon10,Tri848653,0,1546,165590,0,0
28,1232,1217642,Lauzon10,Tri848653,0,1696,165590,0,0
28,1228,1217643,Lauzon10,Tri848655,0,1102,165590,0,0
28,1229,1217644,Lauzon10,Tri848655,0,1248,165590,0,0
28,1230,1217645,Lauzon10,Tri848655,0,1397,165590,0,0
28,1231,1217646,Lauzon10,Tri848655,0,1547,165590,0,0
28,1232,1217647,Lauzon10,Tri848655,0,1697,165590,0,0
28,1228,1217648,Lauzon10,Tri848657,0,1101,165590,0,0
28,1229,1217649,Lauzon10,Tri848657,0,1247,165590,0,0
28,1230,1217650,Lauzon10,Tri848657,0,1396,165590,0,0
28,1231,1217651,Lauzon10,Tri848657,0,1546,165590,0,0
28,1232,1217652,Lauzon10,Tri848657,0,1696,165590,0,0
28,1228,1217653,Lauzon10,Tri848659,0,1102,165590,0,0
28,1229,1217654,Lauzon10,Tri848659,0,1248,165590,0,0
28,1230,1217655,Lauzon10,Tri848659,0,1397,165590,0,0
28,1231,1217656,Lauzon10,Tri848659,0,1547,165590,0,0
28,1232,1217657,Lauzon10,Tri848659,0,1697,165590,0,0
28,1228,1217658,Lauzon10,Tri874015,0,1101,165590,0,0
28,1229,1217659,Lauzon10,Tri874015,0,1247,165590,0,0
28,1230,1217660,Lauzon10,Tri874015,0,1396,165590,0,0
28,1231,1217661,Lauzon10,Tri874015,0,1546,165590,0,0
28,1232,1217662,Lauzon10,Tri874015,0,1696,165590,0,0
28,1226,1219459,Lauzon10,Tri848661,0,829,165590,0,0
28,1226,1219460,Lauzon10,Tri848663,0,829,165590,0,0
28,1226,1219461,Lauzon10,Tri848665,0,829,165590,0,0
28,1226,1219462,Lauzon10,Tri848667,0,829,165590,0,0
28,1226,1219463,Lauzon10,Tri848669,0,829,165590,0,0
28,1226,1219464,Lauzon10,Tri848671,0,829,165590,0,0
28,1226,1219465,Lauzon10,Tri848673,0,829,165590,0,0
28,1226,1219466,Lauzon10,Tri848675,0,829,165590,0,0
28,1226,1219467,Lauzon10,Tri848677,0,829,165590,0,0
28,1226,1219468,Lauzon10,Tri848679,0,829,165590,0,0
28,1226,1219469,Lauzon10,Tri874017,0,829,165590,0,0
28,1226,1219546,Lauzon10,Tri848660,1,829,165596,0,0
28,1226,1219547,Lauzon10,Tri848662,1,829,165596,0,0
28,1226,1219548,Lauzon10,Tri848664,1,829,165596,0,0
28,1226,1219549,Lauzon10,Tri848666,1,829,165596,0,0
28,1226,1219550,Lauzon10,Tri848668,1,829,165596,0,0
28,1226,1219551,Lauzon10,Tri848670,1,829,165596,0,0
28,1226,1219552,Lauzon10,Tri848672,1,829,165596,0,0
28,1226,1219553,Lauzon10,Tri848674,1,829,165596,0,0
28,1226,1219554,Lauzon10,Tri848676,1,829,165596,0,0
28,1226,1219555,Lauzon10,Tri848678,1,829,165596,0,0
701,1229,1217054,25 East,Tri991196,1,31122,165639,0,0
701,1231,1217056,25 East,Tri991196,1,31131,165639,0,0
701,1228,1217058,25 East,Tri991197,1,31118,165639,0,0
701,1229,1217059,25 East,Tri991197,1,31121,165639,0,0
701,1231,1217061,25 East,Tri991197,1,31130,165639,0,0
701,1232,1217062,25 East,Tri991197,1,31124,165639,0,0
701,1228,1217063,25 East,Tri991198,1,31118,165639,0,0
701,1229,1217064,25 East,Tri991198,1,31121,165639,0,0
701,1230,1217065,25 East,Tri991198,1,31127,165639,0,0
701,1231,1217066,25 East,Tri991198,1,31130,165639,0,0
701,1232,1217067,25 East,Tri991198,1,31124,165639,0,0
701,1228,1217068,25 East,Tri991199,1,31118,165639,0,0
701,1229,1217069,25 East,Tri991199,1,31121,165639,0,0
701,1230,1217070,25 East,Tri991199,1,31127,165639,0,0
701,1231,1217071,25 East,Tri991199,1,31130,165639,0,0
701,1232,1217072,25 East,Tri991199,1,31124,165639,0,0
701,1228,1217073,25 East,Tri991200,1,31120,165639,0,0
701,1229,1217074,25 East,Tri991200,1,31123,165639,0,0
701,1230,1217075,25 East,Tri991200,1,31129,165639,0,0
701,1231,1217076,25 East,Tri991200,1,31132,165639,0,0
701,1232,1217077,25 East,Tri991200,1,31126,165639,0,0
701,1228,1217078,25 East,Tri991201,1,31118,165639,0,0
701,1230,1217060,25 East,Tri991197,1,31127,165639,0,0
701,1232,1217057,25 East,Tri991196,1,31125,165639,0,0
701,1230,1217055,25 East,Tri991196,1,31128,165639,0,0
701,1228,1217053,25 East,Tri991196,1,31119,165639,0,0
701,1232,1217052,25 East,Tri991195,1,31124,165639,0,0
701,1229,1217079,25 East,Tri991201,1,31121,165639,0,0
701,1230,1217080,25 East,Tri991201,1,31127,165639,0,0
701,1231,1217081,25 East,Tri991201,1,31130,165639,0,0
701,1232,1217082,25 East,Tri991201,1,31124,165639,0,0
701,1228,1217083,25 East,Tri991202,1,31120,165639,0,0
701,1228,1217038,25 East,Tri991193,1,31118,165639,0,0
701,1229,1217039,25 East,Tri991193,1,31121,165639,0,0
701,1230,1217040,25 East,Tri991193,1,31127,165639,0,0
701,1229,1217049,25 East,Tri991195,1,31121,165639,0,0
701,1230,1217050,25 East,Tri991195,1,31127,165639,0,0
701,1231,1217051,25 East,Tri991195,1,31130,165639,0,0
701,1231,1217041,25 East,Tri991193,1,31130,165639,0,0
701,1232,1217042,25 East,Tri991193,1,31124,165639,0,0
701,1228,1217043,25 East,Tri991194,1,31119,165639,0,0
701,1229,1217044,25 East,Tri991194,1,31122,165639,0,0
701,1230,1217045,25 East,Tri991194,1,31128,165639,0,0
701,1231,1217046,25 East,Tri991194,1,31131,165639,0,0
701,1232,1217047,25 East,Tri991194,1,31125,165639,0,0
701,1228,1217048,25 East,Tri991195,1,31118,165639,0,0
701,1229,1217084,25 East,Tri991202,1,31123,165639,0,0
701,1230,1217085,25 East,Tri991202,1,31129,165639,0,0
701,1231,1217086,25 East,Tri991202,1,31132,165639,0,0
701,1232,1217087,25 East,Tri991202,1,31126,165639,0,0
701,1228,1217088,25 East,Tri991203,1,31118,165639,0,0
701,1229,1217089,25 East,Tri991203,1,31121,165639,0,0
701,1230,1217090,25 East,Tri991203,1,31127,165639,0,0
701,1231,1217091,25 East,Tri991203,1,31130,165639,0,0
701,1232,1217092,25 East,Tri991203,1,31124,165639,0,0
701,1228,1217093,25 East,Tri991204,1,31120,165639,0,0
701,1229,1217094,25 East,Tri991204,1,31123,165639,0,0
701,1230,1217095,25 East,Tri991204,1,31129,165639,0,0
701,1231,1217096,25 East,Tri991204,1,31132,165639,0,0
701,1232,1217097,25 East,Tri991204,1,31126,165639,0,0
701,1228,1217098,25 East,Tri991205,1,31118,165639,0,0
701,1229,1217099,25 East,Tri991205,1,31121,165639,0,0
701,1230,1217100,25 East,Tri991205,1,31127,165639,0,0
701,1231,1217101,25 East,Tri991205,1,31130,165639,0,0
701,1232,1217102,25 East,Tri991205,1,31124,165639,0,0
701,1228,1217103,25 East,Tri991206,1,31120,165639,0,0
701,1229,1217104,25 East,Tri991206,1,31123,165639,0,0
701,1230,1217105,25 East,Tri991206,1,31129,165639,0,0
701,1231,1217106,25 East,Tri991206,1,31132,165639,0,0
701,1232,1217107,25 East,Tri991206,1,31126,165639,0,0
701,1228,1217563,25 West,Tri991212,0,31119,165637,0,0
701,1229,1217564,25 West,Tri991212,0,31122,165637,0,0
701,1230,1217565,25 West,Tri991212,0,31128,165637,0,0
701,1231,1217566,25 West,Tri991212,0,31131,165637,0,0
701,1232,1217567,25 West,Tri991212,0,31125,165637,0,0
701,1228,1217568,25 West,Tri991213,0,31118,165637,0,0
701,1229,1217569,25 West,Tri991213,0,31121,165637,0,0
701,1230,1217570,25 West,Tri991213,0,31127,165637,0,0
701,1231,1217571,25 West,Tri991213,0,31130,165637,0,0
701,1232,1217572,25 West,Tri991213,0,31124,165637,0,0
701,1228,1217573,25 West,Tri991214,0,31119,165637,0,0
701,1229,1217574,25 West,Tri991214,0,31122,165637,0,0
701,1230,1217575,25 West,Tri991214,0,31128,165637,0,0
701,1231,1217576,25 West,Tri991214,0,31131,165637,0,0
701,1232,1217577,25 West,Tri991214,0,31125,165637,0,0
701,1228,1217578,25 West,Tri991215,0,31118,165637,0,0
701,1229,1217579,25 West,Tri991215,0,31121,165637,0,0
701,1230,1217580,25 West,Tri991215,0,31127,165637,0,0
701,1231,1217581,25 West,Tri991215,0,31130,165637,0,0
701,1232,1217582,25 West,Tri991215,0,31124,165637,0,0
701,1228,1217583,25 West,Tri991216,0,31119,165637,0,0
701,1229,1217584,25 West,Tri991216,0,31122,165637,0,0
701,1230,1217585,25 West,Tri991216,0,31128,165637,0,0
701,1231,1217586,25 West,Tri991216,0,31131,165637,0,0
701,1232,1217587,25 West,Tri991216,0,31125,165637,0,0
701,1228,1217588,25 West,Tri991217,0,31118,165637,0,0
701,1229,1217589,25 West,Tri991217,0,31121,165637,0,0
701,1230,1217590,25 West,Tri991217,0,31127,165637,0,0
701,1231,1217591,25 West,Tri991217,0,31130,165637,0,0
701,1232,1217592,25 West,Tri991217,0,31124,165637,0,0
701,1228,1217593,25 West,Tri991218,0,31118,165637,0,0
701,1229,1217594,25 West,Tri991218,0,31121,165637,0,0
701,1230,1217595,25 West,Tri991218,0,31127,165637,0,0
701,1231,1217596,25 West,Tri991218,0,31130,165637,0,0
701,1232,1217597,25 West,Tri991218,0,31124,165637,0,0
701,1228,1217598,25 West,Tri991219,0,31118,165637,0,0
701,1229,1217599,25 West,Tri991219,0,31121,165637,0,0
701,1230,1217600,25 West,Tri991219,0,31127,165637,0,0
701,1231,1217601,25 West,Tri991219,0,31130,165637,0,0
701,1232,1217602,25 West,Tri991219,0,31124,165637,0,0
701,1228,1217603,25 West,Tri991220,0,31120,165637,0,0
701,1229,1217604,25 West,Tri991220,0,31123,165637,0,0
701,1230,1217605,25 West,Tri991220,0,31129,165637,0,0
701,1231,1217606,25 West,Tri991220,0,31132,165637,0,0
701,1232,1217607,25 West,Tri991220,0,31126,165637,0,0
701,1228,1217608,25 West,Tri991221,0,31118,165637,0,0
701,1229,1217609,25 West,Tri991221,0,31121,165637,0,0
701,1230,1217610,25 West,Tri991221,0,31127,165637,0,0
701,1231,1217611,25 West,Tri991221,0,31130,165637,0,0
701,1232,1217612,25 West,Tri991221,0,31124,165637,0,0
701,1228,1217613,25 West,Tri991222,0,31120,165637,0,0
701,1229,1217614,25 West,Tri991222,0,31123,165637,0,0
701,1230,1217615,25 West,Tri991222,0,31129,165637,0,0
701,1231,1217616,25 West,Tri991222,0,31132,165637,0,0
701,1232,1217617,25 West,Tri991222,0,31126,165637,0,0
701,1228,1217618,25 West,Tri991223,0,31118,165637,0,0
701,1229,1217619,25 West,Tri991223,0,31121,165637,0,0
701,1230,1217620,25 West,Tri991223,0,31127,165637,0,0
701,1231,1217621,25 West,Tri991223,0,31130,165637,0,0
701,1232,1217622,25 West,Tri991223,0,31124,165637,0,0
701,1228,1217623,25 West,Tri991224,0,31120,165637,0,0
701,1229,1217624,25 West,Tri991224,0,31123,165637,0,0
701,1230,1217625,25 West,Tri991224,0,31129,165637,0,0
701,1231,1217626,25 West,Tri991224,0,31132,165637,0,0
701,1232,1217627,25 West,Tri991224,0,31126,165637,0,0
701,1228,1217628,25 West,Tri991225,0,31118,165637,0,0
701,1229,1217629,25 West,Tri991225,0,31121,165637,0,0
701,1230,1217630,25 West,Tri991225,0,31127,165637,0,0
701,1231,1217631,25 West,Tri991225,0,31130,165637,0,0
701,1232,1217632,25 West,Tri991225,0,31124,165637,0,0
701,1226,1219919,25 West,Tri991226,0,31117,165637,0,0
701,1226,1219920,25 West,Tri991227,0,31117,165637,0,0
701,1226,1219921,25 West,Tri991228,0,31117,165637,0,0
701,1226,1219922,25 West,Tri991229,0,31117,165637,0,0
701,1226,1219923,25 West,Tri991230,0,31117,165637,0,0
701,1226,1219924,25 West,Tri991231,0,31117,165637,0,0
701,1226,1219925,25 West,Tri991232,0,31117,165637,0,0
701,1226,1219926,25 West,Tri991233,0,31117,165637,0,0
701,1226,1219969,25 East,Tri991234,1,31117,165639,0,0
701,1226,1219970,25 East,Tri991235,1,31117,165639,0,0
701,1226,1219971,25 East,Tri991236,1,31117,165639,0,0
701,1226,1219972,25 East,Tri991237,1,31117,165639,0,0
701,1226,1219973,25 East,Tri991238,1,31117,165639,0,0
701,1226,1219974,25 East,Tri991239,1,31117,165639,0,0
701,1226,1219975,25 East,Tri991240,1,31117,165639,0,0
701,1226,1219976,25 East,Tri991241,1,31117,165639,0,0
2612,1228,1213998,LTW 42,Tri1232628,1,55425,165641,0,0
2612,1229,1213999,LTW 42,Tri1232628,1,55600,165641,0,0
2612,1230,1214000,LTW 42,Tri1232628,1,55777,165641,0,0
2612,1231,1214001,LTW 42,Tri1232628,1,55952,165641,0,0
2612,1232,1214002,LTW 42,Tri1232628,1,56127,165641,0,0
2612,1228,1214713,LTW 42,Tri1232629,0,55423,165640,0,0
2612,1229,1214714,LTW 42,Tri1232629,0,55598,165640,0,0
2612,1230,1214715,LTW 42,Tri1232629,0,55775,165640,0,0
2612,1231,1214716,LTW 42,Tri1232629,0,55950,165640,0,0
2612,1232,1214717,LTW 42,Tri1232629,0,56125,165640,0,0
2612,1228,1214718,LTW 42,Tri1232630,0,55424,165640,0,0
2612,1229,1214719,LTW 42,Tri1232630,0,55599,165640,0,0
2612,1230,1214720,LTW 42,Tri1232630,0,55776,165640,0,0
2612,1231,1214721,LTW 42,Tri1232630,0,55951,165640,0,0
2612,1232,1214722,LTW 42,Tri1232630,0,56126,165640,0,0
2612,1228,1214723,LTW 42,Tri1232631,0,55425,165640,0,0
2612,1229,1214724,LTW 42,Tri1232631,0,55600,165640,0,0
2612,1230,1214725,LTW 42,Tri1232631,0,55777,165640,0,0
2612,1231,1214726,LTW 42,Tri1232631,0,55952,165640,0,0
2612,1232,1214727,LTW 42,Tri1232631,0,56127,165640,0,0
2612,1226,1219617,LTW 42,Tri1619856,0,71554,165640,0,0
2612,1226,1219618,LTW 42,Tri1619857,0,71555,165640,0,0
2612,1229,1213989,LTW 42,Tri1232626,1,55598,165641,0,0
2612,1230,1213990,LTW 42,Tri1232626,1,55775,165641,0,0
2612,1231,1213991,LTW 42,Tri1232626,1,55950,165641,0,0
2612,1232,1213992,LTW 42,Tri1232626,1,56125,165641,0,0
2612,1226,1219509,LTW 42,Tri1619855,1,71555,165641,0,0
2612,1226,1219508,LTW 42,Tri1619854,1,71554,165641,0,0
2612,1228,1213993,LTW 42,Tri1232627,1,55424,165641,0,0
2612,1229,1213994,LTW 42,Tri1232627,1,55599,165641,0,0
2612,1230,1213995,LTW 42,Tri1232627,1,55776,165641,0,0
2612,1231,1213996,LTW 42,Tri1232627,1,55951,165641,0,0
2612,1232,1213997,LTW 42,Tri1232627,1,56126,165641,0,0
2612,1228,1213988,LTW 42,Tri1232626,1,55423,165641,0,0
4001,1225,1213007,518,Tri1539137,0,71550,165645,0,0
4001,1227,1213008,518,Tri1539137,0,113194,165645,0,0
4001,1225,1213009,518,Tri1539136,0,71549,165645,0,0
4001,1227,1213010,518,Tri1539136,0,113193,165645,0,0
4001,1225,1213011,518,Tri1539135,0,71550,165645,0,0
4001,1227,1213012,518,Tri1539135,0,113194,165645,0,0
4001,1225,1213013,518,Tri1539134,0,71549,165645,0,0
4001,1227,1213014,518,Tri1539134,0,113193,165645,0,0
4001,1225,1213015,518,Tri1539133,0,71550,165645,0,0
4001,1227,1213016,518,Tri1539133,0,113194,165645,0,0
4001,1225,1213017,518,Tri1539132,0,71549,165645,0,0
4001,1227,1213018,518,Tri1539132,0,113193,165645,0,0
4001,1225,1213019,518,Tri1539131,0,71550,165645,0,0
4001,1227,1213020,518,Tri1539131,0,113194,165645,0,0
4001,1225,1213021,518,Tri1539130,0,71549,165645,0,0
4001,1227,1213022,518,Tri1539130,0,113193,165645,0,0
4001,1225,1213023,518,Tri1539129,0,71550,165645,0,0
4001,1227,1213024,518,Tri1539129,0,113194,165645,0,0
4001,1225,1213025,518,Tri1539128,0,71549,165645,0,0
4001,1227,1213026,518,Tri1539128,0,113193,165645,0,0
4001,1225,1213027,518,Tri1539127,0,71550,165645,0,0
4001,1227,1213028,518,Tri1539127,0,113194,165645,0,0
4001,1225,1213029,518,Tri1539126,0,71549,165645,0,0
4001,1227,1213030,518,Tri1539126,0,113193,165645,0,0
4001,1225,1213031,518,Tri1539125,0,71550,165645,0,0
4001,1227,1213032,518,Tri1539125,0,113194,165645,0,0
4001,1225,1213033,518,Tri1539124,0,71549,165645,0,0
4001,1227,1213034,518,Tri1539124,0,113193,165645,0,0
4001,1225,1213035,518,Tri1539123,0,71550,165645,0,0
4001,1227,1213036,518,Tri1539123,0,113194,165645,0,0
4001,1225,1213037,518,Tri1539122,0,71549,165645,0,0
4001,1227,1213038,518,Tri1539122,0,113193,165645,0,0
4001,1225,1213614,518,Tri1539153,1,71550,165642,0,0
4001,1227,1213615,518,Tri1539153,1,113194,165642,0,0
4001,1225,1213616,518,Tri1539152,1,71549,165642,0,0
4001,1227,1213617,518,Tri1539152,1,113193,165642,0,0
4001,1225,1213618,518,Tri1539151,1,71550,165642,0,0
4001,1227,1213619,518,Tri1539151,1,113194,165642,0,0
4001,1225,1213620,518,Tri1539150,1,71549,165642,0,0
4001,1227,1213621,518,Tri1539150,1,113193,165642,0,0
4001,1225,1213622,518,Tri1539149,1,71550,165642,0,0
4001,1227,1213623,518,Tri1539149,1,113194,165642,0,0
4001,1225,1213624,518,Tri1539148,1,71549,165642,0,0
4001,1227,1213625,518,Tri1539148,1,113193,165642,0,0
4001,1225,1213626,518,Tri1539147,1,71550,165642,0,0
4001,1227,1213627,518,Tri1539147,1,113194,165642,0,0
4001,1225,1213628,518,Tri1539146,1,71549,165642,0,0
4001,1227,1213629,518,Tri1539146,1,113193,165642,0,0
4001,1225,1213630,518,Tri1539145,1,71550,165642,0,0
4001,1227,1213631,518,Tri1539145,1,113194,165642,0,0
4001,1225,1213632,518,Tri1539144,1,71549,165642,0,0
4001,1227,1213633,518,Tri1539144,1,113193,165642,0,0
4001,1225,1213634,518,Tri1539143,1,71550,165642,0,0
4001,1227,1213635,518,Tri1539143,1,113194,165642,0,0
4001,1225,1213636,518,Tri1539142,1,71549,165642,0,0
4001,1227,1213637,518,Tri1539142,1,113193,165642,0,0
4001,1225,1213638,518,Tri1539141,1,71550,165642,0,0
4001,1227,1213639,518,Tri1539141,1,113194,165642,0,0
4001,1225,1213640,518,Tri1539140,1,71549,165642,0,0
4001,1227,1213641,518,Tri1539140,1,113193,165642,0,0
4001,1225,1213642,518,Tri1539139,1,71550,165642,0,0
4001,1227,1213643,518,Tri1539139,1,113194,165642,0,0
4001,1225,1213644,518,Tri1539138,1,71549,165642,0,0
4001,1227,1213645,518,Tri1539138,1,113193,165642,0,0
4001,1228,1214998,518,Tri1539221,1,74243,165642,0,0
4001,1229,1214999,518,Tri1539221,1,74235,165642,0,0
4001,1230,1215000,518,Tri1539221,1,74237,165642,0,0
4001,1231,1215001,518,Tri1539221,1,74239,165642,0,0
4001,1232,1215002,518,Tri1539221,1,74241,165642,0,0
4001,1228,1215003,518,Tri1539222,1,74244,165642,0,0
4001,1229,1215004,518,Tri1539222,1,74236,165642,0,0
4001,1230,1215005,518,Tri1539222,1,74238,165642,0,0
4001,1231,1215006,518,Tri1539222,1,74240,165642,0,0
4001,1232,1215007,518,Tri1539222,1,74242,165642,0,0
4001,1228,1215008,518,Tri1539223,1,74243,165642,0,0
4001,1229,1215009,518,Tri1539223,1,74235,165642,0,0
4001,1230,1215010,518,Tri1539223,1,74237,165642,0,0
4001,1231,1215011,518,Tri1539223,1,74239,165642,0,0
4001,1232,1215012,518,Tri1539223,1,74241,165642,0,0
4001,1228,1215013,518,Tri1539224,1,74244,165642,0,0
4001,1229,1215014,518,Tri1539224,1,74236,165642,0,0
4001,1230,1215015,518,Tri1539224,1,74238,165642,0,0
4001,1231,1215016,518,Tri1539224,1,74240,165642,0,0
4001,1232,1215017,518,Tri1539224,1,74242,165642,0,0
4001,1228,1215018,518,Tri1539225,1,74243,165642,0,0
4001,1229,1215019,518,Tri1539225,1,74235,165642,0,0
4001,1230,1215020,518,Tri1539225,1,74237,165642,0,0
4001,1231,1215021,518,Tri1539225,1,74239,165642,0,0
4001,1232,1215022,518,Tri1539225,1,74241,165642,0,0
4001,1228,1215023,518,Tri1539226,1,74244,165642,0,0
4001,1229,1215024,518,Tri1539226,1,74236,165642,0,0
4001,1230,1215025,518,Tri1539226,1,74238,165642,0,0
4001,1231,1215026,518,Tri1539226,1,74240,165642,0,0
4001,1232,1215027,518,Tri1539226,1,74242,165642,0,0
4001,1228,1215028,518,Tri1539227,1,74243,165642,0,0
4001,1229,1215029,518,Tri1539227,1,74235,165642,0,0
4001,1230,1215030,518,Tri1539227,1,74237,165642,0,0
4001,1231,1215031,518,Tri1539227,1,74239,165642,0,0
4001,1232,1215032,518,Tri1539227,1,74241,165642,0,0
4001,1228,1215033,518,Tri1539228,1,74244,165642,0,0
4001,1229,1215034,518,Tri1539228,1,74236,165642,0,0
4001,1230,1215035,518,Tri1539228,1,74238,165642,0,0
4001,1231,1215036,518,Tri1539228,1,74240,165642,0,0
4001,1232,1215037,518,Tri1539228,1,74242,165642,0,0
4001,1228,1215038,518,Tri1539229,1,74243,165642,0,0
4001,1229,1215039,518,Tri1539229,1,74235,165642,0,0
4001,1230,1215040,518,Tri1539229,1,74237,165642,0,0
4001,1231,1215041,518,Tri1539229,1,74239,165642,0,0
4001,1232,1215042,518,Tri1539229,1,74241,165642,0,0
4001,1228,1215043,518,Tri1539230,1,74244,165642,0,0
4001,1229,1215044,518,Tri1539230,1,74236,165642,0,0
4001,1230,1215045,518,Tri1539230,1,74238,165642,0,0
4001,1231,1215046,518,Tri1539230,1,74240,165642,0,0
4001,1232,1215047,518,Tri1539230,1,74242,165642,0,0
4001,1228,1215048,518,Tri1539231,1,74243,165642,0,0
4001,1229,1215049,518,Tri1539231,1,74235,165642,0,0
4001,1230,1215050,518,Tri1539231,1,74237,165642,0,0
4001,1231,1215051,518,Tri1539231,1,74239,165642,0,0
4001,1232,1215052,518,Tri1539231,1,74241,165642,0,0
4001,1228,1215053,518,Tri1539232,1,74244,165642,0,0
4001,1229,1215054,518,Tri1539232,1,74236,165642,0,0
4001,1230,1215055,518,Tri1539232,1,74238,165642,0,0
4001,1231,1215056,518,Tri1539232,1,74240,165642,0,0
4001,1232,1215057,518,Tri1539232,1,74242,165642,0,0
4001,1228,1215058,518,Tri1539233,1,74243,165642,0,0
4001,1229,1215059,518,Tri1539233,1,74235,165642,0,0
4001,1230,1215060,518,Tri1539233,1,74237,165642,0,0
4001,1231,1215061,518,Tri1539233,1,74239,165642,0,0
4001,1232,1215062,518,Tri1539233,1,74241,165642,0,0
4001,1228,1215063,518,Tri1539234,1,74244,165642,0,0
4001,1229,1215064,518,Tri1539234,1,74236,165642,0,0
4001,1230,1215065,518,Tri1539234,1,74238,165642,0,0
4001,1231,1215066,518,Tri1539234,1,74240,165642,0,0
4001,1232,1215067,518,Tri1539234,1,74242,165642,0,0
4001,1228,1215068,518,Tri1539235,1,74243,165642,0,0
4001,1229,1215069,518,Tri1539235,1,74235,165642,0,0
4001,1230,1215070,518,Tri1539235,1,74237,165642,0,0
4001,1231,1215071,518,Tri1539235,1,74239,165642,0,0
4001,1232,1215072,518,Tri1539235,1,74241,165642,0,0
4001,1228,1215073,518,Tri1539236,1,74244,165642,0,0
4001,1229,1215074,518,Tri1539236,1,74236,165642,0,0
4001,1230,1215075,518,Tri1539236,1,74238,165642,0,0
4001,1231,1215076,518,Tri1539236,1,74240,165642,0,0
4001,1232,1215077,518,Tri1539236,1,74242,165642,0,0
4001,1228,1215078,518,Tri1539237,1,74243,165642,0,0
4001,1229,1215079,518,Tri1539237,1,74235,165642,0,0
4001,1230,1215080,518,Tri1539237,1,74237,165642,0,0
4001,1231,1215081,518,Tri1539237,1,74239,165642,0,0
4001,1232,1215082,518,Tri1539237,1,74241,165642,0,0
4001,1228,1215083,518,Tri1539238,1,74244,165642,0,0
4001,1229,1215084,518,Tri1539238,1,74236,165642,0,0
4001,1230,1215085,518,Tri1539238,1,74238,165642,0,0
4001,1231,1215086,518,Tri1539238,1,74240,165642,0,0
4001,1232,1215087,518,Tri1539238,1,74242,165642,0,0
4001,1228,1215088,518,Tri1539239,1,74243,165642,0,0
4001,1229,1215089,518,Tri1539239,1,74235,165642,0,0
4001,1230,1215090,518,Tri1539239,1,74237,165642,0,0
4001,1231,1215091,518,Tri1539239,1,74239,165642,0,0
4001,1232,1215092,518,Tri1539239,1,74241,165642,0,0
4001,1228,1215093,518,Tri1539240,1,74244,165642,0,0
4001,1229,1215094,518,Tri1539240,1,74236,165642,0,0
4001,1230,1215095,518,Tri1539240,1,74238,165642,0,0
4001,1231,1215096,518,Tri1539240,1,74240,165642,0,0
4001,1232,1215097,518,Tri1539240,1,74242,165642,0,0
4001,1228,1215098,518,Tri1539241,1,74243,165642,0,0
4001,1229,1215099,518,Tri1539241,1,74235,165642,0,0
4001,1230,1215100,518,Tri1539241,1,74237,165642,0,0
4001,1231,1215101,518,Tri1539241,1,74239,165642,0,0
4001,1232,1215102,518,Tri1539241,1,74241,165642,0,0
4001,1228,1215103,518,Tri1539242,1,74244,165642,0,0
4001,1229,1215104,518,Tri1539242,1,74236,165642,0,0
4001,1230,1215105,518,Tri1539242,1,74238,165642,0,0
4001,1231,1215106,518,Tri1539242,1,74240,165642,0,0
4001,1232,1215107,518,Tri1539242,1,74242,165642,0,0
4001,1228,1215108,518,Tri1539243,1,74243,165642,0,0
4001,1229,1215109,518,Tri1539243,1,74235,165642,0,0
4001,1230,1215110,518,Tri1539243,1,74237,165642,0,0
4001,1231,1215111,518,Tri1539243,1,74239,165642,0,0
4001,1232,1215112,518,Tri1539243,1,74241,165642,0,0
4001,1228,1215113,518,Tri1539244,1,74244,165642,0,0
4001,1229,1215114,518,Tri1539244,1,74236,165642,0,0
4001,1230,1215115,518,Tri1539244,1,74238,165642,0,0
4001,1231,1215116,518,Tri1539244,1,74240,165642,0,0
4001,1232,1215117,518,Tri1539244,1,74242,165642,0,0
4001,1228,1215118,518,Tri1539245,1,74243,165642,0,0
4001,1229,1215119,518,Tri1539245,1,74235,165642,0,0
4001,1230,1215120,518,Tri1539245,1,74237,165642,0,0
4001,1231,1215121,518,Tri1539245,1,74239,165642,0,0
4001,1232,1215122,518,Tri1539245,1,74241,165642,0,0
4001,1228,1215123,518,Tri1539246,1,74244,165642,0,0
4001,1229,1215124,518,Tri1539246,1,74236,165642,0,0
4001,1230,1215125,518,Tri1539246,1,74238,165642,0,0
4001,1231,1215126,518,Tri1539246,1,74240,165642,0,0
4001,1232,1215127,518,Tri1539246,1,74242,165642,0,0
4001,1228,1215128,518,Tri1539247,1,74243,165642,0,0
4001,1229,1215129,518,Tri1539247,1,74235,165642,0,0
4001,1230,1215130,518,Tri1539247,1,74237,165642,0,0
4001,1231,1215131,518,Tri1539247,1,74239,165642,0,0
4001,1232,1215132,518,Tri1539247,1,74241,165642,0,0
4001,1228,1217428,518,Tri1539194,0,74243,165645,0,0
4001,1229,1217429,518,Tri1539194,0,74235,165645,0,0
4001,1230,1217430,518,Tri1539194,0,74237,165645,0,0
4001,1231,1217431,518,Tri1539194,0,74239,165645,0,0
4001,1232,1217432,518,Tri1539194,0,74241,165645,0,0
4001,1228,1217433,518,Tri1539195,0,74244,165645,0,0
4001,1229,1217434,518,Tri1539195,0,74236,165645,0,0
4001,1230,1217435,518,Tri1539195,0,74238,165645,0,0
4001,1231,1217436,518,Tri1539195,0,74240,165645,0,0
4001,1232,1217437,518,Tri1539195,0,74242,165645,0,0
4001,1228,1217438,518,Tri1539196,0,74243,165645,0,0
4001,1229,1217439,518,Tri1539196,0,74235,165645,0,0
4001,1230,1217440,518,Tri1539196,0,74237,165645,0,0
4001,1231,1217441,518,Tri1539196,0,74239,165645,0,0
4001,1232,1217442,518,Tri1539196,0,74241,165645,0,0
4001,1228,1217443,518,Tri1539197,0,74244,165645,0,0
4001,1229,1217444,518,Tri1539197,0,74236,165645,0,0
4001,1230,1217445,518,Tri1539197,0,74238,165645,0,0
4001,1231,1217446,518,Tri1539197,0,74240,165645,0,0
4001,1232,1217447,518,Tri1539197,0,74242,165645,0,0
4001,1228,1217448,518,Tri1539198,0,74243,165645,0,0
4001,1229,1217449,518,Tri1539198,0,74235,165645,0,0
4001,1230,1217450,518,Tri1539198,0,74237,165645,0,0
4001,1231,1217451,518,Tri1539198,0,74239,165645,0,0
4001,1232,1217452,518,Tri1539198,0,74241,165645,0,0
4001,1228,1217453,518,Tri1539199,0,74244,165645,0,0
4001,1229,1217454,518,Tri1539199,0,74236,165645,0,0
4001,1230,1217455,518,Tri1539199,0,74238,165645,0,0
4001,1231,1217456,518,Tri1539199,0,74240,165645,0,0
4001,1232,1217457,518,Tri1539199,0,74242,165645,0,0
4001,1228,1217458,518,Tri1539200,0,74243,165645,0,0
4001,1229,1217459,518,Tri1539200,0,74235,165645,0,0
4001,1230,1217460,518,Tri1539200,0,74237,165645,0,0
4001,1231,1217461,518,Tri1539200,0,74239,165645,0,0
4001,1232,1217462,518,Tri1539200,0,74241,165645,0,0
4001,1228,1217463,518,Tri1539201,0,74244,165645,0,0
4001,1229,1217464,518,Tri1539201,0,74236,165645,0,0
4001,1230,1217465,518,Tri1539201,0,74238,165645,0,0
4001,1231,1217466,518,Tri1539201,0,74240,165645,0,0
4001,1232,1217467,518,Tri1539201,0,74242,165645,0,0
4001,1228,1217468,518,Tri1539202,0,74243,165645,0,0
4001,1229,1217469,518,Tri1539202,0,74235,165645,0,0
4001,1230,1217470,518,Tri1539202,0,74237,165645,0,0
4001,1231,1217471,518,Tri1539202,0,74239,165645,0,0
4001,1232,1217472,518,Tri1539202,0,74241,165645,0,0
4001,1228,1217473,518,Tri1539203,0,74244,165645,0,0
4001,1229,1217474,518,Tri1539203,0,74236,165645,0,0
4001,1230,1217475,518,Tri1539203,0,74238,165645,0,0
4001,1231,1217476,518,Tri1539203,0,74240,165645,0,0
4001,1232,1217477,518,Tri1539203,0,74242,165645,0,0
4001,1228,1217478,518,Tri1539204,0,74243,165645,0,0
4001,1229,1217479,518,Tri1539204,0,74235,165645,0,0
4001,1230,1217480,518,Tri1539204,0,74237,165645,0,0
4001,1231,1217481,518,Tri1539204,0,74239,165645,0,0
4001,1232,1217482,518,Tri1539204,0,74241,165645,0,0
4001,1228,1217483,518,Tri1539205,0,74244,165645,0,0
4001,1229,1217484,518,Tri1539205,0,74236,165645,0,0
4001,1230,1217485,518,Tri1539205,0,74238,165645,0,0
4001,1231,1217486,518,Tri1539205,0,74240,165645,0,0
4001,1232,1217487,518,Tri1539205,0,74242,165645,0,0
4001,1228,1217488,518,Tri1539206,0,74243,165645,0,0
4001,1229,1217489,518,Tri1539206,0,74235,165645,0,0
4001,1230,1217490,518,Tri1539206,0,74237,165645,0,0
4001,1231,1217491,518,Tri1539206,0,74239,165645,0,0
4001,1232,1217492,518,Tri1539206,0,74241,165645,0,0
4001,1228,1217493,518,Tri1539207,0,74244,165645,0,0
4001,1229,1217494,518,Tri1539207,0,74236,165645,0,0
4001,1230,1217495,518,Tri1539207,0,74238,165645,0,0
4001,1231,1217496,518,Tri1539207,0,74240,165645,0,0
4001,1232,1217497,518,Tri1539207,0,74242,165645,0,0
4001,1228,1217498,518,Tri1539208,0,74243,165645,0,0
4001,1229,1217499,518,Tri1539208,0,74235,165645,0,0
4001,1230,1217500,518,Tri1539208,0,74237,165645,0,0
4001,1231,1217501,518,Tri1539208,0,74239,165645,0,0
4001,1232,1217502,518,Tri1539208,0,74241,165645,0,0
4001,1228,1217503,518,Tri1539209,0,74244,165645,0,0
4001,1229,1217504,518,Tri1539209,0,74236,165645,0,0
4001,1230,1217505,518,Tri1539209,0,74238,165645,0,0
4001,1231,1217506,518,Tri1539209,0,74240,165645,0,0
4001,1232,1217507,518,Tri1539209,0,74242,165645,0,0
4001,1228,1217508,518,Tri1539210,0,74243,165645,0,0
4001,1229,1217509,518,Tri1539210,0,74235,165645,0,0
4001,1230,1217510,518,Tri1539210,0,74237,165645,0,0
4001,1231,1217511,518,Tri1539210,0,74239,165645,0,0
4001,1232,1217512,518,Tri1539210,0,74241,165645,0,0
4001,1228,1217513,518,Tri1539211,0,74244,165645,0,0
4001,1229,1217514,518,Tri1539211,0,74236,165645,0,0
4001,1230,1217515,518,Tri1539211,0,74238,165645,0,0
4001,1231,1217516,518,Tri1539211,0,74240,165645,0,0
4001,1232,1217517,518,Tri1539211,0,74242,165645,0,0
4001,1228,1217518,518,Tri1539212,0,74243,165645,0,0
4001,1229,1217519,518,Tri1539212,0,74235,165645,0,0
4001,1230,1217520,518,Tri1539212,0,74237,165645,0,0
4001,1231,1217521,518,Tri1539212,0,74239,165645,0,0
4001,1232,1217522,518,Tri1539212,0,74241,165645,0,0
4001,1228,1217523,518,Tri1539213,0,74244,165645,0,0
4001,1229,1217524,518,Tri1539213,0,74236,165645,0,0
4001,1230,1217525,518,Tri1539213,0,74238,165645,0,0
4001,1231,1217526,518,Tri1539213,0,74240,165645,0,0
4001,1232,1217527,518,Tri1539213,0,74242,165645,0,0
4001,1228,1217528,518,Tri1539214,0,74243,165645,0,0
4001,1229,1217529,518,Tri1539214,0,74235,165645,0,0
4001,1230,1217530,518,Tri1539214,0,74237,165645,0,0
4001,1231,1217531,518,Tri1539214,0,74239,165645,0,0
4001,1232,1217532,518,Tri1539214,0,74241,165645,0,0
4001,1228,1217533,518,Tri1539215,0,74244,165645,0,0
4001,1229,1217534,518,Tri1539215,0,74236,165645,0,0
4001,1230,1217535,518,Tri1539215,0,74238,165645,0,0
4001,1231,1217536,518,Tri1539215,0,74240,165645,0,0
4001,1232,1217537,518,Tri1539215,0,74242,165645,0,0
4001,1228,1217538,518,Tri1539216,0,74243,165645,0,0
4001,1229,1217539,518,Tri1539216,0,74235,165645,0,0
4001,1230,1217540,518,Tri1539216,0,74237,165645,0,0
4001,1231,1217541,518,Tri1539216,0,74239,165645,0,0
4001,1232,1217542,518,Tri1539216,0,74241,165645,0,0
4001,1228,1217543,518,Tri1539217,0,74244,165645,0,0
4001,1229,1217544,518,Tri1539217,0,74236,165645,0,0
4001,1230,1217545,518,Tri1539217,0,74238,165645,0,0
4001,1231,1217546,518,Tri1539217,0,74240,165645,0,0
4001,1232,1217547,518,Tri1539217,0,74242,165645,0,0
4001,1228,1217548,518,Tri1539218,0,74243,165645,0,0
4001,1229,1217549,518,Tri1539218,0,74235,165645,0,0
4001,1230,1217550,518,Tri1539218,0,74237,165645,0,0
4001,1231,1217551,518,Tri1539218,0,74239,165645,0,0
4001,1232,1217552,518,Tri1539218,0,74241,165645,0,0
4001,1228,1217553,518,Tri1539219,0,74244,165645,0,0
4001,1229,1217554,518,Tri1539219,0,74236,165645,0,0
4001,1230,1217555,518,Tri1539219,0,74238,165645,0,0
4001,1231,1217556,518,Tri1539219,0,74240,165645,0,0
4001,1232,1217557,518,Tri1539219,0,74242,165645,0,0
4001,1228,1217558,518,Tri1539220,0,74243,165645,0,0
4001,1229,1217559,518,Tri1539220,0,74235,165645,0,0
4001,1230,1217560,518,Tri1539220,0,74237,165645,0,0
4001,1231,1217561,518,Tri1539220,0,74239,165645,0,0
4001,1232,1217562,518,Tri1539220,0,74241,165645,0,0
4001,1226,1219490,518,Tri1539173,1,71548,165642,0,0
4001,1226,1219489,518,Tri1539172,1,71547,165642,0,0
4001,1226,1219488,518,Tri1539171,1,71548,165642,0,0
4001,1226,1219487,518,Tri1539170,1,71547,165642,0,0
4001,1226,1219486,518,Tri1539169,1,71548,165642,0,0
4001,1226,1219485,518,Tri1539168,1,71547,165642,0,0
4001,1226,1219484,518,Tri1539167,1,71548,165642,0,0
4001,1226,1219483,518,Tri1539166,1,71547,165642,0,0
4001,1226,1219482,518,Tri1539165,1,71548,165642,0,0
4001,1226,1219481,518,Tri1539164,1,71547,165642,0,0
4001,1226,1219480,518,Tri1539163,1,71548,165642,0,0
4001,1226,1219479,518,Tri1539162,1,71547,165642,0,0
4001,1226,1219478,518,Tri1539161,1,71548,165642,0,0
4001,1226,1219477,518,Tri1539160,1,71547,165642,0,0
4001,1226,1219476,518,Tri1539159,1,71548,165642,0,0
4001,1226,1219475,518,Tri1539158,1,71547,165642,0,0
4001,1226,1219474,518,Tri1539157,1,71548,165642,0,0
4001,1226,1219473,518,Tri1539156,1,71547,165642,0,0
4001,1226,1219472,518,Tri1539155,1,71548,165642,0,0
4001,1226,1219471,518,Tri1539154,1,71547,165642,0,0
4001,1226,1219571,518,Tri1539174,0,71547,165645,0,0
4001,1226,1219572,518,Tri1539175,0,71548,165645,0,0
4001,1226,1219573,518,Tri1539176,0,71547,165645,0,0
4001,1226,1219574,518,Tri1539177,0,71548,165645,0,0
4001,1226,1219575,518,Tri1539178,0,71547,165645,0,0
4001,1226,1219576,518,Tri1539179,0,71548,165645,0,0
4001,1226,1219577,518,Tri1539180,0,71547,165645,0,0
4001,1226,1219578,518,Tri1539181,0,71548,165645,0,0
4001,1226,1219579,518,Tri1539182,0,71547,165645,0,0
4001,1226,1219580,518,Tri1539183,0,71548,165645,0,0
4001,1226,1219581,518,Tri1539184,0,71547,165645,0,0
4001,1226,1219582,518,Tri1539185,0,71548,165645,0,0
4001,1226,1219583,518,Tri1539186,0,71547,165645,0,0
4001,1226,1219584,518,Tri1539187,0,71548,165645,0,0
4001,1226,1219585,518,Tri1539188,0,71547,165645,0,0
4001,1226,1219586,518,Tri1539189,0,71548,165645,0,0
4001,1226,1219587,518,Tri1539190,0,71547,165645,0,0
4001,1226,1219588,518,Tri1539191,0,71548,165645,0,0
4001,1226,1219589,518,Tri1539192,0,71547,165645,0,0
4001,1226,1219590,518,Tri1539193,0,71548,165645,0,0
4636,1225,1213444,605,Tri1585251,0,113088,165648,0,0
4636,1227,1213445,605,Tri1585251,0,113208,165648,0,0
4636,1225,1213446,605,Tri1799161,0,113597,165648,0,0
4636,1227,1213447,605,Tri1799161,0,113602,165648,0,0
4636,1225,1213448,605,Tri1585250,0,113089,165648,0,0
4636,1227,1213449,605,Tri1585250,0,113207,165648,0,0
4636,1225,1213450,605,Tri1585249,0,113105,165648,0,0
4636,1227,1213451,605,Tri1585249,0,113206,165648,0,0
4636,1227,1213668,605,Tri1585222,1,113206,165649,0,0
4636,1225,1213669,605,Tri1585222,1,113105,165649,0,0
4636,1227,1213670,605,Tri1585247,1,113207,165649,0,0
4636,1225,1213671,605,Tri1585247,1,113089,165649,0,0
4636,1227,1213672,605,Tri1799160,1,113602,165649,0,0
4636,1225,1213673,605,Tri1799160,1,113597,165649,0,0
4636,1227,1213674,605,Tri1585248,1,113208,165649,0,0
4636,1225,1213675,605,Tri1585248,1,113088,165649,0,0
4636,1228,1214758,605,Tri1585260,0,113100,165648,0,0
4636,1229,1214759,605,Tri1585260,0,113092,165648,0,0
4636,1230,1214760,605,Tri1585260,0,113094,165648,0,0
4636,1231,1214761,605,Tri1585260,0,113096,165648,0,0
4636,1232,1214762,605,Tri1585260,0,113098,165648,0,0
4636,1228,1214763,605,Tri1585259,0,113101,165648,0,0
4636,1229,1214764,605,Tri1585259,0,113093,165648,0,0
4636,1230,1214765,605,Tri1585259,0,113095,165648,0,0
4636,1231,1214766,605,Tri1585259,0,113097,165648,0,0
4636,1232,1214767,605,Tri1585259,0,113099,165648,0,0
4636,1228,1214768,605,Tri1585258,0,113102,165648,0,0
4636,1229,1214769,605,Tri1585258,0,113198,165648,0,0
4636,1230,1214770,605,Tri1585258,0,113197,165648,0,0
4636,1231,1214771,605,Tri1585258,0,113196,165648,0,0
4636,1232,1214772,605,Tri1585258,0,113195,165648,0,0
4636,1228,1214773,605,Tri1799156,0,113102,165648,0,0
4636,1229,1214774,605,Tri1799156,0,113198,165648,0,0
4636,1230,1214775,605,Tri1799156,0,113197,165648,0,0
4636,1231,1214776,605,Tri1799156,0,113196,165648,0,0
4636,1232,1214777,605,Tri1799156,0,113195,165648,0,0
4636,1228,1219313,605,Tri1585261,1,113100,165649,0,0
4636,1229,1219314,605,Tri1585261,1,113092,165649,0,0
4636,1230,1219315,605,Tri1585261,1,113094,165649,0,0
4636,1231,1219316,605,Tri1585261,1,113096,165649,0,0
4636,1232,1219317,605,Tri1585261,1,113098,165649,0,0
4636,1228,1219318,605,Tri1585262,1,113101,165649,0,0
4636,1229,1219319,605,Tri1585262,1,113093,165649,0,0
4636,1230,1219320,605,Tri1585262,1,113095,165649,0,0
4636,1231,1219321,605,Tri1585262,1,113097,165649,0,0
4636,1232,1219322,605,Tri1585262,1,113099,165649,0,0
4636,1228,1219323,605,Tri1585263,1,113102,165649,0,0
4636,1229,1219324,605,Tri1585263,1,113198,165649,0,0
4636,1230,1219325,605,Tri1585263,1,113197,165649,0,0
4636,1231,1219326,605,Tri1585263,1,113196,165649,0,0
4636,1232,1219327,605,Tri1585263,1,113195,165649,0,0
4636,1228,1219328,605,Tri1799155,1,113102,165649,0,0
4636,1229,1219329,605,Tri1799155,1,113198,165649,0,0
4636,1230,1219330,605,Tri1799155,1,113197,165649,0,0
4636,1231,1219331,605,Tri1799155,1,113196,165649,0,0
4636,1232,1219332,605,Tri1799155,1,113195,165649,0,0
4636,1226,1219650,605,Tri1585255,0,113090,165648,0,0
4636,1226,1219651,605,Tri1585256,0,113091,165648,0,0
4636,1226,1219652,605,Tri1799158,0,113091,165648,0,0
4636,1226,1219653,605,Tri1585257,0,113091,165648,0,0
4636,1226,1220223,605,Tri1585252,1,113090,165649,0,0
4636,1226,1220224,605,Tri1585253,1,113091,165649,0,0
4636,1226,1220225,605,Tri1799159,1,113091,165649,0,0
4636,1226,1220226,605,Tri1585254,1,113091,165649,0,0
5522,1228,1214328,418X,Tri1711345,1,96367,165650,0,0
5522,1229,1214329,418X,Tri1711345,1,96355,165650,0,0
5522,1230,1214330,418X,Tri1711345,1,96358,165650,0,0
5522,1231,1214331,418X,Tri1711345,1,96361,165650,0,0
5522,1232,1214332,418X,Tri1711345,1,96364,165650,0,0
5522,1228,1214333,418X,Tri1711346,1,96366,165650,0,0
5522,1229,1214334,418X,Tri1711346,1,96354,165650,0,0
5522,1230,1214335,418X,Tri1711346,1,96357,165650,0,0
5522,1231,1214336,418X,Tri1711346,1,96360,165650,0,0
5522,1232,1214337,418X,Tri1711346,1,96363,165650,0,0
5522,1228,1214338,418X,Tri1711347,1,96368,165650,0,0
5522,1229,1214339,418X,Tri1711347,1,96356,165650,0,0
5522,1230,1214340,418X,Tri1711347,1,96359,165650,0,0
5522,1231,1214341,418X,Tri1711347,1,96362,165650,0,0
5522,1232,1214342,418X,Tri1711347,1,96365,165650,0,0
5522,1228,1214343,418X,Tri1711348,1,96367,165650,0,0
5522,1229,1214344,418X,Tri1711348,1,96355,165650,0,0
5522,1230,1214345,418X,Tri1711348,1,96358,165650,0,0
5522,1231,1214346,418X,Tri1711348,1,96361,165650,0,0
5522,1232,1214347,418X,Tri1711348,1,96364,165650,0,0
5522,1228,1214348,418X,Tri1711349,1,96366,165650,0,0
5522,1229,1214349,418X,Tri1711349,1,96354,165650,0,0
5522,1230,1214350,418X,Tri1711349,1,96357,165650,0,0
5522,1231,1214351,418X,Tri1711349,1,96360,165650,0,0
5522,1232,1214352,418X,Tri1711349,1,96363,165650,0,0
5522,1228,1214353,418X,Tri1711350,1,96368,165650,0,0
5522,1229,1214354,418X,Tri1711350,1,96356,165650,0,0
5522,1230,1214355,418X,Tri1711350,1,96359,165650,0,0
5522,1231,1214356,418X,Tri1711350,1,96362,165650,0,0
5522,1232,1214357,418X,Tri1711350,1,96365,165650,0,0
5522,1228,1214358,418X,Tri1711351,1,96367,165650,0,0
5522,1229,1214359,418X,Tri1711351,1,96355,165650,0,0
5522,1230,1214360,418X,Tri1711351,1,96358,165650,0,0
5522,1231,1214361,418X,Tri1711351,1,96361,165650,0,0
5522,1232,1214362,418X,Tri1711351,1,96364,165650,0,0
5522,1228,1214363,418X,Tri1711352,1,96366,165650,0,0
5522,1229,1214364,418X,Tri1711352,1,96354,165650,0,0
5522,1230,1214365,418X,Tri1711352,1,96357,165650,0,0
5522,1231,1214366,418X,Tri1711352,1,96360,165650,0,0
5522,1232,1214367,418X,Tri1711352,1,96363,165650,0,0
5522,1228,1214368,418X,Tri1711353,1,96368,165650,0,0
5522,1229,1214369,418X,Tri1711353,1,96356,165650,0,0
5522,1230,1214370,418X,Tri1711353,1,96359,165650,0,0
5522,1231,1214371,418X,Tri1711353,1,96362,165650,0,0
5522,1232,1214372,418X,Tri1711353,1,96365,165650,0,0
5522,1228,1214373,418X,Tri1711354,1,96367,165650,0,0
5522,1229,1214374,418X,Tri1711354,1,96355,165650,0,0
5522,1230,1214375,418X,Tri1711354,1,96358,165650,0,0
5522,1231,1214376,418X,Tri1711354,1,96361,165650,0,0
5522,1232,1214377,418X,Tri1711354,1,96364,165650,0,0
5522,1228,1214378,418X,Tri1711355,1,96366,165650,0,0
5522,1229,1214379,418X,Tri1711355,1,96354,165650,0,0
5522,1230,1214380,418X,Tri1711355,1,96357,165650,0,0
5522,1231,1214381,418X,Tri1711355,1,96360,165650,0,0
5522,1232,1214382,418X,Tri1711355,1,96363,165650,0,0
5522,1228,1214383,418X,Tri1711356,1,96368,165650,0,0
5522,1229,1214384,418X,Tri1711356,1,96356,165650,0,0
5522,1230,1214385,418X,Tri1711356,1,96359,165650,0,0
5522,1231,1214386,418X,Tri1711356,1,96362,165650,0,0
5522,1232,1214387,418X,Tri1711356,1,96365,165650,0,0
5522,1228,1214388,418X,Tri1711357,1,96367,165650,0,0
5522,1229,1214389,418X,Tri1711357,1,96355,165650,0,0
5522,1230,1214390,418X,Tri1711357,1,96358,165650,0,0
5522,1231,1214391,418X,Tri1711357,1,96361,165650,0,0
5522,1232,1214392,418X,Tri1711357,1,96364,165650,0,0
5522,1228,1214393,418X,Tri1711358,1,96366,165650,0,0
5522,1229,1214394,418X,Tri1711358,1,96354,165650,0,0
5522,1230,1214395,418X,Tri1711358,1,96357,165650,0,0
5522,1231,1214396,418X,Tri1711358,1,96360,165650,0,0
5522,1232,1214397,418X,Tri1711358,1,96363,165650,0,0
5522,1228,1214398,418X,Tri1711359,1,96368,165650,0,0
5522,1229,1214399,418X,Tri1711359,1,96356,165650,0,0
5522,1230,1214400,418X,Tri1711359,1,96359,165650,0,0
5522,1231,1214401,418X,Tri1711359,1,96362,165650,0,0
5522,1232,1214402,418X,Tri1711359,1,96365,165650,0,0
5522,1228,1214403,418X,Tri1711360,1,96367,165650,0,0
5522,1229,1214404,418X,Tri1711360,1,96355,165650,0,0
5522,1230,1214405,418X,Tri1711360,1,96358,165650,0,0
5522,1231,1214406,418X,Tri1711360,1,96361,165650,0,0
5522,1232,1214407,418X,Tri1711360,1,96364,165650,0,0
5522,1228,1214408,418X,Tri1711361,1,96366,165650,0,0
5522,1229,1214409,418X,Tri1711361,1,96354,165650,0,0
5522,1230,1214410,418X,Tri1711361,1,96357,165650,0,0
5522,1231,1214411,418X,Tri1711361,1,96360,165650,0,0
5522,1232,1214412,418X,Tri1711361,1,96363,165650,0,0
5522,1228,1214413,418X,Tri1711362,1,96368,165650,0,0
5522,1229,1214414,418X,Tri1711362,1,96356,165650,0,0
5522,1230,1214415,418X,Tri1711362,1,96359,165650,0,0
5522,1231,1214416,418X,Tri1711362,1,96362,165650,0,0
5522,1232,1214417,418X,Tri1711362,1,96365,165650,0,0
5522,1228,1214418,418X,Tri1711363,1,96367,165650,0,0
5522,1229,1214419,418X,Tri1711363,1,96355,165650,0,0
5522,1230,1214420,418X,Tri1711363,1,96358,165650,0,0
5522,1231,1214421,418X,Tri1711363,1,96361,165650,0,0
5522,1232,1214422,418X,Tri1711363,1,96364,165650,0,0
5522,1228,1214423,418X,Tri1711364,1,96366,165650,0,0
5522,1229,1214424,418X,Tri1711364,1,96354,165650,0,0
5522,1230,1214425,418X,Tri1711364,1,96357,165650,0,0
5522,1231,1214426,418X,Tri1711364,1,96360,165650,0,0
5522,1232,1214427,418X,Tri1711364,1,96363,165650,0,0
5522,1228,1214428,418X,Tri1711365,1,96368,165650,0,0
5522,1229,1214429,418X,Tri1711365,1,96356,165650,0,0
5522,1230,1214430,418X,Tri1711365,1,96359,165650,0,0
5522,1231,1214431,418X,Tri1711365,1,96362,165650,0,0
5522,1232,1214432,418X,Tri1711365,1,96365,165650,0,0
5522,1228,1214433,418X,Tri1711366,1,96367,165650,0,0
5522,1229,1214434,418X,Tri1711366,1,96355,165650,0,0
5522,1230,1214435,418X,Tri1711366,1,96358,165650,0,0
5522,1231,1214436,418X,Tri1711366,1,96361,165650,0,0
5522,1232,1214437,418X,Tri1711366,1,96364,165650,0,0
5522,1228,1214438,418X,Tri1711367,1,96366,165650,0,0
5522,1229,1214439,418X,Tri1711367,1,96354,165650,0,0
5522,1230,1214440,418X,Tri1711367,1,96357,165650,0,0
5522,1231,1214441,418X,Tri1711367,1,96360,165650,0,0
5522,1232,1214442,418X,Tri1711367,1,96363,165650,0,0
5522,1228,1216608,418X,Tri1711322,0,96366,165651,0,0
5522,1229,1216609,418X,Tri1711322,0,96354,165651,0,0
5522,1230,1216610,418X,Tri1711322,0,96357,165651,0,0
5522,1231,1216611,418X,Tri1711322,0,96360,165651,0,0
5522,1232,1216612,418X,Tri1711322,0,96363,165651,0,0
5522,1228,1216613,418X,Tri1711323,0,96368,165651,0,0
5522,1229,1216614,418X,Tri1711323,0,96356,165651,0,0
5522,1230,1216615,418X,Tri1711323,0,96359,165651,0,0
5522,1231,1216616,418X,Tri1711323,0,96362,165651,0,0
5522,1232,1216617,418X,Tri1711323,0,96365,165651,0,0
5522,1228,1216618,418X,Tri1711324,0,96367,165651,0,0
5522,1229,1216619,418X,Tri1711324,0,96355,165651,0,0
5522,1230,1216620,418X,Tri1711324,0,96358,165651,0,0
5522,1231,1216621,418X,Tri1711324,0,96361,165651,0,0
5522,1232,1216622,418X,Tri1711324,0,96364,165651,0,0
5522,1228,1216623,418X,Tri1711325,0,96366,165651,0,0
5522,1229,1216624,418X,Tri1711325,0,96354,165651,0,0
5522,1230,1216625,418X,Tri1711325,0,96357,165651,0,0
5522,1231,1216626,418X,Tri1711325,0,96360,165651,0,0
5522,1232,1216627,418X,Tri1711325,0,96363,165651,0,0
5522,1228,1216628,418X,Tri1711326,0,96368,165651,0,0
5522,1229,1216629,418X,Tri1711326,0,96356,165651,0,0
5522,1230,1216630,418X,Tri1711326,0,96359,165651,0,0
5522,1231,1216631,418X,Tri1711326,0,96362,165651,0,0
5522,1232,1216632,418X,Tri1711326,0,96365,165651,0,0
5522,1228,1216633,418X,Tri1711327,0,96367,165651,0,0
5522,1229,1216634,418X,Tri1711327,0,96355,165651,0,0
5522,1230,1216635,418X,Tri1711327,0,96358,165651,0,0
5522,1231,1216636,418X,Tri1711327,0,96361,165651,0,0
5522,1232,1216637,418X,Tri1711327,0,96364,165651,0,0
5522,1228,1216638,418X,Tri1711328,0,96366,165651,0,0
5522,1229,1216639,418X,Tri1711328,0,96354,165651,0,0
5522,1230,1216640,418X,Tri1711328,0,96357,165651,0,0
5522,1231,1216641,418X,Tri1711328,0,96360,165651,0,0
5522,1232,1216642,418X,Tri1711328,0,96363,165651,0,0
5522,1228,1216643,418X,Tri1711329,0,96368,165651,0,0
5522,1229,1216644,418X,Tri1711329,0,96356,165651,0,0
5522,1230,1216645,418X,Tri1711329,0,96359,165651,0,0
5522,1231,1216646,418X,Tri1711329,0,96362,165651,0,0
5522,1232,1216647,418X,Tri1711329,0,96365,165651,0,0
5522,1228,1216648,418X,Tri1711330,0,96367,165651,0,0
5522,1229,1216649,418X,Tri1711330,0,96355,165651,0,0
5522,1230,1216650,418X,Tri1711330,0,96358,165651,0,0
5522,1231,1216651,418X,Tri1711330,0,96361,165651,0,0
5522,1232,1216652,418X,Tri1711330,0,96364,165651,0,0
5522,1228,1216653,418X,Tri1711331,0,96366,165651,0,0
5522,1229,1216654,418X,Tri1711331,0,96354,165651,0,0
5522,1230,1216655,418X,Tri1711331,0,96357,165651,0,0
5522,1231,1216656,418X,Tri1711331,0,96360,165651,0,0
5522,1232,1216657,418X,Tri1711331,0,96363,165651,0,0
5522,1228,1216658,418X,Tri1711332,0,96368,165651,0,0
5522,1229,1216659,418X,Tri1711332,0,96356,165651,0,0
5522,1230,1216660,418X,Tri1711332,0,96359,165651,0,0
5522,1231,1216661,418X,Tri1711332,0,96362,165651,0,0
5522,1232,1216662,418X,Tri1711332,0,96365,165651,0,0
5522,1228,1216663,418X,Tri1711333,0,96367,165651,0,0
5522,1229,1216664,418X,Tri1711333,0,96355,165651,0,0
5522,1230,1216665,418X,Tri1711333,0,96358,165651,0,0
5522,1231,1216666,418X,Tri1711333,0,96361,165651,0,0
5522,1232,1216667,418X,Tri1711333,0,96364,165651,0,0
5522,1228,1216668,418X,Tri1711334,0,96366,165651,0,0
5522,1229,1216669,418X,Tri1711334,0,96354,165651,0,0
5522,1230,1216670,418X,Tri1711334,0,96357,165651,0,0
5522,1231,1216671,418X,Tri1711334,0,96360,165651,0,0
5522,1232,1216672,418X,Tri1711334,0,96363,165651,0,0
5522,1228,1216673,418X,Tri1711335,0,96368,165651,0,0
5522,1229,1216674,418X,Tri1711335,0,96356,165651,0,0
5522,1230,1216675,418X,Tri1711335,0,96359,165651,0,0
5522,1231,1216676,418X,Tri1711335,0,96362,165651,0,0
5522,1232,1216677,418X,Tri1711335,0,96365,165651,0,0
5522,1228,1216678,418X,Tri1711336,0,96367,165651,0,0
5522,1229,1216679,418X,Tri1711336,0,96355,165651,0,0
5522,1230,1216680,418X,Tri1711336,0,96358,165651,0,0
5522,1231,1216681,418X,Tri1711336,0,96361,165651,0,0
5522,1232,1216682,418X,Tri1711336,0,96364,165651,0,0
5522,1228,1216683,418X,Tri1711337,0,96366,165651,0,0
5522,1229,1216684,418X,Tri1711337,0,96354,165651,0,0
5522,1230,1216685,418X,Tri1711337,0,96357,165651,0,0
5522,1231,1216686,418X,Tri1711337,0,96360,165651,0,0
5522,1232,1216687,418X,Tri1711337,0,96363,165651,0,0
5522,1228,1216688,418X,Tri1711338,0,96368,165651,0,0
5522,1229,1216689,418X,Tri1711338,0,96356,165651,0,0
5522,1230,1216690,418X,Tri1711338,0,96359,165651,0,0
5522,1231,1216691,418X,Tri1711338,0,96362,165651,0,0
5522,1232,1216692,418X,Tri1711338,0,96365,165651,0,0
5522,1228,1216693,418X,Tri1711339,0,96367,165651,0,0
5522,1229,1216694,418X,Tri1711339,0,96355,165651,0,0
5522,1230,1216695,418X,Tri1711339,0,96358,165651,0,0
5522,1231,1216696,418X,Tri1711339,0,96361,165651,0,0
5522,1232,1216697,418X,Tri1711339,0,96364,165651,0,0
5522,1228,1216698,418X,Tri1711340,0,96366,165651,0,0
5522,1229,1216699,418X,Tri1711340,0,96354,165651,0,0
5522,1230,1216700,418X,Tri1711340,0,96357,165651,0,0
5522,1231,1216701,418X,Tri1711340,0,96360,165651,0,0
5522,1232,1216702,418X,Tri1711340,0,96363,165651,0,0
5522,1228,1216703,418X,Tri1711341,0,96368,165651,0,0
5522,1229,1216704,418X,Tri1711341,0,96356,165651,0,0
5522,1230,1216705,418X,Tri1711341,0,96359,165651,0,0
5522,1231,1216706,418X,Tri1711341,0,96362,165651,0,0
5522,1232,1216707,418X,Tri1711341,0,96365,165651,0,0
5522,1228,1216708,418X,Tri1711342,0,96367,165651,0,0
5522,1229,1216709,418X,Tri1711342,0,96355,165651,0,0
5522,1230,1216710,418X,Tri1711342,0,96358,165651,0,0
5522,1231,1216711,418X,Tri1711342,0,96361,165651,0,0
5522,1232,1216712,418X,Tri1711342,0,96364,165651,0,0
5522,1228,1216713,418X,Tri1711343,0,96366,165651,0,0
5522,1229,1216714,418X,Tri1711343,0,96354,165651,0,0
5522,1230,1216715,418X,Tri1711343,0,96357,165651,0,0
5522,1231,1216716,418X,Tri1711343,0,96360,165651,0,0
5522,1232,1216717,418X,Tri1711343,0,96363,165651,0,0
5522,1228,1216718,418X,Tri1711344,0,96368,165651,0,0
5522,1229,1216719,418X,Tri1711344,0,96356,165651,0,0
5522,1230,1216720,418X,Tri1711344,0,96359,165651,0,0
5522,1231,1216721,418X,Tri1711344,0,96362,165651,0,0
5522,1232,1216722,418X,Tri1711344,0,96365,165651,0,0
6477,1225,1213361,305 South,Tri1773094,1,113263,165653,0,0
6477,1227,1213362,305 South,Tri1773094,1,113265,165653,0,0
6477,1225,1213363,305 South,Tri1773093,1,113264,165653,0,0
6477,1227,1213364,305 South,Tri1773093,1,113266,165653,0,0
6477,1225,1213365,305 South,Tri1773092,1,113263,165653,0,0
6477,1227,1213366,305 South,Tri1773092,1,113265,165653,0,0
6477,1225,1213367,305 South,Tri1773091,1,113263,165653,0,0
6477,1227,1213368,305 South,Tri1773091,1,113265,165653,0,0
6477,1225,1213369,305 North,Tri1773128,0,113263,165652,0,0
6477,1227,1213370,305 North,Tri1773128,0,113265,165652,0,0
6477,1225,1213371,305 North,Tri1773127,0,113263,165652,0,0
6477,1227,1213372,305 North,Tri1773127,0,113265,165652,0,0
6477,1225,1213373,305 North,Tri1773126,0,113263,165652,0,0
6477,1227,1213374,305 North,Tri1773126,0,113265,165652,0,0
6477,1225,1213375,305 North,Tri1773125,0,113264,165652,0,0
6477,1227,1213376,305 North,Tri1773125,0,113266,165652,0,0
6477,1227,1213360,305 South,Tri1773095,1,113266,165653,0,0
6477,1225,1213359,305 South,Tri1773095,1,113264,165653,0,0
6477,1227,1213358,305 South,Tri1773096,1,113265,165653,0,0
6477,1225,1213357,305 South,Tri1773096,1,113263,165653,0,0
6477,1227,1213356,305 South,Tri1773097,1,113266,165653,0,0
6477,1225,1213355,305 South,Tri1773097,1,113264,165653,0,0
6477,1227,1213354,305 South,Tri1773098,1,113265,165653,0,0
6477,1225,1213353,305 South,Tri1773098,1,113263,165653,0,0
6477,1227,1213352,305 South,Tri1773099,1,113266,165653,0,0
6477,1225,1213351,305 South,Tri1773099,1,113264,165653,0,0
6477,1225,1213377,305 North,Tri1773124,0,113263,165652,0,0
6477,1227,1213378,305 North,Tri1773124,0,113265,165652,0,0
6477,1225,1213379,305 North,Tri1773123,0,113264,165652,0,0
6477,1227,1213380,305 North,Tri1773123,0,113266,165652,0,0
6477,1225,1213381,305 North,Tri1773122,0,113263,165652,0,0
6477,1227,1213382,305 North,Tri1773122,0,113265,165652,0,0
6477,1225,1213383,305 North,Tri1773121,0,113264,165652,0,0
6477,1227,1213350,305 South,Tri1773100,1,113265,165653,0,0
6477,1225,1213349,305 South,Tri1773100,1,113263,165653,0,0
6477,1227,1213348,305 South,Tri1773101,1,113266,165653,0,0
6477,1225,1213347,305 South,Tri1773101,1,113264,165653,0,0
6477,1227,1213346,305 South,Tri1773102,1,113265,165653,0,0
6477,1225,1213345,305 South,Tri1773102,1,113263,165653,0,0
6477,1227,1213344,305 South,Tri1773103,1,113266,165653,0,0
6477,1225,1213343,305 South,Tri1773103,1,113264,165653,0,0
6477,1227,1213342,305 South,Tri1773104,1,113265,165653,0,0
6477,1225,1213341,305 South,Tri1773104,1,113263,165653,0,0
6477,1227,1213340,305 South,Tri1773105,1,113266,165653,0,0
6477,1225,1213339,305 South,Tri1773105,1,113264,165653,0,0
6477,1227,1213338,305 South,Tri1773106,1,113265,165653,0,0
6477,1225,1213337,305 South,Tri1773106,1,113263,165653,0,0
6477,1227,1213336,305 South,Tri1773107,1,113266,165653,0,0
6477,1225,1213335,305 South,Tri1773107,1,113264,165653,0,0
6477,1227,1213334,305 South,Tri1773108,1,113265,165653,0,0
6477,1225,1213333,305 South,Tri1773108,1,113263,165653,0,0
6477,1227,1213332,305 South,Tri1773109,1,113265,165653,0,0
6477,1225,1213331,305 South,Tri1773109,1,113263,165653,0,0
6477,1227,1213384,305 North,Tri1773121,0,113266,165652,0,0
6477,1225,1213385,305 North,Tri1773120,0,113263,165652,0,0
6477,1227,1213386,305 North,Tri1773120,0,113265,165652,0,0
6477,1225,1213387,305 North,Tri1773119,0,113264,165652,0,0
6477,1227,1213388,305 North,Tri1773119,0,113266,165652,0,0
6477,1225,1213389,305 North,Tri1773118,0,113263,165652,0,0
6477,1227,1213390,305 North,Tri1773118,0,113265,165652,0,0
6477,1225,1213391,305 North,Tri1773117,0,113264,165652,0,0
6477,1227,1213392,305 North,Tri1773117,0,113266,165652,0,0
6477,1225,1213393,305 North,Tri1773116,0,113263,165652,0,0
6477,1227,1213394,305 North,Tri1773116,0,113265,165652,0,0
6477,1225,1213395,305 North,Tri1773115,0,113264,165652,0,0
6477,1227,1213396,305 North,Tri1773115,0,113266,165652,0,0
6477,1225,1213398,305 North,Tri1773114,0,113263,165652,0,0
6477,1227,1213399,305 North,Tri1773114,0,113265,165652,0,0
6477,1225,1213400,305 North,Tri1773113,0,113264,165652,0,0
6477,1227,1213401,305 North,Tri1773113,0,113266,165652,0,0
6477,1225,1213402,305 North,Tri1773112,0,113263,165652,0,0
6477,1227,1213403,305 North,Tri1773112,0,113265,165652,0,0
6477,1225,1213404,305 North,Tri1773111,0,113264,165652,0,0
6477,1227,1213405,305 North,Tri1773111,0,113266,165652,0,0
6477,1225,1213406,305 North,Tri1773110,0,113263,165652,0,0
6477,1227,1213407,305 North,Tri1773110,0,113265,165652,0,0
6477,1228,1215833,305 North,Tri1773129,0,113262,165652,0,0
6477,1229,1215834,305 North,Tri1773129,0,113258,165652,0,0
6477,1230,1215835,305 North,Tri1773129,0,113259,165652,0,0
6477,1231,1215836,305 North,Tri1773129,0,113260,165652,0,0
6477,1232,1215837,305 North,Tri1773129,0,113261,165652,0,0
6477,1228,1215838,305 North,Tri1773130,0,113592,165652,0,0
6477,1229,1215839,305 North,Tri1773130,0,113257,165652,0,0
6477,1230,1215840,305 North,Tri1773130,0,113589,165652,0,0
6477,1231,1215841,305 North,Tri1773130,0,113590,165652,0,0
6477,1232,1215842,305 North,Tri1773130,0,113591,165652,0,0
6477,1228,1215843,305 North,Tri1773131,0,113262,165652,0,0
6477,1229,1215844,305 North,Tri1773131,0,113258,165652,0,0
6477,1230,1215845,305 North,Tri1773131,0,113259,165652,0,0
6477,1231,1215846,305 North,Tri1773131,0,113260,165652,0,0
6477,1232,1215847,305 North,Tri1773131,0,113261,165652,0,0
6477,1228,1215848,305 North,Tri1773132,0,113592,165652,0,0
6477,1229,1215849,305 North,Tri1773132,0,113257,165652,0,0
6477,1230,1215850,305 North,Tri1773132,0,113589,165652,0,0
6477,1231,1215851,305 North,Tri1773132,0,113590,165652,0,0
6477,1232,1215852,305 North,Tri1773132,0,113591,165652,0,0
6477,1228,1215853,305 North,Tri1773133,0,113262,165652,0,0
6477,1229,1215854,305 North,Tri1773133,0,113258,165652,0,0
6477,1230,1215855,305 North,Tri1773133,0,113259,165652,0,0
6477,1231,1215856,305 North,Tri1773133,0,113260,165652,0,0
6477,1232,1215857,305 North,Tri1773133,0,113261,165652,0,0
6477,1228,1215858,305 North,Tri1773134,0,113592,165652,0,0
6477,1229,1215859,305 North,Tri1773134,0,113257,165652,0,0
6477,1230,1215860,305 North,Tri1773134,0,113589,165652,0,0
6477,1231,1215861,305 North,Tri1773134,0,113590,165652,0,0
6477,1232,1215862,305 North,Tri1773134,0,113591,165652,0,0
6477,1228,1215863,305 North,Tri1773135,0,113262,165652,0,0
6477,1229,1215864,305 North,Tri1773135,0,113258,165652,0,0
6477,1230,1215865,305 North,Tri1773135,0,113259,165652,0,0
6477,1231,1215866,305 North,Tri1773135,0,113260,165652,0,0
6477,1232,1215867,305 North,Tri1773135,0,113261,165652,0,0
6477,1228,1215868,305 North,Tri1773136,0,113592,165652,0,0
6477,1229,1215869,305 North,Tri1773136,0,113257,165652,0,0
6477,1230,1215870,305 North,Tri1773136,0,113589,165652,0,0
6477,1231,1215871,305 North,Tri1773136,0,113590,165652,0,0
6477,1232,1215872,305 North,Tri1773136,0,113591,165652,0,0
6477,1228,1215873,305 North,Tri1773137,0,113262,165652,0,0
6477,1229,1215874,305 North,Tri1773137,0,113258,165652,0,0
6477,1230,1215875,305 North,Tri1773137,0,113259,165652,0,0
6477,1231,1215876,305 North,Tri1773137,0,113260,165652,0,0
6477,1232,1215877,305 North,Tri1773137,0,113261,165652,0,0
6477,1228,1215878,305 North,Tri1773138,0,113592,165652,0,0
6477,1229,1215879,305 North,Tri1773138,0,113257,165652,0,0
6477,1230,1215880,305 North,Tri1773138,0,113589,165652,0,0
6477,1231,1215881,305 North,Tri1773138,0,113590,165652,0,0
6477,1232,1215882,305 North,Tri1773138,0,113591,165652,0,0
6477,1228,1215883,305 North,Tri1773139,0,113262,165652,0,0
6477,1229,1215884,305 North,Tri1773139,0,113258,165652,0,0
6477,1230,1215885,305 North,Tri1773139,0,113259,165652,0,0
6477,1231,1215886,305 North,Tri1773139,0,113260,165652,0,0
6477,1232,1215887,305 North,Tri1773139,0,113261,165652,0,0
6477,1228,1215888,305 North,Tri1773140,0,113592,165652,0,0
6477,1229,1215889,305 North,Tri1773140,0,113257,165652,0,0
6477,1230,1215890,305 North,Tri1773140,0,113589,165652,0,0
6477,1231,1215891,305 North,Tri1773140,0,113590,165652,0,0
6477,1232,1215892,305 North,Tri1773140,0,113591,165652,0,0
6477,1228,1215893,305 North,Tri1773141,0,113262,165652,0,0
6477,1229,1215894,305 North,Tri1773141,0,113258,165652,0,0
6477,1230,1215895,305 North,Tri1773141,0,113259,165652,0,0
6477,1231,1215896,305 North,Tri1773141,0,113260,165652,0,0
6477,1232,1215897,305 North,Tri1773141,0,113261,165652,0,0
6477,1228,1215898,305 North,Tri1773142,0,113592,165652,0,0
6477,1229,1215899,305 North,Tri1773142,0,113257,165652,0,0
6477,1230,1215900,305 North,Tri1773142,0,113589,165652,0,0
6477,1231,1215901,305 North,Tri1773142,0,113590,165652,0,0
6477,1232,1215902,305 North,Tri1773142,0,113591,165652,0,0
6477,1228,1215903,305 North,Tri1773143,0,113262,165652,0,0
6477,1229,1215904,305 North,Tri1773143,0,113258,165652,0,0
6477,1230,1215905,305 North,Tri1773143,0,113259,165652,0,0
6477,1231,1215906,305 North,Tri1773143,0,113260,165652,0,0
6477,1232,1215907,305 North,Tri1773143,0,113261,165652,0,0
6477,1228,1215908,305 North,Tri1773144,0,113592,165652,0,0
6477,1229,1215909,305 North,Tri1773144,0,113257,165652,0,0
6477,1230,1215910,305 North,Tri1773144,0,113589,165652,0,0
6477,1231,1215911,305 North,Tri1773144,0,113590,165652,0,0
6477,1232,1215912,305 North,Tri1773144,0,113591,165652,0,0
6477,1228,1215913,305 North,Tri1773145,0,113262,165652,0,0
6477,1229,1215914,305 North,Tri1773145,0,113258,165652,0,0
6477,1230,1215915,305 North,Tri1773145,0,113259,165652,0,0
6477,1231,1215916,305 North,Tri1773145,0,113260,165652,0,0
6477,1232,1215917,305 North,Tri1773145,0,113261,165652,0,0
6477,1228,1215918,305 North,Tri1773146,0,113592,165652,0,0
6477,1229,1215919,305 North,Tri1773146,0,113257,165652,0,0
6477,1230,1215920,305 North,Tri1773146,0,113589,165652,0,0
6477,1231,1215921,305 North,Tri1773146,0,113590,165652,0,0
6477,1232,1215922,305 North,Tri1773146,0,113591,165652,0,0
6477,1228,1215923,305 North,Tri1773147,0,113262,165652,0,0
6477,1229,1215924,305 North,Tri1773147,0,113258,165652,0,0
6477,1230,1215925,305 North,Tri1773147,0,113259,165652,0,0
6477,1231,1215926,305 North,Tri1773147,0,113260,165652,0,0
6477,1232,1215927,305 North,Tri1773147,0,113261,165652,0,0
6477,1228,1215928,305 North,Tri1773148,0,113592,165652,0,0
6477,1229,1215929,305 North,Tri1773148,0,113257,165652,0,0
6477,1230,1215930,305 North,Tri1773148,0,113589,165652,0,0
6477,1231,1215931,305 North,Tri1773148,0,113590,165652,0,0
6477,1232,1215932,305 North,Tri1773148,0,113591,165652,0,0
6477,1228,1215933,305 North,Tri1773149,0,113262,165652,0,0
6477,1229,1215934,305 North,Tri1773149,0,113258,165652,0,0
6477,1230,1215935,305 North,Tri1773149,0,113259,165652,0,0
6477,1231,1215936,305 North,Tri1773149,0,113260,165652,0,0
6477,1232,1215937,305 North,Tri1773149,0,113261,165652,0,0
6477,1228,1215938,305 North,Tri1773150,0,113592,165652,0,0
6477,1229,1215939,305 North,Tri1773150,0,113257,165652,0,0
6477,1230,1215940,305 North,Tri1773150,0,113589,165652,0,0
6477,1231,1215941,305 North,Tri1773150,0,113590,165652,0,0
6477,1232,1215942,305 North,Tri1773150,0,113591,165652,0,0
6477,1228,1215943,305 North,Tri1773151,0,113262,165652,0,0
6477,1229,1215944,305 North,Tri1773151,0,113258,165652,0,0
6477,1230,1215945,305 North,Tri1773151,0,113259,165652,0,0
6477,1231,1215946,305 North,Tri1773151,0,113260,165652,0,0
6477,1232,1215947,305 North,Tri1773151,0,113261,165652,0,0
6477,1228,1215948,305 North,Tri1773152,0,113592,165652,0,0
6477,1229,1215949,305 North,Tri1773152,0,113257,165652,0,0
6477,1230,1215950,305 North,Tri1773152,0,113589,165652,0,0
6477,1231,1215951,305 North,Tri1773152,0,113590,165652,0,0
6477,1232,1215952,305 North,Tri1773152,0,113591,165652,0,0
6477,1228,1215953,305 North,Tri1773153,0,113262,165652,0,0
6477,1229,1215954,305 North,Tri1773153,0,113258,165652,0,0
6477,1230,1215955,305 North,Tri1773153,0,113259,165652,0,0
6477,1231,1215956,305 North,Tri1773153,0,113260,165652,0,0
6477,1232,1215957,305 North,Tri1773153,0,113261,165652,0,0
6477,1228,1215958,305 North,Tri1773154,0,113592,165652,0,0
6477,1229,1215959,305 North,Tri1773154,0,113257,165652,0,0
6477,1230,1215960,305 North,Tri1773154,0,113589,165652,0,0
6477,1231,1215961,305 North,Tri1773154,0,113590,165652,0,0
6477,1232,1215962,305 North,Tri1773154,0,113591,165652,0,0
6477,1228,1215963,305 North,Tri1773155,0,113262,165652,0,0
6477,1229,1215964,305 North,Tri1773155,0,113258,165652,0,0
6477,1230,1215965,305 North,Tri1773155,0,113259,165652,0,0
6477,1231,1215966,305 North,Tri1773155,0,113260,165652,0,0
6477,1232,1215967,305 North,Tri1773155,0,113261,165652,0,0
6477,1228,1215968,305 North,Tri1773156,0,113592,165652,0,0
6477,1229,1215969,305 North,Tri1773156,0,113257,165652,0,0
6477,1230,1215970,305 North,Tri1773156,0,113589,165652,0,0
6477,1231,1215971,305 North,Tri1773156,0,113590,165652,0,0
6477,1232,1215972,305 North,Tri1773156,0,113591,165652,0,0
6477,1228,1215973,305 North,Tri1773157,0,113262,165652,0,0
6477,1229,1215974,305 North,Tri1773157,0,113258,165652,0,0
6477,1230,1215975,305 North,Tri1773157,0,113259,165652,0,0
6477,1231,1215976,305 North,Tri1773157,0,113260,165652,0,0
6477,1232,1215977,305 North,Tri1773157,0,113261,165652,0,0
6477,1228,1215978,305 North,Tri1773160,0,113262,165652,0,0
6477,1229,1215979,305 North,Tri1773160,0,113258,165652,0,0
6477,1230,1215980,305 North,Tri1773160,0,113259,165652,0,0
6477,1231,1215981,305 North,Tri1773160,0,113260,165652,0,0
6477,1232,1215982,305 North,Tri1773160,0,113261,165652,0,0
6477,1228,1215983,305 North,Tri1773161,0,113262,165652,0,0
6477,1229,1215984,305 North,Tri1773161,0,113258,165652,0,0
6477,1230,1215985,305 North,Tri1773161,0,113259,165652,0,0
6477,1231,1215986,305 North,Tri1773161,0,113260,165652,0,0
6477,1232,1215987,305 North,Tri1773161,0,113261,165652,0,0
6477,1228,1215988,305 North,Tri1773162,0,113262,165652,0,0
6477,1229,1215989,305 North,Tri1773162,0,113258,165652,0,0
6477,1230,1215990,305 North,Tri1773162,0,113259,165652,0,0
6477,1231,1215991,305 North,Tri1773162,0,113260,165652,0,0
6477,1232,1215992,305 North,Tri1773162,0,113261,165652,0,0
6477,1228,1215993,305 South,Tri1772932,1,113262,165653,0,0
6477,1229,1215994,305 South,Tri1772932,1,113258,165653,0,0
6477,1230,1215995,305 South,Tri1772932,1,113259,165653,0,0
6477,1231,1215996,305 South,Tri1772932,1,113260,165653,0,0
6477,1232,1215997,305 South,Tri1772932,1,113261,165653,0,0
6477,1228,1215998,305 South,Tri1772934,1,113262,165653,0,0
6477,1229,1215999,305 South,Tri1772934,1,113258,165653,0,0
6477,1230,1216000,305 South,Tri1772934,1,113259,165653,0,0
6477,1231,1216001,305 South,Tri1772934,1,113260,165653,0,0
6477,1232,1216002,305 South,Tri1772934,1,113261,165653,0,0
6477,1228,1216003,305 South,Tri1772935,1,113592,165653,0,0
6477,1229,1216004,305 South,Tri1772935,1,113257,165653,0,0
6477,1230,1216005,305 South,Tri1772935,1,113589,165653,0,0
6477,1231,1216006,305 South,Tri1772935,1,113590,165653,0,0
6477,1232,1216007,305 South,Tri1772935,1,113591,165653,0,0
6477,1228,1216008,305 South,Tri1772936,1,113262,165653,0,0
6477,1229,1216009,305 South,Tri1772936,1,113258,165653,0,0
6477,1230,1216010,305 South,Tri1772936,1,113259,165653,0,0
6477,1231,1216011,305 South,Tri1772936,1,113260,165653,0,0
6477,1232,1216012,305 South,Tri1772936,1,113261,165653,0,0
6477,1228,1216013,305 South,Tri1772937,1,113592,165653,0,0
6477,1229,1216014,305 South,Tri1772937,1,113257,165653,0,0
6477,1230,1216015,305 South,Tri1772937,1,113589,165653,0,0
6477,1231,1216016,305 South,Tri1772937,1,113590,165653,0,0
6477,1232,1216017,305 South,Tri1772937,1,113591,165653,0,0
6477,1228,1216018,305 South,Tri1772938,1,113262,165653,0,0
6477,1229,1216019,305 South,Tri1772938,1,113258,165653,0,0
6477,1230,1216020,305 South,Tri1772938,1,113259,165653,0,0
6477,1231,1216021,305 South,Tri1772938,1,113260,165653,0,0
6477,1232,1216022,305 South,Tri1772938,1,113261,165653,0,0
6477,1228,1216023,305 South,Tri1772939,1,113592,165653,0,0
6477,1229,1216024,305 South,Tri1772939,1,113257,165653,0,0
6477,1230,1216025,305 South,Tri1772939,1,113589,165653,0,0
6477,1231,1216026,305 South,Tri1772939,1,113590,165653,0,0
6477,1232,1216027,305 South,Tri1772939,1,113591,165653,0,0
6477,1228,1216028,305 South,Tri1772940,1,113262,165653,0,0
6477,1229,1216029,305 South,Tri1772940,1,113258,165653,0,0
6477,1230,1216030,305 South,Tri1772940,1,113259,165653,0,0
6477,1231,1216031,305 South,Tri1772940,1,113260,165653,0,0
6477,1232,1216032,305 South,Tri1772940,1,113261,165653,0,0
6477,1228,1216033,305 South,Tri1772941,1,113592,165653,0,0
6477,1229,1216034,305 South,Tri1772941,1,113257,165653,0,0
6477,1230,1216035,305 South,Tri1772941,1,113589,165653,0,0
6477,1231,1216036,305 South,Tri1772941,1,113590,165653,0,0
6477,1232,1216037,305 South,Tri1772941,1,113591,165653,0,0
6477,1228,1216038,305 South,Tri1772942,1,113262,165653,0,0
6477,1229,1216039,305 South,Tri1772942,1,113258,165653,0,0
6477,1230,1216040,305 South,Tri1772942,1,113259,165653,0,0
6477,1231,1216041,305 South,Tri1772942,1,113260,165653,0,0
6477,1232,1216042,305 South,Tri1772942,1,113261,165653,0,0
6477,1228,1216043,305 South,Tri1772943,1,113592,165653,0,0
6477,1229,1216044,305 South,Tri1772943,1,113257,165653,0,0
6477,1230,1216045,305 South,Tri1772943,1,113589,165653,0,0
6477,1231,1216046,305 South,Tri1772943,1,113590,165653,0,0
6477,1232,1216047,305 South,Tri1772943,1,113591,165653,0,0
6477,1228,1216048,305 South,Tri1772944,1,113262,165653,0,0
6477,1229,1216049,305 South,Tri1772944,1,113258,165653,0,0
6477,1230,1216050,305 South,Tri1772944,1,113259,165653,0,0
6477,1231,1216051,305 South,Tri1772944,1,113260,165653,0,0
6477,1232,1216052,305 South,Tri1772944,1,113261,165653,0,0
6477,1228,1216053,305 South,Tri1772945,1,113592,165653,0,0
6477,1229,1216054,305 South,Tri1772945,1,113257,165653,0,0
6477,1230,1216055,305 South,Tri1772945,1,113589,165653,0,0
6477,1231,1216056,305 South,Tri1772945,1,113590,165653,0,0
6477,1232,1216057,305 South,Tri1772945,1,113591,165653,0,0
6477,1228,1216058,305 South,Tri1772946,1,113262,165653,0,0
6477,1229,1216059,305 South,Tri1772946,1,113258,165653,0,0
6477,1230,1216060,305 South,Tri1772946,1,113259,165653,0,0
6477,1231,1216061,305 South,Tri1772946,1,113260,165653,0,0
6477,1232,1216062,305 South,Tri1772946,1,113261,165653,0,0
6477,1228,1216063,305 South,Tri1772947,1,113592,165653,0,0
6477,1229,1216064,305 South,Tri1772947,1,113257,165653,0,0
6477,1230,1216065,305 South,Tri1772947,1,113589,165653,0,0
6477,1231,1216066,305 South,Tri1772947,1,113590,165653,0,0
6477,1232,1216067,305 South,Tri1772947,1,113591,165653,0,0
6477,1228,1216068,305 South,Tri1772948,1,113262,165653,0,0
6477,1229,1216069,305 South,Tri1772948,1,113258,165653,0,0
6477,1230,1216070,305 South,Tri1772948,1,113259,165653,0,0
6477,1231,1216071,305 South,Tri1772948,1,113260,165653,0,0
6477,1232,1216072,305 South,Tri1772948,1,113261,165653,0,0
6477,1228,1216073,305 South,Tri1772949,1,113592,165653,0,0
6477,1229,1216074,305 South,Tri1772949,1,113257,165653,0,0
6477,1230,1216075,305 South,Tri1772949,1,113589,165653,0,0
6477,1231,1216076,305 South,Tri1772949,1,113590,165653,0,0
6477,1232,1216077,305 South,Tri1772949,1,113591,165653,0,0
6477,1228,1216078,305 South,Tri1772950,1,113262,165653,0,0
6477,1229,1216079,305 South,Tri1772950,1,113258,165653,0,0
6477,1230,1216080,305 South,Tri1772950,1,113259,165653,0,0
6477,1231,1216081,305 South,Tri1772950,1,113260,165653,0,0
6477,1232,1216082,305 South,Tri1772950,1,113261,165653,0,0
6477,1228,1216083,305 South,Tri1772951,1,113592,165653,0,0
6477,1229,1216084,305 South,Tri1772951,1,113257,165653,0,0
6477,1230,1216085,305 South,Tri1772951,1,113589,165653,0,0
6477,1231,1216086,305 South,Tri1772951,1,113590,165653,0,0
6477,1232,1216087,305 South,Tri1772951,1,113591,165653,0,0
6477,1228,1216088,305 South,Tri1772952,1,113262,165653,0,0
6477,1229,1216089,305 South,Tri1772952,1,113258,165653,0,0
6477,1230,1216090,305 South,Tri1772952,1,113259,165653,0,0
6477,1231,1216091,305 South,Tri1772952,1,113260,165653,0,0
6477,1232,1216092,305 South,Tri1772952,1,113261,165653,0,0
6477,1228,1216093,305 South,Tri1772953,1,113592,165653,0,0
6477,1229,1216094,305 South,Tri1772953,1,113257,165653,0,0
6477,1230,1216095,305 South,Tri1772953,1,113589,165653,0,0
6477,1231,1216096,305 South,Tri1772953,1,113590,165653,0,0
6477,1232,1216097,305 South,Tri1772953,1,113591,165653,0,0
6477,1228,1216098,305 South,Tri1772954,1,113262,165653,0,0
6477,1229,1216099,305 South,Tri1772954,1,113258,165653,0,0
6477,1230,1216100,305 South,Tri1772954,1,113259,165653,0,0
6477,1231,1216101,305 South,Tri1772954,1,113260,165653,0,0
6477,1232,1216102,305 South,Tri1772954,1,113261,165653,0,0
6477,1228,1216103,305 South,Tri1772955,1,113592,165653,0,0
6477,1229,1216104,305 South,Tri1772955,1,113257,165653,0,0
6477,1230,1216105,305 South,Tri1772955,1,113589,165653,0,0
6477,1231,1216106,305 South,Tri1772955,1,113590,165653,0,0
6477,1232,1216107,305 South,Tri1772955,1,113591,165653,0,0
6477,1228,1216108,305 South,Tri1772956,1,113262,165653,0,0
6477,1229,1216109,305 South,Tri1772956,1,113258,165653,0,0
6477,1230,1216110,305 South,Tri1772956,1,113259,165653,0,0
6477,1231,1216111,305 South,Tri1772956,1,113260,165653,0,0
6477,1232,1216112,305 South,Tri1772956,1,113261,165653,0,0
6477,1228,1216113,305 South,Tri1772957,1,113592,165653,0,0
6477,1229,1216114,305 South,Tri1772957,1,113257,165653,0,0
6477,1230,1216115,305 South,Tri1772957,1,113589,165653,0,0
6477,1231,1216116,305 South,Tri1772957,1,113590,165653,0,0
6477,1232,1216117,305 South,Tri1772957,1,113591,165653,0,0
6477,1228,1216118,305 South,Tri1772958,1,113262,165653,0,0
6477,1229,1216119,305 South,Tri1772958,1,113258,165653,0,0
6477,1230,1216120,305 South,Tri1772958,1,113259,165653,0,0
6477,1231,1216121,305 South,Tri1772958,1,113260,165653,0,0
6477,1232,1216122,305 South,Tri1772958,1,113261,165653,0,0
6477,1228,1216123,305 South,Tri1772959,1,113592,165653,0,0
6477,1229,1216124,305 South,Tri1772959,1,113257,165653,0,0
6477,1230,1216125,305 South,Tri1772959,1,113589,165653,0,0
6477,1231,1216126,305 South,Tri1772959,1,113590,165653,0,0
6477,1232,1216127,305 South,Tri1772959,1,113591,165653,0,0
6477,1228,1216128,305 South,Tri1772960,1,113262,165653,0,0
6477,1229,1216129,305 South,Tri1772960,1,113258,165653,0,0
6477,1230,1216130,305 South,Tri1772960,1,113259,165653,0,0
6477,1231,1216131,305 South,Tri1772960,1,113260,165653,0,0
6477,1232,1216132,305 South,Tri1772960,1,113261,165653,0,0
6477,1228,1216133,305 South,Tri1772961,1,113592,165653,0,0
6477,1229,1216134,305 South,Tri1772961,1,113257,165653,0,0
6477,1230,1216135,305 South,Tri1772961,1,113589,165653,0,0
6477,1231,1216136,305 South,Tri1772961,1,113590,165653,0,0
6477,1232,1216137,305 South,Tri1772961,1,113591,165653,0,0
6477,1228,1216138,305 South,Tri1772962,1,113262,165653,0,0
6477,1229,1216139,305 South,Tri1772962,1,113258,165653,0,0
6477,1230,1216140,305 South,Tri1772962,1,113259,165653,0,0
6477,1231,1216141,305 South,Tri1772962,1,113260,165653,0,0
6477,1232,1216142,305 South,Tri1772962,1,113261,165653,0,0
6477,1228,1216143,305 South,Tri1772964,1,113262,165653,0,0
6477,1229,1216144,305 South,Tri1772964,1,113258,165653,0,0
6477,1230,1216145,305 South,Tri1772964,1,113259,165653,0,0
6477,1231,1216146,305 South,Tri1772964,1,113260,165653,0,0
6477,1232,1216147,305 South,Tri1772964,1,113261,165653,0,0
6477,1228,1216148,305 South,Tri1772966,1,113262,165653,0,0
6477,1229,1216149,305 South,Tri1772966,1,113258,165653,0,0
6477,1230,1216150,305 South,Tri1772966,1,113259,165653,0,0
6477,1231,1216151,305 South,Tri1772966,1,113260,165653,0,0
6477,1232,1216152,305 South,Tri1772966,1,113261,165653,0,0
6477,1226,1219701,305 North,Tri1773022,0,113255,165652,0,0
6477,1226,1219702,305 North,Tri1773023,0,113256,165652,0,0
6477,1226,1219703,305 North,Tri1773024,0,113255,165652,0,0
6477,1226,1219704,305 North,Tri1773025,0,113256,165652,0,0
6477,1226,1219705,305 North,Tri1773026,0,113255,165652,0,0
6477,1226,1219706,305 North,Tri1773027,0,113256,165652,0,0
6477,1226,1219707,305 North,Tri1773028,0,113255,165652,0,0
6477,1226,1219708,305 North,Tri1773029,0,113256,165652,0,0
6477,1226,1219709,305 North,Tri1773030,0,113255,165652,0,0
6477,1226,1219710,305 North,Tri1773031,0,113256,165652,0,0
6477,1226,1219711,305 North,Tri1773032,0,113255,165652,0,0
6477,1226,1219712,305 North,Tri1773033,0,113256,165652,0,0
6477,1226,1219713,305 North,Tri1773034,0,113255,165652,0,0
6477,1226,1219714,305 North,Tri1773035,0,113256,165652,0,0
6477,1226,1219715,305 North,Tri1773036,0,113255,165652,0,0
6477,1226,1219716,305 North,Tri1773037,0,113256,165652,0,0
6477,1226,1219717,305 North,Tri1773038,0,113255,165652,0,0
6477,1226,1219718,305 North,Tri1773039,0,113256,165652,0,0
6477,1226,1219719,305 North,Tri1773040,0,113255,165652,0,0
6477,1226,1219720,305 North,Tri1773041,0,113256,165652,0,0
6477,1226,1219721,305 North,Tri1773042,0,113255,165652,0,0
6477,1226,1219722,305 North,Tri1773043,0,113256,165652,0,0
6477,1226,1219723,305 North,Tri1773044,0,113255,165652,0,0
6477,1226,1219724,305 North,Tri1773046,0,113255,165652,0,0
6477,1226,1219725,305 North,Tri1773048,0,113255,165652,0,0
6477,1226,1219726,305 North,Tri1773050,0,113255,165652,0,0
6477,1226,1219727,305 South,Tri1773051,1,113255,165653,0,0
6477,1226,1219728,305 South,Tri1773053,1,113255,165653,0,0
6477,1226,1219729,305 South,Tri1773054,1,113256,165653,0,0
6477,1226,1219730,305 South,Tri1773055,1,113255,165653,0,0
6477,1226,1219731,305 South,Tri1773056,1,113256,165653,0,0
6477,1226,1219732,305 South,Tri1773057,1,113255,165653,0,0
6477,1226,1219733,305 South,Tri1773058,1,113256,165653,0,0
6477,1226,1219734,305 South,Tri1773059,1,113255,165653,0,0
6477,1226,1219735,305 South,Tri1773060,1,113256,165653,0,0
6477,1226,1219736,305 South,Tri1773061,1,113255,165653,0,0
6477,1226,1219737,305 South,Tri1773062,1,113256,165653,0,0
6477,1226,1219738,305 South,Tri1773063,1,113255,165653,0,0
6477,1226,1219739,305 South,Tri1773064,1,113256,165653,0,0
6477,1226,1219740,305 South,Tri1773065,1,113255,165653,0,0
6477,1226,1219741,305 South,Tri1773066,1,113256,165653,0,0
6477,1226,1219742,305 South,Tri1773067,1,113255,165653,0,0
6477,1226,1219743,305 South,Tri1773068,1,113256,165653,0,0
6477,1226,1219744,305 South,Tri1773069,1,113255,165653,0,0
6477,1226,1219745,305 South,Tri1773070,1,113256,165653,0,0
6477,1226,1219746,305 South,Tri1773071,1,113255,165653,0,0
6477,1226,1219747,305 South,Tri1773072,1,113256,165653,0,0
6477,1226,1219748,305 South,Tri1773073,1,113255,165653,0,0
6477,1226,1219749,305 South,Tri1773074,1,113256,165653,0,0
6477,1226,1219750,305 South,Tri1773075,1,113255,165653,0,0
6477,1226,1219751,305 South,Tri1773077,1,113255,165653,0,0
6477,1226,1219752,305 South,Tri1773079,1,113255,165653,0,0